"ID","Description","setSize","enrichmentScore","NES","pvalue","p.adjust","qvalue","rank","leading_edge","core_enrichment","log2err"
"GO:0042119","neutrophil activation",35,0.851300256765657,1.99895419474919,5.38578492448507e-06,0.00174686010295967,0.000789923290032405,719,"tags=31%, list=5%, signal=30%","301/7305/11027/2207/1773/3684/57580/2896/5580/3689/6688",0.610526878385931
"GO:0006911","phagocytosis, engulfment",39,0.81912312323329,1.95161147184833,7.12868813334081e-06,0.00196919526318638,0.000890462377826899,658,"tags=28%, list=5%, signal=27%","718/2934/3673/5336/3071/4627/7057/3684/4481/54209/3689",0.610526878385931
"GO:0043277","apoptotic cell clearance",31,0.855532633632511,1.9441274815809,7.00968706826249e-06,0.00196919526318638,0.000890462377826899,364,"tags=19%, list=3%, signal=19%","718/7052/301/7305/7057/54209",0.610526878385931
"GO:0036230","granulocyte activation",39,0.811844084397372,1.93426871189774,1.37727439239725e-05,0.00301510387211752,0.00136341815032425,965,"tags=31%, list=7%, signal=29%","301/7305/11027/2207/1773/3684/57580/2896/5580/3689/6688/5169",0.593325476396405
"GO:0072210","metanephric nephron development",34,0.834286933135498,1.92506409858934,1.65901169248966e-05,0.00338726909040497,0.00153170980296843,973,"tags=26%, list=7%, signal=25%","358/947/5311/7021/130497/55366/1958/6662/30812",0.575610261071129
"GO:0007229","integrin-mediated signaling pathway",99,0.686455579976507,1.89802904672354,1.02127463165408e-06,0.000479590567024755,0.000216868974184504,1086,"tags=25%, list=7%, signal=24%","7076/7305/3687/2207/55679/3913/3673/3691/3678/3908/4627/2013/5747/3684/3675/4811/2316/2335/84695/3055/3689/25/1281/8751/3911",0.643551836150722
"GO:0032543","mitochondrial translation",114,-0.760135961793196,-1.89750491030834,2.32012844110909e-08,2.72383078986208e-05,1.23170560445795e-05,2471,"tags=50%, list=17%, signal=42%","51335/63899/219402/51253/55037/10352/64432/285367/56945/64965/28998/64969/9617/51081/51116/51263/6182/80222/64968/51642/10102/7818/128308/55168/64960/10240/51073/51650/65080/283459/23395/85476/26995/5018/64928/64951/65005/7284/64981/65993/64976/54148/51069/92170/84545/26589/51258/51649/10128/55699/23107/116540/54460/57129/64963/84311/10573",0.73376198835648
"GO:0140053","mitochondrial gene expression",142,-0.744745932065795,-1.87697582837422,3.57391318174847e-09,1.67830963014908e-05,7.5892503497805e-06,2471,"tags=45%, list=17%, signal=38%","51335/63899/219402/51253/55037/10352/64432/285367/56945/64965/28998/5562/64969/9617/51081/51116/51263/6182/80222/64968/51642/51654/10102/7818/64216/128308/55168/64960/10240/51073/51650/65080/283459/23395/85476/26995/60493/55149/5018/64928/64951/65005/6832/9238/7284/64981/65993/64976/54148/51069/92170/84545/26589/51258/51649/10128/55699/23107/116540/54460/57129/64963/84311/10573",0.774939030136436
"GO:0003407","neural retina development",55,0.74563481551714,1.87416413072182,4.89868004710353e-05,0.0060452955960088,0.00273365896806902,973,"tags=24%, list=7%, signal=22%","493/121643/2353/84465/28996/7021/10083/204851/22882/6662/1745/7020/30812",0.557332238758646
"GO:0042476","odontogenesis",71,0.701064192033817,1.86402615239236,1.87692635042971e-05,0.00352561845664717,0.00159427084398756,1333,"tags=23%, list=9%, signal=21%","358/1906/947/29123/1441/130497/3399/401138/7020/249/3624/79641/84957/54880/7043/1080",0.575610261071129
"GO:0099024","plasma membrane invagination",48,0.743124708124992,1.85498273760093,8.7039886643895e-05,0.00692778487592764,0.00313271716066884,658,"tags=23%, list=5%, signal=22%","718/2934/3673/5336/3071/4627/7057/3684/4481/54209/3689",0.538434096309916
"GO:0042044","fluid transport",30,0.82454816166551,1.85448467308833,7.6373651484741e-05,0.00664167902541378,0.00300334121673806,149,"tags=10%, list=1%, signal=10%","358/1906/6563",0.538434096309916
"GO:1902107","positive regulation of leukocyte differentiation",151,0.62881790237957,1.85415388589581,5.80093260108696e-07,0.000340514743683805,0.000153979432113381,2245,"tags=35%, list=15%, signal=30%","2124/8477/301/7305/22985/3566/865/3071/3606/7048/54209/677/64332/972/3635/7704/10892/3122/6688/5896/23603/57178/8788/9580/920/55012/3597/6602/3605/9655/8289/558/1230/841/1435/55193/2033/133522/3059/3586/3593/7494/8651/6604/2736/7189/7040/796/6850/3574/5578/6659/4853",0.659444398037935
"GO:1903708","positive regulation of hemopoiesis",151,0.62881790237957,1.85415388589581,5.80093260108696e-07,0.000340514743683805,0.000153979432113381,2245,"tags=35%, list=15%, signal=30%","2124/8477/301/7305/22985/3566/865/3071/3606/7048/54209/677/64332/972/3635/7704/10892/3122/6688/5896/23603/57178/8788/9580/920/55012/3597/6602/3605/9655/8289/558/1230/841/1435/55193/2033/133522/3059/3586/3593/7494/8651/6604/2736/7189/7040/796/6850/3574/5578/6659/4853",0.659444398037935
"GO:0046637","regulation of alpha-beta T cell differentiation",60,0.71047064278226,1.84724533741941,6.71195419168083e-05,0.00641631381287841,0.00290143195116884,598,"tags=22%, list=4%, signal=21%","8477/301/865/3071/3606/7048/3726/6776/64332/84695/7704/10892/3122",0.538434096309916
"GO:0002274","myeloid leukocyte activation",188,0.61470418213747,1.8421957215206,8.02970889431335e-08,7.5415025935391e-05,3.41023790650615e-05,1632,"tags=27%, list=11%, signal=24%","301/11326/7305/140/712/11027/2207/6622/3566/8832/5336/4137/22918/7057/7048/1773/3684/143684/54209/64332/57580/9173/972/2335/2214/8773/2896/5580/3689/671/51063/6688/10537/10666/5169/9846/23729/5788/3553/8673/1907/1435/1050/3554/4067/6844/3815/10202/6863/306/5294",0.704975715167238
"GO:0032611","interleukin-1 beta production",86,0.66778965614653,1.83552900339689,3.30292096318678e-05,0.00456191671856622,0.00206288085524319,1392,"tags=21%, list=10%, signal=19%","7305/64581/11027/353514/3428/5027/54209/4615/10892/1958/5970/51311/4023/3605/5371/3553/140885/841",0.557332238758646
"GO:0032651","regulation of interleukin-1 beta production",86,0.66778965614653,1.83552900339689,3.30292096318678e-05,0.00456191671856622,0.00206288085524319,1392,"tags=21%, list=10%, signal=19%","7305/64581/11027/353514/3428/5027/54209/4615/10892/1958/5970/51311/4023/3605/5371/3553/140885/841",0.557332238758646
"GO:2001044","regulation of integrin-mediated signaling pathway",21,0.875232831497016,1.83182556704066,7.81886372616424e-05,0.00667588801055769,0.00301881038570457,496,"tags=38%, list=3%, signal=37%","7076/55679/3913/3908/2013/4811/2316/84695",0.538434096309916
"GO:0006909","phagocytosis",196,0.605689490144693,1.82737586241147,1.93165648628799e-07,0.000151184314326807,6.83649542238596e-05,1450,"tags=20%, list=10%, signal=19%","718/2934/7052/301/7305/2212/5175/3687/64581/3673/5336/3071/22918/4627/7057/5747/3684/1785/4481/54209/3055/4615/5580/5199/3689/23603/929/3601/25/10584/6347/4843/55198/5788/2534/140885/558/286046/10461/4067",0.690132458796796
"GO:0042771","intrinsic apoptotic signaling pathway in response to DNA damage by p53 class mediator",30,0.810377599597492,1.8226137753216,0.000187382862572755,0.0115782884558113,0.00523565664729697,1610,"tags=37%, list=11%, signal=33%","3428/960/79915/23411/972/28996/204851/23612/5371/2033/54541",0.518848077743792
"GO:1901342","regulation of vasculature development",260,0.587854656076873,1.81993314200772,1.92847355842287e-08,2.72383078986208e-05,1.23170560445795e-05,2118,"tags=30%, list=15%, signal=26%","358/718/1500/7052/493/56999/2321/1116/3687/947/6672/1003/10253/23213/23166/3678/187/51129/10411/1536/51330/719/7057/2013/23411/240/3791/4846/9444/28996/3339/2896/3689/889/204851/23129/10298/9314/5970/25/154796/694/11126/4204/5371/3553/2534/1942/6667/79031/2549/64102/306/5294/8434/339123/7098/26585/7852/3586/354/7494/1634/3728/79805/3202/10457/7422/7040/3696/728/3273/10769/2303/3099/10516/7122/2752",0.73376198835648
"GO:0070633","transepithelial transport",38,0.771359914672664,1.81459951069412,0.000251436902750596,0.0135968684691936,0.00614845061555065,324,"tags=11%, list=2%, signal=10%","358/1906/6507/1186",0.49849310876659
"GO:0045765","regulation of angiogenesis",253,0.589709309583236,1.81069367618239,8.47448217496143e-09,1.98980841468094e-05,8.99783564119343e-06,2287,"tags=32%, list=16%, signal=28%","358/718/1500/7052/493/56999/2321/1116/3687/947/6672/1003/10253/23213/23166/3678/187/51129/10411/1536/51330/719/7057/2013/23411/240/3791/4846/9444/28996/3339/2896/3689/889/204851/23129/10298/9314/5970/25/154796/694/11126/4204/5371/3553/2534/1942/6667/79031/2549/64102/306/5294/8434/339123/7098/26585/3586/354/7494/1634/3728/79805/3202/10457/7422/3696/728/3273/10769/2303/3099/10516/7122/2752/9037/5578/1893/6093/7015/4780",0.747739663149885
"GO:0043370","regulation of CD4-positive, alpha-beta T cell differentiation",49,0.727785533290556,1.8085469877556,0.000272623017202484,0.0143846931323917,0.00650470183959989,598,"tags=22%, list=4%, signal=22%","8477/301/865/3071/3606/3726/6776/64332/84695/10892/3122",0.49849310876659
"GO:2000181","negative regulation of blood vessel morphogenesis",89,0.643980767710706,1.78557598343064,6.96831355316863e-05,0.00641631381287841,0.00290143195116884,2652,"tags=37%, list=18%, signal=30%","1500/493/56999/10253/23213/23166/7057/240/9444/3339/889/9314/5970/154796/11126/4204/5371/2534/64102/354/1634/3202/3273/10769/10516/7122/6093/3627/6678/5617/22846/9510/350",0.538434096309916
"GO:0072224","metanephric glomerulus development",15,0.895001613455213,1.78277553021933,0.000616360487763559,0.0253897267591024,0.0114811349006103,663,"tags=33%, list=5%, signal=32%","358/947/130497/55366/1958",0.477270815362862
"GO:0016064","immunoglobulin mediated immune response",91,0.64296896136649,1.77576526774407,0.000119354223313595,0.00830373633501165,0.00375491701607971,1256,"tags=18%, list=9%, signal=16%","718/713/714/2212/712/2207/54209/64332/972/2214/715/1439/10666/51311/28378/3133",0.538434096309916
"GO:0032731","positive regulation of interleukin-1 beta production",55,0.703966162473672,1.76942935535408,0.000360676502618216,0.0174612047040736,0.00789588831091964,1587,"tags=27%, list=11%, signal=24%","7305/64581/11027/353514/3428/5027/4615/10892/1958/5970/51311/4023/3605/841/7855",0.49849310876659
"GO:0042554","superoxide anion generation",39,0.741699647960442,1.76714525639536,0.000612446524517217,0.0253897267591024,0.0114811349006103,658,"tags=21%, list=5%, signal=20%","1906/7305/64581/4137/1536/3684/5580/3689",0.477270815362862
"GO:0071715","icosanoid transport",50,0.700265840704562,1.76223916793479,0.000409790721141679,0.0190532398661517,0.0086158003696731,2292,"tags=26%, list=16%, signal=22%","1906/1813/11309/8529/28231/4843/3553/10257/9356/30814/6850/6578/9376",0.49849310876659
"GO:0050766","positive regulation of phagocytosis",67,0.66429798797517,1.76077313833012,0.000689799276963892,0.0269628904358916,0.0121925133477013,1433,"tags=22%, list=10%, signal=20%","718/2212/64581/3673/5336/3071/54209/5199/3601/10584/6347/55198/5788/140885/10461",0.477270815362862
"GO:0046638","positive regulation of alpha-beta T cell differentiation",40,0.737266054759186,1.75350105536235,0.00107681085202815,0.0339376091350617,0.0153464537992374,598,"tags=25%, list=4%, signal=24%","8477/301/865/3071/3606/7048/64332/7704/10892/3122",0.45505986738723
"GO:1901343","negative regulation of vasculature development",90,0.643832618157614,1.74902961617059,3.78460543081013e-05,0.00493680752863455,0.00223240500980506,2652,"tags=37%, list=18%, signal=30%","1500/493/56999/10253/23213/23166/7057/240/9444/3339/889/9314/5970/154796/11126/4204/5371/2534/64102/354/1634/3202/3273/10769/10516/7122/6093/3627/6678/5617/22846/9510/350",0.557332238758646
"GO:0002763","positive regulation of myeloid leukocyte differentiation",48,0.700204360055513,1.74784526270578,0.000640522480140649,0.025708492023423,0.011625279303424,2245,"tags=44%, list=15%, signal=37%","2124/7305/22985/54209/677/972/23603/8788/920/3605/1230/841/1435/133522/3059/3593/7189/7040/796/5578/4853",0.477270815362862
"GO:0006956","complement activation",55,0.694276783061438,1.74507495697372,0.000531955847487682,0.0235666477339826,0.0106567457127916,643,"tags=18%, list=4%, signal=17%","718/713/714/11326/712/54209/3075/2/715/5199",0.477270815362862
"GO:0048143","astrocyte activation",19,0.853563300486297,1.74399721072464,0.000700483950847268,0.0269628904358916,0.0121925133477013,579,"tags=32%, list=4%, signal=30%","7132/712/9839/4137/54209/2896",0.477270815362862
"GO:0072207","metanephric epithelium development",21,0.83253515641909,1.74246112589286,0.000817809999642548,0.0284476722838623,0.0128639258782997,973,"tags=29%, list=7%, signal=27%","358/5311/130497/55366/6662/30812",0.477270815362862
"GO:0016525","negative regulation of angiogenesis",88,0.648182615220334,1.74243703269593,6.42720741641726e-05,0.00641631381287841,0.00290143195116884,2652,"tags=38%, list=18%, signal=31%","1500/493/56999/10253/23213/23166/7057/240/9444/3339/889/9314/5970/154796/11126/4204/5371/2534/64102/354/1634/3202/3273/10769/10516/7122/6093/3627/6678/5617/22846/9510/350",0.538434096309916
"GO:0098883","synapse pruning",18,0.857388792148716,1.74022934183087,0.00119773925298759,0.0362876356905144,0.0164091265943866,364,"tags=33%, list=3%, signal=33%","718/713/714/712/3684/54209",0.45505986738723
"GO:0009201","ribonucleoside triphosphate biosynthetic process",72,-0.734523903311403,-1.73920266391176,8.59520285151029e-05,0.00692778487592764,0.00313271716066884,1988,"tags=42%, list=14%, signal=36%","374291/4719/6389/6390/126328/6774/55967/4712/4695/4714/4722/4704/4720/4711/55022/51422/7415/4700/1353/4725/4716/3614/4718/10165/30968/7371/4724/65018/8382/142",0.538434096309916
"GO:0007006","mitochondrial membrane organization",45,-0.791446302750571,-1.73619179949168,0.000156659053790698,0.0100776837890564,0.00455708910007744,2571,"tags=53%, list=18%, signal=44%","27069/56993/100188893/29928/26519/54543/26517/3313/64112/55750/10651/4976/56910/5018/23788/139322/9927/92609/55735/10989/79135/54927/25813/65018",0.518848077743792
"GO:2000514","regulation of CD4-positive, alpha-beta T cell activation",59,0.681011631381146,1.73459827414632,0.000233929869584071,0.0132353574405638,0.00598497674570018,1849,"tags=32%, list=13%, signal=28%","8477/301/865/3071/3606/7048/3726/6776/64332/84695/10892/3122/3718/11126/9655/975/2033/3593/8651",0.518848077743792
"GO:0006957","complement activation, alternative pathway",17,0.874082312082063,1.73436736517259,0.000521168436728593,0.0233086378940712,0.0105400746747055,643,"tags=24%, list=4%, signal=23%","718/11326/3075/5199",0.477270815362862
"GO:0019724","B cell mediated immunity",95,0.637811724739901,1.73276896609763,6.80770009659407e-05,0.00641631381287841,0.00290143195116884,1256,"tags=17%, list=9%, signal=15%","718/713/714/2212/712/2207/54209/64332/972/2214/715/1439/10666/51311/28378/3133",0.538434096309916
"GO:0070646","protein modification by small protein removal",99,-0.71035217279395,-1.73244190486505,1.36498411501508e-05,0.00301510387211752,0.00136341815032425,2225,"tags=36%, list=15%, signal=31%","10987/84669/64708/219333/123228/80124/51377/23358/54726/10617/10920/7345/9097/3094/8975/10010/9101/9736/10213/51035/51138/79184/55611/29761/8533/7415/10980/23032/50813/64854/11315/2873/8239/126119/8078/7874",0.593325476396405
"GO:0032635","interleukin-6 production",115,0.614670010718299,1.73210079730189,6.77137429586508e-05,0.00641631381287841,0.00290143195116884,2396,"tags=32%, list=17%, signal=27%","7305/64581/11027/353514/5336/3071/23765/54209/114899/972/7805/4615/671/5452/5970/51311/4023/4843/3605/3553/9655/140885/9181/51284/26191/7098/54106/3586/7494/7040/7099/8692/6850/9466/7349/1535/6504",0.538434096309916
"GO:0032675","regulation of interleukin-6 production",115,0.614670010718299,1.73210079730189,6.77137429586508e-05,0.00641631381287841,0.00290143195116884,2396,"tags=32%, list=17%, signal=27%","7305/64581/11027/353514/5336/3071/23765/54209/114899/972/7805/4615/671/5452/5970/51311/4023/4843/3605/3553/9655/140885/9181/51284/26191/7098/54106/3586/7494/7040/7099/8692/6850/9466/7349/1535/6504",0.538434096309916
"GO:0019755","one-carbon compound transport",18,0.852914919964311,1.73114878967274,0.0015323088064632,0.0423277773832424,0.0191404549875978,1424,"tags=22%, list=10%, signal=20%","358/6563/3043/3045",0.45505986738723
"GO:0072243","metanephric nephron epithelium development",20,0.833230913019159,1.72846171477803,0.0017402538721228,0.0464492032569343,0.0210041476097233,973,"tags=30%, list=7%, signal=28%","358/5311/130497/55366/6662/30812",0.45505986738723
"GO:0006959","humoral immune response",234,0.560697972143615,1.72817369338383,9.93892385379436e-07,0.000479590567024755,0.000216868974184504,2489,"tags=26%, list=17%, signal=22%","718/713/714/4922/11326/712/240/10344/29760/54209/3075/57817/4069/2/715/567/5199/6354/671/5452/4589/10584/6347/140832/3605/3553/1880/3133/922/6280/975/6863/280664/6368/683/57115/354/6355/6700/4057/10148/3273/78989/85569/796/3574/5225/722/6364/140686/116842/6359/6373/3627/5919/1235/730/6039/1672/9547",0.643551836150722
"GO:0009142","nucleoside triphosphate biosynthetic process",76,-0.727400019574337,-1.72650653731521,5.02058194728159e-05,0.0060452955960088,0.00273365896806902,1988,"tags=39%, list=14%, signal=34%","374291/4719/6389/6390/126328/6774/55967/4712/4695/4714/4722/4704/4720/4711/55022/51422/7415/4700/1353/4725/4716/3614/4718/10165/30968/7371/4724/65018/8382/142",0.557332238758646
"GO:2000191","regulation of fatty acid transport",22,0.825997583014061,1.72528505454087,0.000739987794981088,0.0277998614818495,0.0125709883733573,1213,"tags=36%, list=8%, signal=33%","1906/51703/7057/8660/8529/2180/29803/3553",0.477270815362862
"GO:0006958","complement activation, classical pathway",32,0.755620823512114,1.72348526121859,0.00182878544773309,0.0471866838601901,0.0213376334472394,568,"tags=19%, list=4%, signal=18%","718/713/714/712/54209/715",0.45505986738723
"GO:2000242","negative regulation of reproductive process",38,0.732388334644376,1.72292011602358,0.00137731084373875,0.0401729920633364,0.018166069513724,263,"tags=13%, list=2%, signal=13%","7076/55743/23213/397/4627",0.45505986738723
"GO:0043030","regulation of macrophage activation",45,0.689497963574694,1.72271914861952,0.00302846221632304,0.0616986136180449,0.0278998711900453,2805,"tags=56%, list=19%, signal=45%","11326/3566/7057/143684/54209/9173/972/2896/671/51063/23729/5788/1050/3586/10062/79155/7099/3949/4317/8877/2213/3329/5321/84868/3596",0.431707695803346
"GO:0032612","interleukin-1 production",103,0.624915763356842,1.72235680292392,8.26404890451252e-05,0.0068084164308054,0.00307873921776588,1392,"tags=18%, list=10%, signal=17%","301/7305/64581/11027/353514/3428/5027/54209/4615/10892/1958/5970/51311/4023/3605/5371/3553/140885/841",0.538434096309916
"GO:0032652","regulation of interleukin-1 production",103,0.624915763356842,1.72235680292392,8.26404890451252e-05,0.0068084164308054,0.00307873921776588,1392,"tags=18%, list=10%, signal=17%","301/7305/64581/11027/353514/3428/5027/54209/4615/10892/1958/5970/51311/4023/3605/5371/3553/140885/841",0.538434096309916
"GO:0016579","protein deubiquitination",81,-0.725584668515554,-1.72062142046141,2.53686298222836e-05,0.00440047843029592,0.00198987909420256,1884,"tags=32%, list=13%, signal=28%","219333/123228/80124/51377/23358/54726/10617/7345/9097/8975/10010/9101/9736/10213/51035/79184/55611/29761/7415/23032/64854/11315/8239/126119/8078/7874",0.575610261071129
"GO:0002455","humoral immune response mediated by circulating immunoglobulin",36,0.735902877843238,1.71829419952464,0.0023223481949746,0.053461926281995,0.024175273468432,568,"tags=17%, list=4%, signal=16%","718/713/714/712/54209/715",0.431707695803346
"GO:0045622","regulation of T-helper cell differentiation",39,0.720810233191846,1.71737493451546,0.00115907955376084,0.0353443998990968,0.0159825990674424,1273,"tags=28%, list=9%, signal=26%","8477/301/3606/3726/6776/64332/84695/10892/3122/3718/9655",0.45505986738723
"GO:0032755","positive regulation of interleukin-6 production",76,0.650915549896312,1.71339788106947,0.000339630559712071,0.0169670756213605,0.00767244507693877,2347,"tags=36%, list=16%, signal=30%","7305/64581/11027/353514/5336/23765/972/7805/4615/5452/5970/51311/4023/4843/3605/3553/9181/51284/7098/54106/7494/7040/7099/8692/6850/7349/1535",0.49849310876659
"GO:0032332","positive regulation of chondrocyte differentiation",15,0.859501971822026,1.71206292871812,0.00384565450101758,0.0727496589768323,0.0328971105759129,920,"tags=27%, list=6%, signal=25%","7704/55553/6662/658",0.431707695803346
"GO:0046636","negative regulation of alpha-beta T cell activation",33,0.733153461035867,1.70898219388119,0.00469107037192643,0.0789579443246111,0.0357044728707346,2079,"tags=24%, list=14%, signal=21%","301/865/6776/84695/3718/9655/8651/969",0.407017918923954
"GO:2000193","positive regulation of fatty acid transport",13,0.897490399036926,1.70820389009824,0.00114758066849716,0.0353358929475079,0.0159787522572852,1213,"tags=38%, list=8%, signal=35%","1906/51703/8529/2180/3553",0.45505986738723
"GO:0009145","purine nucleoside triphosphate biosynthetic process",67,-0.73163732071853,-1.70323377939929,0.000120241497185007,0.00830373633501165,0.00375491701607971,1988,"tags=43%, list=14%, signal=38%","374291/4719/6389/6390/126328/6774/55967/4712/4695/4714/4722/4704/4720/4711/55022/51422/7415/4700/1353/4725/4716/3614/4718/10165/30968/4724/65018/8382/142",0.538434096309916
"GO:0009206","purine ribonucleoside triphosphate biosynthetic process",67,-0.73163732071853,-1.70323377939929,0.000120241497185007,0.00830373633501165,0.00375491701607971,1988,"tags=43%, list=14%, signal=38%","374291/4719/6389/6390/126328/6774/55967/4712/4695/4714/4722/4704/4720/4711/55022/51422/7415/4700/1353/4725/4716/3614/4718/10165/30968/4724/65018/8382/142",0.538434096309916
"GO:0072170","metanephric tubule development",19,0.833333892437366,1.70266456299735,0.001788862551026,0.0465643831219408,0.0210562314931192,973,"tags=32%, list=7%, signal=29%","358/5311/130497/55366/6662/30812",0.45505986738723
"GO:0072234","metanephric nephron tubule development",19,0.833333892437366,1.70266456299735,0.001788862551026,0.0465643831219408,0.0210562314931192,973,"tags=32%, list=7%, signal=29%","358/5311/130497/55366/6662/30812",0.45505986738723
"GO:0002430","complement receptor mediated signaling pathway",13,0.894468806385021,1.70245285774423,0.00141843506717052,0.0410276427624738,0.0185525392092349,301,"tags=31%, list=2%, signal=30%","718/2357/719/3684",0.45505986738723
"GO:0007263","nitric oxide mediated signal transduction",18,0.838425736859763,1.70174030916939,0.00296553996808519,0.0614326084802415,0.0277795847095978,1497,"tags=44%, list=10%, signal=40%","493/2357/7057/3791/4846/4843/348/4842",0.431707695803346
"GO:0033627","cell adhesion mediated by integrin",74,0.635713077248523,1.7000290723609,0.000538429873131747,0.0236305297591279,0.0106856329141143,2149,"tags=27%, list=15%, signal=23%","3687/3673/3691/3678/3071/5747/3384/3684/64805/3689/6868/1942/4067/5294/3676/83700/3696/3273/2303/6850",0.477270815362862
"GO:1903008","organelle disassembly",56,-0.745739244470676,-1.69781422028016,0.000344341589100015,0.0170213484464597,0.00769698703567322,2523,"tags=46%, list=17%, signal=39%","23008/27341/219402/6059/55666/92399/10524/3799/2801/5562/8444/53918/79752/5563/6811/4134/23197/10767/26058/8729/7415/55325/8453/3831/6790/9604",0.49849310876659
"GO:0002577","regulation of antigen processing and presentation",20,0.818325282627449,1.69754134076868,0.00326774727775887,0.0658598335465907,0.0297815585277641,1367,"tags=30%, list=9%, signal=27%","1520/7057/54209/972/55080/3111",0.431707695803346
"GO:0042116","macrophage activation",85,0.62740170631082,1.69553816384589,0.00017287729841357,0.010824423911335,0.00489476205579387,2330,"tags=42%, list=16%, signal=36%","11326/7305/712/6622/3566/5336/4137/22918/7057/3684/143684/54209/9173/972/2214/2896/3689/671/51063/23729/5788/3553/1907/1050/3554/54106/3586/10062/79155/728/7099/9111/6850/3949/4317/1524",0.518848077743792
"GO:0032945","negative regulation of mononuclear cell proliferation",59,0.66532575631026,1.69464493036678,0.000443347964550186,0.0204113925639968,0.00922995169503137,578,"tags=10%, list=4%, signal=10%","11326/7305/9231/1051/7805/6385",0.49849310876659
"GO:0042776","proton motive force-driven mitochondrial ATP synthesis",41,-0.767013556035879,-1.69443540924915,0.00101936832358536,0.0325643105275977,0.0147254535529287,2579,"tags=61%, list=18%, signal=50%","6391/4696/84277/4698/4715/4723/374291/4719/6389/6390/126328/55967/4712/4695/4714/4722/4704/4720/4711/4700/4725/4716/4718/30968/4724",0.45505986738723
"GO:0046651","lymphocyte proliferation",203,0.550875437245372,1.69309892080653,1.41252736768708e-05,0.00301510387211752,0.00136341815032425,2005,"tags=22%, list=14%, signal=19%","301/11326/7305/9231/933/1051/4064/3071/3606/2013/7048/8660/3115/64332/972/2214/7805/6385/23308/22806/81704/9479/920/7293/3109/5788/3553/1880/3133/3481/6929/4067/975/3070/6863/4609/5294/26191/54106/3586/3593/7297/10148/10457/7189",0.593325476396405
"GO:0070664","negative regulation of leukocyte proliferation",66,0.647538159101274,1.69270648815184,0.000850278647218009,0.0287259606283149,0.0129897667766379,1958,"tags=20%, list=14%, signal=17%","11326/7305/9231/1051/7805/6385/5169/3133/4067/26585/3586/6355/10457",0.477270815362862
"GO:1902165","regulation of intrinsic apoptotic signaling pathway in response to DNA damage by p53 class mediator",11,0.938925391860613,1.69223663243459,0.00025190109813029,0.0135968684691936,0.00614845061555065,434,"tags=36%, list=3%, signal=35%","960/79915/23411/972",0.49849310876659
"GO:1902166","negative regulation of intrinsic apoptotic signaling pathway in response to DNA damage by p53 class mediator",11,0.938925391860613,1.69223663243459,0.00025190109813029,0.0135968684691936,0.00614845061555065,434,"tags=36%, list=3%, signal=35%","960/79915/23411/972",0.49849310876659
"GO:0071280","cellular response to copper ion",24,0.778019460412965,1.69049291944638,0.00333882555402702,0.066232119348122,0.0299499047076784,594,"tags=21%, list=4%, signal=20%","358/6622/4489/4499/1616",0.431707695803346
"GO:0060042","retina morphogenesis in camera-type eye",37,0.73332260781804,1.69007678906876,0.00152937025668401,0.0423277773832424,0.0191404549875978,1382,"tags=30%, list=10%, signal=27%","121643/84465/28996/7021/10083/204851/22882/6662/7020/30812/10210",0.45505986738723
"GO:0090322","regulation of superoxide metabolic process",28,0.754881915245276,1.68878978041332,0.00337073493629037,0.0665082826084857,0.030074784651323,2347,"tags=50%, list=16%, signal=42%","7305/64581/4137/3684/5580/3689/2771/2643/683/7040/10516/6850/4780/1535",0.431707695803346
"GO:0002504","antigen processing and presentation of peptide or polysaccharide antigen via MHC class II",22,0.80850061023799,1.68873862117225,0.00184471068043055,0.0473374937448188,0.0214058290858217,1683,"tags=50%, list=12%, signal=44%","1520/7057/1785/54209/3115/10437/3122/567/3109/3111/3108",0.45505986738723
"GO:0050672","negative regulation of lymphocyte proliferation",58,0.66566024433685,1.68654091437153,0.000894958387097119,0.0293896824182383,0.0132898991679348,578,"tags=10%, list=4%, signal=10%","11326/7305/9231/1051/7805/6385",0.477270815362862
"GO:0006833","water transport",23,0.794141628615506,1.68569608011719,0.00252843571915122,0.0549700654496951,0.0248572480874401,149,"tags=9%, list=1%, signal=9%","358/6563",0.431707695803346
"GO:0002495","antigen processing and presentation of peptide antigen via MHC class II",20,0.812377673227121,1.68520356623068,0.00396989327860695,0.0728740428972635,0.0329533564970875,1683,"tags=50%, list=12%, signal=44%","1520/1785/54209/3115/10437/3122/567/3109/3111/3108",0.407017918923954
"GO:0032943","mononuclear cell proliferation",206,0.552844707155134,1.68510455381511,1.3191006351542e-05,0.00301510387211752,0.00136341815032425,2005,"tags=22%, list=14%, signal=20%","301/11326/7305/9231/933/1051/4064/3071/3606/2013/7048/8660/3115/64332/972/2214/7805/6385/23308/22806/81704/9479/920/7293/3109/5788/3553/1880/3133/3481/6929/1435/4067/975/3070/6863/4609/5294/26191/54106/3586/3593/7297/10148/10457/7189",0.593325476396405
"GO:0097484","dendrite extension",30,-0.818736009538621,-1.68443967784339,0.000595970512997476,0.0252732628025677,0.0114284703560596,1158,"tags=40%, list=8%, signal=37%","9373/9962/79594/84258/6456/8936/26999/23327/22999/10479/151835/9362",0.477270815362862
"GO:0021915","neural tube development",53,0.655144768666703,1.68150288599593,0.00341201576417247,0.0670411130901838,0.0303157285061969,2193,"tags=34%, list=15%, signal=29%","9620/5311/6497/54910/221074/10522/4082/1832/23242/4036/79977/2736/7189/7040/51339/5076/6491/653",0.431707695803346
"GO:0007007","inner mitochondrial membrane organization",31,-0.804005038319609,-1.68096215379925,0.000922191145865223,0.0300736779234937,0.0135991992538222,1433,"tags=35%, list=10%, signal=32%","55750/10651/4976/5018/139322/55735/10989/79135/54927/25813/65018",0.477270815362862
"GO:0010324","membrane invagination",55,0.668595202710627,1.68052392513871,0.0016792911801541,0.0455835340000212,0.0206126953655842,853,"tags=24%, list=6%, signal=22%","718/2934/3673/115548/5336/3071/4627/7057/3684/4481/54209/3689/57154",0.45505986738723
"GO:0032330","regulation of chondrocyte differentiation",32,0.736677335860401,1.68027731783231,0.00366383651169334,0.0702260255465793,0.0317559334326009,920,"tags=19%, list=6%, signal=18%","2202/85477/7704/55553/6662/658",0.431707695803346
"GO:0006910","phagocytosis, recognition",23,0.791212868076369,1.6794793046926,0.0028751890712903,0.060819314769276,0.0275022556979035,979,"tags=22%, list=7%, signal=20%","718/64581/54209/5199/10584",0.431707695803346
"GO:0006754","ATP biosynthetic process",60,-0.731253749858729,-1.67885549180287,0.000218537559697633,0.012990536460001,0.00587426965810486,1988,"tags=45%, list=14%, signal=39%","374291/4719/6389/6390/126328/6774/55967/4712/4695/4714/4722/4704/4720/4711/55022/51422/7415/4700/1353/4725/4716/4718/10165/30968/4724/65018/142",0.518848077743792
"GO:0045766","positive regulation of angiogenesis",148,0.578503164070379,1.67780366921105,5.70994003217915e-05,0.00641631381287841,0.00290143195116884,2287,"tags=33%, list=16%, signal=28%","358/718/7052/2321/1116/3687/947/1003/3678/187/51129/10411/1536/719/7057/2013/23411/3791/4846/28996/2896/3689/204851/10298/9314/25/694/3553/6667/79031/2549/306/339123/7098/26585/3586/7494/3728/79805/7422/3696/728/2303/3099/9037/5578/1893/7015/4780",0.557332238758646
"GO:0070661","leukocyte proliferation",233,0.544456220754947,1.67365652663338,2.12676711935049e-06,0.000768253722497683,0.000347401321391918,2005,"tags=24%, list=14%, signal=21%","301/11326/7305/9231/933/1051/4064/3071/3606/2013/5747/7048/1436/8660/54209/3115/64332/972/2214/7805/6385/1439/23308/22806/4883/81704/9479/5169/920/7293/3109/5788/3553/1880/3133/3481/3568/6929/1435/4067/975/3070/3815/6863/4609/5294/26191/26585/54106/3586/3593/6355/7297/10148/10457/7189",0.627256739718528
"GO:0045577","regulation of B cell differentiation",26,0.759568190946054,1.67197590856862,0.00648690459159057,0.0902830482785389,0.040825640478884,2149,"tags=50%, list=15%, signal=43%","3071/678/677/3635/22806/6688/3624/55012/150372/54106/3586/7494/6850",0.407017918923954
"GO:0014821","phasic smooth muscle contraction",15,0.838931095198925,1.67108729814105,0.00779422076887143,0.0992509158109943,0.0448808750187363,1860,"tags=47%, list=13%, signal=41%","1906/1813/1908/6865/1907/3815/3352",0.407017918923954
"GO:0032732","positive regulation of interleukin-1 production",65,0.649113728015989,1.66991496345071,0.000778501878297008,0.0280540935481484,0.0126859511170265,1122,"tags=20%, list=8%, signal=19%","7305/64581/11027/353514/3428/5027/4615/10892/1958/5970/51311/4023/3605",0.477270815362862
"GO:0030595","leukocyte chemotaxis",180,0.555546683339561,1.66972800403073,3.21026958280744e-05,0.00456191671856622,0.00206288085524319,2523,"tags=32%, list=17%, signal=26%","718/301/1906/2321/3071/23765/719/7057/5747/1436/240/10344/972/1908/3689/6354/6688/58191/57509/23603/11240/920/6347/9420/6868/1880/1230/57402/1907/1435/4067/6280/9023/3815/5294/6368/1240/26585/683/7852/3586/6355/83700/7422/2660/728/796/6850/6373/3627/1524/5919/1235/811/5880/4192/1910",0.557332238758646
"GO:2000515","negative regulation of CD4-positive, alpha-beta T cell activation",23,0.78658436636641,1.66965454937421,0.00344552627473538,0.067137723594014,0.0303594153972695,1273,"tags=26%, list=9%, signal=24%","301/865/6776/84695/3718/9655",0.431707695803346
"GO:0006890","retrograde vesicle-mediated transport, Golgi to endoplasmic reticulum",48,-0.739735741189327,-1.66836316861755,0.00159462180487708,0.0437914853549869,0.0198023379939863,1905,"tags=46%, list=13%, signal=40%","7405/377/25839/372/1315/64083/51560/22818/53407/10213/9554/6811/662/3064/1314/378/23256/8729/55850/5870/57410/11316",0.45505986738723
"GO:0010669","epithelial structure maintenance",32,0.731242354455994,1.66788074265331,0.00408084983574088,0.0737064262639968,0.0333297569921839,2138,"tags=25%, list=15%, signal=21%","12/133619/6662/3605/54106/56667/7099/90070",0.407017918923954
"GO:0015986","proton motive force-driven ATP synthesis",42,-0.76270419021164,-1.66659321884737,0.000794389492040917,0.0280540935481484,0.0126859511170265,2579,"tags=60%, list=18%, signal=49%","6391/4696/84277/4698/4715/4723/374291/4719/6389/6390/126328/55967/4712/4695/4714/4722/4704/4720/4711/4700/4725/4716/4718/30968/4724",0.477270815362862
"GO:0043372","positive regulation of CD4-positive, alpha-beta T cell differentiation",29,0.746367777146916,1.66528455828137,0.00220307770751097,0.0522507722953108,0.0236275943839555,598,"tags=24%, list=4%, signal=23%","8477/301/3071/3606/64332/10892/3122",0.431707695803346
"GO:0042100","B cell proliferation",68,0.631623790216489,1.66516864165769,0.00263205983537615,0.0566979494813137,0.0256385904724074,3133,"tags=43%, list=22%, signal=34%","7305/933/4064/3071/8660/64332/972/22806/7293/5788/1880/6929/4067/975/54106/3586/10148/3574/9466/472/4773/2213/695/3329/3596/2048/54440/4208/3592",0.431707695803346
"GO:0071108","protein K48-linked deubiquitination",21,-0.84647070759591,-1.6586273004861,0.000791958524070355,0.0280540935481484,0.0126859511170265,1696,"tags=57%, list=12%, signal=51%","80124/54726/9097/9101/9736/51035/55611/29761/23032/11315/8078/7874",0.477270815362862
"GO:0042130","negative regulation of T cell proliferation",48,0.663846785682026,1.65708973795136,0.00208721404242599,0.0513170531059291,0.0232053702271423,578,"tags=10%, list=4%, signal=10%","11326/9231/1051/7805/6385",0.431707695803346
"GO:0032930","positive regulation of superoxide anion generation",20,0.798100901765527,1.65558770285304,0.00622734668413186,0.0897701407737522,0.0405937057160619,658,"tags=30%, list=5%, signal=29%","7305/64581/4137/3684/5580/3689",0.407017918923954
"GO:0000423","mitophagy",78,-0.694839652234087,-1.6550505133693,0.000684241731127206,0.0269628904358916,0.0121925133477013,1810,"tags=36%, list=12%, signal=32%","9978/10059/23770/26235/10533/139341/664/25989/11331/25793/79594/6721/3064/6500/23766/27429/7415/9927/1459/55294/291/7319/100287932/84938/2931/10273/65018/25934",0.477270815362862
"GO:0071731","response to nitric oxide",18,0.814603871503679,1.6533894216264,0.00691701948182228,0.0941516622801085,0.0425750125635791,329,"tags=11%, list=2%, signal=11%","358/1017",0.407017918923954
"GO:1904018","positive regulation of vasculature development",152,0.578726553467802,1.65123676649514,5.91827189095e-05,0.00641631381287841,0.00290143195116884,2073,"tags=30%, list=14%, signal=26%","358/718/7052/2321/1116/3687/947/1003/3678/187/51129/10411/1536/719/7057/2013/23411/3791/4846/28996/2896/3689/204851/10298/9314/25/694/3553/6667/79031/2549/306/339123/7098/26585/7852/3586/7494/3728/79805/7422/7040/3696/728/2303/3099",0.557332238758646
"GO:0072010","glomerular epithelium development",21,0.788757087224297,1.65083546522205,0.00531299772474177,0.0837242862932462,0.0378597940226143,957,"tags=19%, list=7%, signal=18%","1906/5175/947/1909",0.407017918923954
"GO:0071216","cellular response to biotic stimulus",201,0.543714523970076,1.65033874165393,3.24735509423223e-05,0.00456191671856622,0.00206288085524319,2346,"tags=28%, list=16%, signal=24%","10628/7132/64581/11027/1051/4064/5336/3606/10014/54209/64332/19/3055/4615/10892/567/9450/671/6688/7538/5970/929/6347/7431/23729/8140/3553/140885/558/11093/4067/7855/5606/26191/54106/3586/7494/84639/4851/10062/4057/3656/79155/7189/79931/7099/90070/6850/3663/5578/4853/2672/3627/4317/1524/22900",0.557332238758646
"GO:0032928","regulation of superoxide anion generation",21,0.788399001479918,1.65008600679437,0.00531299772474177,0.0837242862932462,0.0378597940226143,658,"tags=29%, list=5%, signal=27%","7305/64581/4137/3684/5580/3689",0.407017918923954
"GO:0030888","regulation of B cell proliferation",53,0.642596147502445,1.64929543550233,0.00488130856871892,0.0790467196453113,0.0357446167227136,3133,"tags=49%, list=22%, signal=39%","7305/933/3071/8660/972/22806/7293/5788/1880/6929/4067/975/54106/3586/10148/3574/9466/472/4773/2213/695/3596/2048/54440/4208/3592",0.407017918923954
"GO:0030851","granulocyte differentiation",29,0.738369476697662,1.64743887062112,0.00291174990132702,0.0612026962471618,0.0276756192991649,1795,"tags=34%, list=12%, signal=30%","2124/714/6776/3635/3930/1050/4067/63976/81570/3059",0.431707695803346
"GO:0070536","protein K63-linked deubiquitination",22,-0.840002941373005,-1.64605831644575,0.00217315872883637,0.0520671091357938,0.0235445426232693,1632,"tags=50%, list=11%, signal=44%","54726/10617/8975/9101/10213/79184/29761/7415/23032/8239/7874",0.431707695803346
"GO:0050670","regulation of lymphocyte proliferation",176,0.545939860598348,1.6459250214468,6.3277770140011e-05,0.00641631381287841,0.00290143195116884,2005,"tags=22%, list=14%, signal=19%","301/11326/7305/9231/933/1051/3071/3606/7048/8660/3115/972/2214/7805/6385/23308/22806/9479/920/7293/3109/5788/3553/1880/3133/3481/6929/4067/975/6863/26191/54106/3586/3593/7297/10148/10457/7189",0.538434096309916
"GO:0009260","ribonucleotide biosynthetic process",123,-0.646927633132753,-1.64474819932239,0.00029881193753684,0.0153212510022284,0.00692820963658586,1988,"tags=29%, list=14%, signal=25%","374291/4719/6389/5471/6390/126328/2977/6774/55967/4712/4695/4714/4722/4704/4882/4720/4711/51727/55022/51422/7415/4700/1353/4725/4716/3614/4718/10165/30968/55312/7371/4724/3251/65018/8382/142",0.49849310876659
"GO:0070663","regulation of leukocyte proliferation",198,0.54737245452407,1.64219725095245,1.04203786766795e-05,0.00271856101476038,0.00122932263281699,2005,"tags=23%, list=14%, signal=20%","301/11326/7305/9231/933/1051/3071/3606/5747/7048/1436/8660/3115/972/2214/7805/6385/1439/23308/22806/9479/5169/920/7293/3109/5788/3553/1880/3133/3481/3568/6929/1435/4067/975/6863/26191/26585/54106/3586/3593/6355/7297/10148/10457/7189",0.593325476396405
"GO:0044331","cell-cell adhesion mediated by cadherin",49,0.660820369050864,1.6421385603681,0.00397492327392733,0.0728740428972635,0.0329533564970875,1101,"tags=27%, list=8%, signal=25%","9620/1500/1002/8728/1003/2196/60437/64403/1952/1009/144100/3170/79633",0.407017918923954
"GO:0061900","glial cell activation",44,0.678153443826086,1.64175781364635,0.0064595839562949,0.0902830482785389,0.040825640478884,1213,"tags=30%, list=8%, signal=27%","7305/7132/712/6622/9839/4137/3684/54209/2896/3689/51063/5788/3553",0.407017918923954
"GO:0010544","negative regulation of platelet activation",15,0.823796105027455,1.64093954229105,0.0108043615094622,0.117176170088763,0.0529866047275849,1779,"tags=47%, list=12%, signal=41%","114897/4846/5580/5592/348/5270/928",0.380730400722792
"GO:0019886","antigen processing and presentation of exogenous peptide antigen via MHC class II",17,0.826758143537216,1.64046603302847,0.00520507890486698,0.0825778734366734,0.0373413906233581,1683,"tags=53%, list=12%, signal=47%","1520/1785/3115/10437/3122/567/3109/3111/3108",0.407017918923954
"GO:0045649","regulation of macrophage differentiation",20,0.790635494758819,1.64010139528246,0.00856920560875854,0.102776353056943,0.0464750639199564,2213,"tags=45%, list=15%, signal=38%","714/9444/3624/841/1435/3059/7040/796/5578",0.380730400722792
"GO:1903146","regulation of autophagy of mitochondrion",45,-0.746918813817797,-1.63851206952344,0.00163536116027313,0.0446491628409456,0.0201901763906314,2302,"tags=49%, list=16%, signal=41%","11140/8454/54543/9978/10059/23770/26235/664/25793/79594/6721/3064/6500/27429/1459/11315/55294/291/7319/2931/10273/65018",0.45505986738723
"GO:0000422","autophagy of mitochondrion",94,-0.675724360563879,-1.63763567190865,0.00037844194625828,0.0181343202002947,0.00820026849937658,1810,"tags=32%, list=12%, signal=28%","9978/10059/23770/26235/10533/139341/664/25989/11331/25793/79594/6721/3064/6500/23766/27429/7415/9927/55102/1459/11315/55294/291/7319/100287932/84938/2931/10273/65018/25934",0.49849310876659
"GO:0050829","defense response to Gram-negative bacterium",77,0.61429166321592,1.63663693787709,0.00104204372079509,0.0330637656273901,0.0149513051909523,2487,"tags=27%, list=17%, signal=23%","358/54209/64332/57817/4069/567/671/4843/3605/6863/54106/3593/4057/140880/7099/85569/796/245939/5919/6039/1672",0.45505986738723
"GO:0002922","positive regulation of humoral immune response",18,0.806139523279938,1.63620945931139,0.00927627170240409,0.105475476790532,0.047695597090431,1213,"tags=28%, list=8%, signal=25%","718/54209/5199/3605/3553",0.380730400722792
"GO:0043371","negative regulation of CD4-positive, alpha-beta T cell differentiation",19,0.800629817916124,1.63584372532557,0.00683161752140611,0.0935314165612918,0.0422945398811897,1273,"tags=32%, list=9%, signal=29%","301/865/6776/84695/3718/9655",0.407017918923954
"GO:0050864","regulation of B cell activation",95,0.601796812450435,1.63492579402775,0.000384723805005005,0.0182491210939748,0.00825218101342436,2248,"tags=33%, list=16%, signal=28%","7305/933/3071/678/8660/677/972/7805/3635/22806/30011/6688/3624/55012/150372/7293/5788/1880/6929/4067/975/54106/3586/7494/10148/79155/7040/6850/3574/9466/472",0.49849310876659
"GO:0061136","regulation of proteasomal protein catabolic process",177,-0.628799657385561,-1.63452267963657,3.7420636126737e-05,0.00493680752863455,0.00223240500980506,2069,"tags=32%, list=14%, signal=28%","26471/1457/819/5718/5686/5719/26263/5887/11047/9978/25831/5685/51377/2332/6135/5689/8554/9491/9097/8975/51667/5716/165324/10213/51035/1452/5707/5709/29761/9861/2932/7415/5601/5704/1459/11315/5347/5690/55294/8239/1191/5688/5691/8078/5713/2931/55212/5684/10273/5683/5693/65018/5682/5708/5702/7874/5475",0.557332238758646
"GO:0051014","actin filament severing",16,0.827015673790525,1.63371046157044,0.00533486709239429,0.0837877453708481,0.037888489968716,263,"tags=25%, list=2%, signal=25%","2934/10677/85477/4627",0.407017918923954
"GO:0046639","negative regulation of alpha-beta T cell differentiation",24,0.751585883700789,1.63305762824704,0.00739556865042639,0.0970100290011238,0.0438675547886595,2079,"tags=33%, list=14%, signal=29%","301/865/6776/84695/3718/9655/8651/969",0.407017918923954
"GO:2000516","positive regulation of CD4-positive, alpha-beta T cell activation",35,0.695203427535021,1.63242028488862,0.0106836837575257,0.116920317799912,0.0528709093256295,1849,"tags=40%, list=13%, signal=35%","8477/301/3071/3606/7048/64332/10892/3122/11126/9655/975/2033/3593/8651",0.380730400722792
"GO:0032944","regulation of mononuclear cell proliferation",178,0.548266881310964,1.63209372053081,0.000101513594664648,0.00786883735470975,0.00355825740219891,2005,"tags=22%, list=14%, signal=19%","301/11326/7305/9231/933/1051/3071/3606/7048/8660/3115/972/2214/7805/6385/23308/22806/9479/920/7293/3109/5788/3553/1880/3133/3481/6929/1435/4067/975/6863/26191/54106/3586/3593/7297/10148/10457/7189",0.538434096309916
"GO:0006953","acute-phase response",43,0.664329647134369,1.6320301680633,0.00732523150416667,0.0970100290011238,0.0438675547886595,455,"tags=9%, list=3%, signal=9%","12/1051/9332/2335",0.407017918923954
"GO:0036336","dendritic cell migration",23,0.768606038223178,1.63149259414345,0.006341662294862,0.0897701407737522,0.0405937057160619,2397,"tags=43%, list=17%, signal=36%","2059/3384/240/6688/1880/1230/5294/7852/1235/811",0.407017918923954
"GO:0046634","regulation of alpha-beta T cell activation",85,0.603681000407042,1.63143352127213,0.000468134941274157,0.0213433173225577,0.00965136441726244,1939,"tags=28%, list=13%, signal=25%","8477/301/865/3071/3606/7048/3726/6776/64332/84695/7704/10892/3122/9479/3718/11126/3133/9655/975/2033/3593/8651/7297/10148",0.49849310876659
"GO:0015732","prostaglandin transport",21,0.779037367134919,1.63049249918666,0.00736860505322115,0.0970100290011238,0.0438675547886595,2292,"tags=43%, list=16%, signal=36%","1906/11309/28231/4843/3553/10257/9356/6578/9376",0.407017918923954
"GO:0050907","detection of chemical stimulus involved in sensory perception",311,0.515889719286797,1.63025421614602,1.85405052501568e-06,0.000725551772122802,0.000328091666844438,4719,"tags=41%, list=33%, signal=28%","9607/5330/5284/127064/26248/26664/390201/390151/342372/50837/50838/390326/219865/79345/120796/390648/390264/26659/54429/81797/79544/26246/219477/119687/338675/138803/120586/196335/26339/283189/390063/4995/387748/50840/79339/390072/219428/401666/344561/219960/26189/390054/391109/442184/219957/5304/26737/390882/390038/390168/4993/120065/390445/81318/8390/26211/390154/390265/390113/390181/219875/26494/50832/391112/219482/7932/8383/259285/390155/219432/80834/128367/26338/8989/81469/50839/390195/390275/338662/390883/346517/119695/219874/120787/81328/135924/26493/138882/390058/143502/219858/4025/347169/284532/390892/391191/390157/1469/138805/219429/219493/286365/26476/26686/4994/390433/143503/219952/127385/81442/390036/8590/128372/2780/122740/441932/343406/4991/120066/390078/135946/390059/83597/121275/392138/343169/50834/390079",0.643551836150722
"GO:0003338","metanephros morphogenesis",24,0.74936310686731,1.62822794378579,0.00774495853712223,0.0992509158109943,0.0448808750187363,2490,"tags=33%, list=17%, signal=28%","5311/55366/6662/30812/6299/26585/5076/3975",0.407017918923954
"GO:0030323","respiratory tube development",62,0.627931075864951,1.627402441817,0.00342772646134674,0.0670691810936846,0.0303284207473399,1987,"tags=26%, list=14%, signal=22%","9620/2034/1116/5125/3675/1512/84695/3488/1281/7043/1050/7534/7547/79977/2736/7422",0.431707695803346
"GO:0042773","ATP synthesis coupled electron transport",67,-0.698948405458972,-1.62713478457584,0.000781024579288068,0.0280540935481484,0.0126859511170265,2596,"tags=55%, list=18%, signal=46%","27089/6391/27069/4696/1716/9377/4698/4715/7384/4723/374291/4719/6389/6390/126328/7385/55967/4712/1329/4695/4714/1347/4722/1537/4704/4720/4711/4700/11315/1351/7381/4725/4716/4718/4724/65018/891",0.477270815362862
"GO:0042775","mitochondrial ATP synthesis coupled electron transport",67,-0.698948405458972,-1.62713478457584,0.000781024579288068,0.0280540935481484,0.0126859511170265,2596,"tags=55%, list=18%, signal=46%","27089/6391/27069/4696/1716/9377/4698/4715/7384/4723/374291/4719/6389/6390/126328/7385/55967/4712/1329/4695/4714/1347/4722/1537/4704/4720/4711/4700/11315/1351/7381/4725/4716/4718/4724/65018/891",0.477270815362862
"GO:0048521","negative regulation of behavior",15,0.816705775016559,1.62681614110989,0.0126068642957592,0.126634371078576,0.057263566134513,101,"tags=13%, list=1%, signal=13%","1813/9607",0.380730400722792
"GO:0098719","sodium ion import across plasma membrane",26,-0.808884132418877,-1.62484412898505,0.00201568668613788,0.0500828818947275,0.0226472828439776,626,"tags=23%, list=4%, signal=22%","27347/6549/23327/348980/10479/84679",0.431707695803346
"GO:0001913","T cell mediated cytotoxicity",39,0.68136265137363,1.62338863254266,0.00388118138829787,0.0727496589768323,0.0328971105759129,2024,"tags=31%, list=14%, signal=27%","1075/3071/2013/1512/3122/80328/5788/3133/80329/3593/5551/911",0.431707695803346
"GO:0010965","regulation of mitotic sister chromatid separation",60,-0.706469164037579,-1.62195357776012,0.000832989157360479,0.0286516404060962,0.0129561594635214,1309,"tags=15%, list=9%, signal=14%","324/1780/286053/83658/51451/5347/8881/891/51143",0.477270815362862
"GO:0032042","mitochondrial DNA metabolic process",13,-0.910701989125927,-1.62164804690498,0.000696914043578161,0.0269628904358916,0.0121925133477013,758,"tags=31%, list=5%, signal=29%","6240/50484/5428/142",0.477270815362862
"GO:1901524","regulation of mitophagy",40,-0.743999770186562,-1.62162134431742,0.00247017974968787,0.0543807323229176,0.0245907539579787,2302,"tags=50%, list=16%, signal=42%","11140/8454/54543/9978/10059/23770/26235/25793/79594/6721/3064/6500/27429/1459/55294/291/7319/2931/10273/65018",0.431707695803346
"GO:0010842","retina layer formation",19,0.793522297620105,1.62132166754221,0.00916716363143387,0.104502854581219,0.0472557811405233,1382,"tags=37%, list=10%, signal=33%","121643/84465/28996/7021/204851/7020/10210",0.380730400722792
"GO:0042407","cristae formation",13,-0.909702373560483,-1.61986807425891,0.000724977283162993,0.0276788074937676,0.0125162482345361,1111,"tags=62%, list=8%, signal=57%","4976/139322/55735/10989/79135/54927/25813/65018",0.477270815362862
"GO:0001562","response to protozoan",16,0.81890790410012,1.61769414098185,0.00681579480647854,0.0935314165612918,0.0422945398811897,1102,"tags=31%, list=8%, signal=29%","388646/64581/4615/4818/115361",0.407017918923954
"GO:0042832","defense response to protozoan",16,0.81890790410012,1.61769414098185,0.00681579480647854,0.0935314165612918,0.0422945398811897,1102,"tags=31%, list=8%, signal=29%","388646/64581/4615/4818/115361",0.407017918923954
"GO:0051145","smooth muscle cell differentiation",41,0.672027626257259,1.61748311777388,0.0048815052591866,0.0790467196453113,0.0357446167227136,2596,"tags=41%, list=18%, signal=34%","187/23411/9444/79652/2022/1909/4775/4204/3815/6722/6604/4851/7422/4853/30008/1910/4773",0.407017918923954
"GO:0035994","response to muscle stretch",18,0.79632150017993,1.61628196313478,0.0129983606318672,0.128174872968832,0.0579601750497833,622,"tags=22%, list=4%, signal=21%","2934/1906/5747/4921",0.380730400722792
"GO:0043542","endothelial cell migration",196,0.535702048144529,1.61622251690358,6.7519855289062e-05,0.00641631381287841,0.00290143195116884,2213,"tags=34%, list=15%, signal=29%","1500/301/493/1906/56999/6672/3397/5829/2191/6781/1003/9839/4627/7057/2013/5747/10014/23411/3791/4846/6776/2335/2896/8828/3689/889/10755/23129/51564/7049/9314/25/154796/4233/4204/6868/348/1942/1907/7026/6667/54345/6280/54453/2549/6722/57175/306/5294/5606/26585/9564/1634/3728/4851/7422/7040/3273/84913/10769/2303/2752/796/27286/9037/5578",0.538434096309916
"GO:0002765","immune response-inhibiting signal transduction",23,0.761109352469626,1.61557964696466,0.00768853194327632,0.0989187561797962,0.0447306737357329,1450,"tags=17%, list=10%, signal=16%","11027/353514/51206/4067",0.407017918923954
"GO:0051306","mitotic sister chromatid separation",62,-0.70427902699001,-1.61534080913397,0.00142408555585248,0.0410276427624738,0.0185525392092349,1309,"tags=15%, list=9%, signal=13%","324/1780/286053/83658/51451/5347/8881/891/51143",0.45505986738723
"GO:0071260","cellular response to mechanical stimulus",68,0.612413734122391,1.61452459767478,0.00540504677902,0.0843259125391293,0.0381318470523404,2173,"tags=40%, list=15%, signal=34%","358/7132/5175/3673/4055/2729/50848/1265/4615/6513/6662/3759/10746/4099/51311/3553/9994/51284/841/2549/7098/5138/7100/7040/7099/578/477",0.407017918923954
"GO:0001841","neural tube formation",32,0.707811928582259,1.61443860289098,0.00757310534053171,0.0983912598064385,0.0444921419437383,2413,"tags=44%, list=17%, signal=37%","9620/6497/54910/221074/10522/23242/4036/79977/7189/7040/5076/6491/653/25902",0.407017918923954
"GO:1903859","regulation of dendrite extension",21,-0.823716747201392,-1.61404177665656,0.00235660535357176,0.053461926281995,0.024175273468432,1158,"tags=38%, list=8%, signal=35%","9373/9962/79594/84258/23327/22999/151835/9362",0.431707695803346
"GO:0038094","Fc-gamma receptor signaling pathway",30,0.717424817857979,1.61355441763817,0.00508468931069296,0.0814938600785466,0.0368512040326632,1450,"tags=37%, list=10%, signal=33%","2212/2207/5747/2214/3055/5580/25/4843/55198/2534/4067",0.407017918923954
"GO:0006925","inflammatory cell apoptotic process",15,0.809651205256448,1.61276397164397,0.0166325023813069,0.147928468148896,0.0668926733466805,319,"tags=13%, list=2%, signal=13%","301/23411",0.352487857583619
"GO:0045639","positive regulation of myeloid cell differentiation",78,0.590632906025551,1.61132599070787,0.00332555177525899,0.066232119348122,0.0299499047076784,2245,"tags=33%, list=15%, signal=28%","2124/7305/22985/3071/85477/54209/677/972/23603/8788/920/3624/3605/1230/841/1435/133522/3059/3593/3202/7189/7040/2752/796/5578/4853",0.431707695803346
"GO:0060688","regulation of morphogenesis of a branching structure",35,0.686016756912137,1.61084889027027,0.011982240557905,0.123493085463988,0.0558430890949362,2541,"tags=34%, list=18%, signal=28%","1500/23213/55366/6662/25/30812/26585/7422/7040/3975/4192/55727",0.380730400722792
"GO:0032757","positive regulation of interleukin-8 production",58,0.635755952201589,1.61077431627511,0.00277170706360096,0.0591633471394095,0.0267534336278619,2149,"tags=34%, list=15%, signal=29%","1116/64581/11027/965/972/4615/5970/929/51311/4843/3553/51284/51744/7098/54106/7100/7099/8692/796/6850",0.431707695803346
"GO:0006413","translational initiation",107,-0.653985765218663,-1.60806767911693,0.000390183147116457,0.0183230005885888,0.00828558903124592,3183,"tags=51%, list=22%, signal=40%","28969/8661/8893/7884/1967/1654/3087/1981/9470/6193/8664/8666/27102/1982/6198/51247/5936/5499/219402/440275/5317/8665/6059/8440/10987/10988/8890/84285/9689/27335/9086/8891/10657/10289/1973/51386/4686/2332/7812/10480/51441/23367/1653/8892/6451/123263/127933/26058/1974/253943/8669/8672/10492/1983/5610",0.49849310876659
"GO:0009165","nucleotide biosynthetic process",163,-0.623839466098294,-1.60793256336724,0.000139926104465274,0.00925483079674544,0.00418499820293117,2606,"tags=33%, list=18%, signal=27%","1633/6391/4696/1716/84277/1635/4698/4715/203/5636/4723/8833/374291/4719/6389/5471/6390/126328/2977/6774/55967/4712/4695/6470/4714/4722/4704/4882/4720/7084/4711/51727/55022/6240/51422/50484/7415/4700/4199/1353/4725/4716/3614/4718/10165/30968/55312/7371/4724/3251/65018/8382/142",0.518848077743792
"GO:0050867","positive regulation of cell activation",296,0.517960337307395,1.60773921090511,1.54202349731156e-06,0.000658303849397736,0.00029768241983214,2049,"tags=26%, list=14%, signal=23%","8477/301/7305/64581/11027/353514/3566/865/3071/7057/3606/7048/8660/54209/3115/64332/2316/9173/972/2214/3635/7704/10892/3122/567/4921/23308/30011/6688/5896/81704/57178/25/9580/10666/920/6347/55012/11126/7293/6602/3109/4602/2815/5788/3553/2534/1880/3133/9655/140885/3481/8289/3111/558/6929/1050/4067/975/55193/2033/6863/3108/6195/54106/3586/3593/7494/8651/6604/2736/7525/7297/10148/79155/7189/7040/7099",0.643551836150722
"GO:0000281","mitotic cytokinesis",96,-0.659222628423724,-1.60525499277531,0.000683170504344535,0.0269628904358916,0.0121925133477013,2105,"tags=34%, list=15%, signal=30%","51429/29127/11021/6242/9978/55770/65125/382/55763/10617/84936/9110/8766/324/22891/9101/288/10015/23265/403/60412/54902/9475/5921/4628/79884/11336/27243/27183/1642/5347/26586/55521",0.477270815362862
"GO:0002767","immune response-inhibiting cell surface receptor signaling pathway",22,0.768340946790608,1.60485596998055,0.00783185161374366,0.0992509158109943,0.0448808750187363,1450,"tags=18%, list=10%, signal=16%","11027/353514/51206/4067",0.380730400722792
"GO:0002183","cytoplasmic translational initiation",41,-0.726329453051271,-1.60455879083977,0.0048102649615042,0.0790467196453113,0.0357446167227136,3143,"tags=61%, list=22%, signal=48%","8661/8893/7884/1967/3087/1981/8664/8666/5936/5317/8665/8890/27335/8891/1973/51386/4686/10480/51441/8892/6451/1974/8669/10492/1983",0.407017918923954
"GO:0071496","cellular response to external stimulus",69,0.612299247748286,1.60445593767481,0.00244800281990591,0.0543807323229176,0.0245907539579787,2173,"tags=39%, list=15%, signal=33%","358/7132/5175/3673/4055/2729/50848/1265/4615/6513/6662/3759/10746/4099/51311/3553/9994/51284/841/2549/7098/5138/7100/7040/7099/578/477",0.431707695803346
"GO:0022904","respiratory electron transport chain",81,-0.676463845329027,-1.60413833553301,0.00061363353367036,0.0253897267591024,0.0114811349006103,2596,"tags=49%, list=18%, signal=41%","27089/6391/27069/4696/1716/9377/4698/4715/7384/4723/374291/4719/55572/6389/6390/126328/7385/55967/4712/1329/4695/4714/1347/4722/1537/4704/54902/4720/4711/3052/4700/11315/1351/7381/4725/4716/4718/4724/65018/891",0.477270815362862
"GO:0018149","peptide cross-linking",17,0.80844381336679,1.60412646165914,0.0113918845272893,0.121022315246017,0.054725816488969,1380,"tags=35%, list=10%, signal=32%","7052/301/1281/2162/7053/1832",0.380730400722792
"GO:0030852","regulation of granulocyte differentiation",14,0.828169577749531,1.60400868313851,0.00811673523760341,0.0992609080098584,0.0448853934518885,505,"tags=21%, list=3%, signal=21%","2124/714/3635",0.380730400722792
"GO:0045621","positive regulation of lymphocyte differentiation",105,0.572164198142696,1.60383486026522,0.00144473112759693,0.0413686425316781,0.0187067379679871,2322,"tags=31%, list=16%, signal=27%","8477/301/865/3071/3606/7048/64332/3635/7704/10892/3122/6688/5896/57178/9580/55012/6602/9655/8289/558/55193/2033/3586/3593/7494/8651/6604/2736/7040/6850/3574/6659/7535",0.45505986738723
"GO:0050830","defense response to Gram-positive bacterium",80,0.590253562719735,1.6030136554225,0.00212497630817622,0.0517040867523083,0.0233803853246783,2794,"tags=30%, list=19%, signal=24%","388646/837/3606/171389/57817/4069/4615/567/115361/3605/6868/3553/3133/6863/57115/6700/796/245939/5919/6039/1672/4153/84868/3570",0.431707695803346
"GO:0030324","lung development",60,0.615822526756518,1.60115734940712,0.00481567180947272,0.0790467196453113,0.0357446167227136,1987,"tags=25%, list=14%, signal=22%","9620/2034/1116/3675/1512/84695/3488/1281/7043/1050/7534/7547/79977/2736/7422",0.407017918923954
"GO:0006801","superoxide metabolic process",63,0.618011449647605,1.60080607742229,0.00422750218909983,0.0746328957895218,0.0337487028794233,2347,"tags=37%, list=16%, signal=31%","1906/7305/64581/4137/1536/3684/4846/57580/5580/3689/1728/4843/2771/79400/2643/683/7040/10516/9644/6850/4151/4780/1535",0.407017918923954
"GO:0006119","oxidative phosphorylation",85,-0.668787314090285,-1.6005430782021,0.000639469286359936,0.025708492023423,0.011625279303424,2596,"tags=51%, list=18%, signal=42%","27089/6391/27069/4696/1716/84277/9377/4698/4715/7384/4723/26471/374291/4719/6389/6390/126328/7385/55967/4712/1329/4695/538/4714/1347/4722/1537/4704/4720/10105/4711/7415/4700/11315/1351/7381/4725/4716/4718/30968/4724/65018/891",0.477270815362862
"GO:0150146","cell junction disassembly",37,0.694338166190631,1.6002299750924,0.00632166331757705,0.0897701407737522,0.0405937057160619,1252,"tags=30%, list=9%, signal=27%","718/713/714/712/3684/54209/10298/58480/9448/3553/7043",0.407017918923954
"GO:0032816","positive regulation of natural killer cell activation",15,0.803213162735508,1.59993987781409,0.0185393890222961,0.1585810033674,0.0717097080094619,1817,"tags=40%, list=13%, signal=35%","7305/3606/2214/3133/558/3593",0.352487857583619
"GO:0071385","cellular response to glucocorticoid stimulus",39,0.671246922154472,1.5992872824156,0.00468845137887979,0.0789579443246111,0.0357044728707346,388,"tags=18%, list=3%, signal=18%","358/301/1906/11170/6781/678/677",0.407017918923954
"GO:1903054","negative regulation of extracellular matrix organization",13,0.839838150557299,1.59847369662599,0.014302938708015,0.135416532606529,0.0612348251471855,2014,"tags=54%, list=14%, signal=46%","7132/2191/54857/7049/8434/4851/7040",0.380730400722792
"GO:0060541","respiratory system development",72,0.614912480392343,1.59807552223234,0.00111874379374773,0.0350241390362623,0.0158377783608442,1987,"tags=24%, list=14%, signal=20%","9620/2034/1116/3675/1512/84695/3488/6497/1281/23347/7043/1050/7534/7547/79977/2736/7422",0.45505986738723
"GO:0046390","ribose phosphate biosynthetic process",129,-0.637546788482918,-1.59719556818697,0.000300160794762567,0.0153212510022284,0.00692820963658586,1988,"tags=28%, list=14%, signal=24%","374291/4719/6389/5471/6390/126328/2977/6774/55967/4712/4695/4714/4722/4704/4882/4720/4711/51727/55022/51422/7415/4700/1353/4725/4716/3614/4718/10165/30968/55312/7371/4724/3251/65018/8382/142",0.49849310876659
"GO:0015669","gas transport",15,0.801753731721617,1.59703280160272,0.0189631419250756,0.161032395081654,0.0728182177320212,1424,"tags=20%, list=10%, signal=18%","358/3043/3045",0.352487857583619
"GO:0051438","regulation of ubiquitin-protein transferase activity",16,0.808401810947005,1.59694010349692,0.00903485180108503,0.104246055984166,0.0471396578217093,926,"tags=25%, list=6%, signal=23%","51343/8555/151636/25",0.380730400722792
"GO:0002275","myeloid cell activation involved in immune response",76,0.606533258942024,1.59657086212638,0.00174215689375763,0.0464492032569343,0.0210041476097233,1693,"tags=33%, list=12%, signal=29%","7305/140/11027/2207/8832/5336/1773/3684/54209/8773/2896/3689/6688/5169/9846/3553/8673/3554/4067/6844/3815/6863/306/5294/5730",0.45505986738723
"GO:0072273","metanephric nephron morphogenesis",19,0.780600182198517,1.59491925164748,0.0146148496005887,0.136715804231802,0.0618223506823685,2490,"tags=42%, list=17%, signal=35%","5311/55366/6662/30812/6299/26585/5076/3975",0.380730400722792
"GO:0150105","protein localization to cell-cell junction",24,0.733949804997655,1.59473767907941,0.0115882610092264,0.121469807364569,0.0549281706705955,924,"tags=33%, list=6%, signal=31%","1500/5175/1003/7414/2316/50848/220296/9414",0.380730400722792
"GO:0071219","cellular response to molecule of bacterial origin",183,0.532194841171556,1.59473194447481,0.000243189524948319,0.0135954524899679,0.00614781031529612,2346,"tags=28%, list=16%, signal=24%","7132/11027/1051/4064/5336/3606/10014/54209/64332/19/3055/4615/10892/567/9450/671/6688/7538/5970/929/6347/7431/23729/8140/3553/140885/558/11093/4067/7855/5606/26191/54106/3586/7494/84639/10062/4057/3656/79155/7189/79931/7099/90070/3663/5578/2672/3627/4317/1524/22900",0.518848077743792
"GO:0035886","vascular associated smooth muscle cell differentiation",21,0.761896279888438,1.59461692329987,0.0116835115882793,0.122145307672157,0.0552336292614029,2596,"tags=48%, list=18%, signal=39%","187/9444/2022/1909/4775/3815/4851/7422/30008/4773",0.380730400722792
"GO:0009268","response to pH",37,0.691648178144468,1.59403040301972,0.00682437361658661,0.0935314165612918,0.0422945398811897,1127,"tags=19%, list=8%, signal=17%","8477/1520/6340/1186/6750/342372/84329",0.407017918923954
"GO:0032703","negative regulation of interleukin-2 production",23,0.750711809514348,1.59350915377931,0.0104945223296093,0.115415168290036,0.0521902866181687,1193,"tags=35%, list=8%, signal=32%","11326/947/7805/9455/51564/7538/89795/5788",0.380730400722792
"GO:0048048","embryonic eye morphogenesis",24,0.733288370790491,1.59330050443176,0.011704724968584,0.122145307672157,0.0552336292614029,1587,"tags=25%, list=11%, signal=22%","84467/2202/28996/204851/7020/7855",0.380730400722792
"GO:1902101","positive regulation of metaphase/anaphase transition of cell cycle",15,-0.861085149561681,-1.59328064020976,0.00734137276252274,0.0970100290011238,0.0438675547886595,658,"tags=20%, list=5%, signal=19%","286053/5347/8881",0.407017918923954
"GO:0001867","complement activation, lectin pathway",14,0.822078639761655,1.59221168203692,0.0088692696922197,0.104246055984166,0.0471396578217093,979,"tags=21%, list=7%, signal=20%","718/2/10584",0.380730400722792
"GO:0003044","regulation of systemic arterial blood pressure mediated by a chemical signal",47,0.641362298576242,1.59211533719428,0.0043387456448992,0.0751835776695449,0.0339977190666337,1777,"tags=23%, list=12%, signal=21%","1906/9607/5125/4846/6518/7168/1908/5021/1907/1359/5972",0.407017918923954
"GO:0032637","interleukin-8 production",74,0.595241544587253,1.59179977114068,0.00248974817917958,0.0543807323229176,0.0245907539579787,2149,"tags=35%, list=15%, signal=30%","301/1116/64581/11027/965/972/4615/671/9314/5970/929/51311/4843/5788/3553/51284/51744/26191/7098/54106/3586/7100/7099/8692/796/6850",0.431707695803346
"GO:0032677","regulation of interleukin-8 production",74,0.595241544587253,1.59179977114068,0.00248974817917958,0.0543807323229176,0.0245907539579787,2149,"tags=35%, list=15%, signal=30%","301/1116/64581/11027/965/972/4615/671/9314/5970/929/51311/4843/5788/3553/51284/51744/26191/7098/54106/3586/7100/7099/8692/796/6850",0.431707695803346
"GO:0035590","purinergic nucleotide receptor signaling pathway",27,0.723479359258923,1.59140287225592,0.0103127324161517,0.11447212047837,0.051763844094931,1456,"tags=26%, list=10%, signal=23%","140/2857/5027/64805/22953/2771/9934",0.380730400722792
"GO:0014020","primary neural tube formation",31,0.699758023794129,1.5901425042534,0.00985733023795356,0.110477381378114,0.0499574387350808,2413,"tags=42%, list=17%, signal=35%","9620/6497/54910/10522/23242/4036/79977/7189/7040/5076/6491/653/25902",0.380730400722792
"GO:0090266","regulation of mitotic cell cycle spindle assembly checkpoint",27,-0.775008607485922,-1.58683054814585,0.00729752880354184,0.0970100290011238,0.0438675547886595,898,"tags=19%, list=6%, signal=17%","1780/83658/51451/891/51143",0.407017918923954
"GO:1903504","regulation of mitotic spindle checkpoint",27,-0.775008607485922,-1.58683054814585,0.00729752880354184,0.0970100290011238,0.0438675547886595,898,"tags=19%, list=6%, signal=17%","1780/83658/51451/891/51143",0.407017918923954
"GO:0032892","positive regulation of organic acid transport",30,0.705459522231168,1.58664336697974,0.00726088262400748,0.0970100290011238,0.0438675547886595,1213,"tags=20%, list=8%, signal=18%","1906/51703/8529/2180/8140/3553",0.407017918923954
"GO:0031643","positive regulation of myelination",16,0.803046151874557,1.58636038108953,0.00966886949858971,0.108884918861816,0.0492373334284244,959,"tags=31%, list=7%, signal=29%","3687/9444/6663/11076/4099",0.380730400722792
"GO:0090158","endoplasmic reticulum membrane organization",15,-0.856419764448569,-1.58464819801327,0.00791155920426101,0.0992509158109943,0.0448808750187363,1696,"tags=60%, list=12%, signal=53%","80124/53407/662/25923/51062/10162/6252/10313/7905",0.380730400722792
"GO:0098801","regulation of renal system process",18,0.780598173494447,1.58436855967088,0.020818372627616,0.170022744103104,0.0768836183130586,268,"tags=11%, list=2%, signal=11%","6781/2013",0.352487857583619
"GO:0002526","acute inflammatory response",85,0.585932494017666,1.58346860560207,0.00115127589884342,0.0353358929475079,0.0159787522572852,575,"tags=12%, list=4%, signal=11%","12/2212/9180/1051/1773/9332/171389/2335/2214/3818",0.45505986738723
"GO:0033003","regulation of mast cell activation",15,0.794909122164776,1.58339885698364,0.0231759532410624,0.181498508238561,0.0820729138646355,1450,"tags=27%, list=10%, signal=24%","8832/10666/5169/4067",0.352487857583619
"GO:0071222","cellular response to lipopolysaccharide",176,0.525039107410819,1.58291245335783,0.000269010356010016,0.0143553708161708,0.00649144240316228,2346,"tags=27%, list=16%, signal=23%","7132/11027/1051/4064/5336/3606/10014/64332/19/3055/4615/10892/567/9450/671/6688/7538/5970/929/6347/7431/23729/8140/3553/140885/558/11093/4067/5606/26191/54106/3586/7494/84639/10062/4057/3656/79155/7189/79931/7099/90070/5578/2672/3627/4317/1524/22900",0.49849310876659
"GO:0007031","peroxisome organization",32,-0.75434665692863,-1.58194080403543,0.00977975075042278,0.109870118478434,0.0496828368326059,1879,"tags=38%, list=13%, signal=33%","5189/10059/5195/56947/4976/4591/51555/10005/5192/8239/8799/225",0.380730400722792
"GO:0002699","positive regulation of immune effector process",196,0.524332435457158,1.58192019512331,0.000128880418387282,0.00864603492495254,0.00390970309647701,1843,"tags=26%, list=13%, signal=23%","718/301/7305/140/64581/5336/3606/3684/23411/54209/64332/972/7805/55601/10892/3122/567/5199/3689/6688/10666/10584/91543/9846/8140/11126/7293/80328/4843/3605/3109/5788/3553/3133/9655/8673/4189/80329/3554/975/3815/51744/7855/2033/6863/924/54106/3586/354/3593/7494",0.518848077743792
"GO:0045842","positive regulation of mitotic metaphase/anaphase transition",14,-0.871916466804302,-1.58121447060249,0.00233041862705116,0.053461926281995,0.024175273468432,658,"tags=21%, list=5%, signal=20%","286053/5347/8881",0.431707695803346
"GO:0002548","monocyte chemotaxis",44,0.651959537479278,1.57834436230093,0.0112645068150613,0.120496865611681,0.0544882102243358,2330,"tags=30%, list=16%, signal=25%","301/2321/10344/6354/6347/1230/57402/4067/6368/26585/796/3627/1524",0.380730400722792
"GO:0050900","leukocyte migration",301,0.49996842379358,1.57768530941634,5.57983423006709e-06,0.00174686010295967,0.000789923290032405,2354,"tags=30%, list=16%, signal=25%","718/301/1906/2321/5175/947/2059/3673/3071/6402/23765/719/4627/7057/2013/5747/6404/3384/1436/9518/240/10344/10894/54209/3675/972/50848/3055/64805/1908/3689/6354/6688/58191/57509/81704/23603/11240/25/920/6347/347/9420/3605/2650/6868/2534/1880/140885/23143/1230/57402/1907/1435/4067/6280/975/9023/3815/5294/6368/1240/26585/3676/683/928/7852/3586/6355/83700/10164/7525/7422/2660/7040/728/969/796/6850/653/6364/9466/6093/6373/3627/7535/1524/5919/1235",0.610526878385931
"GO:0033490","cholesterol biosynthetic process via lathosterol",16,-0.841703536138268,-1.57708398830513,0.00486676448616464,0.0790467196453113,0.0357446167227136,911,"tags=38%, list=6%, signal=35%","3157/6713/3156/3422/64801/2222",0.407017918923954
"GO:0031297","replication fork processing",47,-0.703933297540236,-1.57704469534408,0.00548127302625599,0.0850795953798223,0.0384726594781051,2557,"tags=38%, list=18%, signal=32%","8451/64710/8450/54962/8655/29980/10111/9978/4683/25842/22891/1025/5889/6596/84083/1642/142/545",0.407017918923954
"GO:0008347","glial cell migration",32,0.691323277164453,1.57682986208911,0.0123800895149517,0.126375181478373,0.057146361613448,1908,"tags=44%, list=13%, signal=38%","54209/27185/79143/23224/1462/64805/57178/1281/6347/1880/1435/928/3912/482",0.380730400722792
"GO:0032309","icosanoid secretion",34,0.683104710731943,1.5762207245235,0.0129989901542071,0.128174872968832,0.0579601750497833,1361,"tags=18%, list=9%, signal=16%","1906/1813/8529/4843/3553/10257",0.380730400722792
"GO:0071605","monocyte chemotactic protein-1 production",14,0.813746218503978,1.57607334949251,0.0115474900129185,0.121469807364569,0.0549281706705955,2149,"tags=57%, list=15%, signal=49%","64581/114899/4938/347/3553/9655/4940/6850",0.380730400722792
"GO:0071637","regulation of monocyte chemotactic protein-1 production",14,0.813746218503978,1.57607334949251,0.0115474900129185,0.121469807364569,0.0549281706705955,2149,"tags=57%, list=15%, signal=49%","64581/114899/4938/347/3553/9655/4940/6850",0.380730400722792
"GO:0060041","retina development in camera-type eye",91,0.57051048792488,1.57564792426001,0.00294061088488764,0.0613738165130326,0.0277529992125186,2675,"tags=32%, list=18%, signal=26%","493/121643/2353/84465/28996/7021/5080/6497/10083/204851/22882/6662/1745/7020/30812/5158/10210/6604/1826/8322/49855/5076/4041/8864/5950/3975/1545/130557/54567",0.431707695803346
"GO:0071357","cellular response to type I interferon",104,-0.635490272358371,-1.57497165306239,0.00194731103747445,0.0491643689891398,0.0222319349090801,1266,"tags=25%, list=9%, signal=23%","10010/10213/51441/79594/29110/5707/81030/29883/64343/5709/26058/9861/253943/5704/3093/5690/3716/5688/5691/5713/5684/5683/5693/5682/5708/5702",0.45505986738723
"GO:0006903","vesicle targeting",51,-0.685326775079378,-1.57457735121207,0.00747781537274905,0.0975439471956376,0.0441089905030043,1803,"tags=41%, list=12%, signal=36%","55770/10342/55763/55773/83930/10959/84364/56681/58485/27095/23122/23265/60412/553115/11336/8729/10113/51399/10652/59349/23332",0.407017918923954
"GO:0061640","cytoskeleton-dependent cytokinesis",105,-0.642922382773999,-1.57378394076134,0.000998761511302802,0.0323024180380617,0.0146070267959042,2105,"tags=32%, list=15%, signal=28%","51429/29127/11021/6242/9978/55770/65125/382/55763/10617/56776/84936/9110/8766/324/22891/9101/288/10015/23265/403/60412/54902/9475/5921/4628/79884/11336/27243/27183/1642/5347/26586/55521",0.45505986738723
"GO:0050911","detection of chemical stimulus involved in sensory perception of smell",274,0.501916212377073,1.57375604446681,1.80102912703244e-05,0.00352401365856013,0.00159354516058417,4914,"tags=43%, list=34%, signal=29%","127064/26248/26664/390201/390151/390326/219865/79345/120796/390648/390264/26659/81797/79544/26246/219477/119687/338675/138803/120586/196335/26339/283189/390063/4995/387748/79339/390072/219428/401666/344561/219960/26189/390054/391109/442184/219957/26737/390882/390038/390168/4993/120065/390445/81318/8390/26211/390154/390265/390113/390181/219875/26494/391112/219482/7932/8383/390155/219432/128367/26338/81469/390195/390275/338662/390883/346517/119695/219874/120787/81328/135924/26493/138882/390058/143502/219858/347169/284532/390892/391191/390157/138805/219429/219493/286365/26476/26686/4994/390433/143503/219952/127385/81442/390036/8590/128372/122740/441932/343406/4991/120066/390078/135946/390059/121275/392138/343169/390079/81448/81470/81309/119772/81327/135948/390082/135941/125963",0.575610261071129
"GO:0071312","cellular response to alkaloid",28,0.703364358267227,1.5735368885645,0.0167359152576184,0.148286524622219,0.0670545850801647,608,"tags=14%, list=4%, signal=14%","7052/6507/1393/779",0.352487857583619
"GO:0019646","aerobic electron transport chain",62,-0.685993361047485,-1.57340063870835,0.00330657505986246,0.066232119348122,0.0299499047076784,2596,"tags=53%, list=18%, signal=44%","27089/6391/4696/9377/4698/4715/7384/4723/374291/4719/6389/6390/126328/7385/4712/1329/4695/4714/1347/4722/1537/4704/4720/4711/4700/11315/1351/7381/4725/4716/4718/4724/65018",0.431707695803346
"GO:0042756","drinking behavior",15,0.789793880620571,1.57320968266364,0.0273516963324987,0.196037541476073,0.0886474076946838,193,"tags=20%, list=1%, signal=20%","1813/9607/5179",0.352487857583619
"GO:0002507","tolerance induction",22,0.753046071562183,1.57290912148448,0.0119324063466825,0.123427460190489,0.0558134136035424,1484,"tags=23%, list=10%, signal=20%","7048/7704/3133/4067/63976",0.380730400722792
"GO:0033046","negative regulation of sister chromatid segregation",51,-0.684326610746012,-1.57227941661492,0.007989106937086,0.0992509158109943,0.0448808750187363,1309,"tags=14%, list=9%, signal=13%","324/1780/83658/51451/5347/891/51143",0.380730400722792
"GO:0033048","negative regulation of mitotic sister chromatid segregation",51,-0.684326610746012,-1.57227941661492,0.007989106937086,0.0992509158109943,0.0448808750187363,1309,"tags=14%, list=9%, signal=13%","324/1780/83658/51451/5347/891/51143",0.380730400722792
"GO:0045841","negative regulation of mitotic metaphase/anaphase transition",51,-0.684326610746012,-1.57227941661492,0.007989106937086,0.0992509158109943,0.0448808750187363,1309,"tags=14%, list=9%, signal=13%","324/1780/83658/51451/5347/891/51143",0.380730400722792
"GO:2000816","negative regulation of mitotic sister chromatid separation",51,-0.684326610746012,-1.57227941661492,0.007989106937086,0.0992509158109943,0.0448808750187363,1309,"tags=14%, list=9%, signal=13%","324/1780/83658/51451/5347/891/51143",0.380730400722792
"GO:0002031","G protein-coupled receptor internalization",13,0.825917682403644,1.57197870806948,0.0214005260522713,0.173270466105976,0.0783522254701356,207,"tags=15%, list=1%, signal=15%","1813/187",0.352487857583619
"GO:0001763","morphogenesis of a branching structure",85,0.581422612325809,1.57128075777498,0.00149557384012244,0.0421820898660076,0.0190745756634689,1093,"tags=18%, list=8%, signal=16%","9620/1500/1813/5311/23213/7048/3791/1512/55366/2022/6662/25/1909/30812/4233",0.45505986738723
"GO:0001843","neural tube closure",29,0.703091172657731,1.56872644926683,0.00807858825162237,0.0992609080098584,0.0448853934518885,2413,"tags=41%, list=17%, signal=35%","9620/6497/54910/10522/23242/4036/79977/7189/7040/5076/6491/25902",0.380730400722792
"GO:0060606","tube closure",29,0.703091172657731,1.56872644926683,0.00807858825162237,0.0992609080098584,0.0448853934518885,2413,"tags=41%, list=17%, signal=35%","9620/6497/54910/10522/23242/4036/79977/7189/7040/5076/6491/25902",0.380730400722792
"GO:0050729","positive regulation of inflammatory response",144,0.536157230844344,1.56866208314032,0.000734446954158201,0.0277998614818495,0.0125709883733573,2346,"tags=31%, list=16%, signal=26%","7132/837/6622/9180/353514/1051/5336/23765/3606/55527/54209/171389/64332/4792/9173/2896/6354/4818/920/4023/3553/3133/8673/51284/1230/1050/3554/6280/975/6863/7098/54106/3593/5138/63940/84699/7040/7099/8692/9111/6359/3949/4317/22900",0.477270815362862
"GO:0007051","spindle organization",146,-0.613649571256432,-1.5682271186743,0.00100429153184775,0.0323024180380617,0.0146070267959042,1491,"tags=22%, list=10%, signal=20%","1213/8766/56647/23122/4134/6867/5728/8841/10726/10844/79884/10982/7283/2009/27243/27175/7415/1642/22924/9793/5347/114791/10540/4733/7430/8658/10671/5901/6790/23332/891/55521",0.45505986738723
"GO:0009152","purine ribonucleotide biosynthetic process",109,-0.633249356010621,-1.56768069265285,0.00231943502050238,0.053461926281995,0.024175273468432,1988,"tags=30%, list=14%, signal=26%","374291/4719/6389/5471/6390/126328/2977/6774/55967/4712/4695/4714/4722/4704/4882/4720/4711/55022/51422/7415/4700/1353/4725/4716/3614/4718/10165/30968/4724/3251/65018/8382/142",0.431707695803346
"GO:0002209","behavioral defense response",19,0.767265862385106,1.56767462134502,0.0185274141835939,0.1585810033674,0.0717097080094619,3099,"tags=58%, list=21%, signal=46%","5179/5896/10522/348/2033/477/7349/3350/4192/2048/4208",0.352487857583619
"GO:0009651","response to salt stress",17,0.79005733646732,1.56764373565707,0.018575799088398,0.158603550034759,0.0717199035240477,1097,"tags=24%, list=8%, signal=22%","358/677/80303/79085",0.352487857583619
"GO:0050919","negative chemotaxis",42,-0.71665143683933,-1.56596284672597,0.00548959058775259,0.0850795953798223,0.0384726594781051,1118,"tags=24%, list=8%, signal=22%","8482/6091/6586/57556/23767/10505/1946/9353/10371/3084",0.407017918923954
"GO:0043010","camera-type eye development",188,0.52234962028081,1.56542002410522,0.000102214454565012,0.00786883735470975,0.00355825740219891,1056,"tags=13%, list=7%, signal=12%","493/2321/1813/121643/9839/10253/84467/2202/2353/84465/28996/7021/5080/6497/10083/10252/204851/22882/6662/1745/7020/30812/3624/5158",0.538434096309916
"GO:0071732","cellular response to nitric oxide",13,0.82228931687995,1.56507279786819,0.0239501040190551,0.183474206318895,0.0829663167908826,329,"tags=15%, list=2%, signal=15%","358/1017",0.352487857583619
"GO:1902170","cellular response to reactive nitrogen species",13,0.82228931687995,1.56507279786819,0.0239501040190551,0.183474206318895,0.0829663167908826,329,"tags=15%, list=2%, signal=15%","358/1017",0.352487857583619
"GO:0030277","maintenance of gastrointestinal epithelium",21,0.747734220279151,1.5649763271743,0.0180164780540837,0.155811014626109,0.0704571299603289,2049,"tags=29%, list=14%, signal=25%","12/6662/3605/54106/56667/7099",0.352487857583619
"GO:0034340","response to type I interferon",109,-0.63180814229268,-1.56411280442974,0.00243762123280194,0.0543807323229176,0.0245907539579787,1266,"tags=25%, list=9%, signal=23%","10010/10213/51441/79594/29110/5707/81030/29883/64343/5709/26058/6609/9861/253943/5704/3093/5690/3716/5688/5691/5713/5684/5683/5693/5682/5708/5702",0.431707695803346
"GO:0045623","negative regulation of T-helper cell differentiation",16,0.791349695191546,1.56325486537571,0.0117668524222493,0.122250307466555,0.0552811097567801,1273,"tags=31%, list=9%, signal=29%","301/6776/84695/3718/9655",0.380730400722792
"GO:0042730","fibrinolysis",26,0.710158821836744,1.56321506814237,0.0219332174506744,0.175765169195165,0.0794803204266396,2652,"tags=35%, list=18%, signal=28%","2191/7057/3818/5329/2160/1361/3273/2266/350",0.352487857583619
"GO:0009111","vitamin catabolic process",16,0.791205541592902,1.56297010022598,0.0117668524222493,0.122250307466555,0.0552811097567801,2196,"tags=38%, list=15%, signal=32%","57834/8529/8074/1591/1592/11283",0.380730400722792
"GO:0099188","postsynaptic cytoskeleton organization",18,-0.821459984504317,-1.5625904480416,0.00806757440321439,0.0992609080098584,0.0448853934518885,1052,"tags=44%, list=7%, signal=41%","5881/28988/4628/6456/55740/4744/7430/9362",0.380730400722792
"GO:0042113","B cell activation",214,0.511474271927233,1.56240370534955,0.000124061507039745,0.00844337445012523,0.00381806082428596,2248,"tags=25%, list=16%, signal=21%","718/7305/933/4064/7155/5336/3071/55619/10014/678/8660/29760/677/64332/972/7805/3635/10892/23308/22806/30011/6688/221037/5896/3624/55012/150372/3718/7293/5788/6868/1880/4189/841/6929/4067/975/3815/84447/51341/3676/54106/3586/7494/9759/10148/79155/7040/6850/3574/9466/4853/472",0.518848077743792
"GO:0022900","electron transport chain",88,-0.654071194697558,-1.56142270265935,0.000888983906076971,0.0293896824182383,0.0132898991679348,2596,"tags=47%, list=18%, signal=38%","27089/6391/27069/4696/1716/9377/4698/4715/7384/4723/374291/4719/55572/6389/6390/126328/7385/55967/4712/1329/4695/4714/1347/4722/1537/4704/10495/54902/4720/4711/3052/4700/11315/1351/7381/4725/4716/4718/4724/65018/891",0.477270815362862
"GO:1903861","positive regulation of dendrite extension",19,-0.826131190402503,-1.56102936230525,0.00566452565129087,0.0866262835404376,0.039172065800579,1158,"tags=42%, list=8%, signal=39%","9373/9962/79594/84258/23327/22999/151835/9362",0.407017918923954
"GO:0010460","positive regulation of heart rate",22,0.747214634612679,1.56072883037665,0.0149975344450295,0.138912074465204,0.0628154954714845,1561,"tags=27%, list=11%, signal=24%","1906/3270/7168/1908/1907/2643",0.380730400722792
"GO:0001656","metanephros development",65,0.606511775239045,1.56031685245115,0.00417535099271418,0.0745530352159156,0.0337125902411301,1762,"tags=25%, list=12%, signal=22%","358/947/5311/7021/1512/130497/55366/1958/3399/6662/30812/4089/6299/4609/26585/9356",0.407017918923954
"GO:0061548","ganglion development",15,-0.8430152916107,-1.55984567171763,0.0131858178617667,0.128718587567837,0.0582060406598326,205,"tags=20%, list=1%, signal=20%","10381/8829/10371",0.380730400722792
"GO:0002237","response to molecule of bacterial origin",270,0.496223065921222,1.55922434945246,6.84346213955247e-05,0.00641631381287841,0.00290143195116884,2346,"tags=27%, list=16%, signal=23%","1906/7132/11027/6622/1051/4064/5336/5179/3606/10014/2353/54209/4846/64332/19/3055/4615/10892/567/9450/1439/671/6688/1728/7538/5970/929/249/10068/6347/7431/23729/8140/4843/6868/3553/140885/558/841/57402/11093/1373/4067/4842/7867/2643/7855/6863/5606/26191/57162/5972/54106/3586/7494/84639/4851/10062/4057/3656/79155/7189/79931/7099/90070/3663/5578/55593/2672/331/3627/4317/1524/22900",0.538434096309916
"GO:0097530","granulocyte migration",117,0.544834641922092,1.55895267094508,0.00296959159391286,0.0614326084802415,0.0277795847095978,2044,"tags=25%, list=14%, signal=21%","301/1906/5175/3071/23765/719/7057/2013/5747/1436/10344/972/1908/3689/6354/6347/3605/57402/1907/1435/6280/5294/1240/683/6355/83700/7422/2660/728",0.431707695803346
"GO:0099022","vesicle tethering",23,-0.797007993268503,-1.558498674171,0.00390350235067862,0.0727496589768323,0.0328971105759129,2707,"tags=61%, list=19%, signal=50%","51693/126003/122553/157769/55770/55763/55773/83930/58485/27095/23265/60412/11336/51399",0.431707695803346
"GO:0006026","aminoglycan catabolic process",30,0.692913838366203,1.55842696977864,0.0101411764955538,0.113118681290073,0.0511518242001112,2085,"tags=33%, list=14%, signal=29%","1116/1117/960/10894/2990/6448/3423/57115/7040/8692",0.380730400722792
"GO:0006446","regulation of translational initiation",79,-0.654502486946925,-1.55782967291268,0.00365135177802285,0.0702260255465793,0.0317559334326009,2544,"tags=39%, list=18%, signal=33%","1982/6198/51247/5936/5499/440275/5317/8440/10988/8890/9689/27335/8891/10657/10289/4686/2332/7812/51441/23367/1653/8892/6451/127933/26058/1974/253943/8672/10492/1983/5610",0.431707695803346
"GO:0033108","mitochondrial respiratory chain complex assembly",45,-0.709928013496679,-1.55736553570181,0.00596125788634855,0.0888700540771199,0.0401866900406145,1988,"tags=42%, list=14%, signal=37%","374291/4719/55572/80224/2395/51241/9131/4722/5018/51295/54902/4720/54968/4700/1353/4725/4718/4724/28976",0.407017918923954
"GO:0010447","response to acidic pH",26,0.70716544729769,1.55662599533195,0.0233406836339332,0.181977763062949,0.0822896310173162,1004,"tags=19%, list=7%, signal=18%","8477/1520/6340/6750/342372",0.352487857583619
"GO:0051204","protein insertion into mitochondrial membrane",24,-0.769859354690442,-1.55658604750311,0.0077933254957849,0.0992509158109943,0.0448808750187363,2902,"tags=58%, list=20%, signal=47%","26521/9804/56993/100188893/29928/26519/54543/26517/64112/55750/10651/5018/23788/25813",0.407017918923954
"GO:0044771","meiotic cell cycle phase transition",13,0.817820775999102,1.55656777216104,0.0273411861620561,0.196037541476073,0.0886474076946838,220,"tags=15%, list=2%, signal=15%","55743/994",0.352487857583619
"GO:0072594","establishment of protein localization to organelle",289,-0.579060587174808,-1.55512342367503,3.01044520739706e-05,0.00456191671856622,0.00206288085524319,2537,"tags=34%, list=17%, signal=29%","79158/56993/100188893/29928/6396/26519/3916/728489/26262/9688/134266/7879/28972/7529/26985/6745/54543/26517/29927/58477/84134/158866/6730/80273/5189/55122/54557/5903/51194/3841/3309/8266/25842/64112/6729/55746/6746/10527/9531/6774/64083/5195/908/131118/9131/55750/3842/6728/8766/1386/11331/3717/4121/3920/10651/9478/10469/950/5018/51028/8841/7251/26060/2060/867/23558/4591/23788/64089/51555/8027/3836/3840/10856/26061/10073/23163/27183/5192/84455/10440/92609/8239/1191/23534/9631/3308/55176/51271/100287932/90637/23633/6950/5901/25813/10953/142/7874",0.575610261071129
"GO:0010499","proteasomal ubiquitin-independent protein catabolic process",17,-0.832592839357866,-1.55480478268661,0.00808707160981629,0.0992609080098584,0.0448853934518885,423,"tags=41%, list=3%, signal=40%","5690/5688/5691/5684/5683/5693/5682",0.380730400722792
"GO:0001662","behavioral fear response",18,0.765690572274386,1.55411082211118,0.0272839941138539,0.196037541476073,0.0886474076946838,3099,"tags=56%, list=21%, signal=44%","5179/5896/10522/348/477/7349/3350/4192/2048/4208",0.352487857583619
"GO:0071402","cellular response to lipoprotein particle stimulus",33,0.666374573395843,1.55332047233281,0.0190193029504697,0.161217773746219,0.0729020452373646,2522,"tags=55%, list=17%, signal=45%","10628/2207/54209/19/4615/3689/4023/6868/9655/348/975/928/7040/7099/6850/3949/207/335",0.352487857583619
"GO:0050885","neuromuscular process controlling balance",14,0.80186559193482,1.55306281072117,0.0149374945127812,0.138629395715455,0.062687669249084,716,"tags=21%, list=5%, signal=20%","4647/50944/10083",0.380730400722792
"GO:0060586","multicellular organismal-level iron ion homeostasis",15,0.779547213559627,1.55279909677427,0.0357032160958897,0.227496785291595,0.102873154412801,472,"tags=13%, list=3%, signal=13%","79901/57817",0.321775918075361
"GO:0046635","positive regulation of alpha-beta T cell activation",51,0.622487655631339,1.5523161591973,0.00953411797759215,0.107625524093204,0.0486678400514869,1939,"tags=35%, list=13%, signal=31%","8477/301/865/3071/3606/7048/64332/7704/10892/3122/11126/3133/9655/975/2033/3593/8651/10148",0.380730400722792
"GO:0009124","nucleoside monophosphate biosynthetic process",40,-0.712127182897471,-1.55215187682867,0.00766299594448109,0.0989187561797962,0.0447306737357329,2662,"tags=32%, list=18%, signal=27%","271/1633/1716/1635/8833/5471/6470/7084/51727/3614/55312/7371/3251",0.407017918923954
"GO:0006888","endoplasmic reticulum to Golgi vesicle-mediated transport",114,-0.621600526453574,-1.55168300209535,0.00217305743480785,0.0520671091357938,0.0235445426232693,2633,"tags=38%, list=18%, signal=31%","222068/11236/10802/6396/126003/90522/9117/51290/57120/122553/2801/10134/286451/65258/10342/5875/10427/372/1315/64746/10959/56681/53407/58485/27095/9554/6811/1314/553115/378/23256/8729/10113/7415/29097/3638/29959/51399/8615/10652/22872/59349/11316",0.431707695803346
"GO:0045582","positive regulation of T cell differentiation",92,0.562213378099617,1.55075033061918,0.00291937903734332,0.0612026962471618,0.0276756192991649,1863,"tags=25%, list=13%, signal=22%","8477/301/865/3071/3606/7048/64332/7704/10892/3122/5896/57178/9580/6602/9655/8289/55193/2033/3593/7494/8651/6604/2736",0.431707695803346
"GO:0007595","lactation",25,0.714013042836521,1.55021313806082,0.0114167132994007,0.121022315246017,0.054725816488969,2563,"tags=44%, list=18%, signal=36%","6776/780/5021/1448/7494/7422/2066/3099/4939/5617/9612",0.380730400722792
"GO:0090231","regulation of spindle checkpoint",28,-0.771053186176042,-1.55005436203243,0.00810297657287235,0.0992609080098584,0.0448853934518885,898,"tags=18%, list=6%, signal=17%","1780/83658/51451/891/51143",0.380730400722792
"GO:0071318","cellular response to ATP",18,0.762905805253622,1.54845862170447,0.0289501607974094,0.202054611064288,0.0913683029726881,633,"tags=17%, list=4%, signal=16%","7155/5027/64805",0.352487857583619
"GO:0030198","extracellular matrix organization",238,0.49681623087181,1.54563987931355,0.000112058427783353,0.00811142647709564,0.00366795525227658,2327,"tags=25%, list=16%, signal=22%","7052/1520/56999/7132/91522/2191/3913/3673/23213/3908/4147/4811/84695/9507/6624/54857/4921/64093/170691/2022/7049/5329/90102/25/1281/11174/8751/23187/780/1295/5033/4089/871/11093/7148/81794/57188/1301/1287/8837/55959/1298/8434/4321/26585/3912/9508/4851/2331/1288/7040/333/23768/10516/83872/80070/7045/5212/30008/4317",0.538434096309916
"GO:0002182","cytoplasmic translational elongation",29,-0.756347630621389,-1.54476181370661,0.00362173299525561,0.0699903627395898,0.031649367635191,859,"tags=24%, list=6%, signal=23%","10767/26058/22849/7415/55325/8453/9604",0.431707695803346
"GO:0031640","killing of cells of another organism",96,0.559920302102884,1.54450089589436,0.0023078636133881,0.053461926281995,0.024175273468432,3331,"tags=33%, list=23%, signal=26%","4922/388646/57817/4069/4818/4589/3002/6863/57115/5551/6355/4057/140880/2999/57151/4277/6364/6373/245939/3627/730/9547/727/6387/245938/3347/1669/2635/10563/3001/56477/6406",0.431707695803346
"GO:0141061","disruption of cell in another organism",96,0.559920302102884,1.54450089589436,0.0023078636133881,0.053461926281995,0.024175273468432,3331,"tags=33%, list=23%, signal=26%","4922/388646/57817/4069/4818/4589/3002/6863/57115/5551/6355/4057/140880/2999/57151/4277/6364/6373/245939/3627/730/9547/727/6387/245938/3347/1669/2635/10563/3001/56477/6406",0.431707695803346
"GO:0002029","desensitization of G protein-coupled receptor signaling pathway",15,0.775246174372944,1.54423175197706,0.0394614085689848,0.240240977662091,0.108636028239418,207,"tags=13%, list=1%, signal=13%","1813/187",0.321775918075361
"GO:0022401","negative adaptation of signaling pathway",15,0.775246174372944,1.54423175197706,0.0394614085689848,0.240240977662091,0.108636028239418,207,"tags=13%, list=1%, signal=13%","1813/187",0.321775918075361
"GO:0023058","adaptation of signaling pathway",15,0.775246174372944,1.54423175197706,0.0394614085689848,0.240240977662091,0.108636028239418,207,"tags=13%, list=1%, signal=13%","1813/187",0.321775918075361
"GO:0001935","endothelial cell proliferation",125,0.548329990724978,1.54376277735983,0.000796276760455491,0.0280540935481484,0.0126859511170265,2694,"tags=40%, list=19%, signal=33%","2321/947/9839/23213/187/7057/23411/240/10344/3791/6776/8828/889/2022/2081/6347/253260/60675/5365/6868/84432/348/7026/79400/6667/79031/64102/3676/3586/3593/7494/79805/7422/84913/796/9037/5578/1893/1535/1950/207/6678/4192/5617/22846/116844/350/54567/6387/3164",0.477270815362862
"GO:0032206","positive regulation of telomere maintenance",64,-0.663897981864121,-1.54334573758066,0.00595088690164354,0.0888700540771199,0.0401866900406145,1984,"tags=33%, list=14%, signal=28%","10111/10694/54386/7203/4683/140609/51377/8607/908/7014/5594/5588/10574/10576/10856/10575/5595/8658/6950/22948/545",0.407017918923954
"GO:0042742","defense response to bacterium",231,0.507025511508751,1.5428171935683,7.60231085035943e-05,0.00664167902541378,0.00300334121673806,2347,"tags=24%, list=16%, signal=21%","358/7425/388646/837/1051/23166/3606/54209/171389/64332/55072/57817/4069/4615/2896/5580/567/5199/671/4938/140832/115361/4843/3605/6868/3553/3133/57402/6280/6863/306/4940/280664/7098/57115/54106/354/3593/6700/4057/140880/7099/57151/85569/796/90070/6850/5225/6364/140686/116842/331/245939/5919/4939/1535",0.538434096309916
"GO:0098930","axonal transport",57,-0.670775886386869,-1.54264064690557,0.00869099321480162,0.103586051108397,0.0468412062044208,2217,"tags=39%, list=15%, signal=33%","26985/3799/66000/22902/23162/8120/3091/11127/81832/7014/23095/4976/1176/10947/282991/51566/127829/54470/4133/55605/55860/3800",0.380730400722792
"GO:0046902","regulation of mitochondrial membrane permeability",38,-0.716728397162908,-1.54246538303038,0.00727663573623259,0.0970100290011238,0.0438675547886595,2150,"tags=34%, list=15%, signal=29%","28978/55288/9026/6774/664/1386/117145/79594/10105/2932/282991/291/2931",0.407017918923954
"GO:0030705","cytoskeleton-dependent intracellular transport",164,-0.598973338165916,-1.54207574202475,0.000554205467271074,0.024097674762083,0.0108968740530191,2477,"tags=34%, list=17%, signal=29%","3916/547/351/64400/27067/80173/81565/26985/3799/8655/10376/8409/66000/22902/23162/998/55288/25999/29911/8120/3091/9531/11127/5195/55614/57728/81832/7014/23095/6780/4976/1176/63971/3064/1780/117178/27342/4135/8976/10947/8936/83658/282991/7846/51566/4744/10128/22920/5870/127829/203068/54470/4133/55605/55860/3800",0.477270815362862
"GO:0072384","organelle transport along microtubule",68,-0.65692625679589,-1.54140777656395,0.00897849530988113,0.104246055984166,0.0471396578217093,2477,"tags=46%, list=17%, signal=38%","3916/547/81565/26985/3799/8409/998/55288/8120/3091/11127/5195/55614/23095/4976/1176/63971/3064/1780/10947/8936/282991/7846/51566/4744/10128/22920/5870/54470/4133/55860",0.380730400722792
"GO:0045662","negative regulation of myoblast differentiation",20,0.742999422067157,1.5412846968098,0.025015529710641,0.186507703357522,0.0843380522589923,2243,"tags=40%, list=15%, signal=34%","3399/463/6662/30812/4851/2660/7040/6659",0.352487857583619
"GO:0007094","mitotic spindle assembly checkpoint signaling",49,-0.68513464351772,-1.54106441624845,0.00636572761449307,0.0897701407737522,0.0405937057160619,1309,"tags=14%, list=9%, signal=13%","324/1780/83658/51451/5347/891/51143",0.407017918923954
"GO:0071173","spindle assembly checkpoint signaling",49,-0.68513464351772,-1.54106441624845,0.00636572761449307,0.0897701407737522,0.0405937057160619,1309,"tags=14%, list=9%, signal=13%","324/1780/83658/51451/5347/891/51143",0.407017918923954
"GO:0071174","mitotic spindle checkpoint signaling",49,-0.68513464351772,-1.54106441624845,0.00636572761449307,0.0897701407737522,0.0405937057160619,1309,"tags=14%, list=9%, signal=13%","324/1780/83658/51451/5347/891/51143",0.407017918923954
"GO:0040037","negative regulation of fibroblast growth factor receptor signaling pathway",11,0.855044557467186,1.54105718628238,0.0115762151124531,0.121469807364569,0.0549281706705955,725,"tags=36%, list=5%, signal=35%","10253/23213/7057/10252",0.380730400722792
"GO:0048278","vesicle docking",50,-0.688236167291745,-1.5408987321709,0.00582220328599557,0.0884824162816673,0.0400114017492362,1803,"tags=26%, list=12%, signal=23%","55770/55763/8417/6812/23265/6811/60412/11336/9482/8615/10652/22999/23673",0.407017918923954
"GO:0045590","negative regulation of regulatory T cell differentiation",18,-0.809982065492437,-1.54075702103398,0.0126367223758572,0.126634371078576,0.057263566134513,423,"tags=33%, list=3%, signal=32%","5690/5688/5691/5684/5683/5682",0.380730400722792
"GO:0002696","positive regulation of leukocyte activation",279,0.495080175918637,1.54006497610455,2.62379463475906e-05,0.00440047843029592,0.00198987909420256,2049,"tags=25%, list=14%, signal=22%","8477/301/7305/64581/3566/865/3071/7057/3606/7048/8660/54209/3115/64332/9173/972/2214/3635/7704/10892/3122/567/23308/30011/6688/5896/81704/57178/25/9580/10666/920/6347/55012/11126/7293/6602/3109/5788/3553/2534/1880/3133/9655/140885/3481/8289/3111/558/6929/1050/4067/975/55193/2033/6863/3108/54106/3586/3593/7494/8651/6604/2736/7525/7297/10148/79155/7189/7040/7099",0.575610261071129
"GO:0007005","mitochondrion organization",257,-0.5794559288038,-1.53920306762595,0.000112274855411247,0.00811142647709564,0.00366795525227658,1988,"tags=28%, list=14%, signal=25%","374291/3313/4719/55572/55288/10000/9361/8743/2537/10059/64112/10935/80224/2395/137994/51241/9026/139341/64083/664/9131/56947/55750/1386/11331/5716/538/10651/117145/4976/56910/4722/79594/5018/51295/10962/54902/4720/6832/23788/55737/10105/54968/55022/10463/9093/139322/27429/2932/4700/9927/1353/8936/11315/5910/92609/282991/4725/55735/1191/4718/30968/10989/23287/2931/79135/54927/4724/6790/25813/65018/142/28976",0.538434096309916
"GO:0045229","external encapsulating structure organization",239,0.496468788013775,1.53813616295906,0.000191464501291608,0.0116768480268232,0.00528022489890798,2327,"tags=25%, list=16%, signal=21%","7052/1520/56999/7132/91522/2191/3913/3673/23213/3908/4147/4811/84695/9507/6624/54857/4921/64093/170691/2022/7049/5329/90102/25/1281/11174/8751/23187/780/1295/5033/4089/871/11093/7148/81794/57188/1301/1287/8837/55959/1298/8434/4321/26585/3912/9508/4851/2331/1288/7040/333/23768/10516/83872/80070/7045/5212/30008/4317",0.518848077743792
"GO:0043062","extracellular structure organization",239,0.496286919314048,1.53757270593877,0.000194069420581851,0.0116839743468253,0.00528344739287431,2327,"tags=25%, list=16%, signal=21%","7052/1520/56999/7132/91522/2191/3913/3673/23213/3908/4147/4811/84695/9507/6624/54857/4921/64093/170691/2022/7049/5329/90102/25/1281/11174/8751/23187/780/1295/5033/4089/871/11093/7148/81794/57188/1301/1287/8837/55959/1298/8434/4321/26585/3912/9508/4851/2331/1288/7040/333/23768/10516/83872/80070/7045/5212/30008/4317",0.518848077743792
"GO:0071276","cellular response to cadmium ion",21,0.734574296246181,1.53743315873228,0.0225960696901506,0.179047985284209,0.0809647969918981,594,"tags=19%, list=4%, signal=18%","4489/1536/4499/1616",0.352487857583619
"GO:0045987","positive regulation of smooth muscle contraction",23,0.723980674429697,1.53676792777428,0.022452801726938,0.17901249050883,0.0809487463936281,1572,"tags=39%, list=11%, signal=35%","1906/3673/1131/1908/60675/6865/1907/3815/6722",0.352487857583619
"GO:0030856","regulation of epithelial cell differentiation",111,0.53986100486517,1.53652076073708,0.00421621385712153,0.0746328957895218,0.0337487028794233,1213,"tags=18%, list=8%, signal=17%","81575/7132/1003/9839/1051/10253/4097/677/7414/50848/130497/4926/10252/6662/7538/26154/1903/694/23764/3553",0.407017918923954
"GO:0030150","protein import into mitochondrial matrix",20,-0.803727994995187,-1.53575225894707,0.0079647461568947,0.0992509158109943,0.0448808750187363,2519,"tags=70%, list=17%, signal=58%","56993/728489/134266/54543/84134/80273/131118/10469/10440/92609/3308/100287932/25813/10953",0.380730400722792
"GO:0032790","ribosome disassembly",32,-0.73230074633116,-1.53570831236078,0.0168817823743099,0.149297269359246,0.0675116398876459,3068,"tags=47%, list=21%, signal=37%","64320/9325/9470/23008/219402/6059/55666/92399/53918/10767/26058/7415/55325/8453/9604",0.352487857583619
"GO:0043031","negative regulation of macrophage activation",16,0.777202459536994,1.5353080106502,0.0161402740981315,0.145479322773178,0.0657851794096001,1193,"tags=31%, list=8%, signal=29%","11326/143684/2896/671/5788",0.352487857583619
"GO:0009156","ribonucleoside monophosphate biosynthetic process",33,-0.730571980177454,-1.53512427279039,0.0109711802877905,0.118166657411615,0.0534344992117953,834,"tags=15%, list=6%, signal=14%","51727/3614/55312/7371/3251",0.380730400722792
"GO:0032496","response to lipopolysaccharide",262,0.496147471742232,1.53449712788652,4.66552412605315e-05,0.00592143278268799,0.00267764868948674,2346,"tags=27%, list=16%, signal=23%","1906/7132/11027/6622/1051/4064/5336/5179/3606/10014/2353/54209/4846/64332/19/3055/4615/10892/567/9450/1439/671/6688/1728/7538/5970/929/249/10068/6347/7431/23729/8140/4843/6868/3553/140885/558/841/57402/11093/1373/4067/4842/7867/2643/6863/5606/26191/57162/5972/54106/3586/7494/84639/4851/10062/4057/3656/79155/7189/79931/7099/90070/5578/55593/2672/331/3627/4317/1524/22900",0.557332238758646
"GO:0032204","regulation of telomere maintenance",94,-0.63311917424435,-1.53438088786186,0.00398820890643031,0.0728740428972635,0.0329533564970875,1984,"tags=29%, list=14%, signal=25%","10111/10694/54386/7203/4683/140609/51377/23381/8607/908/7014/5594/7520/5588/7515/10574/10576/10856/10575/5595/286053/8658/6950/22948/142/7874/545",0.407017918923954
"GO:0016236","macroautophagy",312,-0.572644937977039,-1.53430278879862,2.83859189405085e-05,0.00456191671856622,0.00206288085524319,2302,"tags=32%, list=16%, signal=27%","11140/7879/64422/57231/8396/8454/54543/10524/79142/23230/26471/1457/488/131540/7248/26232/7405/27244/528/9978/10059/7957/64112/23770/9550/55763/26235/7345/9531/10533/139341/664/529/9779/25989/112936/6829/116841/11331/5563/25793/550/3920/165324/10213/22954/9373/10015/526/9554/23265/23367/79594/29110/6721/23339/3064/60412/51028/9637/7251/26249/9363/6500/51382/51534/55737/8027/23766/23256/27429/3964/9538/523/27243/7415/27183/9927/55102/23032/1459/203228/55294/291/51506/1020/7319/26353/100287932/10313/823/84932/84938/23673/2931/534/10273/65018/25934",0.575610261071129
"GO:0002792","negative regulation of peptide secretion",31,0.675025243737995,1.53393929760439,0.019427327157787,0.163495928912128,0.0739322180719323,497,"tags=23%, list=3%, signal=22%","7351/1813/9607/2775/972/1393/152",0.352487857583619
"GO:0006091","generation of precursor metabolites and energy",338,-0.563640598910718,-1.53369466018629,5.50271045230478e-05,0.00641631381287841,0.00290143195116884,2608,"tags=33%, list=18%, signal=28%","7360/3416/27089/6391/27069/4696/1716/84277/5499/351/9377/4698/4715/7384/9821/48/64422/4723/5571/2645/28964/2632/38/26471/5160/4190/374291/2887/3939/5562/4719/55572/6389/669/6390/7957/4191/34/3091/230/7345/54511/126328/7385/55967/4712/80219/4967/2027/10295/2847/5563/5261/378884/1329/5834/4695/538/4714/55753/5226/1347/56910/4722/1537/5213/4704/5165/5018/10007/10495/54902/4720/8908/1431/10105/4711/1737/1738/55022/2932/51422/5515/3052/51523/8050/7415/4700/9927/2235/55102/11315/37/1351/7381/8803/5019/291/4725/4716/3420/7086/4718/10165/30968/3795/2931/2992/4724/5214/65018/112609/891",0.557332238758646
"GO:0140354","lipid import into cell",17,0.772874759419935,1.53354980597949,0.0301376924700873,0.205293226126003,0.0928327920066779,778,"tags=29%, list=5%, signal=28%","51703/7057/8660/2180/6513",0.352487857583619
"GO:0045624","positive regulation of T-helper cell differentiation",22,0.733358194387266,1.53178648269712,0.0204710029539628,0.169611108098351,0.0766974781255188,577,"tags=23%, list=4%, signal=22%","8477/301/3606/64332/10892",0.352487857583619
"GO:0002697","regulation of immune effector process",291,0.490646944903265,1.53106756066283,2.10279869831306e-05,0.00379797795664544,0.00171743074210744,1843,"tags=24%, list=13%, signal=21%","718/301/11326/7305/140/64581/933/8832/5336/3071/3606/1773/3684/3726/23411/54209/6776/64332/3075/972/7805/84695/55601/3635/2/10892/2896/3122/567/5199/3689/6688/10666/5169/10584/91543/9846/3718/8140/11126/7293/80328/4843/3605/3109/5788/3553/7043/3133/9655/8673/922/4189/80329/3554/4067/6280/975/3815/51744/7855/2033/6863/924/54106/3586/354/3593/7494",0.575610261071129
"GO:1903053","regulation of extracellular matrix organization",52,0.611641727429118,1.53049693711148,0.0113536693923792,0.120899844595494,0.0546704357409459,2014,"tags=37%, list=14%, signal=32%","7132/2191/3913/3908/4811/6624/54857/4921/7049/5329/25/780/4089/7148/8837/8434/3912/4851/7040",0.380730400722792
"GO:0007193","adenylate cyclase-inhibiting G protein-coupled receptor signaling pathway",94,0.551042335804606,1.5304239481023,0.00349974633266766,0.0679124329677988,0.0307097359388643,1015,"tags=17%, list=7%, signal=16%","1813/140/5996/2775/187/719/112/2316/1131/152/134864/64805/1902/2899/2918/9568",0.431707695803346
"GO:0000712","resolution of meiotic recombination intermediates",9,0.875733209880896,1.529659491849,0.0151960489627286,0.139649013559635,0.063148736440833,371,"tags=33%, list=3%, signal=33%","7155/164045/7153",0.380730400722792
"GO:0071806","protein transmembrane transport",64,-0.657918632647013,-1.52944570567844,0.00738454405696361,0.0970100290011238,0.0438675547886595,2519,"tags=44%, list=17%, signal=36%","56993/29928/728489/134266/6745/54543/29927/84134/80273/5189/3309/6729/6746/5195/131118/9131/10469/4591/51555/5192/10440/92609/8239/3308/55176/100287932/25813/10953",0.407017918923954
"GO:0044539","long-chain fatty acid import into cell",16,0.773744688074245,1.52847742981426,0.0171815680954798,0.151341095657524,0.0684358501269519,778,"tags=31%, list=5%, signal=30%","51703/7057/8660/2180/6513",0.352487857583619
"GO:0002181","cytoplasmic translation",154,-0.589337901929659,-1.52835306233469,0.00282796055807311,0.0600909628086485,0.0271728977967953,3152,"tags=38%, list=22%, signal=30%","221120/8661/6207/6157/8893/64320/7884/1967/9325/3087/1981/9470/3192/6193/8664/8666/23008/5936/6123/5317/8665/6059/55666/170506/2107/8890/2197/27335/6132/8891/1973/51386/53918/4686/2332/6135/1819/7555/7812/10480/51441/64506/8892/6451/10767/26058/22849/1974/7415/55325/8669/55854/8453/10492/4733/9604/1983/5610",0.431707695803346
"GO:0042129","regulation of T cell proliferation",130,0.533193456059257,1.52775573768397,0.00146243980963306,0.0416219233093143,0.0188212705426526,2005,"tags=19%, list=14%, signal=17%","301/11326/9231/1051/3071/3606/7048/3115/7805/6385/23308/9479/920/3109/5788/3553/3133/3481/975/3586/3593/7297/10148/10457/7189",0.45505986738723
"GO:0046688","response to copper ion",32,0.66973073903156,1.5275797354828,0.0181650364760615,0.15651928677355,0.0707774078486366,594,"tags=16%, list=4%, signal=15%","358/6622/4489/4499/1616",0.352487857583619
"GO:0043032","positive regulation of macrophage activation",20,0.736286495374674,1.52735934118416,0.0279098260462321,0.198282213484275,0.0896624395766066,2805,"tags=65%, list=19%, signal=53%","3566/7057/54209/9173/1050/3586/79155/7099/4317/3329/5321/84868/3596",0.352487857583619
"GO:1903599","positive regulation of autophagy of mitochondrion",20,-0.799172347472923,-1.52704739111013,0.00997382243782854,0.111516833733435,0.0504274750150072,1495,"tags=45%, list=10%, signal=40%","664/25793/79594/3064/11315/291/7319/10273/65018",0.380730400722792
"GO:0014002","astrocyte development",24,0.702295644632667,1.52595902161546,0.023068266535403,0.181454907286855,0.0820531976852107,579,"tags=25%, list=4%, signal=24%","7132/712/9839/4137/54209/2896",0.352487857583619
"GO:0015980","energy derivation by oxidation of organic compounds",288,-0.565816438654492,-1.52575499518574,0.000143521322614937,0.00936077959721865,0.00423290783513525,2608,"tags=35%, list=18%, signal=30%","7360/3416/27089/6391/27069/4696/1716/84277/5499/351/9377/4698/4715/7384/9821/48/64422/4723/5571/2645/28964/2632/26471/5160/4190/374291/2887/3939/5562/4719/55572/6389/669/6390/7957/4191/34/3091/230/7345/126328/7385/55967/4712/80219/4967/2027/10295/5563/5261/378884/1329/5834/4695/538/4714/55753/1347/56910/4722/1537/5213/4704/5165/5018/54902/4720/8908/1431/10105/4711/1737/1738/55022/2932/51422/5515/3052/8050/7415/4700/9927/55102/11315/37/1351/7381/8803/4725/4716/3420/4718/10165/30968/3795/2931/2992/4724/5214/65018/112609/891",0.518848077743792
"GO:0055094","response to lipoprotein particle",26,0.69305034682589,1.52555556845364,0.0302822352252664,0.205499099158744,0.0929258869849627,2455,"tags=62%, list=17%, signal=51%","10628/2207/54209/19/4615/3689/4023/9655/348/975/928/7040/7099/6850/3949/207",0.352487857583619
"GO:0001787","natural killer cell proliferation",15,0.76561754068285,1.52505224182413,0.049791225324569,0.265523701209311,0.120068776707119,1817,"tags=40%, list=13%, signal=35%","3606/2013/2214/3133/26191/3593",0.321775918075361
"GO:0035909","aorta morphogenesis",22,0.730096470111585,1.52497362481401,0.0226540083303818,0.179047985284209,0.0809647969918981,3002,"tags=55%, list=21%, signal=43%","56999/7048/7021/2022/1281/4638/182/6659/30008/54567/5159/4035",0.352487857583619
"GO:0051646","mitochondrion localization",40,-0.699368577726358,-1.52434323051147,0.0108826775669551,0.117488325304252,0.0531277600922313,2052,"tags=35%, list=14%, signal=30%","8409/55288/10059/3091/4139/23095/4976/79594/9927/8936/51566/10128/54470/55860",0.380730400722792
"GO:0042098","T cell proliferation",143,0.521728714308897,1.52386115901738,0.00191692893365977,0.0489062542964179,0.0221152164569642,2005,"tags=20%, list=14%, signal=18%","301/11326/9231/1051/3071/3606/7048/3115/7805/6385/23308/81704/9479/920/7293/3109/5788/3553/3133/3481/975/4609/5294/3586/3593/7297/10148/10457/7189",0.45505986738723
"GO:0071384","cellular response to corticosteroid stimulus",47,0.61377170663432,1.52362455641325,0.00880437931097919,0.104246055984166,0.0471396578217093,388,"tags=17%, list=3%, signal=17%","358/301/1906/11170/6781/678/6340/677",0.380730400722792
"GO:0060317","cardiac epithelial to mesenchymal transition",26,0.692148235179253,1.5235698231868,0.031206865936309,0.207868712676464,0.0939974169276586,2241,"tags=38%, list=15%, signal=33%","2013/7048/10252/2022/7049/4089/1942/26508/4851/182",0.352487857583619
"GO:0008228","opsonization",19,0.745592252222862,1.52339118548531,0.0301644646565039,0.205293226126003,0.0928327920066779,979,"tags=16%, list=7%, signal=15%","718/5199/10584",0.352487857583619
"GO:0042596","fear response",19,0.745524603785787,1.52325296646219,0.0301644646565039,0.205293226126003,0.0928327920066779,3099,"tags=53%, list=21%, signal=41%","5179/5896/10522/348/477/7349/3350/4192/2048/4208",0.352487857583619
"GO:1903531","negative regulation of secretion by cell",116,0.533724589821136,1.52232202964859,0.00211051824265472,0.0516197586849299,0.0233422525032161,2185,"tags=30%, list=15%, signal=26%","301/1906/7132/7351/1813/6622/9607/2775/8832/3071/1393/152/8074/6688/79651/91543/3624/6857/3553/8673/348/2771/6865/9341/140775/3625/3593/4851/10062/3667/80223/150/1407/3767/64111",0.431707695803346
"GO:1903028","positive regulation of opsonization",14,0.785930046879022,1.52219865762162,0.0231759532410624,0.181498508238561,0.0820729138646355,979,"tags=21%, list=7%, signal=20%","718/5199/10584",0.352487857583619
"GO:1904358","positive regulation of telomere maintenance via telomere lengthening",24,-0.752580651575881,-1.52165007118067,0.0136212621447141,0.131076735720446,0.0592723860093753,1913,"tags=42%, list=13%, signal=36%","10694/7203/908/10574/10576/10575/8658/6950/22948/545",0.380730400722792
"GO:0007052","mitotic spindle organization",106,-0.617260378486013,-1.52129072746699,0.00303500420480587,0.0616986136180449,0.0278998711900453,1491,"tags=22%, list=10%, signal=20%","1213/8766/56647/23122/4134/6867/10726/79884/7283/2009/27243/27175/7415/9793/5347/10540/4733/8658/10671/5901/6790/23332/891",0.431707695803346
"GO:0000070","mitotic sister chromatid segregation",162,-0.585727133869083,-1.52124559574205,0.00173191160993008,0.0464492032569343,0.0210041476097233,1387,"tags=14%, list=10%, signal=13%","8766/56647/324/23122/1780/10726/79884/7283/27243/286053/27175/27183/83658/51451/5347/8881/10540/4733/5901/27436/23332/891/51143",0.45505986738723
"GO:0006099","tricarboxylic acid cycle",28,-0.755864613345455,-1.51952065308577,0.013550253337722,0.131060467186713,0.0592650294422019,2579,"tags=50%, list=18%, signal=41%","6391/48/5160/4190/6389/6390/4191/4967/55753/1431/1737/1738/8803/3420",0.380730400722792
"GO:0035904","aorta development",32,0.665893060562094,1.51882642684755,0.02047902433811,0.169611108098351,0.0766974781255188,957,"tags=25%, list=7%, signal=23%","56999/5311/187/7048/7021/2022/1281/1909",0.352487857583619
"GO:0009060","aerobic respiration",194,-0.57949262153886,-1.51871870523233,0.000876293745880527,0.0291849321323046,0.0131973118913546,2601,"tags=39%, list=18%, signal=33%","3416/27089/6391/27069/4696/1716/84277/351/9377/4698/4715/7384/48/4723/5571/2645/28964/26471/5160/4190/374291/3939/5562/4719/6389/669/6390/4191/3091/230/7345/126328/7385/55967/4712/4967/2027/10295/5563/1329/4695/538/4714/55753/1347/4722/1537/5213/4704/5165/5018/4720/1431/10105/4711/1737/1738/51422/5515/8050/7415/4700/9927/11315/1351/7381/8803/4725/4716/3420/4718/30968/4724/5214/65018/891",0.477270815362862
"GO:0070167","regulation of biomineral tissue development",77,0.569659272183893,1.51772433631845,0.00427035676050301,0.0748268483109034,0.0338364074492055,2235,"tags=32%, list=15%, signal=28%","5552/1051/5027/240/4846/130497/8074/4921/6662/401138/7020/658/54880/1080/1230/338773/26585/10117/4851/4057/7040/6546/89/1893/6093",0.407017918923954
"GO:0050764","regulation of phagocytosis",88,0.564514349647767,1.51752096587806,0.0023515170242365,0.053461926281995,0.024175273468432,1274,"tags=18%, list=9%, signal=17%","718/7052/2212/64581/3673/5336/3071/54209/3055/5199/3601/10584/6347/55198/5788/140885",0.431707695803346
"GO:0043252","sodium-independent organic anion transport",13,0.797267060977192,1.51744764787439,0.0430250205608292,0.248824503144894,0.112517464811222,2270,"tags=62%, list=16%, signal=52%","11309/28231/53919/6579/9356/114571/81796/6578",0.321775918075361
"GO:0030224","monocyte differentiation",32,0.665055688616363,1.51691647656334,0.0211732212881887,0.172321398906992,0.0779230610035518,1987,"tags=41%, list=14%, signal=35%","22985/3428/4627/1436/677/972/8544/920/3553/1435/4609/5138/7422",0.352487857583619
"GO:1901293","nucleoside phosphate biosynthetic process",244,-0.571123393158313,-1.51654846735491,0.000322709436410454,0.016295091541758,0.00736857651064108,2625,"tags=33%, list=18%, signal=27%","2182/1633/6391/9374/4696/1716/84277/60481/1635/4698/4715/203/5636/4723/8833/5538/38/5160/374291/4719/6389/55907/5372/5471/6390/5238/6675/5095/126328/2977/6774/55967/4712/4967/10295/55577/4695/6470/2762/4714/132789/79071/4722/4704/5165/10007/4882/4720/7084/84869/4711/51727/1737/1738/55022/6240/51422/50484/8050/7415/4700/4199/6785/1353/4351/4725/4716/3614/4718/10165/30968/55312/47/23305/7371/4724/3251/65018/8382/142",0.49849310876659
"GO:0051917","regulation of fibrinolysis",17,0.764282430958104,1.51650077767969,0.0353965455832205,0.227079478222409,0.102684449792158,2046,"tags=35%, list=14%, signal=30%","2191/7057/3818/5329/2160/3273",0.321775918075361
"GO:0010970","transport along microtubule",146,-0.59331261357316,-1.51625451078192,0.00245658166969329,0.0543807323229176,0.0245907539579787,2477,"tags=36%, list=17%, signal=30%","3916/547/351/64400/27067/80173/81565/26985/3799/8655/8409/66000/22902/23162/998/55288/25999/29911/8120/3091/9531/11127/5195/55614/57728/81832/7014/23095/6780/4976/1176/63971/3064/1780/117178/27342/10947/8936/83658/282991/7846/51566/4744/10128/22920/5870/127829/54470/4133/55605/55860/3800",0.431707695803346
"GO:0006901","vesicle coating",30,-0.736737737676085,-1.51573921636292,0.0153584333910704,0.140045054765955,0.0633278247216603,1697,"tags=47%, list=12%, signal=41%","10342/8120/10959/84364/56681/58485/27095/1176/553115/8729/10113/10947/51399/59349",0.380730400722792
"GO:0030183","B cell differentiation",110,0.539710546916183,1.51534002677709,0.00247084969461779,0.0543807323229176,0.0245907539579787,1873,"tags=29%, list=13%, signal=26%","7155/5336/3071/55619/10014/678/29760/677/64332/7805/3635/22806/6688/221037/5896/3624/55012/150372/3718/5788/6868/1880/4189/6929/3815/84447/51341/3676/54106/3586/7494/9759",0.431707695803346
"GO:0002396","MHC protein complex assembly",13,0.795584243921249,1.51424472264603,0.0430250205608292,0.248824503144894,0.112517464811222,1683,"tags=54%, list=12%, signal=48%","3115/3122/567/55080/3109/3111/3108",0.321775918075361
"GO:0002501","peptide antigen assembly with MHC protein complex",13,0.795584243921249,1.51424472264603,0.0430250205608292,0.248824503144894,0.112517464811222,1683,"tags=54%, list=12%, signal=48%","3115/3122/567/55080/3109/3111/3108",0.321775918075361
"GO:0072376","protein activation cascade",28,0.676859781706433,1.51424197484875,0.0316377277504329,0.209507090473708,0.094738284944349,1697,"tags=36%, list=12%, signal=32%","7057/2316/2335/3818/9961/2162/2815/2160/2159/2158",0.321775918075361
"GO:0039535","regulation of RIG-I signaling pathway",18,0.74524660135261,1.51261599690773,0.0381141013870804,0.237198671566213,0.107260309350156,1633,"tags=33%, list=11%, signal=30%","56829/55601/6397/23369/85364/330",0.321775918075361
"GO:0051591","response to cAMP",73,0.567381750996497,1.51242296069352,0.00817876682999329,0.0993273402509754,0.0449154338508754,1075,"tags=18%, list=7%, signal=17%","358/7425/6781/5311/5179/10411/2353/677/1393/3488/87178/7150/23373",0.380730400722792
"GO:0046888","negative regulation of hormone secretion",51,0.606184675811705,1.5116609288676,0.0141886945010549,0.134878763920959,0.060991648255881,2399,"tags=39%, list=17%, signal=33%","1906/7351/1813/9607/2775/1393/152/8074/3624/3553/6865/3625/3667/80223/150/1407/3767/64111/7349/353500",0.380730400722792
"GO:0033028","myeloid cell apoptotic process",20,0.728315338233268,1.5108239009765,0.0345253791165922,0.223777511951074,0.101191313589546,1208,"tags=15%, list=8%, signal=14%","301/23411/6868",0.321775918075361
"GO:1990138","neuron projection extension",128,-0.603389254177511,-1.5103757203067,0.00407931294786388,0.0737064262639968,0.0333297569921839,2022,"tags=34%, list=14%, signal=30%","66000/50618/22902/5058/2664/23499/1000/214/6049/9856/659/5532/4897/9373/9962/8482/23122/79594/84258/4131/6586/9201/7224/2932/11344/23767/5802/9353/6456/8936/8636/203228/3897/8239/1020/26999/23327/22999/8829/4133/10479/151835/10371/9362",0.407017918923954
"GO:0006376","mRNA splice site recognition",14,0.779676347340287,1.51008641801349,0.0248462485475565,0.186386554599561,0.0842832692656035,1354,"tags=36%, list=9%, signal=32%","8175/7536/55015/11168/51631",0.352487857583619
"GO:0045839","negative regulation of mitotic nuclear division",57,-0.656584570957179,-1.51000366567355,0.0131278800131484,0.128702556454582,0.0581987914532685,1309,"tags=14%, list=9%, signal=13%","324/1780/83658/51451/5347/1111/891/51143",0.380730400722792
"GO:0042220","response to cocaine",40,0.63478191482235,1.50975451857673,0.0164981735091654,0.147291678325172,0.0666047194849127,827,"tags=22%, list=6%, signal=21%","7052/1813/6622/9607/10014/2890/6507/1393/1788",0.352487857583619
"GO:0072074","kidney mesenchyme development",16,0.764245597892904,1.50971265485718,0.0223698221921109,0.178958577536887,0.0809243671590802,2088,"tags=31%, list=14%, signal=27%","5311/130497/4089/4609/5076",0.352487857583619
"GO:0032695","negative regulation of interleukin-12 production",14,0.779238639806661,1.50923866085907,0.0248462485475565,0.186386554599561,0.0842832692656035,1809,"tags=36%, list=12%, signal=31%","353514/7057/3718/1240/3586",0.352487857583619
"GO:0043248","proteasome assembly",12,-0.856834034074399,-1.50901244938366,0.0149314742403369,0.138629395715455,0.062687669249084,1948,"tags=75%, list=13%, signal=65%","56984/5715/11047/51371/5716/134510/5711/5693/84262",0.380730400722792
"GO:0033555","multicellular organismal response to stress",45,0.603937291413629,1.5089447561087,0.0224236201209573,0.17901249050883,0.0809487463936281,2523,"tags=36%, list=17%, signal=29%","5179/7057/2890/57121/5896/10522/348/120224/4842/2643/477/7349/3350/207/4192/1910",0.352487857583619
"GO:1902074","response to salt",21,0.720922765102437,1.50886107724902,0.0281911345831125,0.198903561938959,0.089943410911832,886,"tags=24%, list=6%, signal=22%","1906/1601/8074/1616/249",0.352487857583619
"GO:0002761","regulation of myeloid leukocyte differentiation",93,0.553021208138675,1.50837529180532,0.00454685468024781,0.0779271152497945,0.0352383360044449,2245,"tags=39%, list=15%, signal=33%","2124/714/7305/22985/9607/9935/1051/54209/677/972/9444/10234/3635/23603/8788/920/10272/3624/3605/1230/841/1435/4067/63976/4609/133522/7098/3059/3593/4057/7189/7040/7099/796/5578/4853",0.407017918923954
"GO:0016126","sterol biosynthetic process",55,-0.657196745680468,-1.50833785585175,0.0134001566085339,0.130283924293324,0.05891387979023,1340,"tags=29%, list=9%, signal=27%","2246/5563/1595/5594/6721/3157/51422/6713/3638/3156/10162/47/3422/64801/51706/2222",0.380730400722792
"GO:0034367","protein-containing complex remodeling",39,0.632794773400487,1.50767266124696,0.0119327229400515,0.123427460190489,0.0558134136035424,2787,"tags=31%, list=19%, signal=25%","51129/5125/338328/4023/23461/348/344/345/335/5360/350/3990",0.380730400722792
"GO:0099111","microtubule-based transport",156,-0.58744628637276,-1.50759001509609,0.00121975005830624,0.0364837342280644,0.0164978015842668,2477,"tags=35%, list=17%, signal=29%","3916/547/351/64400/27067/80173/81565/26985/3799/8655/8409/66000/22902/23162/998/55288/25999/29911/8120/3091/9531/11127/5195/55614/57728/26256/81832/7014/23095/6780/4976/1176/63971/3064/1780/117178/27342/83853/10947/8936/83658/282991/7846/51566/4744/10128/22920/5870/127829/54470/4133/55605/55860/3800",0.45505986738723
"GO:0016241","regulation of macroautophagy",166,-0.585943676664915,-1.50691597566323,0.00200464834291939,0.0500735564805823,0.0226430659282612,2238,"tags=36%, list=15%, signal=31%","8396/8454/54543/10524/79142/26471/1457/131540/7248/26232/7405/27244/528/9978/10059/7957/64112/23770/9550/55763/26235/7345/9531/664/529/112936/6829/5563/25793/10213/22954/526/9554/23265/23367/79594/29110/6721/3064/60412/9637/6500/51382/55737/23256/27429/523/23032/1459/203228/55294/291/1020/7319/26353/823/2931/534/10273/65018",0.431707695803346
"GO:0030099","myeloid cell differentiation",294,0.482338673383615,1.5065324686366,7.20744710720458e-05,0.00650887915681399,0.00294328963679615,2136,"tags=31%, list=15%, signal=27%","2124/714/2034/7305/87/7351/22985/9607/9935/1051/28982/3428/3071/85477/4627/7048/1436/23411/54209/150274/677/6776/2316/9173/972/9444/28996/10234/3635/7704/64783/6688/8544/23603/7049/8788/7538/10537/51266/23054/3205/920/9846/10272/3624/3605/4602/2815/54790/3553/3043/1880/4212/3930/1230/841/284266/1435/3045/23218/1050/4067/4869/975/63976/3815/126014/10202/4609/8837/51341/81570/133522/7098/3059/55027/3593/5138/8651/51542/3202/4057/7422/7189/7040/7099/51621/2752/796/9644",0.538434096309916
"GO:0048534","hematopoietic or lymphoid organ development",36,0.645079378299239,1.50622614388071,0.0232284078899862,0.181498508238561,0.0820729138646355,2203,"tags=22%, list=15%, signal=19%","4055/64332/10234/5788/6868/2304/7040/4041",0.352487857583619
"GO:0034368","protein-lipid complex remodeling",38,0.640203711503499,1.50605874059685,0.017505676550171,0.152602028182334,0.0690060388712135,2787,"tags=32%, list=19%, signal=26%","51129/5125/338328/4023/23461/348/344/345/335/5360/350/3990",0.352487857583619
"GO:0034369","plasma lipoprotein particle remodeling",38,0.640203711503499,1.50605874059685,0.017505676550171,0.152602028182334,0.0690060388712135,2787,"tags=32%, list=19%, signal=26%","51129/5125/338328/4023/23461/348/344/345/335/5360/350/3990",0.352487857583619
"GO:0051784","negative regulation of nuclear division",61,-0.642999442218954,-1.5059970137959,0.0135524839113956,0.131060467186713,0.0592650294422019,1309,"tags=13%, list=9%, signal=12%","324/1780/83658/51451/5347/1111/891/51143",0.380730400722792
"GO:0034370","triglyceride-rich lipoprotein particle remodeling",16,0.762161332302308,1.50559533688128,0.0244220443040616,0.185260059398124,0.0837738725519129,2787,"tags=56%, list=19%, signal=45%","51129/338328/4023/348/344/345/335/350/3990",0.352487857583619
"GO:1902108","regulation of mitochondrial membrane permeability involved in apoptotic process",26,-0.749448882292294,-1.50545370784507,0.0183320767431871,0.157669290084261,0.0712974348371781,2150,"tags=38%, list=15%, signal=33%","28978/55288/9026/664/1386/117145/79594/2932/282991/2931",0.352487857583619
"GO:0150076","neuroinflammatory response",68,0.570861513701186,1.50497923933272,0.0170493464922975,0.150495735202686,0.0680535814434914,682,"tags=19%, list=5%, signal=18%","7305/7132/712/6622/9839/5336/4137/3606/3684/54209/2896/3689/51063",0.352487857583619
"GO:2000010","positive regulation of protein localization to cell surface",14,0.776956001956854,1.50481762073646,0.0260989717972976,0.191800894460266,0.0867316125238157,45,"tags=7%, list=0%, signal=7%","7305",0.352487857583619
"GO:0006479","protein methylation",23,-0.769502090713523,-1.50471262305749,0.00907935197988159,0.104246055984166,0.0471396578217093,1760,"tags=39%, list=12%, signal=34%","80854/84193/2935/23463/51451/56341/5870/5110/25940",0.380730400722792
"GO:0008213","protein alkylation",23,-0.769502090713523,-1.50471262305749,0.00907935197988159,0.104246055984166,0.0471396578217093,1760,"tags=39%, list=12%, signal=34%","80854/84193/2935/23463/51451/56341/5870/5110/25940",0.380730400722792
"GO:0001774","microglial cell activation",39,0.631452913269773,1.50447559654393,0.012177494619865,0.124859202477917,0.0564608418528037,1441,"tags=31%, list=10%, signal=28%","7305/712/6622/4137/3684/54209/2896/3689/51063/5788/3553/3554",0.380730400722792
"GO:0002269","leukocyte activation involved in inflammatory response",39,0.631452913269773,1.50447559654393,0.012177494619865,0.124859202477917,0.0564608418528037,1441,"tags=31%, list=10%, signal=28%","7305/712/6622/4137/3684/54209/2896/3689/51063/5788/3553/3554",0.380730400722792
"GO:0032212","positive regulation of telomere maintenance via telomerase",21,-0.767048219102139,-1.50300194156205,0.0172142154407708,0.151341095657524,0.0684358501269519,1913,"tags=48%, list=13%, signal=41%","10694/7203/908/10574/10576/10575/8658/6950/22948/545",0.352487857583619
"GO:0006164","purine nucleotide biosynthetic process",137,-0.594038285778007,-1.50226708487363,0.00384068587290164,0.0727496589768323,0.0328971105759129,2606,"tags=32%, list=18%, signal=27%","1633/6391/4696/1716/84277/4698/4715/203/5636/4723/8833/374291/4719/6389/5471/6390/126328/2977/6774/55967/4712/4695/4714/4722/4704/4882/4720/4711/55022/51422/7415/4700/1353/4725/4716/3614/4718/10165/30968/4724/3251/65018/8382/142",0.431707695803346
"GO:0042311","vasodilation",41,0.624098656594025,1.5021243196329,0.0194632717065703,0.163505409542137,0.0739365051756534,2737,"tags=32%, list=19%, signal=26%","5175/3778/4846/5592/1373/4842/2549/150/796/7349/1910/116512/8850",0.352487857583619
"GO:0061756","leukocyte adhesion to vascular endothelial cell",48,0.6017072727211,1.50197751707488,0.0126472572478391,0.126634371078576,0.057263566134513,2686,"tags=33%, list=19%, signal=27%","6402/6404/3684/240/3689/9314/5970/2650/3676/10164/7189/6093/1524/4192/116844/6387",0.380730400722792
"GO:1903027","regulation of opsonization",16,0.760270868035208,1.50186085959353,0.0256533795958804,0.189118164179363,0.0855184924083755,979,"tags=19%, list=7%, signal=18%","718/5199/10584",0.352487857583619
"GO:0072009","nephron epithelium development",89,0.541587667439287,1.50166896340643,0.00484694707501266,0.0790467196453113,0.0357446167227136,2245,"tags=28%, list=15%, signal=24%","358/1906/5175/947/5311/7021/130497/55366/2719/6662/1909/30812/9863/6299/4609/26585/9356/26508/4851/6928/7422/7040/5076/182/4853",0.407017918923954
"GO:0043616","keratinocyte proliferation",36,0.642877350992518,1.501084526879,0.0234879404886735,0.181977763062949,0.0822896310173162,3279,"tags=44%, list=23%, signal=34%","23765/677/64332/55540/7538/3605/5796/4853/4192/116844/6591/2263/11202/10758/2255/2069",0.352487857583619
"GO:0051481","negative regulation of cytosolic calcium ion concentration",16,0.75986935509901,1.50106769943332,0.0256533795958804,0.189118164179363,0.0855184924083755,2173,"tags=38%, list=15%, signal=32%","1813/9607/4842/6546/796/477",0.352487857583619
"GO:0008089","anterograde axonal transport",38,-0.697440141673869,-1.50095528449283,0.015356441315582,0.140045054765955,0.0633278247216603,2217,"tags=37%, list=15%, signal=31%","26985/3799/23162/8120/11127/81832/23095/1176/10947/282991/127829/4133/55605/3800",0.380730400722792
"GO:0002443","leukocyte mediated immunity",308,0.476258840697183,1.50068623830321,0.000109860103997542,0.00811142647709564,0.00366795525227658,1693,"tags=19%, list=12%, signal=18%","718/713/714/7305/2212/140/712/64581/2207/1075/8832/5336/3071/3606/2013/1773/3684/54209/64332/972/2214/1512/8773/3635/715/10892/3122/567/1439/3689/4818/6688/10666/91543/9846/51311/3718/11126/80328/4843/28378/5788/6868/3553/3002/3133/8673/23207/80329/3554/4067/975/6844/3815/7855/6863/306/5294/924/5730",0.538434096309916
"GO:0072311","glomerular epithelial cell differentiation",18,0.739184540552778,1.5003119218225,0.0422795375313099,0.246946154536109,0.111668082934353,2646,"tags=33%, list=18%, signal=27%","1906/1909/9863/182/4853/8826",0.321775918075361
"GO:0001909","leukocyte mediated cytotoxicity",109,0.531599930302869,1.49971711072665,0.00592176811597185,0.0888454411265297,0.0401755601608522,1391,"tags=21%, list=10%, signal=19%","7305/2212/1075/3071/2013/1773/3684/64332/2214/1512/3635/3122/4818/6688/10666/11126/80328/4843/5788/3002/3133/23207/80329",0.407017918923954
"GO:0010833","telomere maintenance via telomere lengthening",60,-0.65315149300551,-1.499543723671,0.00649822621766315,0.0902830482785389,0.040825640478884,1984,"tags=30%, list=14%, signal=26%","10111/10694/54386/79618/7203/23381/908/7014/6117/7520/10574/10576/10575/8658/6950/22948/142/545",0.407017918923954
"GO:0002399","MHC class II protein complex assembly",10,0.828420743339237,1.4983518635661,0.0272951619208852,0.196037541476073,0.0886474076946838,1683,"tags=60%, list=12%, signal=53%","3115/3122/567/3109/3111/3108",0.352487857583619
"GO:0002503","peptide antigen assembly with MHC class II protein complex",10,0.828420743339237,1.4983518635661,0.0272951619208852,0.196037541476073,0.0886474076946838,1683,"tags=60%, list=12%, signal=53%","3115/3122/567/3109/3111/3108",0.352487857583619
"GO:0033280","response to vitamin D",35,0.638065918827268,1.49825462265468,0.0447078978090317,0.253867337498443,0.114797814735578,987,"tags=23%, list=7%, signal=21%","6781/5179/8614/8074/7706/1591/249/920",0.321775918075361
"GO:0071320","cellular response to cAMP",45,0.599592585752269,1.49808945553735,0.0257174524231397,0.189293348870006,0.0855977102386767,1443,"tags=24%, list=10%, signal=22%","358/6781/5311/5179/10411/677/1393/3488/23373/1080/1373",0.352487857583619
"GO:1901970","positive regulation of mitotic sister chromatid separation",18,-0.787332153543868,-1.4976721030496,0.0240608630211431,0.184022496331088,0.0832142513848373,658,"tags=17%, list=5%, signal=16%","286053/5347/8881",0.352487857583619
"GO:0006972","hyperosmotic response",23,0.705517813921535,1.49757747299278,0.0355317684213926,0.227496785291595,0.102873154412801,1303,"tags=35%, list=9%, signal=32%","358/80303/6750/23308/6513/79085/92241/9181",0.321775918075361
"GO:0072344","rescue of stalled cytosolic ribosome",25,-0.755049542434818,-1.49707674017016,0.00857928671173799,0.102776353056943,0.0464750639199564,3068,"tags=52%, list=21%, signal=41%","64320/9325/9470/23008/6059/55666/53918/10767/26058/7415/55325/8453/9604",0.380730400722792
"GO:0061951","establishment of protein localization to plasma membrane",50,-0.66862157697542,-1.49698343276225,0.010449034210297,0.115184658806467,0.052086051133406,2730,"tags=42%, list=19%, signal=34%","11031/10133/583/7879/25837/51125/9581/8674/23499/26088/64083/64689/8766/288/63971/55737/26003/23163/8548/1445/27032",0.380730400722792
"GO:0002262","myeloid cell homeostasis",99,0.541407155484239,1.49697451253616,0.00459412376673976,0.0781666855384417,0.0353466687497412,2118,"tags=26%, list=15%, signal=23%","2034/301/22985/9935/28982/3071/150274/677/28996/6688/7049/7538/3624/4602/6868/3043/3045/4067/3815/51341/3059/55027/3202/7422/51621/2752",0.407017918923954
"GO:0051251","positive regulation of lymphocyte activation",255,0.477297052945622,1.49648316836633,0.000164112219127921,0.0104144727165502,0.00470938373271668,2014,"tags=25%, list=14%, signal=22%","8477/301/7305/64581/865/3071/3606/7048/8660/3115/64332/972/2214/3635/7704/10892/3122/567/23308/30011/6688/5896/81704/57178/25/9580/920/6347/55012/11126/7293/6602/3109/5788/3553/2534/1880/3133/9655/140885/3481/8289/3111/558/6929/4067/975/55193/2033/6863/3108/54106/3586/3593/7494/8651/6604/2736/7525/7297/10148/79155/7189/7040",0.518848077743792
"GO:0061138","morphogenesis of a branching epithelium",77,0.561614278976553,1.496290327302,0.0051615411281106,0.0824442079510455,0.0372809476147896,1093,"tags=18%, list=8%, signal=17%","9620/1500/5311/23213/7048/3791/1512/55366/2022/6662/25/1909/30812/4233",0.407017918923954
"GO:0006900","vesicle budding from membrane",76,-0.630362344677956,-1.4961846022505,0.00728340873130979,0.0970100290011238,0.0438675547886595,1697,"tags=34%, list=12%, signal=30%","10342/8120/10427/284697/1173/64083/10959/84364/56681/58485/6281/27095/1176/23646/553115/8729/10113/8976/27183/10947/302/3638/51399/22872/8724/59349",0.407017918923954
"GO:1904262","negative regulation of TORC1 signaling",39,-0.691892447879677,-1.49613789112015,0.0206461358403264,0.170022744103104,0.0768836183130586,2626,"tags=44%, list=18%, signal=36%","7337/7321/143686/6396/5562/7248/26001/27244/55284/84335/56681/5563/29110/7334/5595/5567/7874",0.352487857583619
"GO:0061844","antimicrobial humoral immune response mediated by antimicrobial peptide",103,0.542714898665261,1.49579951823125,0.00459033772837708,0.0781666855384417,0.0353466687497412,2489,"tags=27%, list=17%, signal=23%","4922/10344/57817/567/6354/671/4589/6347/3605/6280/6863/6368/57115/354/6355/4057/3273/85569/796/5225/6364/116842/6359/6373/3627/6039/1672/9547",0.407017918923954
"GO:0071404","cellular response to low-density lipoprotein particle stimulus",25,0.688708024153586,1.49527272371584,0.0206544491778526,0.170022744103104,0.0768836183130586,2455,"tags=60%, list=17%, signal=50%","10628/2207/54209/19/4615/3689/4023/9655/975/928/7040/7099/6850/3949/207",0.352487857583619
"GO:0007032","endosome organization",86,-0.61737895987449,-1.49494691849589,0.00609826006766563,0.0894090926523728,0.0404304411710552,1966,"tags=30%, list=14%, signal=26%","440400/10564/8411/29911/8766/9101/1182/10015/950/23646/51028/7251/51382/51534/8027/79102/23317/523/27243/27183/55361/252839/29887/8724/51271/55353",0.407017918923954
"GO:0008643","carbohydrate transport",91,0.541159227881683,1.49458499388393,0.00905893041321238,0.104246055984166,0.0471396578217093,791,"tags=10%, list=5%, signal=9%","358/718/1500/9607/8660/55314/6518/6513/11132",0.380730400722792
"GO:0034219","carbohydrate transmembrane transport",91,0.541159227881683,1.49458499388393,0.00905893041321238,0.104246055984166,0.0471396578217093,791,"tags=10%, list=5%, signal=9%","358/718/1500/9607/8660/55314/6518/6513/11132",0.380730400722792
"GO:0002223","stimulatory C-type lectin receptor signaling pathway",21,0.713307629763288,1.49292291872854,0.0307734805388582,0.206639142249884,0.0934414100012627,2149,"tags=48%, list=15%, signal=41%","7305/64581/5336/1387/2534/4067/2033/3551/7189/6850",0.352487857583619
"GO:1990840","response to lectin",21,0.713307629763288,1.49292291872854,0.0307734805388582,0.206639142249884,0.0934414100012627,2149,"tags=48%, list=15%, signal=41%","7305/64581/5336/1387/2534/4067/2033/3551/7189/6850",0.352487857583619
"GO:1990858","cellular response to lectin",21,0.713307629763288,1.49292291872854,0.0307734805388582,0.206639142249884,0.0934414100012627,2149,"tags=48%, list=15%, signal=41%","7305/64581/5336/1387/2534/4067/2033/3551/7189/6850",0.352487857583619
"GO:0006414","translational elongation",52,-0.668179927352447,-1.49243800435816,0.0125423754943532,0.126634371078576,0.057263566134513,1621,"tags=27%, list=11%, signal=24%","53918/10102/65080/56648/85476/7284/10767/26058/22849/7415/55325/9775/8453/9604",0.380730400722792
"GO:0032303","regulation of icosanoid secretion",12,0.807820157762592,1.49170623012731,0.0246793723855385,0.185962652863413,0.0840915825624145,1213,"tags=25%, list=8%, signal=23%","1906/8529/3553",0.352487857583619
"GO:0140058","neuron projection arborization",25,-0.752156686650336,-1.49134092170499,0.010335642905202,0.11447212047837,0.051763844094931,1257,"tags=32%, list=9%, signal=29%","22891/25830/8636/84628/7846/8829/4649/10371",0.380730400722792
"GO:1902686","mitochondrial outer membrane permeabilization involved in programmed cell death",23,-0.762557326292036,-1.49113257588766,0.0124060814866972,0.126375181478373,0.057146361613448,2150,"tags=43%, list=15%, signal=37%","28978/55288/9026/664/1386/79594/10105/2932/282991/2931",0.380730400722792
"GO:1901526","positive regulation of mitophagy",17,-0.798286440379448,-1.49074015146838,0.0251279231444023,0.186643556467575,0.0843994845027494,1281,"tags=41%, list=9%, signal=38%","25793/79594/3064/291/7319/10273/65018",0.352487857583619
"GO:0008630","intrinsic apoptotic signaling pathway in response to DNA damage",76,0.566254018801348,1.49054425895318,0.00614113756318067,0.0895614347723491,0.0404993296804546,1633,"tags=25%, list=11%, signal=22%","7132/3428/138151/960/27141/79915/23411/972/28996/55075/4170/204851/25/23612/5371/10210/2033/54541/330",0.407017918923954
"GO:0060080","inhibitory postsynaptic potential",17,-0.798043622318422,-1.49028670692171,0.0254150963009818,0.18824809499907,0.085125050536134,1022,"tags=24%, list=7%, signal=22%","1137/6785/22999/2562",0.352487857583619
"GO:0071621","granulocyte chemotaxis",97,0.537260333572179,1.48990545022537,0.00426617083184866,0.0748268483109034,0.0338364074492055,2044,"tags=27%, list=14%, signal=23%","301/1906/3071/23765/719/7057/5747/1436/10344/972/1908/3689/6354/6347/57402/1907/1435/6280/5294/1240/683/6355/83700/7422/2660/728",0.407017918923954
"GO:0007608","sensory perception of smell",294,0.47699182452701,1.48983216685308,0.000104262214644939,0.00789702193504245,0.00357100235892835,4426,"tags=36%, list=31%, signal=25%","1813/567/127064/26248/26664/390201/390151/390326/219865/79345/120796/390648/390264/26659/81797/79544/26246/219477/119687/338675/2778/138803/109/120586/196335/26339/283189/390063/4995/387748/79339/390072/10941/219428/401666/344561/219960/26189/390054/391109/442184/219957/26737/390882/390038/390168/4993/120065/390445/81318/8390/26211/390154/390265/390113/390181/219875/26494/391112/219482/7932/8383/390155/219432/55188/128367/26338/81469/390195/390275/338662/390883/346517/119695/219874/120787/81328/135924/26493/138882/390058/143502/219858/158046/347169/284532/341359/390892/391191/390157/138805/219429/219493/286365/26476/26686/4994/390433/143503/219952/127385/81442/390036/8590/128372",0.538434096309916
"GO:1905517","macrophage migration",46,0.607928628963735,1.48978034520239,0.0162943638977924,0.146306563793562,0.0661592545558383,2523,"tags=43%, list=17%, signal=36%","719/7057/5747/1436/54209/64805/57509/23603/6347/1907/1435/975/1240/928/2660/728/1524/5919/4192/1910",0.352487857583619
"GO:0006457","protein folding",183,-0.572654289685851,-1.48948998540931,0.00204398003463478,0.0505185802244471,0.0228443039205312,2048,"tags=28%, list=14%, signal=25%","3301/1457/7248/3313/6904/10694/23386/80273/7203/5903/10450/3309/60626/23770/10471/9531/10465/55768/6782/908/9131/81572/957/821/202052/8872/2281/1047/10574/5202/10726/10105/9093/10576/27000/10856/10575/3337/2288/10808/7265/134218/7846/7266/10598/1191/5201/3308/6950/22948/1155/126393",0.431707695803346
"GO:0098581","detection of external biotic stimulus",20,0.717830311540951,1.48907366711824,0.040727474547962,0.244260817978582,0.110453784270841,3258,"tags=50%, list=22%, signal=39%","64581/54209/57115/54106/7099/93978/3164/912/23643/10392",0.321775918075361
"GO:0150063","visual system development",240,0.484479285500301,1.48786619899819,0.000227101411574684,0.0131279835482363,0.00593642269254661,1056,"tags=14%, list=7%, signal=13%","718/493/4647/2321/1813/121643/6297/712/9839/10253/84467/2202/3684/2353/84465/28996/7021/5080/64805/64093/84287/6497/10083/10252/204851/22882/6662/1745/7020/658/30812/3624/5158",0.518848077743792
"GO:0043588","skin development",201,0.490030659092711,1.48739190447563,0.00113352980600499,0.0352520262847645,0.01594082808119,1188,"tags=14%, list=8%, signal=13%","301/10628/9935/3673/3691/3606/3675/677/64332/342574/7021/4926/4615/27245/1009/6662/9314/7538/26154/79651/51350/1281/23369/3624/7053/3605/337966/353134",0.45505986738723
"GO:0048490","anterograde synaptic vesicle transport",15,-0.803556167929781,-1.48683377751361,0.0390358353247324,0.239311074001232,0.108215529449644,1617,"tags=40%, list=11%, signal=36%","8120/23095/1176/10947/282991/4133",0.321775918075361
"GO:0099514","synaptic vesicle cytoskeletal transport",15,-0.803556167929781,-1.48683377751361,0.0390358353247324,0.239311074001232,0.108215529449644,1617,"tags=40%, list=11%, signal=36%","8120/23095/1176/10947/282991/4133",0.321775918075361
"GO:0099517","synaptic vesicle transport along microtubule",15,-0.803556167929781,-1.48683377751361,0.0390358353247324,0.239311074001232,0.108215529449644,1617,"tags=40%, list=11%, signal=36%","8120/23095/1176/10947/282991/4133",0.321775918075361
"GO:0002573","myeloid leukocyte differentiation",179,0.494391863570336,1.48646365971339,0.00176495503732203,0.0465630834565407,0.0210556437895206,2049,"tags=34%, list=14%, signal=30%","2124/714/7305/7351/22985/9607/9935/1051/3428/4627/7048/1436/23411/54209/677/6776/9173/972/9444/10234/3635/6688/8544/23603/8788/10537/920/9846/10272/3624/3605/3553/1880/3930/1230/841/284266/1435/1050/4067/4869/975/63976/3815/126014/10202/4609/8837/81570/133522/7098/3059/3593/5138/8651/51542/4057/7422/7189/7040/7099",0.45505986738723
"GO:0000959","mitochondrial RNA metabolic process",47,-0.663312617565205,-1.48604086287907,0.0161911640044518,0.145658440928938,0.0658661759374063,1970,"tags=26%, list=14%, signal=22%","5562/6182/80222/51654/64216/26995/60493/55149/6832/9238/10128/2926",0.352487857583619
"GO:0033631","cell-cell adhesion mediated by integrin",26,0.674927184122349,1.48566251897029,0.0381416097337028,0.237198671566213,0.107260309350156,658,"tags=15%, list=5%, signal=15%","3687/5747/3684/3689",0.321775918075361
"GO:0031345","negative regulation of cell projection organization",135,-0.583320363927283,-1.48542157919957,0.00630268942534594,0.0897701407737522,0.0405937057160619,1648,"tags=24%, list=11%, signal=21%","382/115704/6049/64689/9856/1630/5793/22891/5621/22954/3066/4134/51225/5728/1809/56896/11075/7224/2665/6696/5802/2288/5780/9353/6695/7533/117177/4133/5217/2904/5376/10371",0.407017918923954
"GO:0008637","apoptotic mitochondrial changes",84,-0.626185842356972,-1.48539627931693,0.00375840374038062,0.0717457884749082,0.0324431642705946,2334,"tags=30%, list=16%, signal=25%","637/64422/28978/55288/8743/2537/10059/64112/2395/9026/664/1386/5716/117145/4976/79594/10962/55737/10105/2932/92609/282991/1191/2931/65018",0.431707695803346
"GO:0043001","Golgi to plasma membrane protein transport",37,-0.70006531267382,-1.48495285218593,0.0147507218181958,0.13771250429075,0.0622730545414847,2730,"tags=46%, list=19%, signal=37%","11031/10133/583/25837/51125/9581/8674/23499/26088/64083/8766/288/63971/23163/8548/1445/27032",0.380730400722792
"GO:0032613","interleukin-10 production",49,0.597474129739268,1.48472316111628,0.0208097873592261,0.170022744103104,0.0768836183130586,2900,"tags=45%, list=20%, signal=36%","7305/64581/353514/5336/7057/54209/54502/3718/54106/3593/10148/7099/6850/9466/3662/2213/695/9636/3329/3596/940/85480",0.352487857583619
"GO:0032653","regulation of interleukin-10 production",49,0.597474129739268,1.48472316111628,0.0208097873592261,0.170022744103104,0.0768836183130586,2900,"tags=45%, list=20%, signal=36%","7305/64581/353514/5336/7057/54209/54502/3718/54106/3593/10148/7099/6850/9466/3662/2213/695/9636/3329/3596/940/85480",0.352487857583619
"GO:0045589","regulation of regulatory T cell differentiation",39,-0.68647992508887,-1.48443393271059,0.0250609797313876,0.186507703357522,0.0843380522589923,423,"tags=15%, list=3%, signal=15%","5690/5688/5691/5684/5683/5682",0.352487857583619
"GO:0045637","regulation of myeloid cell differentiation",146,0.510835629331311,1.48334789462874,0.00303044751794815,0.0616986136180449,0.0278998711900453,2127,"tags=32%, list=15%, signal=27%","2124/714/7305/22985/9607/9935/1051/3071/85477/54209/677/972/9444/10234/3635/7704/64783/6688/23603/8788/7538/3205/920/10272/3624/3605/4602/4212/1230/841/1435/4067/63976/4609/133522/7098/3059/3593/3202/4057/7189/7040/7099/51621/2752/796",0.431707695803346
"GO:0033273","response to vitamin",80,0.545660277647427,1.48190698292454,0.00891031423146781,0.104246055984166,0.0471396578217093,987,"tags=15%, list=7%, signal=14%","6781/3673/5179/8614/64332/19/8074/7706/1788/1591/249/920",0.380730400722792
"GO:0033489","cholesterol biosynthetic process via desmosterol",17,-0.793230769456741,-1.48129906459046,0.0282868295921852,0.198903561938959,0.089943410911832,911,"tags=35%, list=6%, signal=33%","3157/6713/3156/3422/64801/2222",0.352487857583619
"GO:0002091","negative regulation of receptor internalization",14,-0.816534689795897,-1.4807800017659,0.0150306262571217,0.138944529337487,0.0628301714374925,1849,"tags=36%, list=13%, signal=31%","8898/6386/302/84058/6311",0.380730400722792
"GO:0022406","membrane docking",71,-0.633596964118093,-1.48029466066961,0.00785662624458464,0.0992509158109943,0.0448808750187363,1980,"tags=25%, list=14%, signal=22%","488/55770/55763/8417/6812/23265/6811/60412/11336/80184/9482/8615/10652/8724/7430/22999/23673/117177",0.380730400722792
"GO:0045333","cellular respiration",221,-0.56028564455552,-1.47948168597533,0.000856424435098626,0.0287269224801653,0.0129902017222738,2601,"tags=37%, list=18%, signal=31%","3416/27089/6391/27069/4696/1716/84277/351/9377/4698/4715/7384/48/4723/5571/2645/28964/26471/5160/4190/374291/3939/5562/4719/55572/6389/669/6390/4191/3091/230/7345/126328/7385/55967/4712/80219/4967/2027/10295/5563/1329/4695/538/4714/55753/1347/56910/4722/1537/5213/4704/5165/5018/54902/4720/1431/10105/4711/1737/1738/51422/5515/3052/8050/7415/4700/9927/11315/1351/7381/8803/4725/4716/3420/4718/10165/30968/4724/5214/65018/891",0.477270815362862
"GO:2000573","positive regulation of DNA biosynthetic process",41,-0.669645411331385,-1.47933617036103,0.0283069885118502,0.198903561938959,0.089943410911832,1913,"tags=27%, list=13%, signal=23%","10694/7203/908/3356/10574/10576/10575/8658/6950/22948/545",0.352487857583619
"GO:0032786","positive regulation of DNA-templated transcription, elongation",54,-0.660019650924634,-1.47928539313892,0.0143398881580717,0.135493188712886,0.0612694887379517,2787,"tags=39%, list=19%, signal=32%","1499/51586/905/5499/9439/10001/8812/51003/5469/4686/6829/84246/6827/1025/2962/123169/55837/9412/2074/112950/142",0.380730400722792
"GO:0008053","mitochondrial fusion",27,-0.722455414666491,-1.47922785707511,0.0315242879381437,0.209357028853832,0.0946704276681541,1527,"tags=33%, list=11%, signal=30%","139341/664/4976/79594/23788/55022/9927/30968/54927",0.321775918075361
"GO:0051650","establishment of vesicle localization",157,-0.57994640050249,-1.47891624605641,0.0022927815388175,0.053461926281995,0.024175273468432,1803,"tags=32%, list=12%, signal=28%","55770/55327/10342/55763/8120/55773/284697/11127/83930/55614/10959/84364/8766/56681/58485/6386/23095/6812/10015/27095/23122/23265/5864/1176/63971/3064/60412/7251/553115/1780/8027/11336/8729/27243/10113/8976/27183/10947/8618/282991/51399/10652/22920/1020/55212/4133/59349/65018/23332/3800",0.431707695803346
"GO:0045005","DNA-templated DNA replication maintenance of fidelity",54,-0.659840852402249,-1.47888465652129,0.0145769057508815,0.136715804231802,0.0618223506823685,2271,"tags=33%, list=16%, signal=28%","8450/91607/54962/8655/29980/10111/9978/4683/25842/22891/1025/5889/6596/84083/1642/5428/142/545",0.380730400722792
"GO:0048706","embryonic skeletal system development",60,0.568406111905944,1.47787322480648,0.0164207192720551,0.146879424193468,0.0664182997827894,2858,"tags=35%, list=20%, signal=28%","23213/7048/5125/130497/1745/7020/3200/1909/3205/10522/3233/51496/1954/55959/3232/25902/5950/3975/3213/7481/2263",0.352487857583619
"GO:1902850","microtubule cytoskeleton organization involved in mitosis",126,-0.591007145144451,-1.47777068819785,0.00591638447359844,0.0888454411265297,0.0401755601608522,1491,"tags=21%, list=10%, signal=19%","1213/3688/8766/56647/23122/4134/6867/3064/8841/10726/79884/7283/2009/27243/27175/7415/9793/5347/10540/4733/8658/10671/5901/6790/23332/891",0.407017918923954
"GO:0006968","cellular defense response",41,0.613839925841033,1.47743288857497,0.0284602162139307,0.199476381105401,0.0902024374931722,2354,"tags=27%, list=16%, signal=23%","7305/5970/3959/10871/922/8061/5551/9436/728/1524/1235",0.352487857583619
"GO:0061003","positive regulation of dendritic spine morphogenesis",15,-0.798317082651656,-1.47713980804927,0.0434056761268781,0.249838558177762,0.112976016521505,2357,"tags=53%, list=16%, signal=45%","27067/170506/10458/5789/7804/816/22924/65981",0.282013350011725
"GO:0046683","response to organophosphorus",108,0.526497842447144,1.47700501679037,0.00715393012122174,0.0968151465396464,0.0437794297036117,1443,"tags=19%, list=10%, signal=18%","358/7425/6781/5311/7155/5027/5179/10411/2353/677/1393/64805/1902/3488/87178/7150/23373/1080/22953/51284/1373",0.407017918923954
"GO:1901978","positive regulation of cell cycle checkpoint",21,-0.753484109900088,-1.47642358317656,0.0238243527230731,0.183474206318895,0.0829663167908826,898,"tags=14%, list=6%, signal=13%","1780/83658/51143",0.352487857583619
"GO:0009220","pyrimidine ribonucleotide biosynthetic process",19,-0.781272779914083,-1.47626643756366,0.0236026092430671,0.1822991003379,0.0824349384732532,834,"tags=16%, list=6%, signal=15%","51727/7371/8382",0.352487857583619
"GO:0043473","pigmentation",75,-0.618200890008631,-1.47600211070183,0.0060404976438889,0.0894090926523728,0.0404304411710552,1387,"tags=19%, list=10%, signal=17%","8766/8975/538/84079/1176/63971/8905/1174/84343/282991/164/4763/55212/7306",0.407017918923954
"GO:0009148","pyrimidine nucleoside triphosphate biosynthetic process",12,-0.8379581432798,-1.47576919214887,0.0255829165444598,0.189118164179363,0.0855184924083755,143,"tags=17%, list=1%, signal=17%","7371/8382",0.352487857583619
"GO:0009147","pyrimidine nucleoside triphosphate metabolic process",17,-0.790089953239689,-1.47543382549042,0.0308462603741842,0.206639142249884,0.0934414100012627,1308,"tags=24%, list=9%, signal=21%","9583/79077/7371/8382",0.352487857583619
"GO:1902110","positive regulation of mitochondrial membrane permeability involved in apoptotic process",21,-0.752691746549664,-1.47487097719372,0.0243751987436585,0.185260059398124,0.0837738725519129,2150,"tags=43%, list=15%, signal=37%","28978/55288/9026/664/1386/79594/2932/282991/2931",0.352487857583619
"GO:0160165","CD8-positive, alpha-beta T cell homeostasis",13,-0.828130665931621,-1.47461682638802,0.017941241167498,0.155811014626109,0.0704571299603289,423,"tags=46%, list=3%, signal=45%","5690/5688/5691/5684/5683/5682",0.352487857583619
"GO:0030513","positive regulation of BMP signaling pathway",22,0.705816427673009,1.47425919755136,0.0334413578207697,0.219024569492795,0.0990420516437167,1212,"tags=27%, list=8%, signal=25%","1003/23213/3791/4926/2022/23090",0.321775918075361
"GO:0003073","regulation of systemic arterial blood pressure",77,0.553320811236153,1.4741943158146,0.0062755252981835,0.0897701407737522,0.0405937057160619,1813,"tags=22%, list=13%, signal=19%","1906/1813/9607/5125/4846/6518/7168/1908/5331/2022/5021/1907/7026/6863/1359/5972/354",0.407017918923954
"GO:0006641","triglyceride metabolic process",78,0.540356028867097,1.47416390903147,0.0159660485016008,0.144463513995216,0.0653258346626616,1921,"tags=21%, list=13%, signal=18%","718/27141/23411/151056/338328/79143/10298/2180/4023/6653/150094/348/1373/256356/344/10062",0.352487857583619
"GO:0008045","motor neuron axon guidance",15,-0.796648073928652,-1.47405161254612,0.0450751252086811,0.254730328695415,0.115188055971511,1052,"tags=33%, list=7%, signal=31%","5881/9353/1123/8829/10371",0.276500599254472
"GO:0034502","protein localization to chromosome",72,-0.62251826106797,-1.47399616690776,0.0135637536313336,0.131060467186713,0.0592650294422019,2140,"tags=29%, list=15%, signal=25%","7518/10664/54386/6118/4683/80124/3717/25900/7014/6117/1025/7520/6596/7415/2074/5347/10927/8658/142/11073/545",0.380730400722792
"GO:0010875","positive regulation of cholesterol efflux",24,0.678159494576884,1.4735156151866,0.0350594880379037,0.226442268522462,0.102396306064009,3002,"tags=50%, list=21%, signal=40%","23411/54209/19/26154/10351/348/29801/10062/335/5360/5444/4035",0.321775918075361
"GO:0002468","dendritic cell antigen processing and presentation",11,0.817422189355497,1.47324993549392,0.0278383492227934,0.198220732707493,0.0896346382103795,598,"tags=27%, list=4%, signal=26%","7057/972/3122",0.352487857583619
"GO:0001936","regulation of endothelial cell proliferation",110,0.52464085436068,1.47302899829885,0.00486967609041202,0.0790467196453113,0.0357446167227136,2694,"tags=38%, list=19%, signal=31%","2321/23213/187/7057/23411/240/10344/3791/6776/8828/889/2022/6347/253260/5365/6868/348/7026/6667/79031/64102/3676/3586/3593/79805/7422/84913/9037/5578/1893/1535/1950/207/6678/4192/5617/22846/116844/350/54567/6387/3164",0.407017918923954
"GO:0006221","pyrimidine nucleotide biosynthetic process",27,-0.718741751812025,-1.47162413034736,0.0325839033340853,0.214305336214096,0.0969080328567373,1255,"tags=15%, list=9%, signal=14%","6470/51727/7371/8382",0.321775918075361
"GO:0035050","embryonic heart tube development",49,0.591871857800113,1.47080151582837,0.0232263760434895,0.181498508238561,0.0820729138646355,1645,"tags=22%, list=11%, signal=20%","1906/121643/5311/187/7048/2022/1909/1954/54345/6722/7547",0.352487857583619
"GO:0048754","branching morphogenesis of an epithelial tube",74,0.549944700651898,1.4706665833359,0.0107539204441246,0.116920317799912,0.0528709093256295,2088,"tags=27%, list=14%, signal=23%","9620/1500/5311/7048/3791/1512/55366/2022/6662/25/1909/30812/4233/6299/4609/26585/2736/7422/7040/5076",0.380730400722792
"GO:0003014","renal system process",111,0.516668715516727,1.47051222566646,0.00883711277279328,0.104246055984166,0.0471396578217093,957,"tags=17%, list=7%, signal=16%","358/2934/1906/947/6781/525/3778/23213/6446/2013/5125/3675/112/8529/54885/63929/4883/10686/1909",0.380730400722792
"GO:2000134","negative regulation of G1/S transition of mitotic cell cycle",44,0.607001656842127,1.46950475897371,0.0292559732171227,0.202109571304812,0.0913931557779825,1043,"tags=18%, list=7%, signal=17%","11170/5311/5934/1017/51379/9314/6347/3624",0.352487857583619
"GO:0007584","response to nutrient",141,0.505775360130933,1.46914202059512,0.0043991024435382,0.0759492098340272,0.0343439349297688,2323,"tags=24%, list=16%, signal=20%","6781/3673/5179/51085/2729/1536/8614/4144/64332/19/8473/6750/8074/7706/2180/1788/1591/249/920/4023/340024/2771/6722/5337/8942/8644/7494/1592/7040/2350/7019/4780/3627/2194",0.407017918923954
"GO:0034384","high-density lipoprotein particle clearance",11,0.81472255343492,1.46838434890031,0.0290941914481428,0.202109571304812,0.0913931557779825,2522,"tags=55%, list=17%, signal=45%","54209/348/344/3949/345/335",0.352487857583619
"GO:0140056","organelle localization by membrane tethering",62,-0.640024110998901,-1.46796514691737,0.019325220120047,0.162969744865659,0.0736942797090115,1980,"tags=26%, list=14%, signal=22%","488/55770/55763/8417/6812/23265/6811/60412/11336/80184/9482/8615/10652/22999/23673/117177",0.352487857583619
"GO:0045061","thymic T cell selection",25,-0.740036339233994,-1.46730926658833,0.0142457992531897,0.135148026854503,0.06111340789879,423,"tags=24%, list=3%, signal=23%","5690/5688/5691/5684/5683/5682",0.380730400722792
"GO:0033032","regulation of myeloid cell apoptotic process",16,0.742589289686566,1.46693216302741,0.0371458864192968,0.234851222117458,0.106198801912551,1208,"tags=19%, list=8%, signal=17%","301/23411/6868",0.321775918075361
"GO:0048193","Golgi vesicle transport",271,-0.545607290541221,-1.4665274205235,0.00126867098852602,0.0377068288741658,0.0170508801881186,2633,"tags=38%, list=18%, signal=31%","222068/11236/11070/5584/583/10802/6396/126003/3916/90522/9117/10067/51290/6293/57120/25837/26985/122553/114815/2801/10134/5877/286451/23230/53916/51125/9581/8907/55297/399687/7405/10564/160/8674/377/23499/55770/25839/65258/10342/51552/5875/55763/9382/26088/10427/372/1315/1173/64083/51560/55614/64746/22818/10959/84364/8766/56681/53407/58485/10213/288/27095/9554/403/6811/28952/662/1176/63971/3064/60412/1314/2060/553115/30845/378/23256/8729/10113/7415/23163/8548/10947/29097/3638/1445/29959/51399/55850/164/8615/10652/5870/22872/8724/57410/117177/59349/9522/11316/27032",0.45505986738723
"GO:0090278","negative regulation of peptide hormone secretion",29,0.656995961569072,1.4658795076021,0.018752167275716,0.159818833986865,0.0722694501626965,497,"tags=21%, list=3%, signal=20%","7351/1813/9607/2775/1393/152",0.352487857583619
"GO:2000047","regulation of cell-cell adhesion mediated by cadherin",16,0.741950509518224,1.46567029837752,0.03796678172477,0.236775573677981,0.107068986143843,2014,"tags=31%, list=14%, signal=27%","8728/3170/4851/7422/7040",0.321775918075361
"GO:0010594","regulation of endothelial cell migration",151,0.49702700317551,1.46555075141093,0.00272600429849388,0.0584534985649647,0.0264324428854434,2213,"tags=32%, list=15%, signal=28%","301/493/1906/56999/6672/6781/7057/2013/5747/10014/23411/3791/4846/6776/2896/8828/889/51564/7049/9314/25/154796/4233/4204/6868/348/1942/7026/6667/54453/2549/306/5294/5606/26585/9564/1634/3728/4851/7422/7040/3273/84913/10769/2303/2752/27286/9037/5578",0.431707695803346
"GO:0001906","cell killing",199,0.490237381466914,1.46553059803873,0.000800521408741884,0.0280540935481484,0.0126859511170265,2805,"tags=30%, list=19%, signal=25%","4922/7305/2212/388646/1075/3071/2013/1773/3684/64332/3075/2214/57817/1512/4069/3635/3122/4818/6688/4589/10666/11126/80328/4843/5788/3002/3133/23207/80329/6863/57115/3593/5551/6355/3820/4057/140880/2999/7040/911/57151/57823/4277/6364/6373/245939/3627/1524/730/9547/914/3500/2213/727/6387/910/387837/84868/912/3596",0.477270815362862
"GO:0006879","intracellular iron ion homeostasis",64,0.557707078818772,1.46452054041493,0.0235222534453173,0.181977763062949,0.0822896310173162,624,"tags=12%, list=4%, signal=12%","1356/28982/23516/79901/57817/2512/567/1534",0.352487857583619
"GO:1902410","mitotic cytokinetic process",35,-0.686336967663338,-1.46439590514258,0.0462241993767282,0.256839137182977,0.11614165090205,1648,"tags=26%, list=11%, signal=23%","382/84936/9110/8766/10015/23265/27243/27183/5347",0.321775918075361
"GO:0032095","regulation of response to food",22,0.700834154044326,1.463852578445,0.0373248192661478,0.234956234951515,0.106246288304412,313,"tags=9%, list=2%, signal=9%","9607/9518",0.321775918075361
"GO:0070585","protein localization to mitochondrion",111,-0.593460573009751,-1.46311510237088,0.0107301561351035,0.116920317799912,0.0528709093256295,2519,"tags=40%, list=17%, signal=33%","56993/100188893/29928/26519/728489/54332/7384/134266/54543/10134/26517/3301/84134/5562/80273/9512/10059/64112/23770/131118/9131/56947/55750/25793/9520/10651/10469/6721/5018/23788/27429/23098/10440/5300/10055/1459/92609/55294/3308/100287932/2931/25813/65018/10953",0.380730400722792
"GO:0050909","sensory perception of taste",46,0.596917956238227,1.46279776364198,0.0238730100994019,0.183474206318895,0.0829663167908826,1601,"tags=15%, list=11%, signal=14%","5330/6340/5284/342372/50837/50838/54429",0.352487857583619
"GO:0043279","response to alkaloid",74,0.546307493810531,1.46093993527122,0.0115275708866757,0.121469807364569,0.0549281706705955,827,"tags=14%, list=6%, signal=13%","7052/1813/6622/9607/10014/2890/6507/1393/779/1788",0.380730400722792
"GO:0086010","membrane depolarization during action potential",31,-0.698337573041702,-1.46003939641045,0.0300328906089967,0.205290326491774,0.0928314808034471,1169,"tags=26%, list=8%, signal=24%","288/6330/6323/8913/6334/783/7533/287",0.352487857583619
"GO:0048814","regulation of dendrite morphogenesis",50,-0.652034412830797,-1.4598462676212,0.0152872681565028,0.140045054765955,0.0633278247216603,1825,"tags=32%, list=13%, signal=28%","1136/5789/64689/84079/1141/7804/56896/7224/2932/23098/816/22924/7533/23072/23327/65981",0.380730400722792
"GO:0050886","endocrine process",84,0.550371015585551,1.45971253644814,0.0046815763004033,0.0789579443246111,0.0357044728707346,2347,"tags=27%, list=16%, signal=23%","1906/114897/5125/4846/114899/1393/1601/1908/3624/3553/5021/6865/1907/1588/6863/3625/1359/5972/80223/1407/64111/7349/1535",0.407017918923954
"GO:0033059","cellular pigmentation",55,-0.63582097090189,-1.45927813285615,0.0268855471948993,0.195279678622374,0.0883047050834256,2217,"tags=27%, list=15%, signal=23%","26985/9230/8907/1130/8766/84079/1176/63971/8905/1174/84343/282991/164/55212/7306",0.352487857583619
"GO:0048593","camera-type eye morphogenesis",70,0.552815749848401,1.45913028500427,0.00856753349052542,0.102776353056943,0.0464750639199564,2490,"tags=30%, list=17%, signal=25%","121643/84465/28996/7021/5080/6497/10083/204851/22882/6662/7020/30812/10210/7855/1826/7422/5076/4041/6659/5950/3975",0.380730400722792
"GO:0098884","postsynaptic neurotransmitter receptor internalization",31,-0.69786254587526,-1.45904624008585,0.0300328906089967,0.205290326491774,0.0928314808034471,2217,"tags=35%, list=15%, signal=30%","26985/4983/163/161/160/1173/2060/64854/1175/55697/3084",0.352487857583619
"GO:0099590","neurotransmitter receptor internalization",31,-0.69786254587526,-1.45904624008585,0.0300328906089967,0.205290326491774,0.0928314808034471,2217,"tags=35%, list=15%, signal=30%","26985/4983/163/161/160/1173/2060/64854/1175/55697/3084",0.352487857583619
"GO:0140239","postsynaptic endocytosis",31,-0.69786254587526,-1.45904624008585,0.0300328906089967,0.205290326491774,0.0928314808034471,2217,"tags=35%, list=15%, signal=30%","26985/4983/163/161/160/1173/2060/64854/1175/55697/3084",0.352487857583619
"GO:0090494","dopamine uptake",16,0.738422483859117,1.45870093538884,0.0416608125918273,0.246038555460376,0.111257670190529,1136,"tags=25%, list=8%, signal=23%","1813/6622/6581/6570",0.321775918075361
"GO:0060071","Wnt signaling pathway, planar cell polarity pathway",34,0.632100716505061,1.45853224796805,0.0397209851450466,0.240994504187518,0.108976769980033,1531,"tags=21%, list=11%, signal=18%","9620/64750/1601/1952/57154/1857/9863",0.321775918075361
"GO:0099550","trans-synaptic signaling, modulating synaptic transmission",23,0.687037057119067,1.45834903038635,0.0476879984617097,0.261921451200221,0.118439853375549,1167,"tags=17%, list=8%, signal=16%","2895/114899/26050/165257",0.321775918075361
"GO:0001990","regulation of systemic arterial blood pressure by hormone",39,0.612067115482569,1.45828773506213,0.0184523342262364,0.158413458000742,0.0716339446515171,1777,"tags=21%, list=12%, signal=18%","1906/5125/4846/1908/5021/1907/1359/5972",0.352487857583619
"GO:0019883","antigen processing and presentation of endogenous antigen",24,0.671057993506627,1.45808536197631,0.0377737346786372,0.235884917620851,0.106666234966606,3115,"tags=46%, list=21%, signal=36%","972/3122/567/80328/3133/80329/911/64167/910/912/51752",0.321775918075361
"GO:0050673","epithelial cell proliferation",279,0.46858202458002,1.45763615589902,0.000224802014587688,0.0131279835482363,0.00593642269254661,2694,"tags=32%, list=19%, signal=26%","2321/9607/947/2191/9839/1051/23213/187/23765/7057/2065/23411/240/10344/3791/677/6776/64332/130497/1601/55540/1956/2896/8828/567/889/2022/6662/7049/7538/2081/6239/10413/6347/253260/3605/60675/5365/6868/10522/84432/348/7026/79400/6667/79031/6934/64102/3815/4609/8837/6195/4321/3676/3586/3912/3593/5796/7494/79805/7422/2066/7040/728/84913/5076/796/90070/653/9037/5578/1893/4853/1535/1950/282679/207/6678/4192/1910/5617/22846/116844/350/54567/6387/54959/695/3164",0.518848077743792
"GO:0015908","fatty acid transport",96,0.528419247188612,1.45760744453354,0.00824358236646624,0.0997728422498079,0.0451168881081669,1450,"tags=21%, list=10%, signal=19%","1906/7351/1813/11309/51703/7057/8660/8529/28231/5375/2180/6513/29803/116362/4843/83758/3553/348/10257/4067",0.380730400722792
"GO:0002062","chondrocyte differentiation",71,0.548056532865303,1.45720138306697,0.010579386725966,0.116076635666207,0.0524893995724051,2064,"tags=21%, list=14%, signal=18%","23213/2202/85477/23516/130497/7704/55553/6662/658/1281/51496/55959/26585/7040/64764",0.380730400722792
"GO:0099149","regulation of postsynaptic neurotransmitter receptor internalization",23,-0.745128482908329,-1.45705157602912,0.0203527273823966,0.1694617159357,0.0766299235752567,484,"tags=13%, list=3%, signal=13%","64854/55697/3084",0.352487857583619
"GO:0048813","dendrite morphogenesis",101,-0.5960017480347,-1.45693190984979,0.00912065109312953,0.10446482325204,0.0472385835225695,1460,"tags=26%, list=10%, signal=23%","64689/5063/22891/84079/1141/25830/7804/51225/5728/56896/7224/2932/23098/816/4135/8976/22924/4205/7533/23072/1020/23327/8829/4133/65981/10371",0.380730400722792
"GO:0007340","acrosome reaction",26,-0.72468579637934,-1.45571091632697,0.0304115122632711,0.205723973375576,0.0930275742241997,1677,"tags=27%, list=12%, signal=24%","11057/7142/6812/5864/22999/23236/55521",0.352487857583619
"GO:0090232","positive regulation of spindle checkpoint",20,-0.761794320391802,-1.45562597754451,0.0278589615815471,0.198220732707493,0.0896346382103795,898,"tags=15%, list=6%, signal=14%","1780/83658/51143",0.352487857583619
"GO:0090267","positive regulation of mitotic cell cycle spindle assembly checkpoint",20,-0.761794320391802,-1.45562597754451,0.0278589615815471,0.198220732707493,0.0896346382103795,898,"tags=15%, list=6%, signal=14%","1780/83658/51143",0.352487857583619
"GO:1904356","regulation of telomere maintenance via telomere lengthening",45,-0.663497619014689,-1.45551141133906,0.0244203231066755,0.185260059398124,0.0837738725519129,1913,"tags=29%, list=13%, signal=25%","10694/7203/23381/908/7014/10574/10576/10575/8658/6950/22948/142/545",0.352487857583619
"GO:0035973","aggrephagy",16,-0.77650900143324,-1.45493022228909,0.0338950402125022,0.220764367320264,0.0998287814004595,2834,"tags=62%, list=20%, signal=50%","9474/84971/115201/10524/1457/131540/9531/3064/26353/84938",0.321775918075361
"GO:0030218","erythrocyte differentiation",83,0.536890755886233,1.45416717111077,0.0129172840102397,0.128174872968832,0.0579601750497833,2383,"tags=33%, list=16%, signal=27%","2034/22985/9935/28982/3071/150274/677/28996/6688/7049/7538/3624/4602/3043/3045/4067/3815/51341/3059/55027/3202/7422/51621/2752/6510/10019/25893",0.380730400722792
"GO:0070936","protein K48-linked ubiquitination",88,-0.6089055841556,-1.45360170358249,0.00668909409038759,0.0926607252166965,0.0419008166686896,1514,"tags=23%, list=10%, signal=20%","6049/10393/51619/25793/7326/996/26249/6500/23077/3093/8945/9690/997/8881/25847/7319/56888/7325/23327/7322",0.407017918923954
"GO:0006120","mitochondrial electron transport, NADH to ubiquinone",37,-0.685181832824034,-1.45338256088128,0.0244988281273925,0.185260059398124,0.0837738725519129,2397,"tags=54%, list=17%, signal=45%","4698/4715/4723/374291/4719/126328/4712/4695/4714/4722/4704/4720/4711/4700/11315/4725/4716/4718/4724/65018",0.352487857583619
"GO:0060324","face development",20,0.70048384951555,1.45309000997197,0.0493018766727305,0.264852474320783,0.119765250539657,2095,"tags=40%, list=14%, signal=34%","29123/6497/1909/7043/2033/7547/7040/7122",0.321775918075361
"GO:0001101","response to acid chemical",87,0.530057158130858,1.45199528371193,0.00742226604213197,0.0970890287851023,0.0439032781812576,1598,"tags=23%, list=11%, signal=21%","493/1906/5311/2729/1536/2890/4144/6494/1956/6750/4615/2906/2742/10670/8140/2534/1373/4067/3182/2033",0.407017918923954
"GO:0016226","iron-sulfur cluster assembly",20,-0.759841305669738,-1.45189418421413,0.0420168067226891,0.246038555460376,0.111257670190529,1959,"tags=50%, list=14%, signal=43%","3313/57019/80224/2395/9391/27247/9054/81689/122961/64210",0.287857117255149
"GO:0031163","metallo-sulfur cluster assembly",20,-0.759841305669738,-1.45189418421413,0.0420168067226891,0.246038555460376,0.111257670190529,1959,"tags=50%, list=14%, signal=43%","3313/57019/80224/2395/9391/27247/9054/81689/122961/64210",0.287857117255149
"GO:0033146","regulation of intracellular estrogen receptor signaling pathway",24,-0.718057426607873,-1.451847229957,0.0302712468836713,0.205499099158744,0.0929258869849627,1951,"tags=33%, list=13%, signal=29%","81606/5058/3670/3066/23558/55325/23019/142",0.352487857583619
"GO:0060326","cell chemotaxis",248,0.473335140928818,1.45149476966526,0.000348044314745218,0.0170251677296202,0.00769871410054501,2354,"tags=29%, list=16%, signal=24%","718/301/1906/2321/5330/3071/23765/719/7057/5747/1436/240/10344/3791/972/5580/1902/1908/3689/6354/6688/58191/2022/57509/23603/11240/920/6347/4233/9420/5365/6868/1880/1230/57402/1907/1435/9732/4067/6280/2549/9023/3815/57175/2829/5294/6368/1240/26585/683/9564/7852/3586/6355/83700/4851/7422/2660/728/3273/796/8394/6850/9037/6364/6359/6373/3627/1524/5919/1235",0.49849310876659
"GO:0002444","myeloid leukocyte mediated immunity",86,0.52800323295418,1.45130317466622,0.011056928487902,0.118581030544736,0.0536218771180518,1693,"tags=24%, list=12%, signal=22%","7305/2212/140/8832/1773/3684/2214/8773/3689/6688/9846/6868/3133/8673/4067/6844/3815/6863/306/5294/5730",0.380730400722792
"GO:0047496","vesicle transport along microtubule",36,-0.67816990184977,-1.45113814371744,0.0337580152929407,0.220177277521736,0.0995633016952374,2465,"tags=44%, list=17%, signal=37%","547/81565/26985/3799/8120/11127/55614/23095/1176/63971/3064/1780/10947/282991/22920/4133",0.321775918075361
"GO:0007018","microtubule-based movement",325,-0.533505112172111,-1.44976713083474,0.000631299015321409,0.025708492023423,0.011625279303424,2477,"tags=26%, list=17%, signal=22%","3916/90522/547/25876/3797/351/64400/27067/10233/80173/81565/374654/26985/3799/8655/150483/8409/5686/66000/22902/23162/23198/998/55288/25999/6869/29911/5685/8120/3091/2339/9531/11127/56776/5689/5195/55614/57728/26256/324/3476/81832/84643/7014/23095/6780/1783/4976/4134/1176/63971/3064/25809/1780/117178/27342/83853/10947/7419/8936/83658/282991/5690/7846/51566/4744/10128/22920/5688/5870/5691/127829/54470/5684/4133/3831/5683/55605/5693/5682/8382/55860/3800/51143",0.477270815362862
"GO:1902774","late endosome to lysosome transport",19,-0.767068019984298,-1.44942560696376,0.0312744916787289,0.208024097625087,0.0940676813922426,998,"tags=26%, list=7%, signal=25%","23339/55737/27243/27183/203228",0.321775918075361
"GO:0048588","developmental cell growth",163,-0.562262156458389,-1.44921839615719,0.00432176788446682,0.0751835776695449,0.0339977190666337,1514,"tags=26%, list=10%, signal=24%","6049/9856/1630/659/5997/5532/4897/9373/9472/9962/8482/23122/79594/84258/4131/4882/6586/9201/7224/2932/6696/11344/23767/5802/1946/9353/6456/8936/8636/203228/3897/8239/1020/26999/23327/22999/2931/8829/4133/10479/151835/10371/9362",0.407017918923954
"GO:1904994","regulation of leukocyte adhesion to vascular endothelial cell",29,0.64945050062,1.44904418862352,0.021346774643021,0.173133771543396,0.0782904127248452,2686,"tags=34%, list=19%, signal=28%","240/3689/9314/5970/2650/3676/10164/7189/4192/6387",0.352487857583619
"GO:0070168","negative regulation of biomineral tissue development",23,0.682623282582314,1.44898006877166,0.0494064392142821,0.264854610217202,0.119766216383644,2235,"tags=48%, list=15%, signal=41%","5552/4846/8074/6662/54880/1230/26585/4851/7040/1893/6093",0.321775918075361
"GO:0051384","response to glucocorticoid",106,0.512514542378233,1.44897879437027,0.00947030117553983,0.107162733302012,0.048458567870071,388,"tags=9%, list=3%, signal=9%","358/301/1906/7351/11170/9607/6781/678/2353/677",0.380730400722792
"GO:0007029","endoplasmic reticulum organization",55,-0.631121733453176,-1.4484928729106,0.0306922571333988,0.206639142249884,0.0934414100012627,2083,"tags=31%, list=14%, signal=27%","29927/819/92840/8266/80124/65125/53407/662/22931/25923/51062/22872/10162/6252/65055/10313/7905",0.352487857583619
"GO:2000319","regulation of T-helper 17 cell differentiation",26,0.65795670386789,1.44830677595668,0.0496590895034943,0.265523701209311,0.120068776707119,2079,"tags=35%, list=14%, signal=30%","3726/6776/64332/84695/10892/3718/2033/3593/969",0.321775918075361
"GO:0051783","regulation of nuclear division",119,-0.576231441684965,-1.44640169183231,0.0103982956360797,0.114895050134189,0.0519550912272063,988,"tags=11%, list=7%, signal=10%","4882/1780/286053/5300/83658/51451/5347/8881/1111/6790/23236/891/51143",0.380730400722792
"GO:0010975","regulation of neuron projection development",324,-0.531717017559641,-1.44637119699452,0.000595903275689943,0.0252732628025677,0.0114284703560596,1862,"tags=25%, list=13%, signal=22%","160/5058/1136/2664/23499/1000/57689/54606/382/5789/7074/8036/6049/64689/9856/1630/5063/50487/5793/10716/4139/659/25793/22891/5997/84079/1141/8482/3066/950/7804/51225/5728/26230/4131/1809/1608/114798/56896/6091/11075/27020/23077/818/7224/2932/6696/23098/11344/816/4135/5802/2288/1946/22924/5780/9353/6695/84628/322/7533/3897/23072/91752/9896/57118/1020/8724/4916/1123/347733/23327/2931/8829/4133/55605/5376/65981/10371/140578",0.477270815362862
"GO:0034101","erythrocyte homeostasis",85,0.535135319493463,1.4461904516618,0.00814954426952303,0.0993273402509754,0.0449154338508754,2383,"tags=32%, list=16%, signal=27%","2034/22985/9935/28982/3071/150274/677/28996/6688/7049/7538/3624/4602/3043/3045/4067/3815/51341/3059/55027/3202/7422/51621/2752/6510/10019/25893",0.380730400722792
"GO:0032722","positive regulation of chemokine production",55,0.575365080371549,1.44618863451857,0.0311743976903766,0.207868712676464,0.0939974169276586,2154,"tags=40%, list=15%, signal=34%","64581/3566/23765/3606/1436/9173/972/1958/4938/116/4023/3605/6868/3553/51284/4940/7098/54106/7040/7099/6850/3574",0.352487857583619
"GO:0015874","norepinephrine transport",22,0.692320356529211,1.44606956320104,0.0425027747205654,0.247941652282951,0.112118243112649,2023,"tags=36%, list=14%, signal=31%","140/6622/152/6581/6570/55315/6530/150",0.321775918075361
"GO:0043173","nucleotide salvage",23,-0.739396942544389,-1.44584391169752,0.0487012987012987,0.264852474320783,0.119765250539657,143,"tags=9%, list=1%, signal=9%","7371/3251",0.261663521711573
"GO:0071826","protein-RNA complex organization",170,-0.55651515352157,-1.44579646955962,0.00519377481377375,0.0825778734366734,0.0373413906233581,2363,"tags=26%, list=16%, signal=22%","8665/56949/51340/10421/3799/6631/84844/9092/27349/6733/2197/8444/27335/51386/4686/6135/9326/8607/79760/23658/79752/10480/79005/7520/23197/26284/1653/6732/7284/11017/8161/9343/10856/7415/92170/8669/85865/154007/10907/10492/79622/3831/25804/1983/545",0.407017918923954
"GO:0002220","innate immune response activating cell surface receptor signaling pathway",84,0.545037468061937,1.44556672214562,0.00590282947909872,0.0888454411265297,0.0401755601608522,2149,"tags=36%, list=15%, signal=31%","7305/64581/11027/5336/54209/1387/4792/4615/5970/929/10584/4938/55198/2534/57402/4067/2033/26191/7100/10062/3551/4057/3656/79155/7189/79931/7099/78989/9111/6850",0.407017918923954
"GO:0014074","response to purine-containing compound",124,0.504976012695322,1.44523611245309,0.00599933700951547,0.0891547044198882,0.040315407809649,1443,"tags=18%, list=10%, signal=16%","358/7425/6781/5311/7155/5027/5179/10411/54464/2353/677/1393/779/64805/3488/87178/7150/23373/1080/22953/51284/1373",0.407017918923954
"GO:0042531","positive regulation of tyrosine phosphorylation of STAT protein",29,0.647706559939508,1.44515313440775,0.0225261427723259,0.179047985284209,0.0809647969918981,2103,"tags=34%, list=15%, signal=30%","3566/54625/3606/1436/3597/3815/3586/3588/2066/83666",0.352487857583619
"GO:0098974","postsynaptic actin cytoskeleton organization",13,-0.811336078456217,-1.44471142340959,0.0282329473762797,0.198903561938959,0.089943410911832,1052,"tags=46%, list=7%, signal=43%","5881/28988/4628/6456/7430/9362",0.352487857583619
"GO:0009566","fertilization",112,-0.57830367408176,-1.44468238041251,0.0123109088574033,0.12595213070668,0.0569550597130494,1305,"tags=14%, list=9%, signal=13%","431705/7142/6812/1047/5864/10007/4882/11315/6674/4753/7993/22999/11022/23236/84058/55521",0.380730400722792
"GO:2000106","regulation of leukocyte apoptotic process",57,0.569385552361699,1.4446442355207,0.0268542955892063,0.195279678622374,0.0883047050834256,1809,"tags=23%, list=12%, signal=20%","301/23411/8660/972/3620/3718/6868/917/558/10461/4067/3059/3586",0.352487857583619
"GO:0000045","autophagosome assembly",87,-0.59338275987289,-1.4446308168905,0.00835184165130063,0.100823260654262,0.045591883192519,2865,"tags=40%, list=20%, signal=32%","5289/9474/51715/84971/8987/79837/55968/84557/115201/9821/7879/64422/8396/79142/26471/488/64112/9531/10533/664/25989/165324/22954/9554/9637/9363/23766/23256/9927/55102/23032/203228/84938/23673/65018",0.380730400722792
"GO:2000300","regulation of synaptic vesicle exocytosis",41,-0.653907454718413,-1.44456892179757,0.0403309289445831,0.242906609094105,0.109841416322427,2282,"tags=29%, list=16%, signal=25%","127833/28964/9581/8573/84961/2332/5864/9899/5530/6861/1020/22999",0.321775918075361
"GO:1905954","positive regulation of lipid localization",80,0.531775607133173,1.44419892347152,0.0129975177034739,0.128174872968832,0.0579601750497833,1312,"tags=24%, list=9%, signal=22%","718/1906/51703/32/114897/23411/4481/54209/8529/19/1601/2180/26154/10351/4023/4602/23461/3553/348",0.380730400722792
"GO:0060560","developmental growth involved in morphogenesis",162,-0.555959089856151,-1.44393228169188,0.00609155714931078,0.0894090926523728,0.0404304411710552,1843,"tags=28%, list=13%, signal=25%","5058/2664/23499/1000/214/6049/9856/1630/2246/659/5532/4897/9373/9962/8482/23122/79594/84258/4131/4882/6586/9201/7224/2932/6696/11344/23767/5802/1946/9353/6456/8936/8636/203228/3897/8239/1020/26999/23327/22999/8829/4133/10479/151835/10371/9362",0.407017918923954
"GO:0008217","regulation of blood pressure",153,0.492083261179302,1.443534408967,0.00768385087094187,0.0989187561797962,0.0447306737357329,1846,"tags=20%, list=13%, signal=17%","1906/1813/9607/6446/4624/6340/5125/4846/8529/6518/7168/1584/1908/5331/2768/2022/4883/1909/4843/3043/5021/1907/7026/4842/2643/6863/1359/5972/354/6866",0.407017918923954
"GO:0002690","positive regulation of leukocyte chemotaxis",80,0.531299095626053,1.44290481107453,0.0131610063500556,0.128718587567837,0.0582060406598326,2516,"tags=34%, list=17%, signal=28%","1906/3071/719/7057/5747/1436/972/1908/6354/6688/6347/6868/1230/57402/1907/1435/1240/7422/2660/728/3627/1524/5919/1235/811/5880/4192",0.380730400722792
"GO:0001508","action potential",142,-0.572113968501559,-1.44189319299002,0.00688609475351412,0.0940032004723905,0.0425078787161702,1717,"tags=23%, list=12%, signal=20%","3785/6869/3742/2332/10242/148/3751/6508/288/1141/9472/27345/6330/1137/4882/6323/817/8913/3750/3760/51305/6334/2257/3776/783/3736/7533/287/23327/348980/476/93107",0.407017918923954
"GO:0007004","telomere maintenance via telomerase",50,-0.643704380135866,-1.44119607539275,0.0193300996358969,0.162969744865659,0.0736942797090115,1984,"tags=34%, list=14%, signal=29%","10111/10694/54386/79618/7203/23381/908/7014/6117/7520/10574/10576/10575/8658/6950/22948/545",0.352487857583619
"GO:1901976","regulation of cell cycle checkpoint",46,-0.650753064299304,-1.44023262346983,0.0247105399034859,0.185962652863413,0.0840915825624145,2214,"tags=26%, list=15%, signal=22%","8454/8655/6118/9978/10116/79184/6500/1780/83658/51451/891/51143",0.352487857583619
"GO:0033500","carbohydrate homeostasis",194,0.480021741475907,1.44021462971592,0.00121368857208426,0.0364837342280644,0.0164978015842668,2422,"tags=25%, list=17%, signal=21%","7425/7351/8938/9607/84467/51085/2729/23516/23411/240/8660/54209/79602/79901/8473/5080/1534/1584/26154/5166/10670/2081/4938/3170/4089/55198/1050/6934/6722/65220/7494/2641/2778/5836/226/3667/7040/150/3099/5076/1407/6659/9854/6194/1535/3953/57818/5950",0.45505986738723
"GO:0010762","regulation of fibroblast migration",29,0.645106776444134,1.43935253657611,0.0234696376871594,0.181977763062949,0.0822896310173162,1169,"tags=31%, list=8%, signal=29%","9839/7057/5747/117584/6385/4921/2768/23603/55198",0.352487857583619
"GO:0051648","vesicle localization",174,-0.55406018899278,-1.43813984661845,0.0129204576043539,0.128174872968832,0.0579601750497833,1803,"tags=31%, list=12%, signal=28%","55770/55327/10342/1000/55763/8120/55773/284697/11127/83930/55614/10959/84364/8766/56681/4640/58485/6386/23095/6812/10015/27095/23122/23265/5864/1176/5728/63971/3064/60412/7251/553115/1780/8027/11336/8729/27243/10113/8976/27183/10947/8618/6854/282991/51399/10652/22920/1020/55212/4133/59349/65018/23332/3800",0.380730400722792
"GO:0036196","zymosterol metabolic process",13,-0.80738225180391,-1.43767101354438,0.0293293387158097,0.202109571304812,0.0913931557779825,911,"tags=38%, list=6%, signal=36%","3157/6713/3156/3422/2222",0.352487857583619
"GO:0036197","zymosterol biosynthetic process",13,-0.80738225180391,-1.43767101354438,0.0293293387158097,0.202109571304812,0.0913931557779825,911,"tags=38%, list=6%, signal=36%","3157/6713/3156/3422/2222",0.352487857583619
"GO:0032096","negative regulation of response to food",16,0.727301565342824,1.4367323542626,0.0489411312336617,0.264852474320783,0.119765250539657,313,"tags=12%, list=2%, signal=12%","9607/9518",0.321775918075361
"GO:0032099","negative regulation of appetite",16,0.727301565342824,1.4367323542626,0.0489411312336617,0.264852474320783,0.119765250539657,313,"tags=12%, list=2%, signal=12%","9607/9518",0.321775918075361
"GO:0032108","negative regulation of response to nutrient levels",16,0.727301565342824,1.4367323542626,0.0489411312336617,0.264852474320783,0.119765250539657,313,"tags=12%, list=2%, signal=12%","9607/9518",0.321775918075361
"GO:0090329","regulation of DNA-templated DNA replication",36,-0.671236480414839,-1.43630210884881,0.0401188707280832,0.242320755071022,0.109576495430016,2620,"tags=33%, list=18%, signal=27%","177/8451/8450/91607/54962/8655/4172/9978/4683/4173/1642/8453",0.276500599254472
"GO:0032438","melanosome organization",32,-0.684477640233579,-1.43541844931624,0.0394944707740916,0.240240977662091,0.108636028239418,1036,"tags=25%, list=7%, signal=23%","1176/63971/8905/1174/84343/282991/164/7306",0.287857117255149
"GO:0048753","pigment granule organization",32,-0.684477640233579,-1.43541844931624,0.0394944707740916,0.240240977662091,0.108636028239418,1036,"tags=25%, list=7%, signal=23%","1176/63971/8905/1174/84343/282991/164/7306",0.287857117255149
"GO:0002886","regulation of myeloid leukocyte mediated immunity",40,0.603367448696533,1.43503888620809,0.0404580018013497,0.243266039000177,0.110003949116816,1622,"tags=30%, list=11%, signal=27%","7305/140/8832/1773/3684/3689/6688/9846/3133/8673/4067/6863",0.321775918075361
"GO:0051131","chaperone-mediated protein complex assembly",18,-0.754378768492875,-1.43498780231352,0.048494983277592,0.264805164501828,0.119743857225002,1948,"tags=44%, list=13%, signal=39%","56984/9361/10471/10576/1191/3308/10273/84262",0.266350657088526
"GO:0006695","cholesterol biosynthetic process",52,-0.642372460321809,-1.43479478130391,0.0215531786286184,0.173311176095877,0.0783706343679664,2287,"tags=38%, list=16%, signal=33%","1718/8720/1727/64137/51360/5562/2246/5563/1595/5594/6721/3157/6713/3638/3156/10162/47/3422/64801/2222",0.352487857583619
"GO:1902653","secondary alcohol biosynthetic process",52,-0.642372460321809,-1.43479478130391,0.0215531786286184,0.173311176095877,0.0783706343679664,2287,"tags=38%, list=16%, signal=33%","1718/8720/1727/64137/51360/5562/2246/5563/1595/5594/6721/3157/6713/3638/3156/10162/47/3422/64801/2222",0.352487857583619
"GO:2001252","positive regulation of chromosome organization",83,-0.593507237542524,-1.43430251421802,0.0226449209576783,0.179047985284209,0.0809647969918981,2574,"tags=35%, list=18%, signal=29%","5073/11284/26354/3981/5609/170506/10524/10111/10694/54386/7203/4683/140609/51377/8607/908/7014/5594/5588/10574/10576/10856/10575/5595/286053/8658/6950/22948/545",0.352487857583619
"GO:0032107","regulation of response to nutrient levels",31,0.630885161243384,1.43363459379354,0.0456249749340619,0.255603792268839,0.115583032775019,313,"tags=6%, list=2%, signal=6%","9607/9518",0.321775918075361
"GO:0050866","negative regulation of cell activation",168,0.480322032552842,1.43343935788603,0.00419578962299031,0.0746328957895218,0.0337487028794233,1312,"tags=18%, list=9%, signal=16%","301/11326/7305/9231/114897/1051/8832/865/2729/143684/54209/4846/6776/2335/7805/84695/6385/2896/5580/671/5592/5169/3624/3718/5698/5788/2534/3133/9655/348",0.407017918923954
"GO:0035794","positive regulation of mitochondrial membrane permeability",25,-0.722758515066886,-1.43305160900745,0.0395569620253165,0.240309823636334,0.108667160119062,2150,"tags=40%, list=15%, signal=34%","28978/55288/9026/664/1386/79594/10105/2932/282991/2931",0.287857117255149
"GO:0048002","antigen processing and presentation of peptide antigen",49,0.57667568877779,1.4330390371123,0.0351918754325879,0.226442268522462,0.102396306064009,1391,"tags=27%, list=10%, signal=24%","1520/1785/54209/3115/10437/3122/567/55080/80328/3109/3133/3111/80329",0.321775918075361
"GO:0006891","intra-Golgi vesicle-mediated transport",30,-0.696493309158212,-1.43294169503998,0.0390015600624025,0.239311074001232,0.108215529449644,1742,"tags=30%, list=12%, signal=26%","25839/9382/1315/51560/22818/27095/1314/5870/11316",0.287857117255149
"GO:1903039","positive regulation of leukocyte cell-cell adhesion",223,0.468746604418396,1.43246352757812,0.000840277421250617,0.0286516404060962,0.0129561594635214,2014,"tags=24%, list=14%, signal=21%","8477/301/865/3071/960/3606/7048/240/3115/64332/7704/10892/3122/567/3689/23308/5896/81704/57178/5970/25/9580/920/6347/11126/6602/3109/2650/5788/3553/2534/3133/9655/140885/3481/8289/3111/4067/975/55193/2033/3108/3676/3593/7494/8651/6604/2736/10164/7525/7297/10148/7189/7040",0.477270815362862
"GO:0022409","positive regulation of cell-cell adhesion",264,0.458974396670892,1.43164108154822,0.00059738760031623,0.0252732628025677,0.0114284703560596,2014,"tags=23%, list=14%, signal=21%","8477/301/8728/865/3071/960/3606/5747/7048/240/3115/64332/50848/7704/10892/3122/567/3689/23308/5896/81704/57178/5970/5329/25/9580/920/6347/10272/11126/3170/51206/6602/3109/2650/5788/3553/2534/3133/9655/140885/3481/8289/3111/4067/975/55193/2033/3108/3676/3586/3593/7494/8651/6604/2736/10164/7525/7297/10148/7189/7040",0.477270815362862
"GO:0090102","cochlea development",26,-0.712394747336172,-1.43102130000684,0.0413282346794917,0.245357003862065,0.11094947522978,1863,"tags=27%, list=13%, signal=24%","53904/2558/3249/3776/4916/2625/2562",0.321775918075361
"GO:0019730","antimicrobial humoral response",141,0.492627290158351,1.43095039718064,0.00611165220217454,0.0894090926523728,0.0404304411710552,2489,"tags=26%, list=17%, signal=21%","4922/10344/57817/4069/567/6354/671/4589/6347/140832/3605/3133/6280/6863/280664/6368/57115/354/6355/6700/4057/3273/78989/85569/796/5225/6364/140686/116842/6359/6373/3627/5919/6039/1672/9547",0.407017918923954
"GO:1905818","regulation of chromosome separation",73,-0.602066213230994,-1.43076863868275,0.0292785074679325,0.202109571304812,0.0913931557779825,898,"tags=12%, list=6%, signal=12%","1780/286053/1459/83658/51451/5347/8881/891/51143",0.352487857583619
"GO:1903441","protein localization to ciliary membrane",13,-0.803424990442792,-1.43062448764021,0.0413223140495868,0.245357003862065,0.11094947522978,1600,"tags=46%, list=11%, signal=41%","26088/57728/23265/403/60412/84455",0.287857117255149
"GO:0006884","cell volume homeostasis",25,0.658852110340302,1.43045173717153,0.0352489987840545,0.226442268522462,0.102396306064009,191,"tags=12%, list=1%, signal=12%","358/3778/5027",0.321775918075361
"GO:0050871","positive regulation of B cell activation",57,0.563446601740519,1.42957593822313,0.0304347664579492,0.205723973375576,0.0930275742241997,2154,"tags=33%, list=15%, signal=28%","3071/8660/972/3635/30011/6688/55012/7293/5788/1880/6929/975/54106/3586/7494/79155/7040/6850/3574",0.352487857583619
"GO:0042254","ribosome biogenesis",243,-0.536869230557799,-1.42937134720173,0.00413486457553491,0.0741119238424119,0.033513121407399,2980,"tags=31%, list=21%, signal=25%","1654/51388/79050/4706/54913/10438/10885/51491/6193/23246/57050/10248/55226/1029/22907/10969/8451/23404/27341/51335/63899/23481/28987/5394/8450/55153/51550/285367/317781/51068/30836/5134/8602/9092/134430/27349/84549/2197/84135/51116/81887/54606/55695/6135/51013/9326/64216/91582/55272/29889/54881/11137/9136/153443/131870/51441/7520/84294/26284/79033/7284/1662/55003/84128/79979/92170/2257/9775/8780/83732/85865/11056/5901/55341/1983",0.407017918923954
"GO:0072378","blood coagulation, fibrin clot formation",25,0.65773409481771,1.42802438326103,0.0357038183049202,0.227496785291595,0.102873154412801,1697,"tags=36%, list=12%, signal=32%","7057/2316/2335/3818/2162/2815/2160/2159/2158",0.321775918075361
"GO:0051304","chromosome separation",77,-0.597383437657681,-1.42774653096863,0.0137060531341876,0.131622956069826,0.0595193847099203,898,"tags=12%, list=6%, signal=11%","1780/286053/1459/83658/51451/5347/8881/891/51143",0.380730400722792
"GO:0009141","nucleoside triphosphate metabolic process",194,-0.544674160293932,-1.42746741675232,0.00608426390864357,0.0894090926523728,0.0404304411710552,2129,"tags=29%, list=15%, signal=25%","2645/28964/26471/374291/3939/5562/4719/6389/4622/669/6390/10059/3091/230/7345/126328/6774/55967/4712/4967/2027/5563/9583/4695/4714/55753/131870/526/4976/4722/5213/4704/4720/4711/55022/51422/5515/523/10924/7415/4700/1353/79077/4725/4716/3614/4718/10165/30968/5901/7371/4724/5214/65018/8382/142/956",0.407017918923954
"GO:0002449","lymphocyte mediated immunity",230,0.465476911725619,1.42679132197226,0.00150804137431119,0.0421820898660076,0.0190745756634689,1468,"tags=16%, list=10%, signal=15%","718/713/714/7305/2212/712/2207/1075/3071/3606/2013/54209/64332/972/2214/1512/3635/715/10892/3122/567/1439/4818/10666/91543/51311/11126/80328/28378/5788/3553/3002/3133/23207/80329/3554/975",0.45505986738723
"GO:0006656","phosphatidylcholine biosynthetic process",24,-0.705186319676364,-1.42582301482804,0.0412698412698413,0.245357003862065,0.11094947522978,2085,"tags=29%, list=14%, signal=25%","824/10400/56910/9468/10390/10162/58488",0.282013350011725
"GO:0048208","COPII vesicle coating",19,-0.754369077671415,-1.42543011804998,0.0412044374009509,0.245357003862065,0.11094947522978,1697,"tags=47%, list=12%, signal=42%","10342/10959/56681/58485/27095/553115/10113/51399/59349",0.282013350011725
"GO:0032970","regulation of actin filament-based process",322,0.451562677588266,1.42540443576933,0.000294039552277031,0.0153212510022284,0.00692820963658586,1405,"tags=18%, list=10%, signal=17%","9620/2934/8477/1906/50944/11170/5829/10677/6781/9839/2059/116984/64857/3071/10411/85477/1824/29119/4627/1436/10344/89848/2316/57580/50848/1265/163782/3055/6624/6385/7168/5580/10810/88/1902/23500/9113/11132/10966/8851/90102/25/3759/11078/154796/253260/23191/4089/6712/23580/85366/10163/7043/1857/1832/93663/389/284266/6710",0.49849310876659
"GO:1905330","regulation of morphogenesis of an epithelium",48,0.57101566274171,1.42536533330751,0.0274599613735493,0.196273940045947,0.0887543062011859,2541,"tags=33%, list=18%, signal=28%","1500/3687/23213/55366/6662/25/30812/26585/7422/7040/5076/3627/1950/3975/4192/55727",0.352487857583619
"GO:1905037","autophagosome organization",92,-0.57904340859655,-1.4251372808155,0.0244748274800895,0.185260059398124,0.0837738725519129,2865,"tags=39%, list=20%, signal=32%","5289/9474/51715/84971/1994/8987/79837/55968/84557/115201/9821/7879/64422/8396/79142/26471/488/64112/9531/10533/664/25989/165324/22954/9554/9637/9363/23766/23256/9927/55102/23032/203228/84938/23673/65018",0.352487857583619
"GO:0051654","establishment of mitochondrion localization",25,-0.718544225215443,-1.42469571319089,0.0411392405063291,0.245357003862065,0.11094947522978,2052,"tags=44%, list=14%, signal=38%","8409/55288/3091/4139/23095/4976/8936/51566/10128/54470/55860",0.282013350011725
"GO:1905521","regulation of macrophage migration",38,0.605522176174347,1.42447153877148,0.0479041736458383,0.262801401215954,0.118837763322839,2680,"tags=47%, list=18%, signal=39%","719/7057/5747/1436/54209/64805/57509/6347/1435/975/1240/928/2660/728/1524/5919/4192/727",0.321775918075361
"GO:1902600","proton transmembrane transport",141,-0.560802303818748,-1.42348018857754,0.0127853971476314,0.127745159585696,0.0577658603426109,2421,"tags=34%, list=17%, signal=29%","9377/10159/4698/4715/7384/4723/84286/5250/374291/440400/4719/528/9550/121260/55967/4712/529/26503/53822/1329/6572/4695/4714/1182/526/4722/1537/4704/4720/51382/4711/523/23315/4700/8604/1351/291/4725/4716/53828/6549/4718/10165/534/4724/10479/476/84679",0.380730400722792
"GO:1904019","epithelial cell apoptotic process",41,0.591186839616887,1.4229098554415,0.0442986174187143,0.252795422735592,0.114313099082235,1031,"tags=27%, list=7%, signal=25%","2934/9607/677/64332/11132/1788/7538/25/1909/10413/7072",0.321775918075361
"GO:0030216","keratinocyte differentiation",119,0.498390498006851,1.42159103658776,0.00860834560178834,0.102862063475822,0.0465138218353478,2241,"tags=19%, list=15%, signal=16%","301/10628/9935/677/64332/4926/7538/26154/51350/7053/3605/337966/353134/1832/196374/79977/8644/6707/8796/3861/8394/6093/182",0.380730400722792
"GO:0001894","tissue homeostasis",175,0.475638267534442,1.42088673252185,0.00568162166321439,0.0866262835404376,0.039172065800579,2298,"tags=29%, list=16%, signal=24%","12/5175/9607/947/1003/9839/5027/3908/216/1436/157680/133619/4846/7414/64332/50848/25937/3635/10083/6513/6662/8788/5166/249/9414/1281/10413/3605/284266/2103/338773/166379/54106/83700/64072/482/4851/56667/7422/7189/7099/7122/796/90070/6850/3574/5578/7399/1200/331",0.407017918923954
"GO:0060249","anatomical structure homeostasis",175,0.475638267534442,1.42088673252185,0.00568162166321439,0.0866262835404376,0.039172065800579,2298,"tags=29%, list=16%, signal=24%","12/5175/9607/947/1003/9839/5027/3908/216/1436/157680/133619/4846/7414/64332/50848/25937/3635/10083/6513/6662/8788/5166/249/9414/1281/10413/3605/284266/2103/338773/166379/54106/83700/64072/482/4851/56667/7422/7189/7099/7122/796/90070/6850/3574/5578/7399/1200/331",0.407017918923954
"GO:0090207","regulation of triglyceride metabolic process",32,0.622792466411462,1.42051886774256,0.0498850065209213,0.265523701209311,0.120068776707119,1280,"tags=22%, list=9%, signal=20%","718/27141/23411/79143/10298/6653/150094",0.321775918075361
"GO:0044088","regulation of vacuole organization",46,-0.64097963968644,-1.41860229125522,0.0481927710843374,0.263461295706692,0.119136165024449,2238,"tags=35%, list=15%, signal=30%","8396/79142/26471/64112/96459/5532/22954/9554/950/9637/23256/302/23032/203228/55353/65018",0.252961123069611
"GO:0010596","negative regulation of endothelial cell migration",49,0.570840935426417,1.41853967553498,0.0420713711463255,0.246038555460376,0.111257670190529,2046,"tags=33%, list=14%, signal=28%","493/56999/6672/6781/7057/10014/889/9314/4204/348/7026/1634/3728/4851/7040/3273",0.321775918075361
"GO:0048639","positive regulation of developmental growth",104,-0.572329057295623,-1.41843562470174,0.0263331546007891,0.192617591908576,0.0871009199080975,1288,"tags=21%, list=9%, signal=19%","659/23414/9373/9472/9962/8482/79594/84258/4131/7224/11344/1946/3897/23327/7430/22999/8829/23236/891/151835/3084/9362",0.352487857583619
"GO:0090199","regulation of release of cytochrome c from mitochondria",38,-0.65893085307806,-1.41807975616259,0.0377073906485671,0.235784163096766,0.10662067416582,1764,"tags=29%, list=12%, signal=25%","8743/2537/64112/2395/664/5716/4976/10962/10105/1191/65018",0.287857117255149
"GO:1903902","positive regulation of viral life cycle",19,-0.750478619556775,-1.41807884089167,0.0427892234548336,0.248824503144894,0.112517464811222,1597,"tags=32%, list=11%, signal=28%","2332/339390/7251/6609/27183/23633",0.276500599254472
"GO:0099518","vesicle cytoskeletal trafficking",43,-0.651693084239959,-1.41745281362014,0.0457317073170732,0.255603792268839,0.115583032775019,2465,"tags=40%, list=17%, signal=33%","547/81565/26985/3799/8120/11127/55614/23095/1176/63971/3064/1780/8976/10947/282991/22920/4133",0.261663521711573
"GO:0071674","mononuclear cell migration",173,0.48285654715576,1.41733546688035,0.00218732295511417,0.0521404497320617,0.0235777069533714,2523,"tags=36%, list=17%, signal=30%","301/2321/5175/2059/719/7057/5747/3384/1436/240/10344/54209/50848/64805/6354/6688/58191/57509/81704/23603/11240/25/6347/347/9420/6868/1880/140885/23143/1230/57402/1907/1435/4067/975/9023/5294/6368/1240/26585/3676/928/7852/83700/2660/7040/728/969/796/653/6364/9466/6373/3627/7535/1524/5919/1235/811/207/4192/1910",0.431707695803346
"GO:0031146","SCF-dependent proteasomal ubiquitin-dependent protein catabolic process",70,-0.613176696069235,-1.41504273653113,0.0174130693063582,0.152559278848243,0.0689867077899353,2470,"tags=33%, list=17%, signal=27%","79791/26262/26260/8454/26232/26263/23219/54620/9978/84961/26235/55030/8065/25793/6500/84085/26224/196394/8945/55294/8453/23291/26273",0.352487857583619
"GO:0001912","positive regulation of leukocyte mediated cytotoxicity",50,0.56228748318718,1.41501265507248,0.0229986083951595,0.181210511784679,0.081942682997274,1391,"tags=20%, list=10%, signal=18%","7305/3684/3122/6688/10666/11126/80328/4843/3133/80329",0.352487857583619
"GO:0031670","cellular response to nutrient",42,0.58146256297731,1.4147139753953,0.0488173930052499,0.264852474320783,0.119765250539657,2287,"tags=29%, list=16%, signal=24%","5179/51085/4144/8473/8074/1591/4023/6722/5337/7494/2350/4780",0.321775918075361
"GO:0090150","establishment of protein localization to membrane",197,-0.542620583974162,-1.41461072916458,0.00636081458161316,0.0897701407737522,0.0405937057160619,2936,"tags=41%, list=20%, signal=33%","4905/23180/26521/9409/9804/6747/54499/11231/11031/10133/10430/5584/583/56993/100188893/29928/26519/90522/637/93380/7879/134/64422/25837/6745/54543/2064/26517/29927/9230/819/58477/131540/51125/158866/9581/6730/9270/8674/5058/54557/2664/23499/3309/8266/64112/65125/6729/6746/26088/22908/64083/64689/55750/6728/8766/6386/10369/5621/673/10651/288/81573/5018/63971/23788/55737/23463/27342/26003/23163/8548/55146/1445/55176/65055/117177/51304/25813/27032",0.407017918923954
"GO:0043038","amino acid activation",24,-0.699476054106543,-1.41427737384912,0.0492063492063492,0.264852474320783,0.119765250539657,1750,"tags=33%, list=12%, signal=29%","80222/9521/283459/23395/2193/79587/55699/10056",0.257206466468838
"GO:0043039","tRNA aminoacylation",24,-0.699476054106543,-1.41427737384912,0.0492063492063492,0.264852474320783,0.119765250539657,1750,"tags=33%, list=12%, signal=29%","80222/9521/283459/23395/2193/79587/55699/10056",0.257206466468838
"GO:0009746","response to hexose",148,0.487285975064535,1.4132510376709,0.00620409225601621,0.0897701407737522,0.0405937057160619,2088,"tags=20%, list=14%, signal=18%","10628/7351/8938/9607/51085/2729/7057/23516/8660/54209/8473/6518/1958/26154/2081/4023/3170/4089/6844/6934/6722/5211/65220/7494/2641/2778/226/7040/150/5076",0.407017918923954
"GO:0010821","regulation of mitochondrion organization",95,-0.578947878108013,-1.41307516132598,0.0175154372210984,0.152602028182334,0.0690060388712135,1883,"tags=27%, list=13%, signal=24%","55288/10000/8743/2537/10059/64112/2395/9026/64083/664/56947/5716/4976/79594/10962/23788/55737/10105/55022/10463/2932/5910/1191/2931/6790/65018",0.352487857583619
"GO:0007589","body fluid secretion",56,0.556746242821324,1.41250534363687,0.0383198436009348,0.237714644055469,0.107493630086938,2563,"tags=32%, list=18%, signal=27%","358/6776/1131/780/1056/8673/5021/1448/7494/10062/7422/2066/3099/90070/4939/242/5617/9612",0.321775918075361
"GO:0032890","regulation of organic acid transport",54,0.564913420381076,1.41075623345149,0.0481227030837433,0.263384864430371,0.119101603100944,1213,"tags=17%, list=8%, signal=15%","1906/51703/7057/8660/8529/2180/29803/8140/3553",0.321775918075361
"GO:1904862","inhibitory synapse assembly",27,-0.688650215780096,-1.41001169384682,0.0463258785942492,0.256839137182977,0.11614165090205,1430,"tags=22%, list=10%, signal=20%","2558/2555/2566/55203/2556/2562",0.266350657088526
"GO:0001836","release of cytochrome c from mitochondria",51,-0.613522088860825,-1.40960198946945,0.0434131736526946,0.249838558177762,0.112976016521505,1764,"tags=24%, list=12%, signal=21%","8743/2537/64112/2395/664/5716/4976/10962/10105/92609/1191/65018",0.266350657088526
"GO:0098876","vesicle-mediated transport to the plasma membrane",136,-0.553925696512074,-1.40946930624463,0.019098525243346,0.161597611788743,0.0730738065110475,2079,"tags=31%, list=14%, signal=27%","9230/81609/10123/11021/51125/9581/10564/8674/23499/55770/51552/170622/382/55763/26088/51122/22908/64083/112936/9110/50487/8766/84079/288/403/28952/63971/23339/60412/2060/30845/55737/57182/23163/8548/1445/23301/8724/23673/117177/27032/163486",0.352487857583619
"GO:0002920","regulation of humoral immune response",37,0.6113582982128,1.40898761145301,0.0435304333016268,0.250206750042153,0.113142511439095,1375,"tags=24%, list=9%, signal=22%","718/11326/54209/3075/2/5199/3605/3553/922",0.321775918075361
"GO:1902105","regulation of leukocyte differentiation",258,0.449157447255019,1.40710998845304,0.0013738276323538,0.0401729920633364,0.018166069513724,1863,"tags=26%, list=13%, signal=23%","2124/714/8477/301/7305/22985/9607/9935/1051/3566/865/3071/3606/678/7048/3726/54209/677/6776/64332/972/9444/10234/84695/3635/7704/10892/3122/22806/6688/5896/23603/57178/8788/25/9580/920/10272/3624/55012/150372/3597/3718/6602/3605/5698/9655/8289/558/1230/841/1435/4067/63976/55193/2033/4609/133522/7098/3059/54106/3586/3593/7494/8651/6604/2736",0.45505986738723
"GO:0001937","negative regulation of endothelial cell proliferation",36,0.602491991707479,1.40678685432663,0.0462912262368136,0.256839137182977,0.11614165090205,2675,"tags=47%, list=18%, signal=39%","2321/23213/7057/240/889/2022/6347/348/7026/64102/3593/84913/6678/5617/22846/350/54567",0.321775918075361
"GO:0006515","protein quality control for misfolded or incompletely synthesized proteins",25,-0.709416675906941,-1.40659803748017,0.0443037974683544,0.252795422735592,0.114313099082235,3106,"tags=48%, list=21%, signal=38%","5193/4287/23352/79699/10939/55122/9361/55284/5018/7415/5192/10273",0.271288554688953
"GO:0006862","nucleotide transport",37,-0.662328013502057,-1.40490587796167,0.048780487804878,0.264852474320783,0.119765250539657,1894,"tags=27%, list=13%, signal=24%","10559/56262/8036/84230/347734/81034/291/10057/55186/113829",0.252961123069611
"GO:0042274","ribosomal small subunit biogenesis",79,-0.59019052734152,-1.40475603149107,0.0265428135904318,0.193849226470712,0.0876578602284996,2969,"tags=32%, list=20%, signal=25%","79050/10885/6193/57050/55226/27341/28987/5394/30836/5134/8602/134430/27349/2197/84135/91582/55272/9136/153443/7520/26284/84128/8780/83732/11056",0.352487857583619
"GO:0050773","regulation of dendrite development",78,-0.589546303824934,-1.40425047658581,0.0323963470126249,0.21337061089942,0.0964853537340105,1965,"tags=29%, list=14%, signal=26%","158866/1136/382/5789/64689/9856/1630/4139/84079/1141/7804/1608/56896/7224/2932/23098/816/22924/7533/23072/57118/23327/65981",0.321775918075361
"GO:0140353","lipid export from cell",37,0.608834545707975,1.40317115975182,0.046935014063408,0.259302148284428,0.117255414865946,1622,"tags=27%, list=11%, signal=24%","1906/114897/1601/3624/4843/4602/3553/10257/1588/6863",0.321775918075361
"GO:0140719","constitutive heterochromatin formation",49,0.564569402047226,1.40295491562602,0.045775721741502,0.255603792268839,0.115583032775019,2414,"tags=31%, list=17%, signal=26%","84944/23411/1616/29947/84444/1788/90853/8520/1786/3070/10919/546/56154/9869/55124",0.321775918075361
"GO:0002224","toll-like receptor signaling pathway",70,0.531300133071863,1.40234086095512,0.0166107780937818,0.147928468148896,0.0668926733466805,2049,"tags=30%, list=14%, signal=26%","1520/5336/64332/4615/55366/5970/51311/51284/6280/7867/81622/330/7098/54106/7100/3551/3656/7189/79931/56927/7099",0.352487857583619
"GO:0008088","axo-dendritic transport",74,-0.594050761882017,-1.40190307890736,0.024576523439148,0.185548800756012,0.0839044402619456,2927,"tags=50%, list=20%, signal=40%","83787/55207/3192/9474/9823/10239/1740/1778/547/351/27067/26985/3799/66000/22902/23162/8120/3091/11127/81832/7014/23095/6780/4976/1176/27342/10947/8936/282991/51566/22920/127829/54470/4133/55605/55860/3800",0.352487857583619
"GO:0032370","positive regulation of lipid transport",68,0.53167985763247,1.4016834705152,0.0408217721874235,0.244514084428751,0.110568310366683,1739,"tags=26%, list=12%, signal=23%","1906/51703/114897/23411/54209/8529/19/1601/2180/26154/10351/4602/23461/3553/348/1588/6863/29801",0.321775918075361
"GO:0032835","glomerulus development",60,0.538568279535518,1.40029395072258,0.0334884219554022,0.219027339140068,0.0990433040673551,663,"tags=13%, list=5%, signal=13%","358/1906/5175/947/23213/130497/55366/1958",0.321775918075361
"GO:0042176","regulation of protein catabolic process",338,-0.514585258350899,-1.40021259020124,0.00243560243509609,0.0543807323229176,0.0245907539579787,2069,"tags=26%, list=14%, signal=23%","26471/1457/819/5718/5686/5719/5476/26232/26263/5887/11047/9978/84961/25831/3309/5685/51377/2332/6135/4947/10533/56776/5689/8554/9491/9097/8975/324/51667/1595/5716/9101/165324/10213/51035/22954/130507/9554/1452/6811/28952/5707/5728/5709/55737/29761/9861/2932/11124/7415/23163/5601/5704/1642/91833/302/5300/4946/1459/11315/252839/5347/5690/55294/3156/8239/1191/5688/5691/8724/8078/7430/5713/2931/55212/5684/10273/5683/55353/5693/4745/79589/65018/5682/5708/5702/7874/5475",0.431707695803346
"GO:0045806","negative regulation of endocytosis",55,-0.609747761036911,-1.39943728653213,0.0492361832646013,0.264852474320783,0.119765250539657,1849,"tags=22%, list=13%, signal=19%","8898/192683/382/6386/6457/8291/26060/302/1445/8724/84058/6311",0.321775918075361
"GO:0006403","RNA localization",163,-0.542896174378159,-1.39930300141126,0.00904659405039428,0.104246055984166,0.0471396578217093,2374,"tags=29%, list=16%, signal=25%","8086/27067/57187/9688/170506/5394/11260/6830/56943/23144/8087/10694/7203/9946/5903/51808/10657/65125/55746/23381/4686/2332/9908/8607/908/6741/6780/10574/54890/10576/8563/10856/10575/10073/80145/9513/23089/9775/9793/10128/9631/8658/6950/5901/22948/3800/6311/545",0.380730400722792
"GO:0002088","lens development in camera-type eye",49,0.563009186455519,1.39907778001455,0.0473633016426505,0.261054066330853,0.118047625338184,727,"tags=12%, list=5%, signal=12%","9839/10253/28996/6497/10252/204851",0.321775918075361
"GO:0001910","regulation of leukocyte mediated cytotoxicity",74,0.522981703530651,1.39856191752896,0.0251587247112383,0.186643556467575,0.0843994845027494,2024,"tags=24%, list=14%, signal=21%","7305/3071/1773/3684/3635/3122/6688/10666/11126/80328/4843/5788/3133/80329/3593/3820/7040/911",0.352487857583619
"GO:0031122","cytoplasmic microtubule organization",57,-0.607971887081865,-1.39820492093159,0.0475482912332838,0.261766442709848,0.11836975914391,1870,"tags=28%, list=13%, signal=25%","7094/27229/25999/29911/8766/6867/57606/10844/7283/27175/5347/114791/7430/1155/55605/23332",0.252961123069611
"GO:0007088","regulation of mitotic nuclear division",108,-0.564363312147121,-1.39779686113664,0.0273517444164481,0.196037541476073,0.0886474076946838,898,"tags=10%, list=6%, signal=10%","1780/286053/5300/83658/51451/5347/8881/1111/6790/891/51143",0.352487857583619
"GO:0018212","peptidyl-tyrosine modification",117,0.488353657419075,1.39734183552178,0.0242116052796842,0.184574185703567,0.0834637231561865,2154,"tags=25%, list=15%, signal=21%","2321/353514/3566/54625/2202/3606/1436/3791/1956/3055/84619/4921/3689/3597/3718/780/2534/238/9655/4067/79031/3815/3586/3588/2066/83666/90070/6850/3574",0.352487857583619
"GO:0043414","macromolecule methylation",79,-0.586907945236684,-1.39694291556154,0.0279521306646997,0.198282787917567,0.0896626993330892,1760,"tags=20%, list=12%, signal=18%","80854/51605/4234/84193/55695/64216/115286/2935/23463/9836/79979/51451/56341/5870/5110/25940",0.352487857583619
"GO:0009749","response to glucose",141,0.480842963487313,1.39672008297086,0.0101777296178404,0.113257389301845,0.0512145474192328,2088,"tags=21%, list=14%, signal=18%","10628/7351/8938/9607/51085/2729/7057/23516/8660/54209/8473/1958/26154/2081/4023/3170/4089/6844/6934/6722/5211/65220/7494/2641/2778/226/7040/150/5076",0.380730400722792
"GO:0043534","blood vessel endothelial cell migration",104,0.496333124596268,1.39655415414959,0.0215247999465256,0.173311176095877,0.0783706343679664,2071,"tags=34%, list=14%, signal=29%","1500/301/493/3397/1003/4627/7057/2013/10014/23411/3791/4846/6776/51564/7049/9314/25/154796/4204/6868/348/1942/6667/54345/2549/6722/5606/26585/3728/4851/7422/7040/3273/10769/2303",0.352487857583619
"GO:0140467","integrated stress response signaling",50,0.554864625285758,1.3963328192565,0.0298007088234085,0.204896235189936,0.0926532742617824,656,"tags=14%, list=5%, signal=13%","1052/9935/1051/3726/2353/23645/58487",0.352487857583619
"GO:0140962","multicellular organismal-level chemical homeostasis",60,0.537018659940056,1.39626489251789,0.0340512394388993,0.221474543497328,0.100149920283498,2085,"tags=25%, list=14%, signal=21%","358/6340/112/8529/79901/57817/1512/9725/4938/1080/361/2778/109/7422/8692",0.321775918075361
"GO:0007338","single fertilization",101,-0.571129187806078,-1.39613070113482,0.0201809920843781,0.16833026434856,0.076118285603383,1698,"tags=16%, list=12%, signal=14%","127579/11057/431705/7142/6812/1047/5864/10007/4882/11315/6674/7993/22999/23236/84058/55521",0.352487857583619
"GO:0061515","myeloid cell development",50,0.55472071821326,1.39597067296154,0.0308023901283508,0.206639142249884,0.0934414100012627,1935,"tags=30%, list=13%, signal=26%","2124/7305/1051/28982/3071/2316/4602/2815/3043/284266/3045/3815/51341/55027/4057",0.352487857583619
"GO:0051048","negative regulation of secretion",133,0.478761747847333,1.39582320258378,0.0163955268205315,0.146879424193468,0.0664182997827894,1410,"tags=20%, list=10%, signal=18%","301/1906/7132/7351/1813/6622/9607/2775/8832/3071/2065/8529/972/1393/152/8074/6688/79651/91543/3624/6857/3553/8673/348/2771/6865/9341",0.352487857583619
"GO:0000086","G2/M transition of mitotic cell cycle",110,-0.566608948088439,-1.39541517886633,0.0288311419202175,0.201775026016902,0.0912418757103671,1434,"tags=19%, list=10%, signal=17%","84936/8766/3364/65123/5889/79184/6240/50484/8883/27183/51400/51451/5347/7319/1111/6790/23236/891/11073/7164/545",0.352487857583619
"GO:0031343","positive regulation of cell killing",52,0.557494089821526,1.39500455686042,0.0370661802561714,0.234851222117458,0.106198801912551,2024,"tags=25%, list=14%, signal=22%","7305/3684/3122/6688/10666/11126/80328/4843/3133/80329/3593/5551/911",0.321775918075361
"GO:0007091","metaphase/anaphase transition of mitotic cell cycle",90,-0.575798878868948,-1.39421285169573,0.0234355201175684,0.181977763062949,0.0822896310173162,1309,"tags=11%, list=9%, signal=10%","324/996/1780/286053/83658/51451/5347/8881/891/51143",0.352487857583619
"GO:0009743","response to carbohydrate",172,0.468968876910685,1.39369201732468,0.00734791791186662,0.0970100290011238,0.0438675547886595,2023,"tags=20%, list=14%, signal=18%","10628/7351/64581/8938/9607/3673/51085/2729/7057/2890/23516/8660/54209/677/8473/6518/1958/26154/2081/4023/3170/4089/4067/6844/6934/6722/5606/5211/65220/7494/2641/2778/226/7040/150",0.407017918923954
"GO:0006278","RNA-templated DNA biosynthetic process",52,-0.623837065503634,-1.3933943642605,0.0376783683715264,0.235784163096766,0.10662067416582,1984,"tags=33%, list=14%, signal=28%","10111/10694/54386/79618/7203/23381/908/7014/6117/7520/10574/10576/10575/8658/6950/22948/545",0.321775918075361
"GO:0006893","Golgi to plasma membrane transport",58,-0.610673682670688,-1.39310681837872,0.0432835820895522,0.249838558177762,0.112976016521505,1968,"tags=34%, list=14%, signal=30%","51125/9581/10564/8674/23499/55770/55763/26088/64083/8766/288/403/28952/63971/60412/23163/8548/1445/117177/27032",0.266350657088526
"GO:0048638","regulation of developmental growth",193,-0.532809256977138,-1.39272635388,0.011991662472653,0.123493085463988,0.0558430890949362,1843,"tags=22%, list=13%, signal=20%","5058/5026/2664/23499/55327/1000/6049/9856/1630/659/5997/23414/4897/9373/9472/9962/8482/23122/79594/5728/84258/4131/23077/7224/2932/6696/11344/5802/1946/3776/3897/23327/7430/22999/2931/8829/4133/23236/891/151835/10371/3084/9362",0.380730400722792
"GO:0060142","regulation of syncytium formation by plasma membrane fusion",46,0.567807267094993,1.39145956627034,0.042071339295641,0.246038555460376,0.111257670190529,1717,"tags=24%, list=12%, signal=21%","7305/963/10411/54209/30846/6160/6136/6155/6137/8837/8536",0.321775918075361
"GO:0090288","negative regulation of cellular response to growth factor stimulus",80,0.512351832806469,1.39144773745227,0.0204607894408242,0.169611108098351,0.0766974781255188,1909,"tags=30%, list=13%, signal=26%","493/10253/23213/7057/64750/28996/51592/6497/10252/1745/57154/4734/199699/10272/6653/7026/4036/51232/8837/55959/26585/3593/1634/4851",0.352487857583619
"GO:1901379","regulation of potassium ion transmembrane transport",54,-0.620466983111895,-1.39063699657513,0.0492957746478873,0.264852474320783,0.119765250539657,1169,"tags=17%, list=8%, signal=15%","288/9472/27347/7881/51719/57628/287/23327/93107",0.241339976815091
"GO:0030490","maturation of SSU-rRNA",55,-0.60577616167824,-1.39032203497263,0.0373027259684362,0.234956234951515,0.106246288304412,3097,"tags=33%, list=21%, signal=26%","6207/79050/10885/57050/55226/27341/28987/30836/8602/134430/84135/55272/9136/153443/84128/8780/83732/11056",0.282013350011725
"GO:0010977","negative regulation of neuron projection development",91,-0.569520800569743,-1.38826153171069,0.0385144429160935,0.238606627881234,0.107896981675947,1994,"tags=24%, list=14%, signal=21%","22902/7070/2664/382/6049/9856/1630/5793/22891/3066/5728/1809/11075/6696/5802/2288/5780/9353/6695/4133/5376/10371",0.271288554688953
"GO:0030071","regulation of mitotic metaphase/anaphase transition",86,-0.572988922233836,-1.38745904751904,0.0267099237208864,0.194766772970936,0.0880727711586803,898,"tags=9%, list=6%, signal=9%","1780/286053/83658/51451/5347/8881/891/51143",0.352487857583619
"GO:0048562","embryonic organ morphogenesis",137,0.481650194994114,1.3871336797071,0.00902508608844658,0.104246055984166,0.0471396578217093,2490,"tags=25%, list=17%, signal=21%","121643/525/5311/84467/2202/187/7048/28996/130497/10083/204851/2022/6662/7020/3200/1909/3205/3233/1954/54345/6722/7855/7547/4851/2304/5076/3232/6491/140469/4853/25902/5950/6678/3975",0.380730400722792
"GO:0051656","establishment of organelle localization",296,-0.511518550407506,-1.38688127215526,0.0058504552516038,0.0886249608436498,0.0400758598413219,1625,"tags=25%, list=11%, signal=23%","55763/8120/55773/3091/284697/11127/56776/83930/5195/55614/2776/10959/50487/3688/84364/8766/56681/56647/58485/6386/4139/23095/6812/10015/27095/23122/4976/23265/5864/4134/1176/6867/63971/3064/60412/8841/7251/553115/867/1780/10726/5170/8027/11336/8729/27243/10113/1113/8976/27183/10947/8618/8936/282991/7846/51399/51566/4744/10128/10652/22920/5870/1020/7430/55212/54470/5901/4133/55341/59349/65018/23332/55860/3800",0.407017918923954
"GO:0097529","myeloid leukocyte migration",175,0.463841419876766,1.3856456985965,0.012453402682532,0.126582638522014,0.0572401728752519,1858,"tags=23%, list=13%, signal=20%","301/1906/2321/5175/3071/23765/719/7057/2013/5747/1436/10344/54209/972/64805/1908/3689/6354/6688/57509/23603/6347/3605/140885/1230/57402/1907/1435/4067/6280/975/3815/5294/6368/1240/26585/683/928/6355/83700",0.380730400722792
"GO:0071560","cellular response to transforming growth factor beta stimulus",216,0.459552838073564,1.38505953789434,0.00433395882751755,0.0751835776695449,0.0339977190666337,1252,"tags=22%, list=9%, signal=20%","1906/3397/5829/1003/9839/10253/5179/7057/5747/678/7048/9518/23411/2353/135228/1387/3675/677/64750/64332/28996/8473/1601/4053/51592/4921/9113/10755/55553/6497/6688/10252/2022/6662/7049/57178/1745/57154/25/1281/4054/199699/6625/4089/55198/6868/7043",0.407017918923954
"GO:0002040","sprouting angiogenesis",116,0.485566383264371,1.38496223744884,0.0145319445115197,0.136715804231802,0.0618223506823685,926,"tags=14%, list=6%, signal=13%","1500/7052/301/56999/2321/1003/3678/187/7057/10014/240/3791/51564/7049/9314/25",0.380730400722792
"GO:0008654","phospholipid biosynthetic process",224,-0.526223395992507,-1.38452129744849,0.00641669728025848,0.090217995293694,0.0407962237741759,2314,"tags=29%, list=16%, signal=25%","84992/79947/8904/8396/5298/9489/9162/8895/824/10026/5291/10400/7405/26207/8898/254531/94005/9453/54545/65258/6342/84947/3612/55326/22908/8760/23175/54965/27124/9110/79644/4952/8813/56910/27132/3356/5728/1608/3157/80235/5297/128869/8503/22845/57171/5007/8560/9107/8395/55361/9468/8526/55650/9791/8821/10390/51227/3156/55697/9896/1607/10162/3422/58488/64801/9362",0.407017918923954
"GO:0036503","ERAD pathway",90,-0.571287555227322,-1.38328934067454,0.0270065461720071,0.195714106209484,0.088501151535153,2813,"tags=39%, list=19%, signal=32%","54431/79139/9709/126433/11236/84900/7844/10956/55666/201595/57134/10134/10277/337867/26232/10905/3309/9097/8975/4121/821/550/165324/51035/1047/11253/9354/23197/29761/11124/7415/285533/7993/10273/51465",0.352487857583619
"GO:0010565","regulation of ketone metabolic process",112,0.494633505704918,1.38255729797007,0.0207654608325815,0.170022744103104,0.0768836183130586,1213,"tags=16%, list=8%, signal=15%","1906/32/51085/51129/9518/23411/8660/972/338328/1601/10613/1958/23408/58526/6662/5166/55198/3553",0.352487857583619
"GO:0072522","purine-containing compound biosynthetic process",198,-0.531824970803357,-1.38140703031252,0.00818562194998456,0.0993273402509754,0.0449154338508754,2625,"tags=32%, list=18%, signal=26%","2182/1633/6391/9374/4696/1716/84277/60481/4698/4715/203/5636/4723/8833/5538/38/5160/374291/4719/6389/5471/6390/5095/126328/2977/6774/55967/4712/4967/10295/4695/6470/4714/79071/4722/4704/5165/4882/4720/84869/4711/1737/1738/55022/51422/8050/7415/4700/6785/1353/4725/4716/3614/4718/10165/30968/47/23305/4724/3251/65018/8382/142",0.380730400722792
"GO:0019217","regulation of fatty acid metabolic process",81,0.504615733897058,1.38066432641687,0.0250325783599203,0.186507703357522,0.0843380522589923,1404,"tags=20%, list=10%, signal=18%","1906/32/51085/51129/9518/23411/8660/972/338328/10613/58526/6662/5166/55198/3553/1907",0.352487857583619
"GO:0070665","positive regulation of leukocyte proliferation",126,0.487184958563484,1.38059629525571,0.01799820993696,0.155811014626109,0.0704571299603289,2005,"tags=25%, list=14%, signal=21%","301/3071/3606/5747/7048/1436/8660/3115/972/2214/1439/23308/920/7293/3109/5788/3553/1880/3133/3481/3568/6929/1435/4067/975/6863/54106/3593/7297/10148/7189",0.352487857583619
"GO:0046883","regulation of hormone secretion",211,0.453698148085575,1.37993856005878,0.00482925890597157,0.0790467196453113,0.0357446167227136,2422,"tags=26%, list=17%, signal=22%","301/1906/7351/1813/8938/9607/114897/2775/51085/10411/240/8660/114899/7021/1393/152/1601/8074/1908/11132/26154/3624/116/3170/4843/4602/3553/8673/6865/6934/1588/6863/3625/65220/2641/23435/2778/226/3667/80223/150/1407/3767/64111/5578/6659/9854/7349/8864/3350/353500/57818/9066/5950",0.407017918923954
"GO:0018108","peptidyl-tyrosine phosphorylation",115,0.489504572143287,1.37939259262298,0.0172417985896029,0.151341095657524,0.0684358501269519,2154,"tags=25%, list=15%, signal=22%","2321/353514/3566/54625/2202/3606/1436/3791/1956/3055/84619/4921/3689/3597/3718/780/2534/238/9655/4067/79031/3815/3586/3588/2066/83666/90070/6850/3574",0.352487857583619
"GO:0046474","glycerophospholipid biosynthetic process",182,-0.534976608648866,-1.3793604884384,0.011305816047045,0.120663891265735,0.0545637385702788,2314,"tags=30%, list=16%, signal=25%","84992/8904/8396/5298/9489/9162/8895/824/10026/5291/10400/7405/26207/8898/254531/94005/54545/65258/3612/55326/22908/8760/23175/54965/27124/9110/4952/8813/56910/27132/3356/5728/1608/80235/5297/128869/8503/9107/8395/55361/9468/8526/55650/9791/8821/10390/51227/55697/9896/1607/10162/58488/64801/9362",0.380730400722792
"GO:0003018","vascular process in circulatory system",232,0.449642606527932,1.37918649892976,0.00175074722667746,0.0464492032569343,0.0210041476097233,2404,"tags=28%, list=17%, signal=23%","4922/493/1906/11309/5175/6533/1003/9839/3778/6916/2729/6507/4846/112/152/20/6581/1908/5592/6513/6542/64849/53919/9414/25/1909/154796/3274/8140/55640/3043/348/10257/5021/6865/1907/9732/1373/4036/4842/2549/80005/6573/23446/3676/5138/3352/7525/482/7422/7040/150/6546/10060/7122/796/477/6510/6093/9376/7349/8864/3350/3953",0.45505986738723
"GO:0007033","vacuole organization",183,-0.530181378271971,-1.37901674292848,0.0146110195891777,0.136715804231802,0.0618223506823685,2950,"tags=40%, list=20%, signal=33%","10043/9525/26276/55207/5289/51606/9474/51715/84971/1994/54664/8987/3257/79837/55968/79158/3916/84557/10159/115201/64400/9821/7879/8720/64422/8396/5298/84286/79142/5538/26471/488/440400/1130/64112/29911/51552/114883/96459/9531/10533/664/53/25989/1386/3920/165324/5532/22954/114884/9554/950/23339/4882/9637/9363/51382/54982/55737/23766/23256/523/27243/27183/9927/302/55102/23032/252839/203228/84938/23673/55353/65018",0.380730400722792
"GO:0045785","positive regulation of cell adhesion",392,0.429688122251117,1.37841563512798,0.000488889564330849,0.022075244174016,0.00998233886998905,2083,"tags=23%, list=14%, signal=20%","8477/7052/301/8728/3913/3673/865/3678/3071/3908/960/3606/2013/5747/7048/240/3791/4811/3115/64332/2316/50848/2335/1601/27185/7704/10892/6385/7168/3122/567/64805/3689/23308/5896/463/81704/57178/5970/5329/9448/25/11078/9580/920/6239/6347/10272/11126/3170/51206/6602/3109/2650/5788/3553/2534/3133/9655/140885/3481/8289/3111/1435/4067/54453/975/55193/2033/80005/3108/3676/3586/3912/3593/7494/8651/6604/2736/10164/7525/3728/7297/10148/7422/7189/7040/3273/2303/7402",0.477270815362862
"GO:0016050","vesicle organization",324,-0.506399407129625,-1.37750249184988,0.003927552570681,0.0728740428972635,0.0329533564970875,1966,"tags=28%, list=14%, signal=25%","440400/158866/8907/399687/7405/10564/8411/8674/1130/528/10342/29911/51552/9550/8120/8417/10427/284697/1173/64083/529/10959/84364/8766/56681/116841/58485/6386/9101/84079/6281/6812/1182/10015/27095/526/9554/950/6811/5864/1176/84258/23646/63971/23339/51028/7251/2060/553115/304/51382/51534/8905/8027/79102/5007/6843/23317/523/8729/27243/10113/23315/1174/8976/27183/55361/10947/302/9482/3638/84343/252839/282991/203228/51399/164/8615/10652/29887/6861/22872/8724/51271/23673/534/22895/59349/55353/7306",0.407017918923954
"GO:0072073","kidney epithelium development",108,0.491026602272603,1.37749615755922,0.0241072449120994,0.184077434320681,0.0832390941283482,2245,"tags=24%, list=15%, signal=21%","358/1906/5175/947/5311/7021/130497/6385/55366/2719/6662/1909/30812/9863/6299/4609/26585/9356/26508/4851/6928/7422/7040/5076/182/4853",0.352487857583619
"GO:0048880","sensory system development",246,0.442958427889495,1.37710845739319,0.00261655547144782,0.0566237073452487,0.0256050184695434,1056,"tags=13%, list=7%, signal=13%","718/493/4647/2321/1813/121643/6297/712/9839/10253/84467/2202/3684/2353/84465/28996/7021/5080/64805/64093/84287/6497/10083/10252/204851/22882/6662/1745/7020/658/30812/3624/5158",0.431707695803346
"GO:0031663","lipopolysaccharide-mediated signaling pathway",51,0.551774368906341,1.37597631267964,0.0455982438081188,0.255603792268839,0.115583032775019,2346,"tags=37%, list=16%, signal=31%","11027/4064/5336/3055/10892/9450/671/6688/929/140885/4067/26191/4057/3656/7189/7099/90070/5578/22900",0.321775918075361
"GO:0071229","cellular response to acid chemical",51,0.551368503270815,1.37496419335681,0.0455982438081188,0.255603792268839,0.115583032775019,1987,"tags=31%, list=14%, signal=27%","5311/2729/1536/2890/4144/6494/1956/2906/2742/10670/8140/2534/3182/2033/7494/7422",0.321775918075361
"GO:0099003","vesicle-mediated transport in synapse",218,-0.521374445159224,-1.3737514084594,0.00793466712258263,0.0992509158109943,0.0448808750187363,2291,"tags=31%, list=16%, signal=27%","7879/127833/1211/6620/26985/4983/9805/28964/824/163/161/27445/50618/9581/22848/160/8573/528/84961/1000/60/382/6623/9550/8120/2332/284697/1173/529/26503/116841/821/5532/9373/6812/58513/1182/526/5864/1176/5728/2060/51382/9829/5533/523/9899/10947/8618/5530/6456/6854/64854/11315/1175/203228/10396/55697/84251/6861/1020/5358/273/25977/22999/534/22895/3084",0.380730400722792
"GO:0045927","positive regulation of growth",173,-0.526499372258569,-1.37131704932355,0.0151395311784447,0.139402428262699,0.0630372315362906,1316,"tags=16%, list=9%, signal=15%","6386/659/5716/23414/3249/22954/9373/9472/9962/8482/79594/84258/4131/6832/7224/11344/1946/3897/23327/7430/22999/8829/5607/23236/891/151835/3084/9362",0.380730400722792
"GO:0010718","positive regulation of epithelial to mesenchymal transition",51,0.549589127858646,1.37052691145957,0.0491251451973492,0.264852474320783,0.119765250539657,2790,"tags=35%, list=19%, signal=29%","2013/5747/7048/25937/1601/2022/4089/3553/7043/6934/4851/7040/283149/182/4192/116844/10630/51176",0.321775918075361
"GO:0032968","positive regulation of transcription elongation by RNA polymerase II",49,-0.609193617663629,-1.37025125742719,0.0497076023391813,0.265523701209311,0.120068776707119,2937,"tags=39%, list=20%, signal=31%","9440/1499/51586/905/5499/9439/10001/8812/51003/5469/4686/6829/84246/1025/2962/123169/55837/9412/112950",0.245041785430996
"GO:0022618","protein-RNA complex assembly",161,-0.531043086908162,-1.37012464419415,0.0149335543614947,0.138629395715455,0.062687669249084,2014,"tags=21%, list=14%, signal=18%","84844/9092/27349/6733/2197/27335/51386/4686/6135/9326/8607/79760/23658/10480/79005/7520/26284/1653/6732/7284/11017/8161/9343/10856/92170/8669/85865/154007/10907/10492/79622/25804/1983/545",0.380730400722792
"GO:0036293","response to decreased oxygen levels",245,0.442266940708982,1.36999090818035,0.00334263464342098,0.066232119348122,0.0299499047076784,1684,"tags=20%, list=12%, signal=18%","358/2034/1906/7351/1813/6781/9839/3778/3673/5179/51129/1536/7057/8614/10397/23411/2353/54209/1387/677/4194/28996/761/4921/1958/2022/6513/7049/1788/8751/663/3624/4000/4089/4602/5664/5371/6868/7428/7043/665/4841/4842/6722/2033/54541/4609/8837/9124",0.431707695803346
"GO:0002688","regulation of leukocyte chemotaxis",98,0.495734562817169,1.36974254421861,0.0330140230104533,0.216830562317607,0.0980499302006524,2516,"tags=34%, list=17%, signal=28%","1906/3071/719/7057/5747/1436/972/1908/6354/6688/57509/11240/6347/6868/1230/57402/1907/1435/4067/1240/26585/683/83700/7422/2660/728/3627/1524/5919/1235/811/5880/4192",0.321775918075361
"GO:0032963","collagen metabolic process",86,0.498229874044842,1.3694662319948,0.0250528306489279,0.186507703357522,0.0843380522589923,2014,"tags=20%, list=14%, signal=17%","1520/2191/3673/4921/8751/7431/3624/4602/7043/8710/7148/4321/9508/9902/4851/1508/7040",0.352487857583619
"GO:0051495","positive regulation of cytoskeleton organization",147,0.467590323369537,1.36881946892839,0.0157449748696058,0.143014317190849,0.0646705135492704,1252,"tags=20%, list=9%, signal=19%","2934/8477/1906/5829/5027/3071/4137/10411/85477/10344/89848/122060/2316/3055/4926/6385/7168/10810/88/1902/8851/25/89795/154796/4204/55755/23191/23580/10163/7043",0.352487857583619
"GO:0090100","positive regulation of transmembrane receptor protein serine/threonine kinase signaling pathway",85,0.506494890982615,1.3687903759518,0.0206163847977886,0.170022744103104,0.0768836183130586,1252,"tags=20%, list=9%, signal=18%","1003/9839/23213/7057/7048/1387/3791/28996/1601/4926/10755/2022/7049/3624/4089/23090/7043",0.352487857583619
"GO:0007159","leukocyte cell-cell adhesion",350,0.42824426768292,1.36877932807861,0.0015090696544909,0.0421820898660076,0.0190745756634689,2014,"tags=22%, list=14%, signal=19%","8477/301/11326/5175/3687/9231/4973/1051/865/3071/6402/960/3606/6404/3384/7048/3684/240/6776/3115/64332/50848/7805/84695/7704/10892/6385/3122/567/3689/23308/5896/81704/57178/9314/5970/25/9580/920/6347/3718/11126/6602/3109/5698/2650/5788/3553/2534/3133/9655/140885/3481/8289/3111/4067/6280/975/387597/55193/2033/3108/26191/3676/3586/3593/7494/8651/6604/2736/10164/7525/7297/10148/10457/7189/7040",0.45505986738723
"GO:0043648","dicarboxylic acid metabolic process",75,-0.572763861595927,-1.36751771521636,0.0453296703296703,0.255543975832091,0.11555598401683,2093,"tags=29%, list=14%, signal=25%","2805/2730/4190/6389/2744/6390/4191/4967/122970/6470/55753/2806/9380/1738/81034/10005/60496/4199/8803/81889/47/56954",0.248911114434702
"GO:0010389","regulation of G2/M transition of mitotic cell cycle",80,-0.572904819988293,-1.36688488982354,0.039348710990502,0.240240977662091,0.108636028239418,1434,"tags=20%, list=10%, signal=18%","84936/8766/3364/65123/5889/79184/6240/50484/8883/27183/5347/1111/6790/891/11073/545",0.266350657088526
"GO:0046785","microtubule polymerization",73,-0.574546522519619,-1.36537000054164,0.0437853107344633,0.251057166311404,0.113527066342012,1114,"tags=32%, list=8%, signal=29%","23122/4134/4131/57606/10844/11075/7283/5515/27175/2288/22924/9793/8636/282991/7846/10048/114791/4733/157922/4133/55605/51673/23332",0.257206466468838
"GO:0031109","microtubule polymerization or depolymerization",102,-0.556730715753552,-1.365077234682,0.0419576132000304,0.246038555460376,0.111257670190529,1843,"tags=34%, list=13%, signal=30%","5058/6314/27229/25999/60/27124/324/84643/81551/23122/4134/4131/57606/10844/11075/10982/7283/5515/27175/2288/22924/146057/9793/8636/282991/7846/10048/114791/26586/4733/157922/4133/55605/51673/23332",0.321775918075361
"GO:0071331","cellular response to hexose stimulus",109,0.483256137334976,1.36333256780531,0.0335921762271243,0.219400361004973,0.0992119830922412,2250,"tags=23%, list=16%, signal=20%","7351/8938/9607/51085/2729/23516/8660/54209/8473/6518/26154/2081/3170/4089/6722/65220/7494/2641/2778/226/7040/150/5076/6659/9854",0.321775918075361
"GO:0002698","negative regulation of immune effector process",91,0.493624053195498,1.36330134369889,0.0388587936106843,0.239311074001232,0.108215529449644,1273,"tags=19%, list=9%, signal=17%","301/11326/933/8832/3071/6776/84695/3635/2/2896/6688/5169/3718/5788/7043/3133/9655",0.321775918075361
"GO:0009913","epidermal cell differentiation",155,0.46621528208846,1.36230383373635,0.0108831817519909,0.117488325304252,0.0531277600922313,2271,"tags=19%, list=16%, signal=17%","301/10628/9935/4097/677/64332/4926/10083/7538/26154/79651/51350/23764/7053/3605/337966/353134/1832/196374/79977/8644/2736/6707/8796/3861/8394/2735/6093/182/7399",0.380730400722792
"GO:0033044","regulation of chromosome organization",209,-0.52085632758286,-1.36172338938912,0.00891572049640256,0.104246055984166,0.0471396578217093,2525,"tags=24%, list=17%, signal=20%","11284/26354/3981/9275/8467/5609/55274/170506/5394/10524/8655/6595/10664/10111/10694/54386/7203/4683/140609/51377/60/23381/8607/908/324/7014/5594/996/7520/5588/7515/10574/1780/10576/10856/10575/5595/286053/83658/51451/5347/8881/8658/6950/22948/891/142/7874/51143/545",0.380730400722792
"GO:0032355","response to estradiol",102,0.485273520020675,1.36119716455259,0.0452062041555659,0.255154248454973,0.115379750824815,1864,"tags=18%, list=13%, signal=15%","10628/1813/9607/3673/5179/2890/3684/1393/1956/1788/8204/920/841/7026/1588/8837/3586/6751",0.321775918075361
"GO:0010212","response to ionizing radiation",93,-0.569410495060634,-1.36102171278191,0.042817679558011,0.248824503144894,0.112517464811222,1369,"tags=16%, list=9%, signal=15%","3364/10010/65123/7520/79184/867/85453/6609/2885/1432/2625/5423/142/11073/545",0.257206466468838
"GO:0001666","response to hypoxia",237,0.444457165561266,1.3604126899349,0.00199255551430809,0.0500376507764213,0.0226268295096071,1684,"tags=20%, list=12%, signal=18%","358/2034/1906/7351/1813/6781/3778/3673/5179/51129/1536/7057/8614/10397/23411/2353/54209/1387/677/4194/28996/761/4921/1958/2022/6513/7049/1788/8751/3624/4000/4089/4602/5664/5371/6868/7428/7043/665/4841/4842/6722/2033/54541/4609/8837/9124",0.431707695803346
"GO:0007266","Rho protein signal transduction",124,0.475001321672833,1.35944885754151,0.0157937708941107,0.14318059482383,0.0647457036430165,1312,"tags=19%, list=9%, signal=18%","9620/9138/2059/23263/397/55619/3675/50848/19/392/1902/10755/2768/81704/9423/25/1281/23348/5364/23580/4650/9181/7126/348",0.352487857583619
"GO:0002768","immune response-regulating cell surface receptor signaling pathway",316,0.428463075966245,1.35919052254448,0.00192667313561272,0.0489062542964179,0.0221152164569642,2049,"tags=22%, list=14%, signal=19%","718/7305/2212/2357/64581/11027/2207/933/353514/5336/3071/4340/719/5747/3684/29760/54209/1387/3115/64332/4792/55072/2214/7805/3635/59338/3055/4615/10892/5580/5284/23308/5970/929/25/10666/10584/920/4938/150372/11126/51206/4843/55198/5788/2534/917/57402/4067/975/3815/2033/26191/114625/1240/9564/7100/7525/153579/10062/3551/4057/3656/79155/7189/79931/728/7099",0.45505986738723
"GO:0071559","response to transforming growth factor beta",222,0.449792820772187,1.35888571292927,0.00480536198834367,0.0790467196453113,0.0357446167227136,1252,"tags=22%, list=9%, signal=20%","1906/3397/5829/1003/9839/10253/5179/7057/5747/678/7048/9518/23411/2353/135228/1387/3675/677/64750/64332/28996/8473/1601/4053/51592/4921/9113/10755/55553/6497/6688/10252/2022/463/6662/7049/57178/1745/57154/25/1281/4054/199699/6625/4089/55198/6868/7043",0.407017918923954
"GO:0030101","natural killer cell activation",80,0.500066115313051,1.35808212282071,0.026905015346822,0.195279678622374,0.0883047050834256,1817,"tags=21%, list=13%, signal=19%","7305/3606/2013/64332/2214/4818/11126/80328/5788/2534/3133/558/80329/841/51744/26191/3593",0.352487857583619
"GO:0016049","cell growth",366,-0.500417654245294,-1.35789935511331,0.00481660102281747,0.0790467196453113,0.0357446167227136,1316,"tags=17%, list=9%, signal=16%","6386/659/5716/5997/84259/5532/4897/3249/22954/9373/9472/9962/8482/23122/5588/79594/4771/84258/4131/4882/817/6832/5931/6586/9201/7224/9538/2932/6696/11344/23767/27346/5802/1946/9353/6456/8936/6695/8636/203228/3897/8239/734/57446/1020/26999/23327/51094/22999/2931/8829/4133/9166/10479/5607/85004/2487/151835/65981/10371/3084/9362",0.407017918923954
"GO:0007259","cell surface receptor signaling pathway via JAK-STAT",128,0.471906778127501,1.35769952676703,0.018954665020479,0.161032395081654,0.0728182177320212,2353,"tags=30%, list=16%, signal=25%","7132/388646/5311/3566/54625/54741/3606/1436/6776/51379/1439/801/84444/6773/3601/6347/3597/3718/5788/7428/9655/3568/3815/2033/3586/3593/3588/8651/7297/4851/10148/2066/83666/9111/3574/9466/10019/1950",0.352487857583619
"GO:0009612","response to mechanical stimulus",181,0.45048020273991,1.35690208824601,0.0130194664408289,0.128174872968832,0.0579601750497833,1392,"tags=19%, list=10%, signal=18%","358/2934/10628/1906/7132/1813/5175/1116/5311/3673/4055/2729/7057/5747/3684/2353/50848/1265/4615/4921/6513/6662/3759/10746/54532/4099/114780/342372/51311/3553/9994/4212/6610/51284/841",0.380730400722792
"GO:0016197","endosomal transport",242,-0.511841408757331,-1.35558792866069,0.0139070927017282,0.133009587224675,0.0601464138818866,2105,"tags=31%, list=15%, signal=27%","51429/63893/9230/53916/81609/10123/11021/50618/9581/8411/8674/1130/8898/84661/8218/29911/51552/170622/259173/382/55773/26088/51122/284697/1213/51560/55614/9779/112936/9110/50487/8766/6643/757/9372/84079/5594/58513/6811/28952/4771/23339/51028/7251/2060/30845/51209/51534/55737/9201/64089/8027/27342/57182/23317/8729/5595/27243/7415/23163/27183/9185/9482/23301/282991/10652/5870/8724/51271/7430/23673/55353/7874/163486/51143",0.380730400722792
"GO:0007093","mitotic cell cycle checkpoint signaling",116,-0.54515318357661,-1.35479510597118,0.0332971526992025,0.218384677479685,0.0987526949840707,2285,"tags=22%, list=16%, signal=19%","8720/9656/54962/8655/29980/51360/10111/6118/4683/84936/3364/1386/324/65123/79184/1780/8883/27183/83658/51451/5347/1111/891/11073/51143/545",0.321775918075361
"GO:0019882","antigen processing and presentation",83,0.50004517415094,1.35437101188746,0.0352155233169069,0.226442268522462,0.102396306064009,1391,"tags=19%, list=10%, signal=18%","1520/7057/1785/54209/3115/10437/972/1512/3122/567/55080/80328/3109/3133/3111/80329",0.321775918075361
"GO:0010720","positive regulation of cell development",323,0.430695108453202,1.35415495012612,0.000841977507674889,0.0286516404060962,0.0129561594635214,2279,"tags=30%, list=16%, signal=26%","2124/8477/7052/301/7305/1813/22985/627/64581/1003/3566/865/3071/4137/3606/7048/54209/677/64332/972/50848/9444/3635/27185/2670/7704/23013/10892/3122/6688/23129/6663/5896/79006/23603/57178/8788/57154/6792/9423/4099/9580/30812/920/5364/7431/55012/3597/8140/6602/3605/4602/5365/3553/9655/8289/558/1230/841/1435/1954/4067/4036/55193/3815/2033/5270/118813/133522/7852/3059/54106/3586/3593/7494/8651/26039/6604/2736/3728/1826/10154/4851/8322/7422/7189/7040/7122/89/796/6850/3574/9037/5578/6659/4853/4618/284403",0.477270815362862
"GO:0050678","regulation of epithelial cell proliferation",239,0.436970822401694,1.35380237453187,0.00893061184552756,0.104246055984166,0.0471396578217093,2694,"tags=32%, list=19%, signal=26%","2321/9607/23213/187/23765/7057/2065/23411/240/10344/3791/677/6776/130497/1601/55540/1956/2896/8828/567/889/2022/6662/7049/7538/6239/10413/6347/253260/5365/6868/10522/348/7026/6667/79031/6934/64102/4609/8837/4321/3676/3586/3912/3593/5796/7494/79805/7422/2066/7040/728/84913/5076/90070/653/9037/5578/1893/4853/1535/1950/282679/207/6678/4192/1910/5617/22846/116844/350/54567/6387/54959/695/3164",0.380730400722792
"GO:0097696","cell surface receptor signaling pathway via STAT",144,0.462403793940004,1.35287795617644,0.0166711529830827,0.147991936500107,0.0669213734862717,2404,"tags=28%, list=17%, signal=23%","7132/388646/5311/3566/54625/54741/3606/1436/6776/51379/1439/801/84444/6773/3601/6347/3597/3718/5788/7428/9655/3568/3815/2033/3586/3593/3588/8651/7297/4851/10148/2066/7040/83666/9111/3574/9466/10019/1950/3953",0.352487857583619
"GO:0001818","negative regulation of cytokine production",242,0.442596848365953,1.35277286330678,0.00474566805060027,0.0790467196453113,0.0357446167227136,1274,"tags=15%, list=9%, signal=14%","301/11326/7305/388646/5552/947/353514/8832/3071/7057/54209/4792/114899/9173/2335/9444/7805/9455/55366/671/51564/9314/7538/5970/89795/4938/3624/3718/347/55198/5788/5371/3553/7043/9655/140885",0.407017918923954
"GO:0010595","positive regulation of endothelial cell migration",94,0.48643333794983,1.35098372880325,0.0319769429117339,0.211200736868498,0.0955041452041704,2480,"tags=38%, list=17%, signal=32%","301/1906/7057/23411/3791/4846/6776/2896/8828/51564/7049/25/154796/4233/6868/6667/54453/2549/306/5294/5606/26585/9564/7422/7040/84913/10769/2303/27286/9037/5578/4780/1950/811/207/6678",0.321775918075361
"GO:1903131","mononuclear cell differentiation",393,0.427604599346777,1.35078245592408,0.000229236509999016,0.0131279835482363,0.00593642269254661,1884,"tags=23%, list=13%, signal=21%","714/8477/301/7351/22985/1051/3428/7155/5336/865/3071/4627/3606/55619/10014/678/7048/1436/3726/23411/2353/29760/54209/677/6776/64332/9173/972/9444/7805/84695/3635/7704/10892/3122/23308/22806/6688/221037/8544/5896/57178/10537/25/9580/4775/920/91543/3624/55012/150372/3718/6602/5698/4602/5788/6868/3553/1880/9655/917/8289/558/4189/841/6929/1435/4067/4869/8581/63976/55193/3815/2033/10202/84447/4609/8837/51341/26191/3676/3059/54106/3586/3593/5138/7494/8651/6604/2736/9759/51542",0.518848077743792
"GO:0032956","regulation of actin cytoskeleton organization",279,0.433960857298291,1.34993875706152,0.00214741532904837,0.0519807339443872,0.0235054841003472,1405,"tags=18%, list=10%, signal=17%","9620/2934/8477/1906/50944/11170/5829/10677/2059/116984/64857/3071/10411/85477/1436/10344/89848/2316/57580/50848/163782/3055/6624/6385/7168/5580/10810/88/1902/23500/9113/11132/10966/8851/90102/25/11078/154796/253260/23191/4089/6712/23580/10163/7043/1857/93663/389/284266/6710",0.431707695803346
"GO:0006417","regulation of translation",282,-0.500922713808883,-1.34932832097259,0.0155177311616873,0.141223382820317,0.0638606600482338,2490,"tags=27%, list=17%, signal=23%","6198/51247/5936/51335/5499/63899/351/440275/1613/55037/5317/6059/170506/8440/48/2107/285367/56931/2064/26065/28998/10988/1457/8087/8890/9689/27335/8891/10657/10289/53918/4686/2332/55695/55323/90957/6741/7555/51073/55140/65080/7812/6470/5997/26995/51441/5583/23367/64506/29883/54890/1653/8892/6451/10553/10767/2935/127933/26058/22849/54517/1974/253943/92170/9513/9775/23019/10128/23173/8672/23107/10492/65018/1983/6311/5610/65981",0.380730400722792
"GO:2000379","positive regulation of reactive oxygen species metabolic process",65,0.524483281697371,1.34928971978944,0.0428909505611055,0.248824503144894,0.112517464811222,658,"tags=15%, list=5%, signal=15%","7305/64581/6622/5336/4137/7057/7048/3684/5580/3689",0.321775918075361
"GO:0002460","adaptive immune response based on somatic recombination of immune receptors built from immunoglobulin superfamily domains",269,0.426142159464309,1.34860789636141,0.00323676577136981,0.0655166037170372,0.0296263513444649,1273,"tags=16%, list=9%, signal=15%","718/713/714/301/2212/712/64581/2207/1075/3071/23765/3606/2013/3726/54209/6776/64332/9173/972/2214/1512/84695/55540/7704/715/10892/3122/567/1439/10666/920/91543/10068/51311/3718/80328/3605/5698/28378/5788/6868/3553/3133/9655",0.431707695803346
"GO:0035107","appendage morphogenesis",58,0.532216991933165,1.34844425494157,0.046379810121628,0.256839137182977,0.11614165090205,2077,"tags=28%, list=14%, signal=24%","5125/23288/1387/7021/130497/7704/6497/6662/7020/1281/4089/1954/6299/7547/51542/7700",0.321775918075361
"GO:0035108","limb morphogenesis",58,0.532216991933165,1.34844425494157,0.046379810121628,0.256839137182977,0.11614165090205,2077,"tags=28%, list=14%, signal=24%","5125/23288/1387/7021/130497/7704/6497/6662/7020/1281/4089/1954/6299/7547/51542/7700",0.321775918075361
"GO:0006690","icosanoid metabolic process",103,0.489043823151695,1.34787439383613,0.0233915565023018,0.181977763062949,0.0822896310173162,434,"tags=10%, list=3%, signal=9%","241/1906/7132/57834/6916/23411/240/8529/1559/972",0.352487857583619
"GO:0048592","eye morphogenesis",93,0.494034936839073,1.34748917591203,0.0262611561103172,0.192498841771163,0.0870472215615166,973,"tags=16%, list=7%, signal=15%","4647/121643/84467/2202/84465/28996/7021/5080/6497/10083/204851/22882/6662/7020/30812",0.352487857583619
"GO:0030308","negative regulation of cell growth",137,-0.532729686454002,-1.34722338989775,0.0374392431176306,0.235322752686325,0.106412026187168,1514,"tags=15%, list=10%, signal=13%","6049/9856/1630/659/5997/4771/5931/6586/9538/6696/5802/9353/734/57446/51094/2931/4133/85004/2487/65981",0.321775918075361
"GO:0044839","cell cycle G2/M phase transition",122,-0.540587163825437,-1.34632236704609,0.039842874587181,0.241422114917938,0.10917013387589,1880,"tags=22%, list=13%, signal=19%","51147/8444/1018/10657/4683/84936/8766/3364/22809/65123/5889/79184/6240/50484/8883/27183/51400/51451/5347/7319/1111/6790/23236/891/11073/7164/545",0.321775918075361
"GO:0034284","response to monosaccharide",155,0.460509093633833,1.34563007226517,0.0125415245323766,0.126634371078576,0.057263566134513,2088,"tags=20%, list=14%, signal=17%","10628/7351/8938/9607/3673/51085/2729/7057/23516/8660/54209/8473/6518/1958/26154/2081/4023/3170/4089/6844/6934/6722/5211/65220/7494/2641/2778/226/7040/150/5076",0.380730400722792
"GO:0048598","embryonic morphogenesis",302,0.428870206415942,1.34402249698059,0.00179475156411228,0.0465643831219408,0.0210562314931192,2245,"tags=25%, list=15%, signal=21%","9620/2321/121643/525/5311/3673/23213/3691/84467/3678/2202/187/7048/1387/3675/2335/28996/130497/7704/3909/27245/3689/6497/10083/204851/2719/2022/6662/51471/9314/54910/221074/7020/3200/1909/30812/3205/3624/3170/1295/4089/10522/3233/1846/3481/23242/1954/4036/54345/9095/1301/6299/6722/7855/7547/79977/26585/3676/3586/3912/2736/4851/7189/2304/7040/84913/51339/5076/3232/6491/653/140469/6093/4853",0.45505986738723
"GO:0060562","epithelial tube morphogenesis",169,0.4547067577413,1.34394342445235,0.0091684787239059,0.104502854581219,0.0472557811405233,2014,"tags=22%, list=14%, signal=20%","9620/1500/3687/121643/5311/187/7048/1436/3791/1512/130497/55366/6497/2719/2022/6662/54910/221074/25/1909/30812/4233/10522/23242/1954/4036/54345/6299/6722/4609/7547/79977/26585/2736/4851/7422/7189/7040",0.380730400722792
"GO:0006261","DNA-templated DNA replication",130,-0.533048270672835,-1.34376052451554,0.0375511039586788,0.235433890774307,0.106462282394839,2179,"tags=23%, list=15%, signal=20%","91607/54962/8655/64318/29980/4172/10111/56655/9978/4683/25842/57804/7014/22891/6117/4173/1025/5889/6596/6240/50484/84083/1642/997/5428/8453/5423/142/11073/545",0.321775918075361
"GO:0043491","phosphatidylinositol 3-kinase/protein kinase B signal transduction",245,0.433749359223119,1.34360636952003,0.00568158038349502,0.0866262835404376,0.039172065800579,2023,"tags=26%, list=14%, signal=23%","4922/1906/2321/1813/5175/1116/10253/10411/7057/3606/5747/1436/2065/9518/23411/8660/54209/219699/3791/677/2335/2214/152/59338/1956/5518/4921/64805/2022/9314/4734/9846/5364/780/11126/253260/23612/6868/3553/2534/3481/558/3554/4036/2549/9863/6934/3815/5288/5294/2492/799/3059/5783/8644/7494/1634/23551/3667/7422/2660/7040/150",0.407017918923954
"GO:0030307","positive regulation of cell growth",128,-0.536521391728681,-1.34299521889358,0.038981415511132,0.239311074001232,0.108215529449644,2112,"tags=27%, list=15%, signal=23%","2064/1457/50618/22902/998/5058/2664/23499/1000/4686/6386/659/5716/3249/22954/9373/9472/9962/8482/79594/84258/4131/6832/7224/11344/1946/3897/23327/22999/8829/5607/151835/3084/9362",0.321775918075361
"GO:0048729","tissue morphogenesis",357,0.42067958760325,1.34239997166366,0.000748760050821535,0.0279061682433169,0.0126190598741195,2014,"tags=23%, list=14%, signal=20%","9620/1500/3687/121643/6781/5311/3673/23213/3691/4625/3678/187/4624/960/7048/1436/3791/3675/4846/7414/2316/4194/342574/1512/130497/84446/7168/55366/8828/27245/6497/2719/6663/2022/6662/7049/9314/54910/79651/221074/7020/90102/25/1281/1909/30812/6239/10413/780/4233/7053/4089/85366/3371/6868/10522/1832/389/23242/1954/4036/54345/3866/9095/6299/6722/4609/7547/4321/79977/26585/9687/26508/2736/3883/4851/4638/7422/7189/2304/7040",0.477270815362862
"GO:0071356","cellular response to tumor necrosis factor",163,0.453936294827638,1.3420625799471,0.0141084694254288,0.134388179354592,0.0607698078382952,1429,"tags=19%, list=10%, signal=17%","1906/7132/1116/837/84817/7057/678/9705/23411/965/2353/677/117584/4792/1393/7805/204851/7538/5970/81/8851/10670/10068/6347/6625/7293/8408/6868/9181/841/11093",0.380730400722792
"GO:0032602","chemokine production",72,0.516390006707425,1.34202875361709,0.0293523695975046,0.202109571304812,0.0913931557779825,2154,"tags=40%, list=15%, signal=34%","64581/3566/23765/3606/1436/54209/114899/9173/972/1958/9314/4938/116/4023/347/3605/6868/3553/9655/140885/51284/4940/7098/54106/3586/7040/7099/6850/3574",0.352487857583619
"GO:0032642","regulation of chemokine production",72,0.516390006707425,1.34202875361709,0.0293523695975046,0.202109571304812,0.0913931557779825,2154,"tags=40%, list=15%, signal=34%","64581/3566/23765/3606/1436/54209/114899/9173/972/1958/9314/4938/116/4023/347/3605/6868/3553/9655/140885/51284/4940/7098/54106/3586/7040/7099/6850/3574",0.352487857583619
"GO:0048568","embryonic organ development",220,0.440034178059611,1.34198389957931,0.00694558770079734,0.094267282783076,0.0426272957017335,2490,"tags=24%, list=17%, signal=20%","1906/121643/525/5311/84467/2202/187/7048/5125/3791/150274/28996/130497/3399/10083/204851/2022/5426/6662/4254/7020/3200/1909/3205/3233/3481/841/23242/1954/54345/6299/3815/6722/7855/7547/2736/4851/7422/2304/7040/5076/3232/6491/653/140469/4853/10019/5919/25902/5950/6678/3975",0.407017918923954
"GO:0006892","post-Golgi vesicle-mediated transport",102,-0.54708561048813,-1.34142789533108,0.037483266398929,0.235322752686325,0.106412026187168,2392,"tags=41%, list=16%, signal=35%","10067/6293/57120/25837/26985/114815/5877/23230/51125/9581/8907/55297/10564/160/8674/23499/55770/51552/55763/26088/1173/64083/55614/8766/288/403/28952/1176/63971/60412/2060/30845/23256/8729/23163/8548/10947/1445/164/117177/9522/27032",0.271288554688953
"GO:0042593","glucose homeostasis",190,0.445701100620469,1.34127183348946,0.0110601557450158,0.118581030544736,0.0536218771180518,2422,"tags=24%, list=17%, signal=20%","7351/8938/9607/84467/51085/2729/23516/23411/240/8660/54209/79602/8473/5080/1584/26154/5166/10670/2081/4938/3170/4089/55198/1050/6934/6722/65220/7494/2641/2778/5836/226/3667/7040/150/3099/5076/1407/6659/9854/6194/1535/3953/57818/5950",0.380730400722792
"GO:0050671","positive regulation of lymphocyte proliferation",111,0.470922923771672,1.34031323351998,0.0407252823689235,0.244260817978582,0.110453784270841,2005,"tags=23%, list=14%, signal=20%","301/3071/3606/7048/8660/3115/972/2214/23308/920/7293/3109/5788/3553/1880/3133/3481/6929/975/6863/54106/3593/7297/10148/7189",0.321775918075361
"GO:0048667","cell morphogenesis involved in neuron differentiation",398,-0.490748485459732,-1.34014261367026,0.00396295306512899,0.0728740428972635,0.0329533564970875,2002,"tags=27%, list=14%, signal=24%","64843/22902/7070/158866/6904/998/9369/5978/5058/1136/2664/23499/9334/5306/1000/57689/214/60/3670/5789/7074/22865/6049/64689/9856/1630/5063/7408/54798/659/22891/4781/5532/84079/4897/288/1141/25830/6812/8482/23122/5588/5864/7804/5881/2044/51225/5728/26230/4131/4882/9637/114798/56896/6091/6586/9201/27020/6654/23077/7224/2932/57556/334/6696/23098/11344/23767/816/51062/4135/5802/8976/10505/1946/22924/23032/9353/139065/4205/8636/84628/55740/203228/322/7533/3897/8239/23072/4744/133418/1020/4753/26999/1123/347733/23327/10381/27255/8829/4133/55605/9331/10479/3800/65981/10371/140578",0.407017918923954
"GO:0006644","phospholipid metabolic process",317,-0.496266144390176,-1.33967559888472,0.00783770885075637,0.0992509158109943,0.0448808750187363,2314,"tags=26%, list=16%, signal=23%","84992/79947/8904/8396/5298/9489/26090/9162/8895/824/10026/5291/10400/7405/26207/8898/254531/284161/94005/9453/54545/65258/6342/84947/3612/50640/55326/22908/8760/114882/23175/3030/54965/131118/27124/9110/79644/50487/9588/11331/4952/5332/9373/114884/8813/27163/56910/5050/27132/3356/5728/1608/3157/80235/79153/5297/128869/8503/22845/6609/57171/5007/8560/9107/8395/55361/9468/8526/55650/9791/8821/10390/51227/3156/55697/9896/1607/10162/3422/58488/64801/23236/2222/9362",0.380730400722792
"GO:0071333","cellular response to glucose stimulus",106,0.473050520331133,1.33740628986832,0.0409447638337744,0.244938357915165,0.110760165173884,2250,"tags=23%, list=16%, signal=19%","7351/8938/9607/51085/2729/23516/8660/54209/8473/26154/2081/3170/4089/6722/65220/7494/2641/2778/226/7040/150/5076/6659/9854",0.321775918075361
"GO:0050870","positive regulation of T cell activation",201,0.440372357636311,1.33666387510495,0.0138083817037367,0.13233502138928,0.0598413778557413,2014,"tags=23%, list=14%, signal=20%","8477/301/865/3071/3606/7048/3115/64332/7704/10892/3122/567/23308/5896/81704/57178/25/9580/920/6347/11126/6602/3109/5788/3553/2534/3133/9655/140885/3481/8289/3111/4067/975/55193/2033/3108/3593/7494/8651/6604/2736/7525/7297/10148/7189/7040",0.380730400722792
"GO:0001558","regulation of cell growth",313,-0.494884111347133,-1.33653141866883,0.00890868717826869,0.104246055984166,0.0471396578217093,1316,"tags=16%, list=9%, signal=15%","6386/659/5716/5997/84259/4897/3249/22954/9373/9472/9962/8482/23122/5588/79594/4771/84258/4131/817/6832/5931/6586/7224/9538/2932/6696/11344/27346/5802/1946/9353/6695/3897/734/57446/23327/51094/22999/2931/8829/4133/9166/5607/85004/2487/151835/65981/10371/3084/9362",0.380730400722792
"GO:0000302","response to reactive oxygen species",151,0.453216592552644,1.3363698823681,0.0179711258051328,0.155811014626109,0.0704571299603289,1312,"tags=19%, list=9%, signal=18%","358/10628/1906/7351/5829/5311/7155/4137/23411/2353/4846/761/59338/7168/5580/4921/1728/9314/5970/25/2081/10068/347/4233/4602/3043/2534/140885/348",0.352487857583619
"GO:0000209","protein polyubiquitination",239,-0.503295620979912,-1.33634378971082,0.0206809439662761,0.170022744103104,0.0768836183130586,2278,"tags=25%, list=16%, signal=22%","6872/8450/27246/9616/8454/26145/63893/56254/10277/26001/26263/11043/23219/9978/23304/55284/4683/23321/6049/10393/51619/378884/8065/25793/9520/22954/9373/7326/996/79594/9354/9666/55585/867/26249/6500/55223/23077/7334/79102/6596/3093/5192/8945/9690/997/8881/148203/25847/7319/23291/56888/7325/23327/8658/10273/9604/4012/51465/7322",0.352487857583619
"GO:1903706","regulation of hemopoiesis",313,0.424629976576707,1.33618018520121,0.00301086152430528,0.0616986136180449,0.0278998711900453,2154,"tags=27%, list=15%, signal=24%","2124/714/8477/301/7305/22985/9607/9935/1051/3566/865/3071/85477/3606/678/7048/3726/54209/677/6776/64332/972/9444/10234/84695/3635/7704/10892/3122/64783/22806/6688/5896/23603/57178/8788/7538/25/9580/3205/920/10272/3624/55012/150372/3597/3718/6602/3605/5698/4602/9655/4212/8289/558/1230/841/284266/1435/4067/63976/55193/2033/4609/133522/7098/3059/54106/3586/3593/7494/8651/6604/2736/3202/4057/7189/7040/7099/969/51621/2752/796/6850/3574",0.431707695803346
"GO:0009144","purine nucleoside triphosphate metabolic process",180,-0.511360284294124,-1.33600438672634,0.0362000344568547,0.23034601871191,0.104161566595112,2129,"tags=29%, list=15%, signal=25%","2645/28964/26471/374291/3939/5562/4719/6389/4622/669/6390/10059/3091/230/7345/126328/6774/55967/4712/4967/2027/5563/4695/4714/55753/131870/526/4976/4722/5213/4704/4720/4711/55022/51422/5515/523/7415/4700/1353/4725/4716/3614/4718/10165/30968/5901/4724/5214/65018/8382/142",0.321775918075361
"GO:0007179","transforming growth factor beta receptor signaling pathway",173,0.455124332270006,1.33593271493621,0.0094467150562443,0.107154043246675,0.0484546382611166,1252,"tags=21%, list=9%, signal=19%","3397/5829/1003/9839/10253/7057/5747/7048/9518/23411/2353/135228/1387/3675/64750/28996/8473/1601/4053/51592/9113/10755/6497/6688/10252/2022/7049/57178/57154/1281/4054/199699/4089/55198/6868/7043",0.380730400722792
"GO:0008360","regulation of cell shape",107,0.475134614555289,1.33575510715689,0.0239419460670618,0.183474206318895,0.0829663167908826,1405,"tags=23%, list=10%, signal=21%","301/2059/4627/5747/1436/3791/50848/2335/3055/7168/1902/3689/6354/23129/58480/6347/5364/23191/55843/23580/5365/2534/57619/93663/6710",0.352487857583619
"GO:0099173","postsynapse organization",194,-0.509628789957414,-1.33562145101677,0.0292884125975427,0.202109571304812,0.0913931557779825,2054,"tags=27%, list=14%, signal=24%","57468/66000/4738/158866/998/9369/8898/1000/60/382/5789/2339/9026/3556/5063/4139/22891/5621/4897/7804/5881/51225/5728/4131/9844/9463/28988/26045/378/55737/4628/22849/9093/816/8883/5802/8976/22924/6456/84628/55740/10280/91752/4744/1020/4916/26999/4763/7430/8829/2904/65981/9362",0.352487857583619
"GO:0043009","chordate embryonic development",204,0.44170632214765,1.33532519134146,0.0131179626185498,0.128702556454582,0.0581987914532685,2193,"tags=24%, list=15%, signal=20%","9620/1906/5311/23213/4624/7048/5125/130497/6497/6662/54910/1745/221074/7020/1281/3200/1909/30812/3205/10522/3233/7043/4082/3481/84525/1832/841/51496/23242/1954/4036/6722/7547/55959/79977/84072/2736/51542/7422/7189/7040/134701/2303/51339/5076/3232/6491/653",0.380730400722792
"GO:0006650","glycerophospholipid metabolic process",260,-0.496283991310439,-1.33480979775884,0.0200010926963105,0.167424476473929,0.0757086918775958,2314,"tags=27%, list=16%, signal=23%","84992/8904/8396/5298/9489/26090/9162/8895/824/10026/5291/10400/7405/26207/8898/254531/284161/94005/54545/65258/84947/3612/50640/55326/22908/8760/114882/23175/3030/54965/131118/27124/9110/50487/9588/11331/4952/5332/114884/8813/27163/56910/5050/27132/3356/5728/1608/80235/79153/5297/128869/8503/9107/8395/55361/9468/8526/55650/9791/8821/10390/51227/55697/9896/1607/10162/58488/64801/23236/9362",0.352487857583619
"GO:0010508","positive regulation of autophagy",135,-0.523560576979805,-1.33324366361558,0.0499270502912738,0.265523701209311,0.120068776707119,2834,"tags=34%, list=20%, signal=28%","9474/1994/9528/92140/23352/10133/27102/6885/29072/143686/79837/60592/9821/11140/8396/54543/10524/1457/5291/131540/5562/11043/7405/27244/7957/64112/9531/664/6829/5563/25793/22954/23367/79594/29110/3064/2932/23032/11315/203228/291/7319/26353/2931/10273/65018",0.321775918075361
"GO:0007411","axon guidance",165,-0.514078362871342,-1.33310534628404,0.0467485944818933,0.258576442505266,0.116927253557723,1449,"tags=21%, list=10%, signal=19%","1630/7408/659/4781/4897/8482/5588/5881/2044/9637/56896/6091/6586/27020/6654/23077/57556/23767/10505/1946/23032/9353/55740/3897/133418/4753/26999/1123/347733/10381/27255/8829/55605/3800/10371",0.321775918075361
"GO:0032946","positive regulation of mononuclear cell proliferation",112,0.475876522571034,1.33012938190584,0.035032471315237,0.226442268522462,0.102396306064009,2005,"tags=23%, list=14%, signal=20%","301/3071/3606/7048/8660/3115/972/2214/23308/920/7293/3109/5788/3553/1880/3133/3481/6929/1435/975/6863/54106/3593/7297/10148/7189",0.321775918075361
"GO:0044772","mitotic cell cycle phase transition",354,-0.491198362031436,-1.32932893672065,0.00537239364490223,0.0840958685215363,0.0380278220494673,1499,"tags=16%, list=10%, signal=15%","5689/8554/84936/51692/8766/3364/324/8065/23122/996/65123/5889/5728/586/79184/26060/6500/1780/2935/1022/6240/50484/5515/27243/286053/8883/27183/1642/51400/83658/51451/997/5347/5690/8881/8453/5688/8900/5691/7319/1111/7325/5684/4331/1033/5683/6790/5693/23236/23332/5682/891/11073/51143/7164/545",0.407017918923954
"GO:1902414","protein localization to cell junction",105,0.473882956027519,1.32834247062224,0.0493496411905206,0.264852474320783,0.119765250539657,1167,"tags=16%, list=8%, signal=15%","1500/50944/8927/5175/1003/4137/81831/7414/2316/50848/8473/3339/220296/9414/4204/10368/165257",0.321775918075361
"GO:0030278","regulation of ossification",87,0.484346891933188,1.32678031412209,0.0281998014605367,0.198903561938959,0.089943410911832,2222,"tags=24%, list=15%, signal=21%","5552/5027/240/130497/7704/8074/4921/6662/8788/7020/658/54880/1230/338773/6863/26585/4851/4057/6546/89/1893",0.352487857583619
"GO:0002429","immune response-activating cell surface receptor signaling pathway",278,0.423199340100381,1.32534369648604,0.00634332616040926,0.0897701407737522,0.0405937057160619,2149,"tags=23%, list=15%, signal=20%","718/7305/2357/64581/11027/933/5336/3071/4340/719/5747/3684/29760/54209/1387/3115/64332/4792/55072/7805/3635/59338/3055/4615/10892/5580/23308/5970/929/25/10666/10584/920/4938/150372/11126/4843/55198/5788/2534/917/57402/4067/975/2033/26191/114625/1240/9564/7100/7525/153579/10062/3551/4057/3656/79155/7189/79931/728/7099/78989/9111/6850",0.407017918923954
"GO:0071887","leukocyte apoptotic process",75,0.499805192543444,1.3242759513745,0.0272677875035961,0.196037541476073,0.0886474076946838,1809,"tags=19%, list=12%, signal=16%","301/23411/8660/64332/972/3620/3718/6868/917/558/10461/4067/3059/3586",0.352487857583619
"GO:0061025","membrane fusion",157,-0.519204670291743,-1.32401929084742,0.0283027609173489,0.198903561938959,0.089943410911832,2291,"tags=27%, list=16%, signal=23%","7879/127833/8396/84286/124912/5877/53916/7405/8411/8674/127579/80124/51552/8417/116841/53407/165324/84079/6812/9554/4976/6811/5864/662/84258/23339/304/25923/6843/27243/51062/27183/302/9482/203228/55850/8615/10652/6861/22999/23673/22895/84058",0.352487857583619
"GO:0016358","dendrite development",166,-0.514687330487292,-1.32366060369024,0.0310173697270471,0.207489413444748,0.0938258993021111,1648,"tags=24%, list=11%, signal=22%","382/5789/2332/64689/9856/1630/5063/4139/22891/84079/1141/25830/3066/7804/51225/5728/4131/1608/56896/378/22849/7224/2932/23098/816/4135/5802/8976/22924/4205/7533/51399/23072/57118/1020/23327/8829/4133/65981/10371",0.287857117255149
"GO:0007409","axonogenesis",319,-0.487024146809539,-1.32322977377701,0.0107558725062951,0.116920317799912,0.0528709093256295,1865,"tags=26%, list=13%, signal=23%","9369/5058/2664/23499/9334/5306/1000/57689/214/60/3670/7074/22865/6049/9856/1630/5063/7408/54798/659/4781/5532/4897/288/1141/6812/8482/23122/5588/5864/5881/2044/5728/26230/4131/4882/9637/114798/56896/6091/6586/9201/27020/6654/23077/7224/2932/57556/334/6696/11344/23767/51062/4135/5802/10505/1946/23032/9353/139065/8636/84628/55740/203228/322/3897/8239/4744/133418/1020/4753/26999/1123/347733/10381/27255/8829/4133/55605/9331/10479/3800/10371/140578",0.380730400722792
"GO:0046879","hormone secretion",239,0.426691568586776,1.32195567559996,0.0153422096749883,0.140045054765955,0.0633278247216603,2422,"tags=24%, list=17%, signal=20%","301/1906/7351/1813/8938/9607/114897/2775/51085/10411/240/8660/114899/7021/1393/8773/152/1601/8074/1908/11132/26154/3624/116/3170/4843/4602/3553/8673/6865/4067/6934/1588/6863/3625/65220/2641/23435/2778/6928/226/3667/80223/150/1407/3767/64111/5578/6659/9854/7349/8864/3350/353500/57818/9066/5950",0.380730400722792
"GO:0031589","cell-substrate adhesion",299,0.418307858134876,1.32181603063974,0.00452079670499405,0.0777643272038536,0.0351647238882773,2129,"tags=25%, list=15%, signal=22%","56999/87/11170/3687/947/5829/3913/2196/3673/3691/3678/7057/960/2013/5747/7450/3684/10894/84465/3791/3675/7414/4811/2316/2335/84168/1601/27185/6385/54857/88/3689/1009/23603/55698/5329/81/9448/90102/25/1281/11078/6239/8751/347/780/3911/7007/1942/9341/1435/11093/54453/80005/4321/26585/3676/683/3912/5796/3728/482/4851/8910/8322/7422/3696/10580/3273/10516/7402/89/3232/8394",0.407017918923954
"GO:0097485","neuron projection guidance",166,-0.513867747548799,-1.3215528198322,0.032258064516129,0.212758245741211,0.0962084446102321,1449,"tags=21%, list=10%, signal=19%","1630/7408/659/4781/4897/8482/5588/5881/2044/9637/56896/6091/6586/27020/6654/23077/57556/23767/10505/1946/23032/9353/55740/3897/133418/4753/26999/1123/347733/10381/27255/8829/55605/3800/10371",0.282013350011725
"GO:0090596","sensory organ morphogenesis",133,0.453171943715606,1.32121648532359,0.0386068855046124,0.238864208602977,0.10801345866848,973,"tags=14%, list=7%, signal=13%","4647/121643/525/84467/2202/84465/28996/7021/130497/5080/6497/10083/204851/22882/6662/7020/1909/30812",0.321775918075361
"GO:0051249","regulation of lymphocyte activation",397,0.413893648568639,1.32019547985854,0.000790412528468491,0.0280540935481484,0.0126859511170265,2014,"tags=21%, list=14%, signal=19%","8477/301/11326/7305/9231/64581/933/1051/865/3071/3606/678/7048/3726/8660/677/6776/3115/64332/972/2214/7805/84695/3635/7704/10892/6385/3122/567/23308/22806/30011/6688/5896/81704/27240/57178/9479/25/9580/920/6347/3624/55012/150372/3718/11126/7293/6602/3109/5698/5788/3553/2534/1880/3133/9655/140885/3481/8289/3111/558/6929/4067/975/387597/55193/2033/6863/3108/26191/54106/3586/3593/7494/8651/6604/2736/7525/7297/10148/10457/79155/7189/7040",0.477270815362862
"GO:0009914","hormone transport",250,0.430265318307273,1.31960654334826,0.00495328094590721,0.0799333584947776,0.0361455513343944,2422,"tags=24%, list=17%, signal=21%","301/1906/7351/1813/8938/9607/114897/2775/51085/10411/240/8660/28231/114899/7021/1393/8773/152/1601/8074/1908/11132/26154/53919/3624/116/8140/3170/4843/4602/3553/8673/6865/4067/6934/1588/6863/3625/65220/2641/23435/2778/6928/114571/226/3667/80223/150/1407/3767/64111/5578/6659/9854/7349/8864/3350/353500/57818/9066/5950",0.407017918923954
"GO:0009792","embryo development ending in birth or egg hatching",216,0.437650932078536,1.3190487524455,0.0126467758180472,0.126634371078576,0.057263566134513,2193,"tags=24%, list=15%, signal=20%","9620/1906/5311/23213/4624/2013/7048/5125/130497/6497/6662/54910/1745/221074/7020/1281/3200/1909/30812/3205/253260/10522/3233/7043/4082/3481/84525/1832/841/51496/23242/1954/4036/6722/7547/55959/79977/84072/2736/51542/7422/7189/8796/7040/134701/2303/51339/5076/3232/6491/653",0.380730400722792
"GO:0006694","steroid biosynthetic process",141,-0.518856301169844,-1.317008971619,0.038961038961039,0.239311074001232,0.108215529449644,2332,"tags=24%, list=16%, signal=20%","134429/1718/8720/7923/1727/64137/51360/5562/1551/5978/5469/6342/231/64746/79644/2246/5563/5087/1595/5594/6721/3157/51422/51170/6713/3638/6715/3156/10162/47/3422/64801/51706/2222",0.261663521711573
"GO:1905952","regulation of lipid localization",124,0.460132567047547,1.31689463597172,0.0273851420801328,0.196037541476073,0.0886474076946838,1312,"tags=19%, list=9%, signal=18%","718/1906/51703/32/114897/7057/23411/8660/4481/54209/8529/4792/19/1601/20/2180/26154/29803/10351/4023/4602/23461/3553/348",0.352487857583619
"GO:0015931","nucleobase-containing compound transport",186,-0.506298381046527,-1.31655919705016,0.0345073781137908,0.223777511951074,0.101191313589546,2374,"tags=26%, list=16%, signal=22%","8086/57187/9688/11260/134/6830/56943/23144/8087/10559/5903/51808/10657/3177/55032/65125/56262/55746/23381/4686/2332/9908/8036/222962/6741/115286/84230/54890/347734/81034/8563/10073/80145/84912/9513/23089/9775/9793/291/10128/9631/10057/8658/55186/113829/5901/3800/6311",0.321775918075361
"GO:0009205","purine ribonucleoside triphosphate metabolic process",175,-0.509633070532527,-1.31577493625653,0.0440251572327044,0.251817464512521,0.113870870207825,2129,"tags=29%, list=15%, signal=25%","2645/28964/26471/374291/3939/5562/4719/6389/4622/669/6390/10059/3091/230/7345/126328/6774/55967/4712/4967/2027/5563/4695/4714/55753/526/4976/4722/5213/4704/4720/4711/55022/51422/5515/523/7415/4700/1353/4725/4716/3614/4718/10165/30968/5901/4724/5214/65018/8382/142",0.241339976815091
"GO:0048589","developmental growth",330,-0.483616046220172,-1.31526264466522,0.013211745998232,0.128718587567837,0.0582060406598326,1450,"tags=17%, list=10%, signal=16%","9856/1630/1386/2246/659/5997/23414/5532/4897/9373/9472/9962/8482/23122/79594/5728/84258/4131/4882/9350/6500/6586/9201/23077/7224/2932/6696/11344/23767/5802/1946/5530/3776/9353/6456/57502/8936/8636/203228/3897/8239/1020/26999/23327/7430/22999/2931/8829/4133/10479/23236/891/151835/10371/3084/9362",0.380730400722792
"GO:0071322","cellular response to carbohydrate stimulus",118,0.469172733415942,1.31422734249438,0.0315640494949985,0.209357028853832,0.0946704276681541,2088,"tags=22%, list=14%, signal=19%","7351/64581/8938/9607/51085/2729/23516/8660/54209/677/8473/6518/26154/2081/3170/4089/6722/5606/65220/7494/2641/2778/226/7040/150/5076",0.321775918075361
"GO:0001654","eye development",236,0.429431519695409,1.31347898504275,0.00497495011735758,0.0800081018873672,0.0361793500034937,1056,"tags=12%, list=7%, signal=12%","493/4647/2321/1813/121643/6297/9839/10253/84467/2202/2353/84465/28996/7021/5080/64093/84287/6497/10083/10252/204851/22882/6662/1745/7020/658/30812/3624/5158",0.407017918923954
"GO:0009117","nucleotide metabolic process",375,-0.482919516913086,-1.31152838902137,0.00758467547911643,0.0983912598064385,0.0444921419437383,2431,"tags=27%, list=17%, signal=23%","351/1635/4698/4715/203/5636/48/4723/8402/2779/5571/27115/8833/2645/28964/2805/5152/4837/26471/4190/374291/3939/5562/4719/6389/4622/3945/8573/51292/669/5471/6390/10059/170685/4191/7374/3091/230/7345/126328/2977/6774/55967/4712/4967/957/2766/2027/3094/5563/9583/4695/6470/4714/55753/5226/131870/8930/526/4976/4722/5213/79661/4704/260425/4882/2806/4354/4720/7084/4711/51727/55022/6240/51422/50484/5515/23098/523/7415/4700/4200/4199/1353/79077/8604/4725/4716/7086/3614/4718/10165/30968/55312/5901/7371/4724/5214/3251/65018/8382/142",0.407017918923954
"GO:0050000","chromosome localization",89,-0.537440272740926,-1.31111303440068,0.046218487394958,0.256839137182977,0.11614165090205,2843,"tags=29%, list=20%, signal=24%","3192/3835/9184/3837/332/54984/1778/53917/81565/256364/10524/7518/29127/998/2669/56776/8766/25900/324/84643/10726/27243/27183/10540/27436/891",0.248911114434702
"GO:0099175","regulation of postsynapse organization",116,-0.527214177856638,-1.31021373345501,0.0446194225721785,0.253867337498443,0.114797814735578,2054,"tags=28%, list=14%, signal=24%","57468/4738/158866/998/1000/5789/3556/5063/4139/5621/4897/7804/5881/51225/4131/9844/26045/378/55737/22849/816/8883/5802/8976/22924/10280/91752/1020/26999/4763/2904/65981",0.245041785430996
"GO:0002009","morphogenesis of an epithelium",281,0.420756807194713,1.30984606731939,0.00390394251749611,0.0727496589768323,0.0328971105759129,2014,"tags=22%, list=14%, signal=19%","9620/1500/3687/121643/5311/23213/3678/187/960/7048/1436/3791/7414/2316/342574/1512/130497/84446/55366/6497/2719/6663/2022/6662/54910/79651/221074/7020/90102/25/1909/30812/6239/10413/780/4233/7053/3371/6868/10522/389/23242/1954/4036/54345/3866/6299/6722/4609/7547/4321/79977/26585/9687/2736/3883/4851/7422/7189/2304/7040",0.431707695803346
"GO:0032386","regulation of intracellular transport",218,-0.496724174816132,-1.30880126769754,0.0212760790444423,0.17285893977976,0.0781661348788005,2155,"tags=26%, list=15%, signal=22%","8655/10134/26229/9230/2010/22902/337867/8898/10657/6342/65125/10427/9531/4947/9110/10959/50487/8766/56681/3717/79752/53407/79639/5594/9478/1783/4771/54890/8841/1780/55737/127933/23256/2932/23317/5595/27346/80184/84455/302/4946/3936/3638/11315/83658/4744/22872/8724/7430/5901/4133/444/64801/51465/7874/51143",0.352487857583619
"GO:0030510","regulation of BMP signaling pathway",75,0.493357059181472,1.30719107896839,0.0371581043512076,0.234851222117458,0.106198801912551,1517,"tags=25%, list=10%, signal=23%","1003/23213/3791/3675/64750/28996/7021/4926/51592/6497/2022/1745/57154/199699/10272/6653/23090/4036/51232",0.321775918075361
"GO:0002687","positive regulation of leukocyte migration",124,0.456327401516966,1.30600429167733,0.0304467975928504,0.205723973375576,0.0930275742241997,2516,"tags=31%, list=17%, signal=26%","1906/3673/3071/719/7057/5747/1436/10894/54209/972/64805/1908/6354/6688/81704/25/6347/6868/1230/57402/1907/1435/1240/3676/6355/83700/7422/2660/7040/728/6364/3627/1524/5919/1235/811/5880/4192",0.352487857583619
"GO:0007059","chromosome segregation",310,-0.487032534045557,-1.30543637656317,0.0160689189155877,0.145114698514615,0.0656202977493796,2374,"tags=20%, list=16%, signal=17%","8086/8467/55274/81565/256364/10524/2801/8655/26065/6595/1457/10664/29127/7405/998/27229/2669/140609/60/56776/5520/8766/56647/324/84643/23122/996/5728/8841/6732/1780/10726/9391/10844/79884/10982/7283/27243/286053/27175/27183/1642/22924/1459/83658/5510/51451/5347/8780/8881/8239/114791/10540/127829/4733/8658/5901/27436/23332/891/64210/51143",0.352487857583619
"GO:0042542","response to hydrogen peroxide",72,0.502280059202023,1.30535888197295,0.0444474950981113,0.253307569151372,0.114544689683592,1274,"tags=22%, list=9%, signal=20%","358/10628/1906/7155/23411/59338/5580/9314/5970/25/2081/10068/4602/3043/2534/140885",0.321775918075361
"GO:0022600","digestive system process",85,0.482960093121465,1.3051881454341,0.047670266416564,0.261921451200221,0.118439853375549,1122,"tags=13%, list=8%, signal=12%","12/358/1131/50848/57817/6518/6662/9414/3274/1056/3605",0.321775918075361
"GO:0031647","regulation of protein stability",289,-0.485950644950079,-1.3050676344576,0.0197239412963617,0.16539933629949,0.0747929314302311,2052,"tags=26%, list=14%, signal=23%","8409/1457/819/23162/5476/7248/10694/22848/219333/7203/1389/9334/8266/23358/10471/9531/9026/8607/908/2776/81572/79763/11331/8975/25793/9101/3920/9736/79657/5621/79594/10574/5728/3064/8841/5202/867/4591/55737/29761/1022/9093/10576/8924/10856/10575/26224/23163/23032/8945/5300/64854/11315/6674/55294/7846/8239/10598/1191/5201/23291/8078/1603/287/23327/23673/6950/22948/10273/5434/444/6790/5217/79589/65018/7874",0.352487857583619
"GO:0050821","protein stabilization",188,-0.500161099123976,-1.30482934424057,0.035670356703567,0.227496785291595,0.102873154412801,2052,"tags=27%, list=14%, signal=23%","8409/1457/819/23162/7248/10694/22848/7203/1389/10471/9531/9026/8607/908/2776/81572/11331/8975/3920/79657/79594/10574/5728/5202/867/4591/1022/9093/10576/8924/10856/10575/23032/5300/11315/6674/55294/7846/8239/1191/5201/287/23673/6950/22948/10273/5434/5217/65018/7874",0.266350657088526
"GO:0051897","positive regulation of phosphatidylinositol 3-kinase/protein kinase B signal transduction",166,0.446176113231286,1.30403850202958,0.02504997480788,0.186507703357522,0.0843380522589923,2023,"tags=28%, list=14%, signal=24%","4922/2321/5175/1116/10253/7057/3606/5747/1436/2065/9518/23411/8660/54209/219699/3791/2335/152/1956/4921/64805/2022/4734/5364/780/253260/3553/2534/3481/558/3554/2549/6934/3815/5294/2492/799/3059/8644/7494/1634/23551/3667/7422/7040/150",0.352487857583619
"GO:0061041","regulation of wound healing",116,0.457191244138424,1.30402892425776,0.0368127635368704,0.233611807525869,0.105638343493332,1089,"tags=17%, list=8%, signal=16%","301/1906/64581/114897/2191/51330/1824/7057/5747/240/135228/4846/3818/5580/4921/5592/5329/90102/6239/3170",0.321775918075361
"GO:0034764","positive regulation of transmembrane transport",144,0.444136368493,1.29943203396033,0.031675901668725,0.209507090473708,0.094738284944349,1095,"tags=14%, list=8%, signal=13%","718/1520/53827/1906/51703/6622/5027/187/53826/8660/2316/2180/11132/81/3759/1909/920/784/8140/30819",0.321775918075361
"GO:0032886","regulation of microtubule-based process",204,-0.494147239238181,-1.29856661880011,0.0489056878657412,0.264852474320783,0.119765250539657,1994,"tags=24%, list=14%, signal=21%","22902/5562/6904/5058/6314/9978/23499/25999/6869/2339/1213/27124/5563/324/3476/22809/10015/81551/23122/4134/4131/4591/6500/57606/9475/11075/79884/10982/2932/5515/27243/4135/2288/1946/22924/146057/9793/5347/4744/26586/4733/157922/2931/4133/55605/6790/23332/55521",0.321775918075361
"GO:0000724","double-strand break repair via homologous recombination",135,-0.509795051840433,-1.2981898418128,0.0436456996148909,0.250562598278151,0.113303424616318,2450,"tags=24%, list=17%, signal=20%","64710/64110/55183/1108/10524/4172/1457/10111/54386/6118/23047/4683/60/8607/9643/3364/10902/22891/6117/4173/10213/2521/65123/5889/7334/10856/286053/2074/5347/1111/142/11073",0.245041785430996
"GO:0030336","negative regulation of cell migration",238,0.417259217725084,1.29813087184237,0.0139717945049643,0.133356802836001,0.0603034234200771,1094,"tags=15%, list=8%, signal=14%","7076/493/56999/1813/140/9231/6672/6781/9839/23213/397/7057/10014/9518/127435/7414/972/8473/8519/7168/889/3488/5592/2022/1009/23603/11240/7049/9314/90102/89795/1281/8751/6347/347/4204",0.380730400722792
"GO:0048284","organelle fusion",150,-0.515386621721372,-1.29812547273098,0.0446998722860792,0.253867337498443,0.114797814735578,1905,"tags=25%, list=13%, signal=22%","7405/8411/8674/80124/51552/8417/139341/664/116841/84079/6812/9554/4976/6811/5864/79594/662/84258/23339/304/25923/23788/55022/6843/27243/51062/27183/9927/302/9482/203228/8615/10652/6861/30968/23673/22895/54927",0.241339976815091
"GO:0050878","regulation of body fluid levels",300,0.413498353800455,1.29735252708451,0.00407567472295474,0.0737064262639968,0.0333297569921839,2237,"tags=26%, list=15%, signal=23%","358/1906/2207/57834/114897/2191/3673/5336/187/51129/4627/7057/7450/6340/4846/112/7414/6776/8529/2316/1131/50848/2335/152/953/3818/5580/64805/5592/2768/221037/4883/5329/1281/780/1056/2162/3170/51206/2815/3998/3043/8673/348/1080/2771/5021/558/11093/4067/1448/2160/361/5294/2159/22821/2158/5270/1361/928/7494/2778/10062/109/7422/2066/150/3273/7099/1192/3099/8692/79057/90070/6850/340205/5578/1465/107",0.407017918923954
"GO:0000725","recombinational repair",137,-0.512762464005342,-1.29672815789147,0.0471938775510204,0.260425909494232,0.117763575279339,2450,"tags=24%, list=17%, signal=20%","64710/64110/55183/1108/10524/4172/1457/10111/54386/6118/23047/4683/60/8607/9643/3364/10902/22891/6117/4173/10213/2521/65123/7520/5889/7334/10856/286053/2074/5347/1111/142/11073",0.234392647294686
"GO:1902905","positive regulation of supramolecular fiber organization",138,0.45114125809334,1.29563647362809,0.0420717546922236,0.246038555460376,0.111257670190529,1394,"tags=22%, list=10%, signal=20%","2934/8477/1906/5829/3071/4137/10411/85477/10344/89848/122060/2316/3055/4926/6385/7168/10810/88/1902/8851/25/89795/154796/4204/55755/23191/23580/10163/7043/348/389",0.321775918075361
"GO:0051896","regulation of phosphatidylinositol 3-kinase/protein kinase B signal transduction",222,0.427618596242119,1.29189434375298,0.0145780447607773,0.136715804231802,0.0618223506823685,2023,"tags=25%, list=14%, signal=22%","4922/2321/1813/5175/1116/10253/10411/7057/3606/5747/1436/2065/9518/23411/8660/54209/219699/3791/2335/152/59338/1956/5518/4921/64805/2022/9314/4734/5364/780/253260/23612/3553/2534/3481/558/3554/2549/9863/6934/3815/5294/2492/799/3059/5783/8644/7494/1634/23551/3667/7422/2660/7040/150",0.380730400722792
"GO:0061564","axon development",361,-0.474763836664348,-1.29124865669732,0.0217816823943465,0.174849197476669,0.0790661216065821,1865,"tags=24%, list=13%, signal=22%","9369/5058/2664/23499/9334/5306/1000/57689/214/60/3670/7074/22865/6049/9856/1630/5063/7408/54798/3717/659/4781/5532/4897/288/1141/6812/2917/8482/23122/5588/5864/5881/2044/5728/26230/4131/4882/9637/114798/56896/6091/6586/9201/27020/6654/23077/7224/2932/57556/334/6696/11344/23767/51062/4135/5802/10505/1946/23032/9353/139065/8636/84628/55740/203228/322/3897/8239/4744/133418/1020/4753/26999/1123/347733/10381/256714/27255/8829/4133/55605/9331/10479/3800/10371/140578",0.352487857583619
"GO:0001819","positive regulation of cytokine production",435,0.403465374540648,1.28730035520367,0.0013146825655447,0.0388286121245151,0.0175581461760004,1865,"tags=21%, list=13%, signal=19%","718/8477/301/7305/1813/2212/1116/56829/64581/11027/2207/947/353514/1051/3566/23213/3428/5336/5027/1536/23765/719/7057/3606/1436/23411/965/54209/3115/114899/9173/972/54502/9235/2214/7805/55540/4615/10892/567/81844/1958/5452/5970/929/10666/920/91543/4938/116/51311/150372/8140/4023/11126/4843/3605/5698/4602/6653/5788/83786/6868/3553/3133/8710/9181/51284/841/79400/3554/975/85364/3815/51744/7855/661/4940/5294/55959/56919/924/26191/4321/7098/283420/54106/3586/3593/7494/7100",0.45505986738723
"GO:0042102","positive regulation of T cell proliferation",80,0.473703277687775,1.2864857930768,0.0498506142370585,0.265523701209311,0.120068776707119,2005,"tags=21%, list=14%, signal=18%","301/3071/3606/7048/3115/23308/920/3109/5788/3553/3133/3481/975/3593/7297/10148/7189",0.321775918075361
"GO:0002705","positive regulation of leukocyte mediated immunity",107,0.457526221531992,1.28625229218789,0.0372870246884897,0.234956234951515,0.106246288304412,2024,"tags=26%, list=14%, signal=23%","7305/64581/5336/3606/3684/54209/10892/3122/567/3689/6688/10666/91543/11126/80328/4843/3553/3133/80329/3554/975/3815/7855/924/3593/7189/7040/911",0.321775918075361
"GO:0099504","synaptic vesicle cycle",191,-0.492524180020119,-1.28563726595323,0.0401459854014599,0.242320755071022,0.109576495430016,2291,"tags=32%, list=16%, signal=27%","7879/127833/1211/6620/4983/9805/28964/824/163/161/27445/50618/9581/160/8573/528/84961/1000/60/382/6623/9550/8120/2332/284697/1173/529/26503/116841/821/5532/9373/6812/58513/1182/526/5864/1176/5728/51382/9829/5533/523/9899/10947/8618/5530/6456/6854/11315/1175/203228/10396/84251/6861/1020/5358/273/22999/534/22895",0.248911114434702
"GO:0002695","negative regulation of leukocyte activation",149,0.43297062123451,1.28527560161156,0.0426698821232981,0.248607650683633,0.112419404978405,1273,"tags=15%, list=9%, signal=14%","301/11326/7305/9231/1051/8832/865/143684/6776/2335/7805/84695/6385/2896/671/5169/3624/3718/5698/5788/2534/3133/9655",0.321775918075361
"GO:0050727","regulation of inflammatory response",342,0.408296701037914,1.28367595117578,0.00412671264011253,0.0741119238424119,0.033513121407399,1921,"tags=21%, list=13%, signal=19%","301/7132/837/6622/9180/353514/1003/1051/3428/5336/23765/3606/1773/55527/240/143684/54209/171389/64332/4792/114899/9173/55075/3055/313/4615/3818/2896/5580/6354/51063/4818/9314/79651/5970/89790/5169/920/23729/4023/3605/3371/5788/3553/2534/3133/9655/140885/8673/348/51284/1230/1050/3554/4067/6280/975/6863/330/1240/7098/683/54106/3586/3593/5138/63940/3588/84699/7525/2778/10062",0.407017918923954
"GO:0001501","skeletal system development",307,0.406728396840456,1.28354359819201,0.00648032919095435,0.0902830482785389,0.040825640478884,2422,"tags=25%, list=17%, signal=22%","7076/7052/7305/1116/6781/23213/2202/85477/960/23516/7048/29123/5125/10234/130497/9507/7704/1462/4921/60484/5592/55553/6497/1009/4883/6662/3950/1745/7020/249/64399/658/1281/3200/1909/3205/23369/5364/3911/4982/5788/10522/3233/6694/284266/51496/6137/1954/1301/2134/338773/7547/55959/1298/1240/26585/2736/2778/4057/7040/3696/2114/64764/10516/8692/89/3232/653/4041/4853/7045/5307/6261/5549/353500/3953/25902/5950",0.407017918923954
"GO:0040008","regulation of growth",410,-0.468647403037563,-1.283286497641,0.0124892546691975,0.126634371078576,0.057263566134513,1316,"tags=14%, list=9%, signal=13%","6386/659/5716/5997/23414/84259/4897/3249/22954/9373/9472/9962/8482/23122/5588/79594/4771/5728/84258/4131/817/6832/5931/6586/23077/7224/9538/2932/5515/6696/11344/27346/5802/1946/3776/9353/6695/3897/734/57446/23327/51094/7430/29967/22999/2931/8829/4133/9166/5607/23236/85004/891/2487/151835/65981/10371/3084/9362",0.380730400722792
"GO:0072006","nephron development",120,0.448549548591727,1.28297168575597,0.0480329874753536,0.263200594147328,0.11901827680138,2014,"tags=24%, list=14%, signal=21%","358/1906/5175/947/5311/23213/3675/7021/130497/55366/1958/2719/6662/1909/30812/4089/8710/9863/6299/4609/8837/55959/26585/9356/26508/4851/6928/7422/7040",0.321775918075361
"GO:1901990","regulation of mitotic cell cycle phase transition",275,-0.480662505128678,-1.27994061172067,0.0283361335045068,0.198903561938959,0.089943410911832,1499,"tags=15%, list=10%, signal=13%","5689/84936/51692/8766/3364/324/65123/5889/5728/79184/26060/1780/1022/6240/50484/5515/286053/8883/27183/1642/83658/51451/5347/5690/8881/5688/5691/1111/7325/5684/4331/5683/6790/5693/23236/5682/891/11073/51143/545",0.352487857583619
"GO:0001704","formation of primary germ layer",76,0.485729948007214,1.27858162832355,0.04162229523898,0.246038555460376,0.111257670190529,2623,"tags=30%, list=18%, signal=25%","3673/3691/3678/3675/2335/3909/27245/3689/9314/3624/1295/1846/9095/1301/3676/3912/84913/5076/4317/2138/3975/89870/1294",0.321775918075361
"GO:0071456","cellular response to hypoxia",124,0.44664862290988,1.27830372765898,0.0412334784188282,0.245357003862065,0.11094947522978,622,"tags=13%, list=4%, signal=12%","358/2034/1906/1813/6781/1536/8614/10397/23411/2353/54209/677/4194/28996/761/4921",0.321775918075361
"GO:0000723","telomere maintenance",139,-0.50443044899307,-1.27673121600817,0.049618320610687,0.265523701209311,0.120068776707119,1984,"tags=24%, list=14%, signal=21%","10111/10694/54386/79618/6118/7203/4683/140609/51377/23381/8607/908/3364/7014/22891/6117/5594/7520/5588/7515/5889/10574/10576/10856/10575/5595/286053/8658/6950/22948/142/7874/545",0.227987202850442
"GO:0007160","cell-matrix adhesion",208,0.423322616747109,1.27331045602548,0.0136202693782402,0.131076735720446,0.0592723860093753,1079,"tags=16%, list=7%, signal=15%","56999/87/11170/3687/947/3673/3691/3678/7057/960/2013/5747/3684/10894/3791/3675/7414/4811/2335/27185/6385/54857/88/3689/1009/23603/5329/9448/90102/25/1281/8751/347/780",0.380730400722792
"GO:0035150","regulation of tube size",119,0.445698054319139,1.27129301537363,0.0420716429007295,0.246038555460376,0.111257670190529,1502,"tags=18%, list=10%, signal=16%","4922/1906/5175/3778/6916/2729/4846/112/152/1908/5592/25/1909/3274/3043/5021/1907/9732/1373/4842/2549",0.321775918075361
"GO:0035296","regulation of tube diameter",119,0.445698054319139,1.27129301537363,0.0420716429007295,0.246038555460376,0.111257670190529,1502,"tags=18%, list=10%, signal=16%","4922/1906/5175/3778/6916/2729/4846/112/152/1908/5592/25/1909/3274/3043/5021/1907/9732/1373/4842/2549",0.321775918075361
"GO:0097746","blood vessel diameter maintenance",119,0.445698054319139,1.27129301537363,0.0420716429007295,0.246038555460376,0.111257670190529,1502,"tags=18%, list=10%, signal=16%","4922/1906/5175/3778/6916/2729/4846/112/152/1908/5592/25/1909/3274/3043/5021/1907/9732/1373/4842/2549",0.321775918075361
"GO:1903037","regulation of leukocyte cell-cell adhesion",308,0.402166004187813,1.26722054569014,0.015113231155316,0.139402428262699,0.0630372315362906,2014,"tags=22%, list=14%, signal=19%","8477/301/11326/9231/1051/865/3071/960/3606/7048/240/6776/3115/64332/7805/84695/7704/10892/6385/3122/567/3689/23308/5896/81704/57178/9314/5970/25/9580/920/6347/3718/11126/6602/3109/5698/2650/5788/3553/2534/3133/9655/140885/3481/8289/3111/4067/975/387597/55193/2033/3108/26191/3676/3586/3593/7494/8651/6604/2736/10164/7525/7297/10148/10457/7189/7040",0.380730400722792
"GO:0034612","response to tumor necrosis factor",179,0.421300883717606,1.26670461145698,0.0455415631383963,0.255603792268839,0.115583032775019,1429,"tags=18%, list=10%, signal=17%","1906/7132/1116/837/84817/7057/678/9705/23411/965/2353/677/117584/4792/1393/7805/58191/204851/7538/10537/5970/81/8851/10670/10068/6347/6625/7293/8408/6868/9181/841/11093",0.321775918075361
"GO:0015837","amine transport",84,0.477041190696698,1.26522470613984,0.0439412885422679,0.251644257310354,0.11379254659006,1571,"tags=18%, list=11%, signal=16%","1813/140/6622/9607/6563/28982/152/6581/8140/6570/55640/6857/6865/85413/57153",0.321775918075361
"GO:0006260","DNA replication",242,-0.477494813870144,-1.26462258544488,0.0356718192627824,0.227496785291595,0.102873154412801,2276,"tags=20%, list=16%, signal=17%","2658/8450/91607/51550/54962/8655/64318/29980/4172/116447/10111/56655/6118/9978/4683/25842/51377/8607/5930/27101/57804/7014/22891/6470/4781/6117/4173/1025/5889/5931/7334/6596/6240/50484/10856/11124/7415/84083/1642/4774/997/5428/8453/7319/1111/5423/142/11073/545",0.261663521711573
"GO:0008015","blood circulation",432,0.399383892361017,1.26437483222849,0.00235113107226544,0.053461926281995,0.024175273468432,2095,"tags=20%, list=14%, signal=18%","2934/157378/4922/493/1906/1813/5175/121643/140/9607/4973/6781/1003/9839/3778/4625/6446/3270/6916/2729/4624/1824/29119/11138/719/6340/5125/4846/112/8529/2316/152/6518/7168/1584/1908/5331/801/5592/2768/2022/4883/9414/25/3759/1909/154796/3274/30819/4843/85366/3043/348/5021/1832/6865/1907/7026/9732/1373/4842/2549/2643/81033/6863/5294/80005/1359/3676/5972/1573/354/5138/6866/3352/7525/3728/482/26509/3752/7422/7040/150/6546/84502/64167/10060/7122",0.431707695803346
"GO:0140014","mitotic nuclear division",228,-0.479914165505507,-1.26296988879799,0.0381861575178998,0.237198671566213,0.107260309350156,1387,"tags=11%, list=10%, signal=10%","8766/56647/324/23122/1780/10726/79884/7283/27243/286053/27175/27183/5300/83658/51451/5347/8881/10540/1111/4733/5901/6790/27436/23332/891/51143",0.252961123069611
"GO:0141091","transforming growth factor beta receptor superfamily signaling pathway",267,0.405925509923519,1.26285809147,0.0129623319889704,0.128174872968832,0.0579601750497833,2014,"tags=25%, list=14%, signal=22%","3397/5829/1003/9839/10253/23213/7057/5747/7048/9518/23411/2353/135228/1387/3791/3675/64750/28996/8473/7021/1601/4053/4926/51592/9113/10755/6497/6688/10252/2022/7049/57178/1745/57154/658/1281/4054/199699/10272/3624/4089/55198/6653/6868/23090/7043/56963/1954/4036/63976/51232/9863/203100/338773/2033/51341/3625/26585/7044/269/5796/7494/4851/2331/2660/2615/7040",0.380730400722792
"GO:0022407","regulation of cell-cell adhesion",408,0.391080297260033,1.26128020201096,0.00386819262719988,0.0727496589768323,0.0328971105759129,2014,"tags=21%, list=14%, signal=19%","8477/53827/301/11326/9231/8728/114897/1051/865/3071/960/3606/5747/7048/240/6776/3115/64332/50848/7805/84695/7704/266727/10892/6385/5580/3122/567/3689/1952/23308/5592/6688/5896/81704/57178/9314/26154/5970/5329/25/9580/920/6347/10272/3718/11126/3170/51206/6602/3109/5698/2650/5788/3553/2534/3133/9655/140885/3481/8289/3111/4067/975/387597/55193/2033/3108/26191/5270/3676/928/3586/3593/7494/8651/6604/2736/10164/7525/7297/4851/10148/10457/7422/7189/7040",0.431707695803346
"GO:0070482","response to oxygen levels",264,0.403181188200558,1.2576099157645,0.0180521814624118,0.155832801741702,0.0704669820085842,1286,"tags=16%, list=9%, signal=15%","358/2034/1906/7351/1813/6781/9839/3778/3673/5179/51129/1536/7057/8614/10397/23411/2353/54209/1387/677/4194/28996/761/4921/1902/1958/2022/6513/7049/1788/8751/663/3624/8140/4000/4089/4602/5664/5371/6868/7428/7043/665",0.352487857583619
"GO:0045088","regulation of innate immune response",406,0.388258231987887,1.25523697725486,0.00557105773903496,0.0860581813898296,0.0389151722353058,2149,"tags=24%, list=15%, signal=21%","718/1520/11326/7305/1813/56829/64581/11027/3428/5336/5027/54625/4481/54209/1387/171389/64332/3075/4792/54502/8473/55601/3635/1956/3055/2/4615/2896/55366/567/81844/5199/9113/6397/7706/6688/6773/149628/6421/5970/929/10666/5169/10584/91543/4938/23369/51311/11126/10871/55198/2534/3133/348/51284/57787/841/57402/4067/6280/85364/4841/7867/7534/81622/2033/661/23170/4940/330/6573/56919/26191/81570/4321/7098/54106/3593/7100/3820/10062/3551/4057/55182/3656/79155/7189/79931/7040/56927/7099/10906/83666/78989/9111/6850",0.407017918923954
"GO:0050679","positive regulation of epithelial cell proliferation",142,0.429678754611187,1.25387914864643,0.0455929651239026,0.255603792268839,0.115583032775019,2954,"tags=37%, list=20%, signal=30%","9607/187/2065/23411/10344/3791/6776/130497/1956/2896/8828/6662/6239/10413/253260/5365/6868/6667/79031/6934/4609/8837/4321/3676/3586/3912/7494/79805/7422/2066/7040/728/5076/90070/653/9037/5578/1893/4853/1535/1950/207/4192/116844/6387/54959/695/3164/9982/5335/2263/405/10016",0.321775918075361
"GO:0019216","regulation of lipid metabolic process",263,0.404793386586156,1.25268271108034,0.0215320222046057,0.173311176095877,0.0783706343679664,1312,"tags=13%, list=9%, signal=12%","12/718/1906/9607/32/10677/5336/51085/51129/27141/9518/23411/8660/54209/972/338328/9444/1601/20/79143/5580/10613/1958/58526/10298/6662/5166/51228/347/55198/6653/3553/238/150094/348",0.352487857583619
"GO:0040013","negative regulation of locomotion",257,0.402313640964575,1.25243732456775,0.0201041429543612,0.167987642906904,0.0759633535307056,1094,"tags=14%, list=8%, signal=14%","7076/493/56999/1813/140/9231/9607/6672/6781/9839/23213/397/7057/10014/9518/127435/7414/972/8473/8519/7168/889/3488/5592/2022/1009/23603/11240/7049/9314/90102/89795/1281/8751/6347/347/4204",0.352487857583619
"GO:0042391","regulation of membrane potential",368,-0.45615410061287,-1.24489982499405,0.0290502793296089,0.202109571304812,0.0913931557779825,1849,"tags=20%, list=13%, signal=18%","8898/5026/1136/2537/3785/6869/10935/3742/57596/2332/154881/10242/2892/664/23415/2776/2558/148/6547/3751/11334/2570/6508/5590/2555/288/1141/9472/27345/6330/79594/1137/5728/10962/4882/2893/6323/817/8913/30845/3750/2566/3760/2745/55022/7224/2932/51305/6334/7415/2257/3776/6785/64208/9775/57502/783/11315/3736/7533/4718/27068/287/23327/2556/22999/2931/348980/2903/476/65018/2904/2562/142/93107",0.282013350011725
"GO:0006163","purine nucleotide metabolic process",334,-0.4585239915733,-1.24389300914815,0.0351872871736663,0.226442268522462,0.102396306064009,2397,"tags=26%, list=17%, signal=23%","4698/4715/203/5636/48/4723/8402/2779/5571/27115/8833/2645/28964/2805/5152/4837/26471/4190/374291/3939/5562/4719/6389/4622/3945/8573/51292/669/5471/6390/10059/170685/4191/3091/230/7345/126328/2977/6774/55967/4712/4967/2766/2027/3094/5563/9583/4695/4714/55753/5226/131870/526/4976/4722/5213/4704/260425/4882/2806/4354/4720/4711/55022/51422/5515/23098/523/7415/4700/4200/4199/1353/8604/4725/4716/7086/3614/4718/10165/30968/5901/4724/5214/3251/65018/8382/142",0.257206466468838
"GO:0009259","ribonucleotide metabolic process",284,-0.462065392171844,-1.24181940017228,0.0491228070175439,0.264852474320783,0.119765250539657,2189,"tags=25%, list=15%, signal=21%","5571/27115/8833/2645/28964/5152/26471/374291/3939/5562/4719/6389/4622/8573/51292/669/5471/6390/10059/170685/3091/230/7345/126328/2977/6774/55967/4712/4967/957/2027/3094/5563/9583/4695/4714/55753/526/4976/4722/5213/4704/260425/4882/4354/4720/4711/51727/55022/51422/5515/523/7415/4700/1353/4725/4716/3614/4718/10165/30968/55312/5901/7371/4724/5214/3251/65018/8382/142",0.219250346703755
"GO:0019693","ribose phosphate metabolic process",291,-0.45700185481038,-1.22853212183345,0.0457142857142857,0.255603792268839,0.115583032775019,2189,"tags=24%, list=15%, signal=21%","5571/27115/8833/2645/28964/5152/26471/374291/3939/5562/4719/6389/4622/8573/51292/669/5471/6390/10059/170685/3091/230/7345/126328/2977/6774/55967/4712/4967/957/2027/3094/5563/9583/4695/4714/55753/526/4976/4722/5213/4704/260425/4882/4354/4720/4711/51727/55022/51422/5515/523/7415/4700/1353/4725/4716/3614/4718/10165/30968/55312/5901/7371/4724/5214/3251/65018/8382/142",0.224966093540314
"GO:0090087","regulation of peptide transport",165,0.414742679870899,1.22752303897861,0.0420466477162007,0.246038555460376,0.111257670190529,2422,"tags=24%, list=17%, signal=20%","7351/1813/8938/9607/2775/51085/10411/240/8660/972/7021/1393/152/11132/26154/116/3170/4843/3553/6934/3625/65220/2641/23435/2778/226/3667/150/760/3767/5578/6659/9854/7349/8864/353500/57818/9066/5950",0.321775918075361
"GO:0030098","lymphocyte differentiation",321,0.386590995686812,1.22515490899103,0.0211468485361381,0.172321398906992,0.0779230610035518,1873,"tags=21%, list=13%, signal=19%","8477/301/7155/5336/865/3071/3606/55619/10014/678/7048/3726/29760/677/6776/64332/972/7805/84695/3635/7704/10892/3122/23308/22806/6688/221037/5896/57178/25/9580/4775/920/91543/3624/55012/150372/3718/6602/5698/4602/5788/6868/3553/1880/9655/917/8289/558/4189/6929/8581/63976/55193/3815/2033/84447/51341/26191/3676/54106/3586/3593/7494/8651/6604/2736/9759",0.352487857583619
"GO:0098771","inorganic ion homeostasis",350,0.383020525385617,1.22423256291155,0.0289571450694774,0.202054611064288,0.0913683029726881,1198,"tags=12%, list=8%, signal=11%","1356/7052/53827/493/1906/1813/9607/6781/525/1003/3778/28982/4489/3270/6916/23516/8614/53826/7223/6340/8529/79901/57817/4499/8074/2512/567/1534/1908/6354/55858/249/3759/1909/5169/55532/79085/797/4089/495/5664/5371",0.352487857583619
"GO:0007178","cell surface receptor protein serine/threonine kinase signaling pathway",291,0.392290864965582,1.22414665765744,0.0226860202819643,0.179047985284209,0.0809647969918981,2101,"tags=25%, list=14%, signal=22%","3397/5829/1003/9839/10253/23213/7057/5747/7048/9518/23411/2353/135228/1387/3791/3675/64750/28996/8473/7021/25937/1601/4053/4926/51592/9113/10755/6497/6688/10252/2022/7049/57178/1745/57154/658/1281/4054/199699/10272/3624/4089/55198/6653/6868/23090/11030/7043/56963/1954/4036/63976/51232/9863/203100/338773/2033/51341/3625/26585/7044/269/5796/7494/4851/2331/2660/2615/7040/84913/7122/283149",0.352487857583619
"GO:0002819","regulation of adaptive immune response",162,0.417756228777802,1.22038875454562,0.0450768533104535,0.254730328695415,0.115188055971511,2079,"tags=23%, list=14%, signal=20%","301/64581/3071/3606/3726/23411/54209/6776/64332/9173/84695/10892/3122/567/10666/920/91543/10068/3718/11126/80328/5788/3553/3133/9655/80329/3554/975/7855/2033/924/3586/3593/10148/7189/7040/911/969",0.321775918075361
"GO:0045619","regulation of lymphocyte differentiation",173,0.413704126185625,1.21435141408258,0.045001277015177,0.254730328695415,0.115188055971511,1863,"tags=23%, list=13%, signal=20%","8477/301/865/3071/3606/678/7048/3726/677/6776/64332/84695/3635/7704/10892/3122/22806/6688/5896/57178/25/9580/3624/55012/150372/3718/6602/5698/9655/8289/558/55193/2033/54106/3586/3593/7494/8651/6604/2736",0.321775918075361
"GO:0050863","regulation of T cell activation",304,0.379089670033288,1.20822600485523,0.0367448166663668,0.233496155704003,0.105586046192895,2014,"tags=21%, list=14%, signal=18%","8477/301/11326/9231/1051/865/3071/3606/7048/3726/6776/3115/64332/7805/84695/7704/10892/6385/3122/567/23308/5896/81704/27240/57178/9479/25/9580/920/6347/3718/11126/6602/3109/5698/5788/3553/2534/3133/9655/140885/3481/8289/3111/4067/975/387597/55193/2033/3108/26191/3586/3593/7494/8651/6604/2736/7525/7297/10148/10457/7189/7040",0.321775918075361
"GO:0007015","actin filament organization",374,0.373814962346086,1.20790910681159,0.0262759279334147,0.192498841771163,0.0870472215615166,1435,"tags=17%, list=10%, signal=15%","2934/8477/4647/87/50944/11170/5829/10677/9839/2059/64857/3071/10411/85477/2013/83543/1785/10344/89848/2316/57580/50848/1265/163782/3055/6624/6385/7168/5580/10810/88/1902/23500/9113/10755/10083/30011/58480/23603/10966/90102/4642/7456/25/11078/4542/154796/23191/6712/23580/4430/10163/7043/57619/4082/246176/9181/7126/93663/389/6710/23242",0.352487857583619
"GO:2000146","negative regulation of cell motility",250,0.393631655954516,1.20725256432506,0.0345482743110155,0.223777511951074,0.101191313589546,1094,"tags=14%, list=8%, signal=14%","7076/493/56999/1813/140/9231/6672/6781/9839/23213/397/7057/10014/9518/127435/7414/972/8473/8519/7168/889/3488/5592/2022/1009/23603/11240/7049/9314/90102/89795/1281/8751/6347/347/4204",0.321775918075361
"GO:0002758","innate immune response-activating signaling pathway",255,0.383975950117089,1.20389083247317,0.0433896258263341,0.249838558177762,0.112976016521505,2347,"tags=27%, list=16%, signal=23%","1520/7305/56829/64581/11027/3428/5336/5027/4481/54209/1387/171389/64332/4792/8473/55601/1956/3055/4615/55366/9113/6397/7706/5970/929/5169/10584/91543/4938/23369/51311/55198/2534/51284/57787/57402/4067/6280/85364/7867/81622/2033/4940/330/6573/56919/26191/81570/7098/54106/7100/10062/3551/4057/3656/79155/7189/79931/56927/7099/78989/9111/6850/3663/2672/79575/331/22900/1535",0.321775918075361
"GO:0002790","peptide secretion",188,0.400974796719244,1.20167403511921,0.045855986595757,0.255747877735956,0.115648187658365,2422,"tags=22%, list=17%, signal=19%","1906/7351/1813/8938/9607/2775/51085/10411/240/8660/972/7021/1393/152/1908/11132/26154/116/3170/4843/3553/6865/6934/3625/65220/2641/23435/2778/6928/226/3667/150/3767/5578/6659/9854/7349/8864/353500/57818/9066/5950",0.321775918075361
"GO:0031667","response to nutrient levels",404,0.365234248559115,1.17189357630205,0.0400881227903992,0.242320755071022,0.109576495430016,1706,"tags=17%, list=12%, signal=15%","7351/11170/9607/32/6781/9839/3673/3428/5179/51085/2729/1536/2890/8614/27141/9518/4144/23411/2353/1387/64332/19/8473/6750/8074/23408/7706/10298/2180/1788/7538/5166/1591/3601/249/174/10670/920/663/3624/8140/4023/253260/8408/55198/6653/8673/348/340024/2771/7071/6900/6667/1373/467/6344/7534/3060/6722/26100/10919/2033/5337/9317/7486/3625/8942",0.321775918075361
"GO:0002833","positive regulation of response to biotic stimulus",357,0.365938967493525,1.1677211684852,0.0310897521348796,0.207677775285057,0.09391107578783,2213,"tags=24%, list=15%, signal=21%","1520/7305/56829/64581/11027/3428/4064/5336/5027/4481/54209/1387/171389/64332/4792/54502/8473/55601/1956/3055/4615/2896/55366/81844/9450/5199/9113/6397/7706/6688/149628/6421/5970/929/10666/5169/10584/91543/4938/23369/51311/11126/3605/55198/2534/3133/51284/57787/57402/4067/6280/85364/4841/7867/81622/2033/661/4940/330/6573/56919/26191/81570/4321/7098/54106/354/3593/7100/10062/3551/4057/55182/3656/79155/7189/79931/56927/3273/7099/83666/78989/9111/6850/5225/3663/5578",0.352487857583619
"GO:0043065","positive regulation of apoptotic process",407,0.363056224256502,1.16451526082125,0.0226845042265852,0.179047985284209,0.0809647969918981,1544,"tags=15%, list=11%, signal=14%","2934/7052/301/10628/7132/837/22985/6622/6196/2191/3778/4055/138151/85477/51330/25816/7057/23076/1785/27141/23411/7153/51447/7021/1512/10181/2896/1902/51063/9113/3620/3399/4170/6421/10537/7020/8851/25/6347/7072/3624/694/11126/4089/4602/1612/23612/5371/7043/150094/665/841/9770/6667/4067/22822/6280/4842/467/203100",0.352487857583619
"GO:0010817","regulation of hormone levels",430,0.358513867363285,1.16017267717402,0.0403464981033649,0.242906609094105,0.109841416322427,2026,"tags=18%, list=14%, signal=16%","301/1906/7351/1813/8938/9607/114897/2775/5122/51085/10411/216/23516/8614/151056/240/5125/8660/1559/28231/114899/7021/1393/8773/152/1601/6718/8074/1584/1908/1958/11132/26154/53919/30812/3624/116/8140/1056/3170/4843/4602/3553/9060/8824/8673/6865/4067/6934/1588/9486/10202/6863/125/3625/1359/5972/65220/126/8644/2641/23435/2778/1592/6928/114571/226/3667/124/10170/6817/1508/1544/80223/2304/150/1109",0.321775918075361
"GO:0009611","response to wounding",434,0.351821964655703,1.14126929853852,0.0449732039316362,0.254730328695415,0.115188055971511,1744,"tags=22%, list=12%, signal=20%","301/1906/7305/1813/140/64581/2207/947/57834/114897/2191/3673/3691/5336/3678/51129/51330/1824/4627/7057/960/5747/678/7450/2065/240/10894/135228/54209/79602/3791/4846/677/7414/8529/64332/2316/50848/2335/152/5080/953/3818/2896/7168/5580/4921/64805/5592/2768/221037/94121/2022/7538/5329/90102/1281/89790/1909/6239/10413/23369/347/780/2162/3170/51206/3605/2815/3371/6868/3998/3043/348/56963/558/1230/1832/389/11093/4067/2160/79026/6722/57175/5294/2159/22821/3625/2158/5270/1361/4321/7098",0.321775918075361
