"ID","Description","setSize","enrichmentScore","NES","pvalue","p.adjust","qvalue","rank","leading_edge","core_enrichment","log2err"
"GO:1905953","negative regulation of lipid localization",44,0.878959758893424,1.9751886794511,2.26377091588874e-05,0.0173912760962126,0.0123388453764201,698,"tags=14%, list=4%, signal=13%","341/348/5465/4792/54209/208",0.575610261071129
"GO:0051851","host-mediated perturbation of symbiont process",98,0.780801507248917,1.95306455310303,2.80132543949007e-05,0.0173912760962126,0.0123388453764201,1453,"tags=19%, list=8%, signal=18%","10410/348/972/64710/1915/10581/8519/1524/5091/51114/5479/85363/2033/1436/6590/8547/81603/6882/3065",0.575610261071129
"GO:0034381","plasma lipoprotein particle clearance",44,0.86208699738033,1.93727239580497,9.30526002615502e-05,0.0291378708952334,0.0206728753879466,754,"tags=18%, list=4%, signal=17%","341/348/4043/4481/54209/4023/3162/84649",0.538434096309916
"GO:0090207","regulation of triglyceride metabolic process",38,0.856189087754243,1.93558340102015,0.000347014292728901,0.0551267492758224,0.0391115885721108,1069,"tags=24%, list=6%, signal=22%","341/718/81542/23411/84649/376497/6720/337/5566",0.49849310876659
"GO:0048662","negative regulation of smooth muscle cell proliferation",45,0.864545435696145,1.93045002778335,8.20575494726599e-05,0.0275303078480774,0.0195323339025507,934,"tags=22%, list=5%, signal=21%","5728/348/65009/3488/3162/10221/10891/347/1026/6648",0.538434096309916
"GO:0035821","modulation of process of another organism",105,0.765323169731888,1.92478060361058,6.99039684939633e-05,0.0267265284396431,0.018962064660515,1453,"tags=18%, list=8%, signal=17%","10410/348/972/64710/1915/10581/8519/1524/5091/51114/5479/85363/2033/1436/6590/8547/81603/6882/3065",0.538434096309916
"GO:0019915","lipid storage",70,0.795688980297314,1.91434877281278,0.000285478849538269,0.0536357662512499,0.0380537588362542,1157,"tags=20%, list=6%, signal=19%","348/718/4481/5465/4792/54209/57674/149685/23411/4023/84649/2867/27329/123",0.49849310876659
"GO:0048660","regulation of smooth muscle cell proliferation",123,0.736312841239773,1.913317405959,3.93504765355405e-05,0.0205365764763815,0.0145703880670541,958,"tags=15%, list=5%, signal=14%","5728/348/65009/2697/3488/4854/1901/4615/2081/3654/4921/3162/10221/10891/347/1026/6648/5578",0.557332238758646
"GO:0032369","negative regulation of lipid transport",29,0.890757056086282,1.91102601843275,0.000169093433015736,0.0441239919374951,0.0313052999041126,698,"tags=14%, list=4%, signal=13%","341/348/4792/208",0.518848077743792
"GO:0019217","regulation of fatty acid metabolic process",87,0.769948382711725,1.90782506689222,0.0002510537745628,0.0508000287217202,0.0360418462709308,1337,"tags=15%, list=7%, signal=14%","341/972/5465/23411/10891/208/22933/84649/5163/337/6662/23417/10464",0.49849310876659
"GO:0051055","negative regulation of lipid biosynthetic process",52,0.818211914344971,1.90019704133943,0.000586701579928135,0.06123860713161,0.043447858586342,96,"tags=6%, list=1%, signal=6%","341/348/81542",0.477270815362862
"GO:0140467","integrated stress response signaling",50,0.820881056131783,1.89993781937285,0.000400463206912863,0.0551267492758224,0.0391115885721108,1299,"tags=14%, list=7%, signal=13%","1052/1051/208/8440/3726/468/10551",0.49849310876659
"GO:0033344","cholesterol efflux",51,0.808367529210865,1.89332345827931,0.00056525105493368,0.0603405501141704,0.0428107008173494,583,"tags=10%, list=3%, signal=10%","341/348/54209/23411/23461",0.477270815362862
"GO:0044794","host-mediated activation of viral process",37,0.850651323298931,1.88737832255017,0.000398496791909397,0.0551267492758224,0.0391115885721108,969,"tags=22%, list=5%, signal=20%","348/64710/1915/5091/51114/5479/2033/1436",0.49849310876659
"GO:0034377","plasma lipoprotein particle assembly",24,0.921355136960874,1.8861096366695,6.0956071977011e-05,0.0260282427341837,0.018466641593193,9,"tags=8%, list=0%, signal=8%","341/348",0.557332238758646
"GO:0045744","negative regulation of G protein-coupled receptor signaling pathway",65,0.797382811487071,1.88497471062304,0.000233675785462076,0.0508000287217202,0.0360418462709308,263,"tags=6%, list=1%, signal=6%","5996/187/11240/100",0.518848077743792
"GO:0065005","protein-lipid complex assembly",26,0.919703650114474,1.88456908578882,2.96210791504579e-05,0.0173912760962126,0.0123388453764201,9,"tags=8%, list=0%, signal=8%","341/348",0.575610261071129
"GO:0048659","smooth muscle cell proliferation",125,0.7351907135228,1.88391941899086,7.39716563158103e-05,0.0267265284396431,0.018962064660515,958,"tags=14%, list=5%, signal=14%","5728/348/65009/2697/3488/4854/1901/4615/2081/3654/4921/3162/10221/10891/347/1026/6648/5578",0.538434096309916
"GO:0010984","regulation of lipoprotein particle clearance",23,0.900871865914662,1.87945638611215,0.00109359158774042,0.0815333283748695,0.0578466540509636,446,"tags=13%, list=2%, signal=13%","341/4043/54209",0.45505986738723
"GO:0097006","regulation of plasma lipoprotein particle levels",82,0.769335698429564,1.87591897984599,0.000195565957539123,0.048345963292698,0.0343007242448755,1115,"tags=17%, list=6%, signal=16%","341/348/4043/4481/7941/54209/4023/23461/3162/84649/27329/337/5566/5406",0.518848077743792
"GO:0042157","lipoprotein metabolic process",78,0.764709123704811,1.86186824754609,0.000426860349272624,0.0551267492758224,0.0391115885721108,1066,"tags=13%, list=6%, signal=12%","341/348/81575/5465/51114/25921/84649/347/337/60673",0.49849310876659
"GO:0030336","negative regulation of cell migration",260,0.674792743787226,1.86035372502866,1.38460302454701e-06,0.00490941696397692,0.00348315652467143,932,"tags=13%, list=5%, signal=12%","9231/5728/348/7122/6781/972/65009/2697/3488/7076/397/8519/56999/482/11314/11240/4092/57175/6347/7130/4739/79890/3162/90865/10221/51466/84034/347/5607/23380/1009/25942/1634",0.643551836150722
"GO:0045601","regulation of endothelial cell differentiation",34,0.870309981600069,1.85962981073697,0.000426007905113964,0.0551267492758224,0.0391115885721108,295,"tags=15%, list=2%, signal=14%","81575/7122/7132/1003/7716",0.49849310876659
"GO:0042304","regulation of fatty acid biosynthetic process",47,0.820971154104864,1.85954234009345,0.000953502731116545,0.0792218355957088,0.0562066851474174,970,"tags=11%, list=5%, signal=10%","341/972/23411/22933/337",0.477270815362862
"GO:0040013","negative regulation of locomotion",282,0.658092226970635,1.85097341795539,5.30127481836058e-06,0.00830002927394655,0.0058887442913571,932,"tags=12%, list=5%, signal=11%","9231/5728/348/7122/6781/972/65009/2697/3488/7076/397/8519/56999/482/11314/11240/4092/57175/6347/7130/4739/79890/3162/90865/10221/51466/84034/347/5607/23380/1009/25942/1634",0.610526878385931
"GO:2000146","negative regulation of cell motility",273,0.667408617772909,1.85091075641025,2.09044793015837e-06,0.00490941696397692,0.00348315652467143,932,"tags=12%, list=5%, signal=12%","9231/5728/348/7122/6781/972/65009/2697/3488/7076/397/8519/56999/482/11314/11240/4092/57175/6347/7130/4739/79890/3162/90865/10221/51466/84034/347/5607/23380/1009/25942/1634",0.627256739718528
"GO:0046890","regulation of lipid biosynthetic process",174,0.697623038518635,1.84809546595062,5.24394847895272e-05,0.0246308260056409,0.0174751957185762,1069,"tags=11%, list=6%, signal=10%","341/348/972/718/81542/5465/10580/427/9444/9600/23411/22933/84649/160851/376497/1385/6720/337/5566",0.557332238758646
"GO:0060996","dendritic spine development",83,0.767024912057404,1.84763357764424,0.000362698797118122,0.0551267492758224,0.0391115885721108,158,"tags=6%, list=1%, signal=6%","9231/5728/348/1942/25791",0.49849310876659
"GO:0070741","response to interleukin-6",38,0.817015599772808,1.84702404633857,0.00319265159874134,0.117278855038355,0.0832075605169074,51,"tags=5%, list=0%, signal=5%","1116/10413",0.431707695803346
"GO:0048261","negative regulation of receptor-mediated endocytosis",27,0.870310996676787,1.84487642443243,0.00300469183587843,0.115140375735363,0.0816903420382679,18,"tags=7%, list=0%, signal=7%","341/4043",0.431707695803346
"GO:0010565","regulation of ketone metabolic process",117,0.720545720208781,1.84486390564851,0.000405041609927785,0.0551267492758224,0.0391115885721108,1337,"tags=13%, list=7%, signal=12%","341/972/5465/9612/23411/10891/208/22933/84649/5163/1385/337/6662/23417/10464",0.49849310876659
"GO:0046688","response to copper ion",33,0.84667018485375,1.84345733279432,0.00132486737019099,0.0876465075744658,0.062183861538492,1385,"tags=27%, list=8%, signal=25%","358/4499/4017/4493/7037/1616/4502/4494/4496",0.45505986738723
"GO:0045922","negative regulation of fatty acid metabolic process",31,0.853656275587175,1.83102475101707,0.00314375214100747,0.117278855038355,0.0832075605169074,1337,"tags=16%, list=7%, signal=15%","341/23411/84649/6662/10464",0.431707695803346
"GO:0150146","cell junction disassembly",38,0.808243059681812,1.82719199845595,0.00475239499530944,0.137091479781568,0.0972643158610873,1306,"tags=29%, list=7%, signal=27%","714/713/718/25791/1524/9448/54209/58480/836/57216/144165",0.407017918923954
"GO:0032757","positive regulation of interleukin-8 production",63,0.775057212875863,1.82682112424757,0.0024991849784326,0.112376648633254,0.0797295197738818,327,"tags=13%, list=2%, signal=13%","1116/2152/972/929/53342/11027/7474/4615",0.431707695803346
"GO:0032637","interleukin-8 production",82,0.748150457630098,1.82426169241028,0.000491349546138276,0.0551267492758224,0.0391115885721108,1237,"tags=18%, list=7%, signal=17%","1116/2152/972/5788/929/53342/11027/7474/4615/5607/2867/56957/57506/23005/51284",0.477270815362862
"GO:0032677","regulation of interleukin-8 production",82,0.748150457630098,1.82426169241028,0.000491349546138276,0.0551267492758224,0.0391115885721108,1237,"tags=18%, list=7%, signal=17%","1116/2152/972/5788/929/53342/11027/7474/4615/5607/2867/56957/57506/23005/51284",0.477270815362862
"GO:0048008","platelet-derived growth factor receptor signaling pathway",43,0.823894681864464,1.82327671616448,0.0019102890276175,0.105026795943939,0.0745149112902253,1485,"tags=23%, list=8%, signal=21%","348/2152/65009/867/347/9146/5327/25/5159/4035",0.45505986738723
"GO:0010640","regulation of platelet-derived growth factor receptor signaling pathway",22,0.887734570451122,1.82098048214656,0.00236636030174426,0.112376648633254,0.0797295197738818,944,"tags=27%, list=5%, signal=26%","348/2152/65009/867/347/9146",0.431707695803346
"GO:0170062","nutrient storage",74,0.744958423387325,1.81411186927784,0.00195948964144582,0.105026795943939,0.0745149112902253,1157,"tags=19%, list=6%, signal=18%","348/718/4481/5465/4792/54209/57674/149685/23411/4023/84649/2867/27329/123",0.431707695803346
"GO:0045806","negative regulation of endocytosis",57,0.785172013146979,1.80976896239278,0.000872100747189917,0.075856614991686,0.053819112409174,152,"tags=7%, list=1%, signal=7%","341/4043/3958/11314",0.477270815362862
"GO:0006956","complement activation",53,0.775658423522347,1.80770690819406,0.00297878846828675,0.115140375735363,0.0816903420382679,1169,"tags=23%, list=7%, signal=21%","714/713/718/3426/11326/5648/2/54209/730/10878/5199/8547",0.431707695803346
"GO:0019216","regulation of lipid metabolic process",285,0.64656025171008,1.80535530066129,1.54625069071963e-05,0.0173912760962126,0.0123388453764201,970,"tags=11%, list=5%, signal=10%","12/341/348/972/718/81542/5465/10580/427/54209/57674/9444/9600/150/23411/83643/10891/208/64801/66036/22933/84649/5163/160851/347/376497/1385/6720/27329/337",0.575610261071129
"GO:0010596","negative regulation of endothelial cell migration",54,0.776457036011052,1.80083002878546,0.00123059444791279,0.0842177710050116,0.0597512251906517,932,"tags=9%, list=5%, signal=9%","348/6781/56999/5607/1634",0.45505986738723
"GO:0071827","plasma lipoprotein particle organization",53,0.772525960675644,1.80040656237698,0.00316351594409324,0.117278855038355,0.0832075605169074,1115,"tags=17%, list=6%, signal=16%","341/348/7941/4023/23461/27329/337/5566/5406",0.431707695803346
"GO:0070228","regulation of lymphocyte apoptotic process",38,0.79603859261326,1.79960140636122,0.00734893295261275,0.150445402690284,0.106738720673461,875,"tags=18%, list=5%, signal=18%","3958/972/604/5304/7157/171558/384",0.407017918923954
"GO:0070328","triglyceride homeostasis",41,0.804409415251507,1.79915385958958,0.00387519272906975,0.127031636872167,0.0901270106119797,955,"tags=15%, list=5%, signal=14%","341/348/23411/4023/84649/27329",0.431707695803346
"GO:0010883","regulation of lipid storage",42,0.807926052309668,1.79865660689305,0.0022522509920521,0.111356030628092,0.0790054068517234,556,"tags=17%, list=3%, signal=16%","718/4481/5465/4792/54209/23411/4023",0.431707695803346
"GO:0035313","wound healing, spreading of epidermal cells",22,0.875956580991079,1.79682068299086,0.00419502935454447,0.131360352521969,0.0931981684031568,34,"tags=9%, list=0%, signal=9%","5728/3693",0.407017918923954
"GO:0051336","regulation of hydrolase activity",142,0.67948386857422,1.79649181913368,0.000410639656000264,0.0551267492758224,0.0391115885721108,1182,"tags=12%, list=7%, signal=11%","5996/7076/25791/2261/221472/389/2245/1893/66036/10411/23380/85360/4915/5406/23637/26998/286204",0.49849310876659
"GO:2000106","regulation of leukocyte apoptotic process",61,0.762069208242777,1.7961496539515,0.00337292137151823,0.117853274523706,0.0836151023885757,875,"tags=20%, list=5%, signal=19%","3958/972/3059/604/558/5293/5304/7157/23411/171558/10461/384",0.431707695803346
"GO:0044788","host-mediated perturbation of viral process",69,0.736834599950938,1.79533205851158,0.00460162139549007,0.135210607029385,0.0959298653047553,969,"tags=12%, list=5%, signal=11%","348/64710/1915/5091/51114/5479/2033/1436",0.407017918923954
"GO:0055090","acylglycerol homeostasis",42,0.805448952497512,1.79314192899607,0.00255999604082568,0.112376648633254,0.0797295197738818,970,"tags=17%, list=5%, signal=16%","341/348/23411/4023/84649/27329/337",0.431707695803346
"GO:0022010","central nervous system myelination",16,0.922876638890297,1.79181224164712,0.00253651260093989,0.112376648633254,0.0797295197738818,7,"tags=6%, list=0%, signal=6%","5728",0.431707695803346
"GO:0032291","axon ensheathment in central nervous system",16,0.922876638890297,1.79181224164712,0.00253651260093989,0.112376648633254,0.0797295197738818,7,"tags=6%, list=0%, signal=6%","5728",0.431707695803346
"GO:0060998","regulation of dendritic spine development",49,0.78663833963534,1.79144840788777,0.0040610018609738,0.129758678510163,0.0920618050986027,659,"tags=12%, list=4%, signal=12%","9231/348/1942/25791/100132074/85358",0.407017918923954
"GO:0030449","regulation of complement activation",25,0.863503334677404,1.78939429240292,0.00237842604039909,0.112376648633254,0.0797295197738818,446,"tags=24%, list=2%, signal=23%","718/3426/11326/5648/2/54209",0.431707695803346
"GO:0071280","cellular response to copper ion",22,0.872211563132905,1.78913865206403,0.00475748588554304,0.137091479781568,0.0972643158610873,1385,"tags=32%, list=8%, signal=29%","358/4499/4493/1616/4502/4494/4496",0.407017918923954
"GO:0034368","protein-lipid complex remodeling",38,0.790851158813409,1.78787419457998,0.00869381804658967,0.153810849036441,0.109126453572309,1115,"tags=21%, list=6%, signal=20%","341/348/7941/4023/23461/27329/337/5406",0.380730400722792
"GO:0034369","plasma lipoprotein particle remodeling",38,0.790851158813409,1.78787419457998,0.00869381804658967,0.153810849036441,0.109126453572309,1115,"tags=21%, list=6%, signal=20%","341/348/7941/4023/23461/27329/337/5406",0.380730400722792
"GO:0030323","respiratory tube development",67,0.739982414296499,1.7868562773903,0.00294170811390974,0.115140375735363,0.0816903420382679,183,"tags=6%, list=1%, signal=6%","1116/3488/1512/2252",0.431707695803346
"GO:0008277","regulation of G protein-coupled receptor signaling pathway",139,0.680322878974198,1.78677484098579,0.000831001603192088,0.0750618178883315,0.0532552159757172,578,"tags=7%, list=3%, signal=7%","5996/187/718/123041/11240/100/7289/115207/54209/5998",0.477270815362862
"GO:0010866","regulation of triglyceride biosynthetic process",19,0.920035391655074,1.78476866073724,0.000492936655223449,0.0551267492758224,0.0391115885721108,908,"tags=32%, list=5%, signal=30%","718/81542/23411/84649/376497/6720",0.477270815362862
"GO:0050866","negative regulation of cell activation",178,0.666523101095874,1.78466006064292,0.000258739253583216,0.0508000287217202,0.0360418462709308,901,"tags=12%, list=5%, signal=12%","9231/348/3958/1051/5788/64092/81542/11326/116449/11314/4092/867/54209/3135/6385/84868/7305/4332/2335/3659/384/2534",0.49849310876659
"GO:2000773","negative regulation of cellular senescence",19,0.919956612959734,1.78461583863077,0.000492936655223449,0.0551267492758224,0.0391115885721108,535,"tags=11%, list=3%, signal=10%","5728/23411",0.477270815362862
"GO:0072091","regulation of stem cell proliferation",32,0.796398838446062,1.78450724379948,0.012077839906697,0.180094012830971,0.127773957773248,181,"tags=12%, list=1%, signal=12%","2697/5788/10413/79923",0.380730400722792
"GO:0032371","regulation of sterol transport",53,0.765664789269657,1.78441629324204,0.00394860953445527,0.127031636872167,0.0901270106119797,702,"tags=13%, list=4%, signal=13%","341/348/4792/54209/23411/23461/64801",0.407017918923954
"GO:0032374","regulation of cholesterol transport",53,0.765664789269657,1.78441629324204,0.00394860953445527,0.127031636872167,0.0901270106119797,702,"tags=13%, list=4%, signal=13%","341/348/4792/54209/23411/23461/64801",0.407017918923954
"GO:0016358","dendrite development",188,0.64765263364461,1.78251311239732,0.000259570085016241,0.0508000287217202,0.0360418462709308,896,"tags=7%, list=5%, signal=7%","9231/5728/348/57580/1942/25791/4038/1523/115207/100132074/85358/9253/23380/655",0.49849310876659
"GO:0006040","amino sugar metabolic process",39,0.812818283420503,1.78198439417146,0.00281657431836426,0.115140375735363,0.0816903420382679,1355,"tags=21%, list=8%, signal=19%","1116/1117/4248/5016/55577/4166/64841/216",0.431707695803346
"GO:0001935","endothelial cell proliferation",135,0.670532937134064,1.77958435310498,0.00148938120106558,0.0958304589233567,0.0679902503108548,1061,"tags=14%, list=6%, signal=13%","348/187/2152/6678/4017/7423/7474/2081/5293/5335/6347/23411/3162/1893/441478/51162/3148/5578/26051",0.45505986738723
"GO:0046597","host-mediated suppression of symbiont invasion",23,0.852913254226457,1.77940206938093,0.00837175293224935,0.15300437168395,0.108554270180077,60,"tags=17%, list=0%, signal=17%","10410/972/10581/8519",0.380730400722792
"GO:0030277","maintenance of gastrointestinal epithelium",23,0.852206079909791,1.77792671718509,0.00865553819742747,0.153810849036441,0.109126453572309,2,"tags=4%, list=0%, signal=4%","12",0.380730400722792
"GO:1905952","regulation of lipid localization",136,0.684515430284943,1.77640181491787,0.000398984778135333,0.0551267492758224,0.0391115885721108,702,"tags=9%, list=4%, signal=9%","341/348/718/4481/5465/4792/54209/23411/4023/23461/208/64801",0.49849310876659
"GO:0008361","regulation of cell size",131,0.68646692264518,1.77204975571966,0.000869346384257293,0.075856614991686,0.053819112409174,1720,"tags=16%, list=10%, signal=15%","5728/348/358/361/7431/627/1954/85358/55558/22902/25942/2258/6344/25/1000/1826/9423/1630/5587/9856/5802",0.477270815362862
"GO:0062014","negative regulation of small molecule metabolic process",88,0.731618868354507,1.77020464419511,0.00103055092544668,0.0806749616137179,0.0572376559139945,767,"tags=9%, list=4%, signal=9%","341/348/9759/5465/7157/23411/84649/2033",0.45505986738723
"GO:0035455","response to interferon-alpha",19,0.91188751045551,1.76896265680707,0.000775902953728265,0.0722184199241561,0.0512378684487448,289,"tags=26%, list=2%, signal=26%","10410/10581/8519/3455/558",0.477270815362862
"GO:0014003","oligodendrocyte development",31,0.823360727726312,1.7660432127033,0.00985940354916559,0.163518261159397,0.116013714548887,7,"tags=3%, list=0%, signal=3%","5728",0.380730400722792
"GO:0030301","cholesterol transport",100,0.693865795282823,1.7651701393143,0.00265610151830028,0.114739132693543,0.0814056662143667,702,"tags=9%, list=4%, signal=9%","341/348/4481/114879/4792/54209/23411/23461/64801",0.431707695803346
"GO:0002920","regulation of humoral immune response",38,0.780470635782417,1.76440698580557,0.011643764291074,0.174730865415893,0.123968886407611,446,"tags=16%, list=2%, signal=15%","718/3426/11326/5648/2/54209",0.380730400722792
"GO:0071320","cellular response to cAMP",47,0.778928867118814,1.76431437461132,0.00777025149122726,0.150445402690284,0.106738720673461,1248,"tags=17%, list=7%, signal=16%","358/6781/3488/5908/10411/2623/64784/1393",0.407017918923954
"GO:0043547","positive regulation of GTPase activity",73,0.736031055632887,1.76292261004902,0.00452449307283587,0.135210607029385,0.0959298653047553,1,"tags=1%, list=0%, signal=1%","5996",0.407017918923954
"GO:0071825","protein-lipid complex organization",55,0.771353597929633,1.76251988606392,0.00283728984718766,0.115140375735363,0.0816903420382679,1115,"tags=16%, list=6%, signal=15%","341/348/7941/4023/23461/27329/337/5566/5406",0.431707695803346
"GO:0046889","positive regulation of lipid biosynthetic process",97,0.706852713783074,1.76184920391949,0.00240577941186028,0.112376648633254,0.0797295197738818,1069,"tags=14%, list=6%, signal=14%","348/972/5465/10580/9444/9600/22933/84649/160851/376497/1385/6720/337/5566",0.431707695803346
"GO:0048259","regulation of receptor-mediated endocytosis",113,0.701738675571993,1.76182291335428,0.000961389105589824,0.0792218355957088,0.0562066851474174,345,"tags=7%, list=2%, signal=7%","341/187/4043/718/51760/57817/440073/867",0.477270815362862
"GO:0044319","wound healing, spreading of cells",33,0.808887372626515,1.76119271133972,0.00730253359336921,0.150445402690284,0.106738720673461,1139,"tags=15%, list=6%, signal=14%","5728/3693/389/960/1289",0.407017918923954
"GO:0090505","epiboly involved in wound healing",33,0.808887372626515,1.76119271133972,0.00730253359336921,0.150445402690284,0.106738720673461,1139,"tags=15%, list=6%, signal=14%","5728/3693/389/960/1289",0.407017918923954
"GO:0016264","gap junction assembly",18,0.900140011413204,1.75955369835903,0.00457976749124562,0.135210607029385,0.0959298653047553,30,"tags=17%, list=0%, signal=17%","187/10804/2697",0.407017918923954
"GO:0003091","renal water homeostasis",33,0.808044270871483,1.75935702355904,0.00740055271663841,0.150445402690284,0.106738720673461,36,"tags=6%, list=0%, signal=6%","358/361",0.407017918923954
"GO:0030100","regulation of endocytosis",275,0.628555108507508,1.75932664510852,0.000153448961850894,0.0441239919374951,0.0313052999041126,1695,"tags=16%, list=9%, signal=14%","341/348/187/4043/3958/718/5788/51760/929/11314/5648/57817/440073/558/6556/867/54209/6347/79890/3208/10461/5199/5359/5566/9094/192683/3055/8547/60/2212/7275/57030/25/1742/140885/9779/4035/55738/2719/5587/255738/5906/11031",0.518848077743792
"GO:1990874","vascular associated smooth muscle cell proliferation",57,0.763231588173881,1.75919775064152,0.00181493447686807,0.105026795943939,0.0745149112902253,934,"tags=12%, list=5%, signal=12%","5728/2697/3488/2081/4921/1026/6648",0.45505986738723
"GO:0045197","establishment or maintenance of epithelial cell apical/basal polarity",29,0.819677120808036,1.75853145801685,0.00559187495723239,0.14230689201116,0.100964571363859,621,"tags=7%, list=3%, signal=7%","9231/23418",0.407017918923954
"GO:0051250","negative regulation of lymphocyte activation",135,0.662426187960735,1.75806916244922,0.00196771514649067,0.105026795943939,0.0745149112902253,1010,"tags=13%, list=6%, signal=13%","9231/3958/1051/64092/11326/116449/11314/4092/867/3135/6385/84868/7305/4332/3659/384/2534/5781",0.431707695803346
"GO:0051345","positive regulation of hydrolase activity",93,0.712107645342598,1.75581517208394,0.00238846159331217,0.112376648633254,0.0797295197738818,886,"tags=8%, list=5%, signal=7%","5996/2261/389/66036/10411/23380/85360",0.431707695803346
"GO:0045717","negative regulation of fatty acid biosynthetic process",18,0.89720838806609,1.75382309130102,0.00487683068564113,0.137717723827319,0.0977086264686396,535,"tags=11%, list=3%, signal=11%","341/23411",0.407017918923954
"GO:0070663","regulation of leukocyte proliferation",208,0.644055970770261,1.75329069855132,0.000435868316562006,0.0551267492758224,0.0391115885721108,1010,"tags=12%, list=6%, signal=11%","9231/3958/972/1051/5788/10673/51533/11326/11314/57630/970/3135/7037/6385/84868/90865/7305/1438/4332/3659/384/7412/8440/1436/5781",0.49849310876659
"GO:0035088","establishment or maintenance of apical/basal cell polarity",33,0.805173478442419,1.75310643927136,0.00779262939235425,0.150445402690284,0.106738720673461,621,"tags=6%, list=3%, signal=6%","9231/23418",0.407017918923954
"GO:0061245","establishment or maintenance of bipolar cell polarity",33,0.805173478442419,1.75310643927136,0.00779262939235425,0.150445402690284,0.106738720673461,621,"tags=6%, list=3%, signal=6%","9231/23418",0.407017918923954
"GO:1904861","excitatory synapse assembly",37,0.789986427048695,1.75277839072568,0.00564513329566399,0.14230689201116,0.100964571363859,1306,"tags=22%, list=7%, signal=20%","5728/7474/9379/57524/85358/23380/5783/144165",0.407017918923954
"GO:0051051","negative regulation of transport",341,0.617358699216284,1.75245908338144,2.79799578596714e-05,0.0173912760962126,0.0123388453764201,1692,"tags=14%, list=9%, signal=13%","341/5728/348/4043/3958/6781/7132/972/2697/7351/477/79651/11314/57817/5908/4762/4792/29969/80223/150/2308/79890/208/347/2044/11060/5359/9094/192683/5028/1393/468/2182/7175/152/4947/1742/140885/151/8832/3033/5587/51684/3623/255738/5731/3965/5906",0.575610261071129
"GO:0070664","negative regulation of leukocyte proliferation",71,0.721378362345285,1.75221099147291,0.00689263074570515,0.149371901851508,0.105977088186699,1010,"tags=18%, list=6%, signal=17%","9231/1051/51533/11326/11314/3135/6385/84868/90865/7305/4332/384/5781",0.407017918923954
"GO:1904705","regulation of vascular associated smooth muscle cell proliferation",56,0.765472682990667,1.75048786903332,0.00321073259997523,0.117278855038355,0.0832075605169074,934,"tags=12%, list=5%, signal=12%","5728/2697/3488/2081/4921/1026/6648",0.431707695803346
"GO:0030324","lung development",65,0.740164748221341,1.74971395419216,0.00338730935931453,0.117853274523706,0.0836151023885757,183,"tags=6%, list=1%, signal=6%","1116/3488/1512/2252",0.431707695803346
"GO:0002011","morphogenesis of an epithelial sheet",44,0.777973609552745,1.74825371804833,0.00565330634137814,0.14230689201116,0.100964571363859,1139,"tags=16%, list=6%, signal=15%","5728/3693/389/1954/960/655/1289",0.407017918923954
"GO:1902807","negative regulation of cell cycle G1/S phase transition",54,0.75333600963014,1.74720563403853,0.0024991849784326,0.112376648633254,0.0797295197738818,1054,"tags=15%, list=6%, signal=14%","5728/11170/7157/6347/25959/340152/1026/1263",0.431707695803346
"GO:0060999","positive regulation of dendritic spine development",35,0.794542162637315,1.74640072617393,0.00766596627983333,0.150445402690284,0.106738720673461,659,"tags=11%, list=4%, signal=11%","9231/348/100132074/85358",0.407017918923954
"GO:0097061","dendritic spine organization",77,0.715637235309356,1.74608656845585,0.00676146661483492,0.148582121590092,0.10541675112615,659,"tags=9%, list=4%, signal=9%","5728/348/1942/25791/54209/4739/85358",0.407017918923954
"GO:0010985","negative regulation of lipoprotein particle clearance",13,0.959861477480648,1.74556273697777,0.000383515946621591,0.0551267492758224,0.0391115885721108,18,"tags=15%, list=0%, signal=15%","341/4043",0.49849310876659
"GO:0048146","positive regulation of fibroblast proliferation",37,0.786231022486592,1.74444610584139,0.00647123332491532,0.148027738945606,0.105023425087748,893,"tags=16%, list=5%, signal=15%","358/972/7474/4921/2335/1026",0.407017918923954
"GO:0042129","regulation of T cell proliferation",136,0.672142981614092,1.74429378739725,0.000775641138055459,0.0722184199241561,0.0512378684487448,1010,"tags=12%, list=6%, signal=11%","9231/3958/1051/5788/11326/57630/970/3135/7037/6385/84868/3659/384/7412/8440/5781",0.477270815362862
"GO:2000134","negative regulation of G1/S transition of mitotic cell cycle",49,0.765865686142722,1.74414186922579,0.00963309223078155,0.162708056965426,0.115438887019416,1054,"tags=16%, list=6%, signal=15%","5728/11170/7157/6347/25959/340152/1026/1263",0.380730400722792
"GO:0044091","membrane biogenesis",62,0.734131240298308,1.7414756024003,0.00676092442572352,0.148582121590092,0.10541675112615,1486,"tags=18%, list=8%, signal=16%","5728/4038/2013/8800/9379/22933/1104/116238/221035/6711/1000",0.407017918923954
"GO:1901889","negative regulation of cell junction assembly",37,0.784543630124747,1.74070221257026,0.00665481137681184,0.148582121590092,0.10541675112615,1121,"tags=16%, list=6%, signal=15%","5728/11170/7474/347/5783/56940",0.407017918923954
"GO:0045833","negative regulation of lipid metabolic process",86,0.709464590651166,1.73992794794021,0.00303968630853417,0.115140375735363,0.0816903420382679,908,"tags=10%, list=5%, signal=10%","341/348/81542/150/23411/83643/84649/347/6720",0.431707695803346
"GO:0010885","regulation of cholesterol storage",17,0.904783092197086,1.73882573751295,0.00549124016590458,0.14230689201116,0.100964571363859,556,"tags=24%, list=3%, signal=23%","4481/5465/54209/4023",0.407017918923954
"GO:0090504","epiboly",34,0.813247160246701,1.73770115782368,0.00566561396765743,0.14230689201116,0.100964571363859,1139,"tags=18%, list=6%, signal=17%","5728/3693/389/1954/960/1289",0.407017918923954
"GO:0050771","negative regulation of axonogenesis",34,0.812885254810866,1.73692785848049,0.00566561396765743,0.14230689201116,0.100964571363859,1720,"tags=24%, list=10%, signal=21%","5728/4038/22902/2258/1949/1630/9856/5802",0.407017918923954
"GO:0050670","regulation of lymphocyte proliferation",184,0.654889992339611,1.7358298102335,0.000624461877193588,0.0637629877647453,0.0452388681782298,1010,"tags=11%, list=6%, signal=11%","9231/3958/972/1051/5788/10673/11326/11314/57630/970/3135/7037/6385/84868/7305/4332/3659/384/7412/8440/5781",0.477270815362862
"GO:0043087","regulation of GTPase activity",106,0.683442476723242,1.73511552595809,0.00179300367131993,0.105026795943939,0.0745149112902253,898,"tags=8%, list=5%, signal=7%","5996/25791/221472/2245/10411/23380/85360/4915",0.45505986738723
"GO:0033555","multicellular organismal response to stress",48,0.76356351901491,1.73388235957301,0.00729733515131478,0.150445402690284,0.106738720673461,117,"tags=6%, list=1%, signal=6%","5728/348/477",0.407017918923954
"GO:0032944","regulation of mononuclear cell proliferation",186,0.654689806522883,1.73243218219085,0.00022896276803205,0.0508000287217202,0.0360418462709308,1010,"tags=11%, list=6%, signal=11%","9231/3958/972/1051/5788/10673/11326/11314/57630/970/3135/7037/6385/84868/7305/4332/3659/384/7412/8440/5781",0.518848077743792
"GO:0014741","negative regulation of muscle hypertrophy",31,0.807463099826076,1.73194406647753,0.0132965428423875,0.183428673349614,0.130139848596599,536,"tags=16%, list=3%, signal=16%","187/7132/3488/5465/2308",0.380730400722792
"GO:0015914","phospholipid transport",101,0.679276979107884,1.73176624263007,0.00617106280914575,0.147134426469835,0.10438963349877,518,"tags=5%, list=3%, signal=5%","341/348/114879/10493/9600",0.407017918923954
"GO:0015918","sterol transport",105,0.687827377202971,1.72987941125109,0.00324595511070602,0.117278855038355,0.0832075605169074,702,"tags=9%, list=4%, signal=8%","341/348/4481/114879/4792/54209/23411/23461/64801",0.431707695803346
"GO:0071887","leukocyte apoptotic process",80,0.711775674023138,1.72773976627322,0.00611594874312238,0.147069869056959,0.104343830998081,1677,"tags=21%, list=9%, signal=19%","3958/972/3059/604/558/5293/5304/7157/23411/171558/10461/384/836/64332/6868/6097/3965",0.407017918923954
"GO:0033002","muscle cell proliferation",162,0.664048530941769,1.72765485423399,0.00114821838749886,0.0829720271704943,0.0588673889231058,1034,"tags=12%, list=6%, signal=12%","5728/348/65009/2697/3488/10413/4854/1901/4615/2081/3654/4921/3162/10221/10891/347/1026/6648/5578/79647",0.45505986738723
"GO:0097242","amyloid-beta clearance",38,0.763584815365473,1.72623327607357,0.0207093329404615,0.220570831794439,0.156491644029081,971,"tags=21%, list=5%, signal=20%","348/4043/718/4481/4038/54209/7305/1213",0.352487857583619
"GO:1902004","positive regulation of amyloid-beta formation",18,0.88263001980299,1.72532594478144,0.00931877198583454,0.161513918883634,0.114591664247043,1087,"tags=22%, list=6%, signal=21%","348/1942/1454/836",0.380730400722792
"GO:0090280","positive regulation of calcium ion import",23,0.826476552313323,1.72424813448927,0.0163130431790073,0.197915754274685,0.140418211754152,466,"tags=13%, list=3%, signal=13%","3958/6781/6347",0.352487857583619
"GO:0006833","water transport",22,0.840309999532547,1.72370003268404,0.0124712972997047,0.183406338323132,0.130124002235659,36,"tags=9%, list=0%, signal=9%","358/361",0.380730400722792
"GO:0034367","protein-containing complex remodeling",39,0.785937431089712,1.72305208379832,0.0068146756265712,0.148876890316302,0.105625885045615,1115,"tags=21%, list=6%, signal=19%","341/348/7941/4023/23461/27329/337/5406",0.407017918923954
"GO:0001936","regulation of endothelial cell proliferation",118,0.669148404395686,1.72210941877074,0.00342621166117795,0.11807131694895,0.0837698001666857,1061,"tags=14%, list=6%, signal=13%","348/187/2152/6678/7423/7474/5293/5335/6347/23411/3162/1893/51162/3148/5578/26051",0.431707695803346
"GO:0045667","regulation of osteoblast differentiation",94,0.69316711999841,1.7206156800695,0.00460704856260567,0.135210607029385,0.0959298653047553,1253,"tags=17%, list=7%, signal=16%","5728/658/10413/8519/25937/6096/7130/4921/54795/117581/4221/655/255743/5566/6662/468",0.407017918923954
"GO:0070374","positive regulation of ERK1 and ERK2 cascade",164,0.64958907934735,1.7202378819759,0.000891564628949848,0.076139619312317,0.0540198996621512,1807,"tags=18%, list=10%, signal=17%","1116/348/972/65009/5788/1230/10253/57007/2261/7423/54209/55532/84868/4921/960/255743/5578/1436/5781/9464/5028/5159/152007/4853/6504/3965/5906/116/114609/2244",0.477270815362862
"GO:0042180","ketone metabolic process",182,0.644480188044418,1.72006081605964,0.000762278914636049,0.0722184199241561,0.0512378684487448,1536,"tags=10%, list=9%, signal=10%","341/972/57016/5465/9612/23411/10891/208/22933/84649/5163/1385/337/6662/8564/23417/10464/8630/51117",0.477270815362862
"GO:0072089","stem cell proliferation",52,0.740317553896868,1.71929692162044,0.00955572582177856,0.162620449945268,0.115376731173597,846,"tags=13%, list=5%, signal=13%","2697/5788/10413/79923/7474/84133/3148",0.380730400722792
"GO:0050868","negative regulation of T cell activation",112,0.680358099622413,1.71916162663482,0.0030098397780031,0.115140375735363,0.0816903420382679,1010,"tags=12%, list=6%, signal=12%","9231/3958/1051/11326/11314/4092/867/3135/6385/84868/3659/384/2534/5781",0.431707695803346
"GO:1902993","positive regulation of amyloid precursor protein catabolic process",23,0.823043986930391,1.71708689749898,0.0178045058593493,0.205296702516598,0.145654882058532,1087,"tags=17%, list=6%, signal=16%","348/1942/1454/836",0.352487857583619
"GO:0050891","multicellular organismal-level water homeostasis",39,0.782586255598,1.71570512501286,0.00753675041110199,0.150445402690284,0.106738720673461,36,"tags=5%, list=0%, signal=5%","358/361",0.407017918923954
"GO:0090398","cellular senescence",79,0.703378745563849,1.71567655278394,0.00805739124882476,0.15138226678292,0.107403411470951,893,"tags=9%, list=5%, signal=8%","5728/7994/7157/3135/23411/384/1026",0.380730400722792
"GO:0006958","complement activation, classical pathway",31,0.79890774119382,1.71359350330887,0.0160100847050055,0.196342997021961,0.139302364449523,617,"tags=19%, list=3%, signal=19%","714/713/718/3426/54209/730",0.352487857583619
"GO:0061082","myeloid leukocyte cytokine production",23,0.821248589472056,1.71334122472758,0.0187366706357422,0.21003852500258,0.149019132854925,1152,"tags=26%, list=6%, signal=24%","972/7474/3135/23411/57506/11213",0.352487857583619
"GO:0070227","lymphocyte apoptotic process",51,0.730583169060277,1.71114029475699,0.00871059949833797,0.153810849036441,0.109126453572309,1677,"tags=20%, list=9%, signal=18%","3958/972/604/5304/7157/171558/384/64332/6097/3965",0.380730400722792
"GO:0034341","response to type II interferon",99,0.675830572902801,1.70932112652305,0.00445537618194375,0.135210607029385,0.0959298653047553,466,"tags=13%, list=3%, signal=13%","10410/972/361/10581/8519/2634/58191/7474/2635/6556/7157/3460/6347",0.407017918923954
"GO:0051546","keratinocyte migration",18,0.874320390589112,1.70908265081618,0.0127888888898242,0.183406338323132,0.130124002235659,436,"tags=17%, list=2%, signal=16%","5728/2252/9448",0.380730400722792
"GO:0032372","negative regulation of sterol transport",13,0.939369797499961,1.70829745044263,0.00215447282029221,0.109443639522324,0.07764859450381,383,"tags=23%, list=2%, signal=23%","341/348/4792",0.431707695803346
"GO:0032375","negative regulation of cholesterol transport",13,0.939369797499961,1.70829745044263,0.00215447282029221,0.109443639522324,0.07764859450381,383,"tags=23%, list=2%, signal=23%","341/348/4792",0.431707695803346
"GO:0048144","fibroblast proliferation",62,0.7199938338139,1.70793943458402,0.0129622001000016,0.183406338323132,0.130124002235659,982,"tags=16%, list=6%, signal=15%","358/972/11314/7474/7157/4921/2335/1385/1026/2495",0.380730400722792
"GO:0043243","positive regulation of protein-containing complex disassembly",31,-0.777666765858859,-1.70753095605021,0.00108384452191182,0.0815333283748695,0.0578466540509636,2102,"tags=32%, list=12%, signal=29%","10763/80742/79443/2150/9037/5514/7429/345611/65125/11075",0.45505986738723
"GO:0060541","respiratory system development",80,0.70267044458258,1.70563804580198,0.00798338197940703,0.150652150466817,0.106885405070422,183,"tags=5%, list=1%, signal=5%","1116/3488/1512/2252",0.380730400722792
"GO:0150078","positive regulation of neuroinflammatory response",18,0.872323365224806,1.70517895436793,0.0135581312807451,0.183428673349614,0.130139848596599,650,"tags=17%, list=4%, signal=16%","1230/54209/90865",0.380730400722792
"GO:0048145","regulation of fibroblast proliferation",59,0.73739901154511,1.70396738542422,0.00861738887694933,0.153810849036441,0.109126453572309,982,"tags=17%, list=6%, signal=16%","358/972/11314/7474/7157/4921/2335/1385/1026/2495",0.380730400722792
"GO:2000107","negative regulation of leukocyte apoptotic process",34,0.796582463266792,1.70209296310465,0.00966479623022224,0.162708056965426,0.115438887019416,875,"tags=24%, list=5%, signal=22%","972/3059/604/558/5304/171558/10461/384",0.380730400722792
"GO:0071294","cellular response to zinc ion",20,0.853041858267748,1.70196120323148,0.010975562441524,0.171269823215409,0.121513329706838,1517,"tags=30%, list=8%, signal=27%","4499/4493/4502/4494/4496/2742",0.380730400722792
"GO:0061387","regulation of extent of cell growth",77,0.697302935927493,1.70135262741255,0.0112888005309781,0.172787357072188,0.122589996853556,1720,"tags=19%, list=10%, signal=18%","348/7431/627/1954/55558/22902/25942/2258/25/1000/1826/9423/1630/9856/5802",0.380730400722792
"GO:0071709","membrane assembly",57,0.738132502780774,1.70134603793613,0.00499549378655946,0.137717723827319,0.0977086264686396,1486,"tags=18%, list=8%, signal=16%","5728/4038/2013/9379/22933/1104/116238/221035/6711/1000",0.407017918923954
"GO:0010669","epithelial structure maintenance",35,0.773967234376471,1.70117711017797,0.0131590240610806,0.183406338323132,0.130124002235659,2,"tags=3%, list=0%, signal=3%","12",0.380730400722792
"GO:0097107","postsynaptic density assembly",27,0.801514025599106,1.69904130285151,0.0214290352774894,0.221700834137374,0.157293363472055,659,"tags=15%, list=4%, signal=14%","5728/9379/57524/85358",0.352487857583619
"GO:0150118","negative regulation of cell-substrate junction organization",20,0.85137791697179,1.69864136200361,0.0111769433097933,0.172787357072188,0.122589996853556,1121,"tags=20%, list=6%, signal=19%","5728/11170/347/56940",0.380730400722792
"GO:0098883","synapse pruning",19,0.875274397618306,1.69793719739912,0.00463464077746028,0.135210607029385,0.0959298653047553,446,"tags=32%, list=2%, signal=31%","714/713/718/25791/1524/54209",0.407017918923954
"GO:1901550","regulation of endothelial cell development",17,0.88225770667116,1.69553611325089,0.0116166992302241,0.174730865415893,0.123968886407611,148,"tags=18%, list=1%, signal=18%","7122/7132/1003",0.380730400722792
"GO:1903140","regulation of establishment of endothelial barrier",17,0.88225770667116,1.69553611325089,0.0116166992302241,0.174730865415893,0.123968886407611,148,"tags=18%, list=1%, signal=18%","7122/7132/1003",0.380730400722792
"GO:0071384","cellular response to corticosteroid stimulus",51,0.72383709403733,1.69533992966226,0.0101566515644678,0.163980735268912,0.116341832882259,690,"tags=12%, list=4%, signal=11%","358/6781/11170/7538/11335/9131",0.380730400722792
"GO:0006957","complement activation, alternative pathway",18,0.866862387617863,1.69450407798968,0.0147119962074047,0.188289499144904,0.133588530427535,1029,"tags=33%, list=6%, signal=31%","718/3426/11326/5648/730/5199",0.380730400722792
"GO:0006641","triglyceride metabolic process",91,0.684059820636552,1.69423633949091,0.0038010124565061,0.126619542611412,0.0898346360135986,1115,"tags=15%, list=6%, signal=14%","341/348/718/81542/23411/4023/137695/10555/84649/376497/6720/337/5566/5406",0.431707695803346
"GO:0042130","negative regulation of T cell proliferation",52,0.729143878270184,1.69334742737027,0.0130623290269339,0.183406338323132,0.130124002235659,1010,"tags=15%, list=6%, signal=15%","9231/1051/11326/3135/6385/84868/384/5781",0.380730400722792
"GO:0002526","acute inflammatory response",88,0.699719360039035,1.69302148201861,0.00329522972644479,0.117853274523706,0.0836151023885757,1042,"tags=12%, list=6%, signal=12%","12/2152/1051/9180/9332/7037/2215/10855/2335/2867/5359",0.431707695803346
"GO:0002695","negative regulation of leukocyte activation",157,0.649749809001971,1.69296804304503,0.00213203041134339,0.109443639522324,0.07764859450381,1010,"tags=13%, list=6%, signal=12%","9231/3958/1051/5788/64092/11326/116449/11314/4092/867/3135/6385/84868/7305/4332/2335/3659/384/2534/5781",0.431707695803346
"GO:0043114","regulation of vascular permeability",48,0.745104142904995,1.69196523570754,0.0129347378116542,0.183406338323132,0.130124002235659,148,"tags=6%, list=1%, signal=6%","348/7122/1003",0.380730400722792
"GO:0046475","glycerophospholipid catabolic process",33,0.776658023619564,1.69101966069862,0.0182558312524838,0.207621402888418,0.147304221547809,510,"tags=15%, list=3%, signal=15%","341/7941/5321/26090/51573",0.352487857583619
"GO:0043116","negative regulation of vascular permeability",17,0.879783970031887,1.69078204901904,0.0126095562832986,0.183406338323132,0.130124002235659,19,"tags=12%, list=0%, signal=12%","348/7122",0.380730400722792
"GO:0042098","T cell proliferation",150,0.658513266732073,1.69074492154996,0.00125510836073043,0.0842177710050116,0.0597512251906517,1010,"tags=11%, list=6%, signal=11%","9231/3958/1051/5788/11326/57630/970/6556/3135/7037/6385/84868/3659/384/7412/8440/5781",0.45505986738723
"GO:0051043","regulation of membrane protein ectodomain proteolysis",24,0.8255961225865,1.69008099085846,0.00999427791988891,0.163518261159397,0.116013714548887,533,"tags=17%, list=3%, signal=16%","348/7076/7078/150",0.380730400722792
"GO:0090209","negative regulation of triglyceride metabolic process",13,0.929187724798718,1.68978077162024,0.0041490908132466,0.130793822482009,0.0927962239727712,908,"tags=31%, list=5%, signal=29%","341/81542/23411/6720",0.407017918923954
"GO:0034638","phosphatidylcholine catabolic process",15,0.886678417354009,1.68878019050021,0.00998625040373107,0.163518261159397,0.116013714548887,445,"tags=20%, list=2%, signal=20%","341/7941/5321",0.380730400722792
"GO:0032801","receptor catabolic process",29,0.786488361793866,1.6873284497867,0.0145399098908171,0.18762076032189,0.133114070423063,395,"tags=10%, list=2%, signal=10%","348/57817/84133",0.380730400722792
"GO:1903038","negative regulation of leukocyte cell-cell adhesion",124,0.651370157643734,1.68620636593492,0.0028512591505591,0.115140375735363,0.0816903420382679,1010,"tags=12%, list=6%, signal=11%","9231/3958/1051/11326/11314/5465/4092/867/3135/6385/84868/3659/384/2534/5781",0.431707695803346
"GO:0007162","negative regulation of cell adhesion",261,0.60984904221619,1.68574402621922,0.000166478730532133,0.0441239919374951,0.0313052999041126,1121,"tags=11%, list=6%, signal=11%","9231/5728/3958/1051/5788/81542/11326/1942/11314/5465/4092/7045/11170/867/9448/8324/5420/3135/6385/84868/53616/27299/347/3659/5607/384/2534/5781/8322/56940",0.518848077743792
"GO:0045765","regulation of angiogenesis",264,0.592949781326885,1.68559702665329,0.000472081992492585,0.0551267492758224,0.0391115885721108,958,"tags=14%, list=5%, signal=13%","1116/358/187/2152/7122/718/6678/23328/56999/10253/1942/1003/1284/7423/2013/7474/6464/1386/5293/5335/6271/9444/3135/23411/10855/3162/1893/10411/84034/140862/7058/2534/1634/9146/3099/27329/5578",0.49849310876659
"GO:0035456","response to interferon-beta",31,0.785056187540703,1.6838830234539,0.0205010032049501,0.218848209212842,0.155269469557313,1071,"tags=26%, list=6%, signal=24%","10410/10581/8519/3455/4332/3659/5359/57506",0.352487857583619
"GO:0140962","multicellular organismal-level chemical homeostasis",64,0.712628187993945,1.68364976849044,0.011321621092322,0.172787357072188,0.122589996853556,1069,"tags=14%, list=6%, signal=13%","358/361/1512/57817/6556/7037/3162/3037/5566",0.380730400722792
"GO:0061448","connective tissue development",183,0.633924918809877,1.68307062259054,0.00107609968399871,0.0815333283748695,0.0578466540509636,1079,"tags=14%, list=6%, signal=13%","1116/6781/658/7076/4017/285590/4092/85477/7045/2261/7474/55553/1386/4256/9517/23411/4023/54795/10891/84649/960/116236/655/5781/9149",0.45505986738723
"GO:0050672","negative regulation of lymphocyte proliferation",62,0.709412062708859,1.68283779716818,0.0167692248390621,0.198247955237423,0.14065390327503,1010,"tags=18%, list=6%, signal=17%","9231/1051/11326/11314/3135/6385/84868/7305/4332/384/5781",0.352487857583619
"GO:0006953","acute-phase response",43,0.760289515458883,1.68251865389294,0.0165867016710144,0.198247955237423,0.14065390327503,759,"tags=12%, list=4%, signal=11%","12/1051/9332/7037/2335",0.352487857583619
"GO:0032570","response to progesterone",30,0.777493353541134,1.68182773851719,0.0260750503437634,0.239672917437447,0.170044282709087,908,"tags=10%, list=5%, signal=10%","10628/10413/6720",0.352487857583619
"GO:0106027","neuron projection organization",85,0.693683985746894,1.68045784101585,0.00499567682819741,0.137717723827319,0.0977086264686396,659,"tags=9%, list=4%, signal=9%","5728/348/1942/25791/54209/5357/4739/85358",0.407017918923954
"GO:0071549","cellular response to dexamethasone stimulus",17,0.874181723457413,1.68001556739974,0.0139995588108159,0.185677657579632,0.131735468637054,688,"tags=12%, list=4%, signal=11%","358/11335",0.380730400722792
"GO:0010884","positive regulation of lipid storage",18,0.85936393744787,1.67984644077627,0.0177889749981943,0.205296702516598,0.145654882058532,1157,"tags=22%, list=6%, signal=21%","718/4481/4023/123",0.352487857583619
"GO:0010563","negative regulation of phosphorus metabolic process",143,0.645522034591598,1.67926024823156,0.00123812684183768,0.0842177710050116,0.0597512251906517,535,"tags=8%, list=3%, signal=8%","341/5728/5788/64092/9759/11314/5465/154043/23770/7157/23411",0.45505986738723
"GO:0045936","negative regulation of phosphate metabolic process",143,0.645522034591598,1.67926024823156,0.00123812684183768,0.0842177710050116,0.0597512251906517,535,"tags=8%, list=3%, signal=8%","341/5728/5788/64092/9759/11314/5465/154043/23770/7157/23411",0.45505986738723
"GO:2000772","regulation of cellular senescence",40,0.754675833044718,1.67683743551838,0.0157537450368804,0.194213491963852,0.137791513060876,875,"tags=12%, list=5%, signal=12%","5728/7157/3135/23411/384",0.352487857583619
"GO:0019083","viral transcription",25,0.808706092670445,1.67584073893193,0.0122878958688267,0.182646350936325,0.129584802765651,687,"tags=16%, list=4%, signal=15%","10410/29969/7538/9830",0.380730400722792
"GO:1900221","regulation of amyloid-beta clearance",17,0.871616180134155,1.67508506770356,0.0143967028488782,0.186799207959063,0.132531191540716,446,"tags=18%, list=2%, signal=17%","348/4043/54209",0.380730400722792
"GO:0045766","positive regulation of angiogenesis",153,0.634462782312635,1.67504004343434,0.00778426756196317,0.150445402690284,0.106738720673461,958,"tags=14%, list=5%, signal=14%","1116/358/187/2152/718/23328/1003/7423/2013/7474/5293/5335/6271/23411/10855/3162/1893/10411/84034/3099/27329/5578",0.407017918923954
"GO:0014912","negative regulation of smooth muscle cell migration",21,0.84727875119358,1.67323771661275,0.00603958209047627,0.146226376695706,0.103745386021179,676,"tags=19%, list=4%, signal=18%","65009/3488/57175/10221",0.407017918923954
"GO:0032945","negative regulation of mononuclear cell proliferation",63,0.709247883314883,1.67170757725085,0.0180010235840662,0.206058741788842,0.146195537309991,1010,"tags=17%, list=6%, signal=17%","9231/1051/11326/11314/3135/6385/84868/7305/4332/384/5781",0.352487857583619
"GO:2001138","regulation of phospholipid transport",14,0.888998783564163,1.67108218086866,0.00632787490427433,0.147822651253102,0.104877918495108,9,"tags=7%, list=0%, signal=7%","348",0.407017918923954
"GO:2001140","positive regulation of phospholipid transport",14,0.888998783564163,1.67108218086866,0.00632787490427433,0.147822651253102,0.104877918495108,9,"tags=7%, list=0%, signal=7%","348",0.407017918923954
"GO:0002455","humoral immune response mediated by circulating immunoglobulin",34,0.782058056546358,1.67105802119702,0.0141686599293084,0.185677657579632,0.131735468637054,617,"tags=18%, list=3%, signal=17%","714/713/718/3426/54209/730",0.380730400722792
"GO:0099173","postsynapse organization",217,0.611711125548385,1.67054177939896,0.00100552085882167,0.0806749616137179,0.0572376559139945,1523,"tags=13%, list=9%, signal=12%","9231/5728/348/1942/25791/40/4038/7474/388336/9379/54209/87/3911/4739/7430/57524/85358/9253/440915/2534/1793/60/25/144165/54910/375323/1742/1000/23229",0.45505986738723
"GO:0030851","granulocyte differentiation",28,0.784796925866712,1.66998242933558,0.0219103679751975,0.223723909520658,0.158728704628223,938,"tags=25%, list=5%, signal=24%","714/3059/81570/10221/2124/2623/5914",0.352487857583619
"GO:0072224","metanephric glomerulus development",15,0.876707073024128,1.66978862777874,0.0132219404718843,0.183428673349614,0.130139848596599,10,"tags=7%, list=0%, signal=7%","358",0.380730400722792
"GO:0007263","nitric oxide mediated signal transduction",19,0.860065906063091,1.6684343768,0.007037839007742,0.149630623615223,0.10616064733557,243,"tags=11%, list=1%, signal=10%","348/2357",0.407017918923954
"GO:0061081","positive regulation of myeloid leukocyte cytokine production involved in immune response",18,0.852460965485705,1.66635281790462,0.0202778043423782,0.218361156855333,0.15492391333152,1071,"tags=28%, list=6%, signal=26%","972/7474/3135/23411/57506",0.352487857583619
"GO:0032368","regulation of lipid transport",112,0.659245357486369,1.665812932567,0.00593194512593772,0.145149740802317,0.102981529260943,702,"tags=8%, list=4%, signal=8%","341/348/5465/4792/54209/23411/23461/208/64801",0.407017918923954
"GO:0097062","dendritic spine maintenance",20,0.834564041763644,1.66509486835516,0.0178225471244401,0.205296702516598,0.145654882058532,901,"tags=20%, list=5%, signal=19%","348/54209/4739/2534",0.352487857583619
"GO:0045933","positive regulation of muscle contraction",49,-0.703174863653544,-1.66454564177072,0.00193674066483253,0.105026795943939,0.0745149112902253,2015,"tags=27%, list=11%, signal=24%","6870/3673/6869/148/3320/6865/80763/783/55799/10874/2149/51738/781",0.45505986738723
"GO:0006638","neutral lipid metabolic process",114,0.651949109506776,1.66300827080299,0.00784737569919513,0.150445402690284,0.106738720673461,1115,"tags=16%, list=6%, signal=15%","341/348/718/81542/5321/26090/23411/4023/137695/10555/11313/84649/160851/376497/6720/337/5566/5406",0.380730400722792
"GO:0006639","acylglycerol metabolic process",114,0.651949109506776,1.66300827080299,0.00784737569919513,0.150445402690284,0.106738720673461,1115,"tags=16%, list=6%, signal=15%","341/348/718/81542/5321/26090/23411/4023/137695/10555/11313/84649/160851/376497/6720/337/5566/5406",0.380730400722792
"GO:0051926","negative regulation of calcium ion transport",40,0.748266053855057,1.66259535007188,0.0189231036388604,0.211348009968094,0.149948192483605,533,"tags=10%, list=3%, signal=10%","6781/7351/477/150",0.352487857583619
"GO:0010614","negative regulation of cardiac muscle hypertrophy",29,0.774333024564916,1.66125044619568,0.0195300328156527,0.213208704588182,0.151268326962697,536,"tags=14%, list=3%, signal=13%","187/7132/5465/2308",0.352487857583619
"GO:0010812","negative regulation of cell-substrate adhesion",54,0.715539245339784,1.65954392840872,0.00798596070050542,0.150652150466817,0.106885405070422,1366,"tags=15%, list=8%, signal=14%","5728/11170/9448/8324/347/8322/56940/81848",0.380730400722792
"GO:0060349","bone morphogenesis",44,0.738361048495134,1.6592368075773,0.0184380858014907,0.20818194473462,0.147701917445973,1856,"tags=25%, list=10%, signal=22%","6781/658/2261/1386/4762/1954/6662/1281/51496/3636/497189",0.352487857583619
"GO:0035633","maintenance of blood-brain barrier",33,0.761954275566952,1.65900514943786,0.0279841560470347,0.248002982930041,0.175954337239873,148,"tags=12%, list=1%, signal=12%","10804/7122/2697/1003",0.352487857583619
"GO:0035265","organ growth",91,0.66937528742006,1.65786661121088,0.0054872375850956,0.14230689201116,0.100964571363859,619,"tags=11%, list=3%, signal=11%","5728/6781/65009/10413/5465/2252/1901/2261/1386/4921",0.407017918923954
"GO:1903725","regulation of phospholipid metabolic process",36,0.759571578275744,1.6575678858701,0.0203715231847083,0.218459005476198,0.154993335436975,783,"tags=11%, list=4%, signal=11%","341/9600/66036/160851",0.352487857583619
"GO:0006882","intracellular zinc ion homeostasis",30,0.765798606745253,1.65653035241521,0.0301434343091375,0.256104594718292,0.181702307348679,1385,"tags=23%, list=8%, signal=22%","4499/4493/57192/55532/4502/4494/4496",0.352487857583619
"GO:0042552","myelination",102,0.662895269617132,1.65642098523264,0.00247026422083797,0.112376648633254,0.0797295197738818,938,"tags=11%, list=5%, signal=10%","5728/7122/23205/5803/6654/83742/9444/22933/9639/7852/5914",0.431707695803346
"GO:0030516","regulation of axon extension",66,0.694994713124396,1.65591365777791,0.0164136946540791,0.197915754274685,0.140418211754152,2354,"tags=24%, list=13%, signal=21%","348/7431/1954/55558/22902/25942/25/1000/1826/9423/9856/5802/6585/8829/2803/5058",0.352487857583619
"GO:0035332","positive regulation of hippo signaling",13,0.910555184344331,1.65589643614532,0.00827287807455022,0.152938292112382,0.108507387730991,436,"tags=31%, list=2%, signal=30%","9231/6789/11099/9448",0.380730400722792
"GO:1904018","positive regulation of vasculature development",157,0.635078065129245,1.65473980016118,0.00377460536804578,0.126619542611412,0.0898346360135986,958,"tags=15%, list=5%, signal=14%","1116/358/187/2152/718/23328/1003/7423/2013/7474/5293/5335/6271/23411/10855/3162/1893/10411/84034/7852/3099/27329/5578",0.431707695803346
"GO:0022600","digestive system process",87,0.66773596729254,1.65455690935998,0.00856424020978689,0.153810849036441,0.109126453572309,623,"tags=8%, list=3%, signal=8%","12/358/57817/4762/150/5357/7430",0.380730400722792
"GO:0051591","response to cAMP",76,0.692435575506544,1.65250824235261,0.0102798784454498,0.164793819311528,0.116918703620459,2170,"tags=24%, list=12%, signal=21%","358/6781/3488/5908/10411/2623/6720/7425/64784/1393/83606/87178/5906/682/497189/57657/200186/5179",0.380730400722792
"GO:0051895","negative regulation of focal adhesion assembly",19,0.85144031421041,1.65170166612538,0.00953349023435607,0.162620449945268,0.115376731173597,1121,"tags=21%, list=6%, signal=20%","5728/11170/347/56940",0.380730400722792
"GO:1904706","negative regulation of vascular associated smooth muscle cell proliferation",21,0.836202920696335,1.65136475295741,0.00833557649154137,0.152938292112382,0.108507387730991,934,"tags=14%, list=5%, signal=14%","5728/1026/6648",0.380730400722792
"GO:1903900","regulation of viral life cycle",102,0.660687829844169,1.65090510703715,0.00278753746972133,0.115140375735363,0.0816903420382679,1264,"tags=13%, list=7%, signal=12%","10410/10581/8519/558/10475/85363/63901/55254/6590/5359/9683/57506/8468",0.431707695803346
"GO:0010878","cholesterol storage",19,0.850794684449964,1.65044921456392,0.00953349023435607,0.162620449945268,0.115376731173597,556,"tags=21%, list=3%, signal=20%","4481/5465/54209/4023",0.380730400722792
"GO:2000648","positive regulation of stem cell proliferation",21,0.835366469140122,1.64971289718975,0.00833557649154137,0.152938292112382,0.108507387730991,181,"tags=14%, list=1%, signal=14%","2697/5788/79923",0.380730400722792
"GO:0010896","regulation of triglyceride catabolic process",15,0.865943643327845,1.64928844812266,0.0158460956493302,0.194840605405508,0.138236440491576,3,"tags=7%, list=0%, signal=7%","341",0.352487857583619
"GO:0046782","regulation of viral transcription",20,0.826414887456061,1.64883594232917,0.0212343045472073,0.221366866586007,0.157056418583464,687,"tags=20%, list=4%, signal=19%","10410/29969/7538/9830",0.352487857583619
"GO:0001953","negative regulation of cell-matrix adhesion",33,0.756858515307483,1.64791013654556,0.030649274443785,0.257530665585793,0.182714082898245,1121,"tags=15%, list=6%, signal=14%","5728/11170/9448/347/56940",0.352487857583619
"GO:0019068","virion assembly",31,0.766832263565931,1.64479415734616,0.0251359065813821,0.233788818243072,0.165869603994469,502,"tags=6%, list=3%, signal=6%","348/5091",0.352487857583619
"GO:0002698","negative regulation of immune effector process",103,0.644763531026279,1.64375395675852,0.0113671052449023,0.172787357072188,0.122589996853556,1699,"tags=17%, list=10%, signal=16%","3958/5788/11326/11314/5648/4092/2/1524/3135/84868/90865/6223/8078/11213/8832/6504/3965/30009",0.380730400722792
"GO:0045069","regulation of viral genome replication",71,0.676615080938081,1.64348203896996,0.0242229791938592,0.230893844815241,0.163815664461956,1264,"tags=14%, list=7%, signal=13%","10410/10581/8519/63901/55254/6590/5359/9683/57506/8468",0.352487857583619
"GO:0045071","negative regulation of viral genome replication",44,0.731223684696978,1.64319780234116,0.0227361565904761,0.229166797222031,0.162590350511879,1071,"tags=18%, list=6%, signal=17%","10410/10581/8519/63901/6590/5359/9683/57506",0.352487857583619
"GO:0050890","cognition",212,0.60669630834119,1.64268761213232,0.00192564484320918,0.105026795943939,0.0745149112902253,1305,"tags=14%, list=7%, signal=13%","5728/348/7122/65009/1051/4248/5803/11170/54112/10857/4762/9379/54209/2903/4739/100132074/85358/10411/2033/1385/4915/2534/2258/5578/836/1979/342371/1393/25",0.45505986738723
"GO:0001667","ameboidal-type cell migration",188,0.596555434862017,1.64187996724327,0.00300751215338728,0.115140375735363,0.0816903420382679,1377,"tags=17%, list=8%, signal=16%","5728/2697/7076/397/1512/154810/23328/2768/23500/2252/9448/5335/6385/80005/1954/4921/25959/2335/51466/2670/23380/85360/655/9530/2668/3037/1793/286204/6662/2196/54910/152007",0.431707695803346
"GO:0060324","face development",23,0.786977943791576,1.64184361633577,0.0354574560391685,0.279435689624118,0.198255363657656,1306,"tags=22%, list=7%, signal=20%","7122/7474/2033/5781/144165",0.321775918075361
"GO:0051216","cartilage development",121,0.647274762164053,1.64178255180399,0.00655519899950737,0.148027738945606,0.105023425087748,441,"tags=11%, list=2%, signal=11%","1116/6781/658/7076/4017/4092/85477/7045/2261/7474/55553/1386/4256",0.407017918923954
"GO:0007272","ensheathment of neurons",104,0.649373833852601,1.63995162078883,0.0063887583999105,0.147822651253102,0.104877918495108,938,"tags=11%, list=5%, signal=10%","5728/7122/23205/5803/6654/83742/9444/22933/9639/7852/5914",0.407017918923954
"GO:0008366","axon ensheathment",104,0.649373833852601,1.63995162078883,0.0063887583999105,0.147822651253102,0.104877918495108,938,"tags=11%, list=5%, signal=10%","5728/7122/23205/5803/6654/83742/9444/22933/9639/7852/5914",0.407017918923954
"GO:0030225","macrophage differentiation",46,0.732111792023029,1.63943473373591,0.0137919721392319,0.184036628232875,0.130571183322062,969,"tags=22%, list=5%, signal=21%","714/7351/3059/9173/9444/23411/90865/10221/5578/1436",0.380730400722792
"GO:0071276","cellular response to cadmium ion",19,0.844642389817969,1.6385144316736,0.0115096328778718,0.174389502023755,0.123726694282694,1454,"tags=42%, list=8%, signal=39%","4499/4493/6556/1616/4502/4494/4496/1536",0.380730400722792
"GO:0001837","epithelial to mesenchymal transition",151,0.624293127665522,1.6383884384447,0.00771726924676013,0.150445402690284,0.106738720673461,1377,"tags=13%, list=8%, signal=12%","9231/5728/4017/10253/25937/1942/4092/7041/2013/7474/9444/6275/655/3037/286204/6662/7049/23493/54756/152007",0.407017918923954
"GO:0007586","digestion",107,0.638928433502749,1.63678109838262,0.0127378235082667,0.183406338323132,0.130124002235659,691,"tags=8%, list=4%, signal=8%","12/358/57817/4762/150/5357/7430/56287/10891",0.380730400722792
"GO:0019755","one-carbon compound transport",16,0.842856594644307,1.63644922906776,0.0297735808882483,0.255729938982984,0.181436494813602,1106,"tags=19%, list=6%, signal=18%","358/3046/3043",0.352487857583619
"GO:0010719","negative regulation of epithelial to mesenchymal transition",41,0.731481175822395,1.63604149298341,0.0239124281785533,0.230699405165011,0.163677712493052,185,"tags=10%, list=1%, signal=10%","5728/10253/1942/4092",0.352487857583619
"GO:0034242","negative regulation of syncytium formation by plasma membrane fusion",37,0.736925551650845,1.63504984172036,0.0212140639081891,0.221366866586007,0.157056418583464,2905,"tags=35%, list=16%, signal=29%","6157/10411/6136/6160/25873/6141/6173/6123/6164/11224/6161/6167/6171",0.352487857583619
"GO:0032943","mononuclear cell proliferation",215,0.598132583471087,1.63470127447538,0.00266267095243691,0.114739132693543,0.0814056662143667,1010,"tags=11%, list=6%, signal=10%","9231/3958/972/1051/5788/10673/11326/11314/57630/2013/970/6556/3135/7037/6385/84868/7305/4332/3659/384/7412/8440/5781",0.431707695803346
"GO:1901888","regulation of cell junction assembly",250,0.597287481904108,1.63429082528634,0.00055966814175526,0.0603405501141704,0.0428107008173494,1757,"tags=15%, list=10%, signal=14%","9231/5728/187/7122/5908/40/11170/4038/7474/1108/9379/9448/9748/627/6385/57524/347/7058/9253/55118/23380/5578/5783/5566/56940/1793/25/144165/54910/375323/50863/9423/1307/6548/57799/5906/5802/257194",0.477270815362862
"GO:1901342","regulation of vasculature development",271,0.589472048476291,1.63364388367264,0.000723277068392023,0.0722184199241561,0.0512378684487448,958,"tags=14%, list=5%, signal=13%","1116/358/187/2152/7122/718/6678/23328/56999/10253/1942/1003/1284/7423/2013/7474/6464/1386/5293/5335/6271/9444/3135/23411/10855/3162/1893/10411/84034/140862/7058/7852/2534/1634/9146/3099/27329/5578",0.477270815362862
"GO:0045669","positive regulation of osteoblast differentiation",47,0.72119540074549,1.63354507215195,0.0342057914601087,0.274740473341951,0.194924179252669,922,"tags=15%, list=5%, signal=14%","658/10413/8519/25937/4921/655/255743",0.321775918075361
"GO:0046651","lymphocyte proliferation",212,0.603185083774311,1.633180639665,0.00217757213854274,0.109443639522324,0.07764859450381,1010,"tags=11%, list=6%, signal=10%","9231/3958/972/1051/5788/10673/11326/11314/57630/2013/970/6556/3135/7037/6385/84868/7305/4332/3659/384/7412/8440/5781",0.431707695803346
"GO:0048705","skeletal system morphogenesis",97,0.654815512192185,1.63214509384198,0.0126023458265199,0.183406338323132,0.130124002235659,1200,"tags=16%, list=7%, signal=15%","6781/658/3219/2261/55553/1386/4762/4256/3911/1954/3235/340267/3214/57453/1289/6662",0.380730400722792
"GO:0010874","regulation of cholesterol efflux",35,0.742540738122031,1.63210178798527,0.0270870956767405,0.244279559554016,0.173312625093303,583,"tags=11%, list=3%, signal=11%","348/54209/23411/23461",0.352487857583619
"GO:0090077","foam cell differentiation",38,0.721945594056174,1.63209964747397,0.0422857772432658,0.304626220416595,0.216127661393531,583,"tags=16%, list=3%, signal=15%","4481/5465/7474/4792/4023/23461",0.321775918075361
"GO:0050878","regulation of body fluid levels",310,0.579107001106888,1.63197667322232,0.000485676735486789,0.0551267492758224,0.0391115885721108,1339,"tags=13%, list=8%, signal=12%","348/358/187/2152/7450/361/10758/81542/2768/5465/558/9612/4762/5321/23452/150/10855/2335/160851/84034/7035/2623/953/3099/5578/3037/5359/83706/5566/3043/60/5028/5327/10551/221037/144165/152/5328/2153",0.49849310876659
"GO:0034375","high-density lipoprotein particle remodeling",21,0.826343088620282,1.63189318839158,0.0100326214016435,0.163518261159397,0.116013714548887,583,"tags=19%, list=3%, signal=18%","341/348/4023/23461",0.380730400722792
"GO:0048709","oligodendrocyte differentiation",70,0.678102051760716,1.63144628463361,0.0261257257244992,0.239672917437447,0.170044282709087,1200,"tags=13%, list=7%, signal=12%","5728/5803/23500/55553/9444/7852/4915/9580/6662",0.352487857583619
"GO:1902931","negative regulation of alcohol biosynthetic process",10,0.903017481680812,1.63133914166704,0.0210358531028409,0.221366866586007,0.157056418583464,9,"tags=10%, list=0%, signal=10%","348",0.352487857583619
"GO:0007611","learning or memory",172,0.619119919880071,1.63071210002865,0.00297123130269848,0.115140375735363,0.0816903420382679,1305,"tags=16%, list=7%, signal=15%","5728/348/7122/65009/1051/5803/54112/10857/4762/9379/54209/2903/4739/100132074/85358/10411/2033/1385/4915/2534/2258/5578/836/1979/342371/1393/25",0.431707695803346
"GO:0071385","cellular response to glucocorticoid stimulus",42,0.73228868717939,1.6302678711534,0.0318231761375541,0.263162513008456,0.186709792824728,688,"tags=12%, list=4%, signal=11%","358/6781/11170/7538/11335",0.321775918075361
"GO:0030890","positive regulation of B cell proliferation",34,0.762454510321103,1.62917025738024,0.0231162321633208,0.230035895065927,0.163206962188532,511,"tags=12%, list=3%, signal=11%","972/5788/10673/7037",0.352487857583619
"GO:0097106","postsynaptic density organization",46,0.727226701010337,1.62849543734575,0.0155488888493058,0.19372183269281,0.137442688300133,659,"tags=9%, list=4%, signal=8%","5728/9379/57524/85358",0.380730400722792
"GO:0060402","calcium ion transport into cytosol",27,-0.753420110735838,-1.62832957206861,0.00517033681202903,0.140030215895343,0.0993493043524073,2312,"tags=19%, list=13%, signal=16%","2056/4842/117/444/781",0.407017918923954
"GO:0032897","negative regulation of viral transcription",16,0.838406628661565,1.6278093922935,0.0323625559618016,0.265282592238363,0.1882139567319,687,"tags=19%, list=4%, signal=18%","10410/7538/9830",0.321775918075361
"GO:0042044","fluid transport",29,0.758681455017088,1.62767164215383,0.0271958352875408,0.244279559554016,0.173312625093303,36,"tags=7%, list=0%, signal=7%","358/361",0.352487857583619
"GO:0030856","regulation of epithelial cell differentiation",118,0.63224468466425,1.62713460762316,0.010628799814207,0.166968136211808,0.11846134832827,561,"tags=8%, list=3%, signal=7%","81575/7122/7132/1051/10253/1003/7716/23764/7538",0.380730400722792
"GO:0002689","negative regulation of leukocyte chemotaxis",14,0.865319015089237,1.62657048987748,0.0141098344994327,0.185677657579632,0.131735468637054,620,"tags=29%, list=3%, signal=28%","11240/6347/7130/79890",0.380730400722792
"GO:0021782","glial cell development",85,0.670683543268414,1.6247389910727,0.0103685026758999,0.165649173703068,0.117525564527093,859,"tags=8%, list=5%, signal=8%","5728/7132/6654/54209/6280/22933/9639",0.380730400722792
"GO:0003161","cardiac conduction system development",34,0.760109949900936,1.62416053148649,0.0242257881802132,0.230893844815241,0.163815664461956,30,"tags=6%, list=0%, signal=6%","10804/2697",0.352487857583619
"GO:1904754","positive regulation of vascular associated smooth muscle cell migration",16,0.835983976248816,1.62310568860495,0.0356912414636026,0.280357210946285,0.198909168993296,619,"tags=19%, list=3%, signal=18%","3488/80005/4921",0.321775918075361
"GO:0051044","positive regulation of membrane protein ectodomain proteolysis",14,0.863141088718236,1.622476565322,0.0148380741664346,0.188558621540128,0.133779468665973,533,"tags=14%, list=3%, signal=14%","348/150",0.380730400722792
"GO:0038092","nodal signaling pathway",15,-0.844183857611001,-1.62230465124427,0.0037777124488457,0.126619542611412,0.0898346360135986,785,"tags=27%, list=4%, signal=26%","8928/4088/9241/4838",0.431707695803346
"GO:0002792","negative regulation of peptide secretion",35,0.737805532431213,1.62169382344179,0.0290081351512305,0.25369242491701,0.179990909632086,1759,"tags=29%, list=10%, signal=26%","972/7351/150/2308/2044/1393/152/3033/2775/5978",0.352487857583619
"GO:0070661","leukocyte proliferation",244,0.588611184309951,1.61991575762564,0.00124276580149818,0.0842177710050116,0.0597512251906517,1010,"tags=11%, list=6%, signal=11%","9231/3958/972/1051/5788/10673/51533/11326/11314/57630/2013/970/6556/54209/3135/7037/6385/84868/90865/7305/1438/4332/3659/384/7412/8440/1436/5781",0.45505986738723
"GO:0050995","negative regulation of lipid catabolic process",24,0.791277652760601,1.61982751957714,0.0212270662639731,0.221366866586007,0.157056418583464,533,"tags=8%, list=3%, signal=8%","341/150",0.352487857583619
"GO:0045807","positive regulation of endocytosis",148,0.613358118880257,1.61608382255322,0.0136356436674397,0.183428673349614,0.130139848596599,1695,"tags=17%, list=9%, signal=15%","348/187/718/5788/929/5648/57817/558/6556/867/54209/6347/10461/5199/5566/8547/2212/7275/140885/9779/4035/2719/255738/5906/11031",0.380730400722792
"GO:1902950","regulation of dendritic spine maintenance",14,0.859654679001245,1.61592303874695,0.0168407353927468,0.198247955237423,0.14065390327503,901,"tags=21%, list=5%, signal=20%","348/4739/2534",0.352487857583619
"GO:0010977","negative regulation of neuron projection development",98,0.645980940347635,1.61582997069052,0.0134587479495518,0.183428673349614,0.130139848596599,233,"tags=6%, list=1%, signal=6%","5728/348/1942/25791/81618/4038",0.380730400722792
"GO:0051965","positive regulation of synapse assembly",46,0.721523978979246,1.61572520105605,0.0166030399456746,0.198247955237423,0.14065390327503,958,"tags=9%, list=5%, signal=8%","9231/627/7058/5578",0.352487857583619
"GO:0014904","myotube cell development",22,-0.78603694507203,-1.61548407733781,0.00613704371623673,0.147069869056959,0.104343830998081,427,"tags=18%, list=2%, signal=18%","3479/9734/131377/4654",0.407017918923954
"GO:0019724","B cell mediated immunity",98,0.645685265927642,1.61509038294179,0.0134587479495518,0.183428673349614,0.130139848596599,617,"tags=12%, list=3%, signal=12%","714/713/972/718/10758/3426/970/54209/3135/7037/2215/730",0.380730400722792
"GO:0010743","regulation of macrophage derived foam cell differentiation",32,0.720558209778825,1.61456958857253,0.0389128287786511,0.290116756783054,0.205833418045394,583,"tags=16%, list=3%, signal=15%","4481/5465/4792/4023/23461",0.321775918075361
"GO:0001941","postsynaptic membrane organization",34,0.7554495867856,1.61420252760125,0.026814755853497,0.243614909562622,0.172841066052559,1486,"tags=24%, list=8%, signal=22%","348/4038/388336/9379/85358/375323/1742/1000",0.352487857583619
"GO:0065004","protein-DNA complex assembly",125,0.629854712822798,1.61399688924795,0.00676954950399825,0.148582121590092,0.10541675112615,1593,"tags=18%, list=9%, signal=16%","7994/10025/9440/5893/55090/6925/7157/55290/11176/1616/3148/1385/119392/10001/6837/51003/11177/6662/2961/64332/6882/50809",0.407017918923954
"GO:0062012","regulation of small molecule metabolic process",277,0.570858936903399,1.6139727352372,0.00178334640526263,0.105026795943939,0.0745149112902253,1384,"tags=10%, list=8%, signal=9%","341/348/972/9759/5465/10580/7157/54209/9444/23411/2308/10891/208/64801/22933/84649/2033/5163/1385/6720/337/5566/84277/6662/5028/23417/10464/4947",0.45505986738723
"GO:0001938","positive regulation of endothelial cell proliferation",80,0.664848890450009,1.61383130741241,0.0237558914267176,0.230540128163828,0.163564707887827,1061,"tags=16%, list=6%, signal=15%","187/2152/7423/7474/5293/5335/23411/3162/1893/51162/3148/5578/26051",0.352487857583619
"GO:0070555","response to interleukin-1",103,0.63301006638086,1.61378978681582,0.0153052440223652,0.191584063786068,0.135925973836809,1443,"tags=16%, list=8%, signal=14%","1116/1051/2634/9759/2635/4615/4792/3654/6347/5578/3037/11213/6662/8564/9705/140885",0.380730400722792
"GO:0043537","negative regulation of blood vessel endothelial cell migration",39,0.735715112550686,1.61294704593052,0.0222628505061212,0.226311478126223,0.160564545123672,9,"tags=3%, list=0%, signal=3%","348",0.352487857583619
"GO:0050770","regulation of axonogenesis",102,0.645265359547695,1.6123679434548,0.0044192374080094,0.135210607029385,0.0959298653047553,1720,"tags=17%, list=10%, signal=15%","5728/4038/7431/627/1954/55558/22902/4915/2258/1949/1000/1826/9423/5364/1630/9856/5802",0.407017918923954
"GO:0006898","receptor-mediated endocytosis",253,0.582953370737262,1.61214936637715,0.00234917283746356,0.112376648633254,0.0797295197738818,345,"tags=6%, list=2%, signal=6%","341/348/187/4043/718/51760/929/4481/58191/57817/57007/440073/8029/867",0.431707695803346
"GO:0014909","smooth muscle cell migration",58,0.672823376613183,1.61206899255294,0.0276947856872547,0.246368197676203,0.174794482013657,1485,"tags=22%, list=8%, signal=21%","65009/3488/6282/57175/80005/4921/10221/3037/55742/5327/5328/5159/4035",0.352487857583619
"GO:1903531","negative regulation of secretion by cell",123,0.620303978779143,1.61186703953907,0.00996189472782542,0.163518261159397,0.116013714548887,1759,"tags=19%, list=10%, signal=17%","348/7132/2697/7351/79651/11314/5908/80223/150/2308/2044/5028/1393/2182/152/151/8832/3033/3623/3965/5906/2775/5978",0.380730400722792
"GO:0043030","regulation of macrophage activation",46,0.719672680498957,1.61157954589223,0.0178328836761277,0.205296702516598,0.145654882058532,650,"tags=22%, list=4%, signal=21%","972/5788/11326/3566/7474/5321/54209/9173/84868/90865",0.352487857583619
"GO:0009395","phospholipid catabolic process",49,0.707504777203338,1.61123383241334,0.0399909481842299,0.293496068158325,0.208230987971118,510,"tags=12%, list=3%, signal=12%","341/7941/5335/5321/26090/51573",0.321775918075361
"GO:0060350","endochondral bone morphogenesis",25,0.777477073954235,1.61112642272259,0.0256317519187839,0.237921542310863,0.168801708744792,1829,"tags=32%, list=10%, signal=29%","6781/658/2261/1386/6662/1281/51496/3636",0.352487857583619
"GO:0014074","response to purine-containing compound",123,0.619992980319641,1.61105890645696,0.00996189472782542,0.163518261159397,0.116013714548887,1856,"tags=21%, list=10%, signal=19%","358/6781/3488/5908/100/10060/10518/54795/4907/10411/2946/1385/2623/6720/7425/64784/5028/51284/1393/83606/87178/5906/5030/682/790/497189",0.380730400722792
"GO:0070232","regulation of T cell apoptotic process",22,0.785325349984705,1.6109118446636,0.0349846449806282,0.278042093864654,0.197266628702375,1677,"tags=32%, list=9%, signal=29%","3958/5304/7157/171558/384/6097/3965",0.321775918075361
"GO:0097501","stress response to metal ion",18,0.823781225793255,1.61029093708166,0.0373335183356318,0.285595334890004,0.202625538111152,1385,"tags=39%, list=8%, signal=36%","4499/4493/6556/55532/4502/4494/4496",0.321775918075361
"GO:0030888","regulation of B cell proliferation",56,0.702251600673084,1.60591349019107,0.0191968979275393,0.212304829397152,0.150627041288201,757,"tags=12%, list=4%, signal=12%","972/5788/10673/11314/7037/7305/4332",0.352487857583619
"GO:0097091","synaptic vesicle clustering",16,0.826982936233344,1.60562970860109,0.0426429556570703,0.305883675057278,0.217019806299598,7,"tags=6%, list=0%, signal=6%","5728",0.321775918075361
"GO:0000212","meiotic spindle organization",13,0.882868206780042,1.6055460913616,0.0166815893615069,0.198247955237423,0.14065390327503,7,"tags=8%, list=0%, signal=8%","5728",0.352487857583619
"GO:0003170","heart valve development",66,0.673801607869788,1.60541837805979,0.0263388236713368,0.240687655222313,0.17076422370455,1287,"tags=14%, list=7%, signal=13%","187/7132/56999/1942/1009/6586/6662/23493/7075",0.352487857583619
"GO:0036151","phosphatidylcholine acyl-chain remodeling",14,0.853684781795009,1.6047012136698,0.0213497615451285,0.221483444143888,0.157139128584335,445,"tags=14%, list=2%, signal=14%","79888/5321",0.352487857583619
"GO:0033135","regulation of peptidyl-serine phosphorylation",28,0.753397940291178,1.60316800577984,0.0370079857217007,0.285299751306722,0.20241582606301,282,"tags=14%, list=2%, signal=14%","5728/10253/6789/154043",0.321775918075361
"GO:0090130","tissue migration",86,0.653643774650743,1.60303006872848,0.017474125883182,0.204169077794293,0.144854849501165,1211,"tags=16%, list=7%, signal=15%","5728/1512/23328/23500/2252/9448/5335/80005/25959/51466/3037/1793/6662/2196",0.352487857583619
"GO:0030149","sphingolipid catabolic process",36,-0.716002604378423,-1.60224773894184,0.00497377348627457,0.137717723827319,0.0977086264686396,1963,"tags=33%, list=11%, signal=30%","129807/81537/8879/2760/4758/6610/27293/2581/10825/222/125981/130367",0.407017918923954
"GO:0055089","fatty acid homeostasis",15,0.841212652596849,1.60218545517671,0.0280476309844263,0.248097406278438,0.176021329166707,754,"tags=20%, list=4%, signal=19%","348/23411/84649",0.352487857583619
"GO:0051969","regulation of transmission of nerve impulse",18,-0.824864463655317,-1.6021593791072,0.00285620781246712,0.115140375735363,0.0816903420382679,2710,"tags=50%, list=15%, signal=42%","259232/2922/1143/3673/552/4887/8989/285175/51738",0.431707695803346
"GO:1902514","regulation of calcium ion transmembrane transport via high voltage-gated calcium channel",15,-0.83345703208056,-1.60169044641883,0.00572429837932357,0.143016114296185,0.101467753767727,836,"tags=27%, list=5%, signal=25%","783/5142/817/781",0.407017918923954
"GO:0001894","tissue homeostasis",182,0.600057754964284,1.60150125765487,0.00491188003961563,0.137717723827319,0.0977086264686396,1200,"tags=10%, list=7%, signal=10%","12/10804/7122/2697/10413/482/25937/1003/1901/8029/582/158046/10518/5578/1436/84634/286204/60/6662",0.407017918923954
"GO:0060249","anatomical structure homeostasis",182,0.600057754964284,1.60150125765487,0.00491188003961563,0.137717723827319,0.0977086264686396,1200,"tags=10%, list=7%, signal=10%","12/10804/7122/2697/10413/482/25937/1003/1901/8029/582/158046/10518/5578/1436/84634/286204/60/6662",0.407017918923954
"GO:0015669","gas transport",16,0.824430617502035,1.60067425111672,0.0441007995731897,0.311109232732613,0.220727259841525,1327,"tags=31%, list=7%, signal=29%","358/58157/3046/3043/26034",0.321775918075361
"GO:0002921","negative regulation of humoral immune response",17,0.832746328586406,1.60038440312725,0.0397231003782539,0.293201031177903,0.208021663729377,229,"tags=18%, list=1%, signal=17%","11326/5648/2",0.321775918075361
"GO:0048675","axon extension",88,0.661418721790588,1.60035032407605,0.0105660718214776,0.166539729347249,0.118157400186066,2981,"tags=28%, list=17%, signal=24%","348/7431/1954/55558/22902/25942/6586/25/26053/1000/1826/9423/9856/5802/6585/8829/2803/5058/57611/9201/393/118813/8636/23394/57609",0.380730400722792
"GO:0055094","response to lipoprotein particle",29,0.745721121050213,1.59986660232951,0.0330364716527368,0.268929475481638,0.190801364820626,556,"tags=17%, list=3%, signal=17%","348/10628/4615/54209/4023",0.321775918075361
"GO:0002548","monocyte chemotaxis",48,0.704396528003202,1.599527326325,0.0311969554292791,0.259808687325042,0.184330304609017,861,"tags=12%, list=5%, signal=12%","3958/1230/7941/1524/6347/6223",0.352487857583619
"GO:0010742","macrophage derived foam cell differentiation",36,0.732964238362604,1.59950427023486,0.036658087257586,0.283662332535225,0.201254102396146,583,"tags=17%, list=3%, signal=16%","4481/5465/7474/4792/4023/23461",0.321775918075361
"GO:0150115","cell-substrate junction organization",99,0.63237562298382,1.59941419581188,0.0173058076986767,0.202706680201208,0.143817300693354,1640,"tags=18%, list=9%, signal=17%","5728/11170/10580/9448/9748/6385/87/58480/2335/347/7205/1009/56940/25/144165/1307/6548/57799",0.352487857583619
"GO:0099172","presynapse organization",53,0.686187500081038,1.59919088943817,0.0372778359728254,0.285595334890004,0.202625538111152,414,"tags=9%, list=2%, signal=9%","5728/4038/7474/1108/23002",0.321775918075361
"GO:0051928","positive regulation of calcium ion transport",88,0.660869247247729,1.59902083077058,0.0105660718214776,0.166539729347249,0.118157400186066,466,"tags=9%, list=3%, signal=9%","187/3958/6781/1230/4283/11027/5335/6347",0.380730400722792
"GO:0046621","negative regulation of organ growth",21,0.80967434585575,1.59897513274243,0.0150509822951329,0.189529393673564,0.134468216701709,167,"tags=10%, list=1%, signal=9%","5728/5465",0.380730400722792
"GO:0050792","regulation of viral process",127,0.620577798668462,1.59780412191916,0.0127482048819976,0.183406338323132,0.130124002235659,1325,"tags=14%, list=7%, signal=13%","10410/10581/8519/558/29969/7538/10475/85363/63901/9830/55254/6590/5359/9683/57506/6993/8468/81603",0.380730400722792
"GO:0035988","chondrocyte proliferation",13,0.878607875521148,1.59779843644766,0.0189434771549005,0.211348009968094,0.149948192483605,619,"tags=38%, list=3%, signal=37%","6781/658/4092/2261/4921",0.352487857583619
"GO:0003171","atrioventricular valve development",26,0.779431461725819,1.59713668318794,0.0147966853414276,0.188558621540128,0.133779468665973,131,"tags=8%, list=1%, signal=8%","187/1942",0.380730400722792
"GO:0071496","cellular response to external stimulus",74,0.655842816895319,1.59709884626919,0.0236160066545041,0.230540128163828,0.163564707887827,1237,"tags=15%, list=7%, signal=14%","358/7132/477/9020/4615/3659/8795/5781/834/6662/51284",0.352487857583619
"GO:0002031","G protein-coupled receptor internalization",14,0.849632900194779,1.59708474977095,0.0227850069145804,0.229167403592685,0.162590780722618,11,"tags=7%, list=0%, signal=7%","187",0.352487857583619
"GO:0007163","establishment or maintenance of cell polarity",173,0.604154324383362,1.59692857042139,0.00654914702889831,0.148027738945606,0.105023425087748,1401,"tags=13%, list=8%, signal=12%","9231/358/2697/10758/154810/9886/1003/5908/58480/23418/64098/22902/29899/2258/55742/286204/60/6993/25/144165/81609/1742",0.407017918923954
"GO:0048640","negative regulation of developmental growth",58,0.665908524160091,1.59550116864079,0.0333395129000019,0.270458880986716,0.191886454720908,973,"tags=10%, list=5%, signal=10%","5728/5465/2261/1026/2258/55841",0.321775918075361
"GO:0000302","response to reactive oxygen species",163,0.595819091108863,1.59492192739278,0.00996189472782542,0.163518261159397,0.116013714548887,1111,"tags=15%, list=6%, signal=14%","348/358/10628/7351/55139/2081/23411/4921/3162/9131/7352/5111/2876/347/655/2534/6648/5578/337/5829/1263/836/3043/83667",0.380730400722792
"GO:0090132","epithelium migration",82,0.653980138275531,1.59464035834766,0.0161850510229473,0.19694607423519,0.139730238542426,1211,"tags=17%, list=7%, signal=16%","5728/1512/23328/23500/2252/9448/5335/80005/25959/51466/3037/1793/6662/2196",0.352487857583619
"GO:0071824","protein-DNA complex organization",142,0.603136185827048,1.59463568419274,0.00792847298884357,0.150652150466817,0.106885405070422,1436,"tags=16%, list=8%, signal=15%","7994/10025/9440/5893/55090/6601/6925/7157/55290/1106/11176/1616/3148/1385/119392/10001/6837/51003/11177/6662/2961/64332/6882",0.380730400722792
"GO:0160049","negative regulation of cGAS/STING signaling pathway",14,-0.852091615425267,-1.5945582716238,0.00344385148435302,0.11807131694895,0.0837698001666857,1605,"tags=21%, list=9%, signal=20%","57505/84243/345611",0.431707695803346
"GO:0042542","response to hydrogen peroxide",78,0.65469013462669,1.59400056290376,0.0126927156904382,0.183406338323132,0.130124002235659,1443,"tags=19%, list=8%, signal=18%","358/10628/55139/2081/23411/3162/9131/5111/2876/2534/6648/836/3043/25/140885",0.380730400722792
"GO:0034384","high-density lipoprotein particle clearance",11,0.897714320760636,1.59306472587004,0.0240693158208768,0.230893844815241,0.163815664461956,446,"tags=18%, list=2%, signal=18%","348/54209",0.352487857583619
"GO:0046683","response to organophosphorus",108,0.628122995934826,1.59296639208644,0.0219002277643111,0.223723909520658,0.158728704628223,1856,"tags=20%, list=10%, signal=18%","358/6781/3488/5908/10060/10518/54795/4907/10411/2623/6720/7425/64784/5028/51284/1393/83606/87178/5906/5030/682/497189",0.352487857583619
"GO:0002029","desensitization of G protein-coupled receptor signaling pathway",16,0.820234270200222,1.59252682799564,0.0448297219497525,0.312411281896124,0.221651043881993,11,"tags=6%, list=0%, signal=6%","187",0.321775918075361
"GO:0022401","negative adaptation of signaling pathway",16,0.820234270200222,1.59252682799564,0.0448297219497525,0.312411281896124,0.221651043881993,11,"tags=6%, list=0%, signal=6%","187",0.321775918075361
"GO:0023058","adaptation of signaling pathway",16,0.820234270200222,1.59252682799564,0.0448297219497525,0.312411281896124,0.221651043881993,11,"tags=6%, list=0%, signal=6%","187",0.321775918075361
"GO:0021954","central nervous system neuron development",52,0.685607725155709,1.59224003955418,0.0347282330078382,0.276984851740232,0.196516531525692,958,"tags=10%, list=5%, signal=9%","5728/7474/55558/4915/5578",0.321775918075361
"GO:0048521","negative regulation of behavior",14,-0.85071175809161,-1.59197608106446,0.00356758122227025,0.121427021746401,0.0861506215851716,1255,"tags=36%, list=7%, signal=33%","4887/134/1813/10874/51738",0.431707695803346
"GO:0061577","calcium ion transmembrane transport via high voltage-gated calcium channel",17,-0.833380626623197,-1.59123001584513,0.0043552550063521,0.135210607029385,0.0959298653047553,836,"tags=24%, list=5%, signal=22%","783/5142/817/781",0.407017918923954
"GO:0061045","negative regulation of wound healing",66,0.667808016605856,1.59113788146656,0.0298741863065686,0.255729938982984,0.181436494813602,96,"tags=5%, list=1%, signal=5%","5728/348/81542",0.352487857583619
"GO:0015748","organophosphate ester transport",158,0.598735909295645,1.59100949903939,0.00742841929636336,0.150445402690284,0.106738720673461,518,"tags=4%, list=3%, signal=4%","341/348/9197/114879/11046/10493/9600",0.407017918923954
"GO:0071216","cellular response to biotic stimulus",215,0.582138622339623,1.59098964704023,0.00440811043830641,0.135210607029385,0.0959298653047553,1597,"tags=20%, list=9%, signal=18%","7132/10628/1051/929/2634/23328/4283/11027/7474/558/1524/2635/7431/4615/8140/3654/7157/9450/54209/5724/6347/7538/84868/85363/10221/22900/54499/3148/2623/5914/5578/5781/7855/11213/3055/834/8564/64332/140885/23643/4853/56477",0.407017918923954
"GO:0035329","hippo signaling",55,0.695726506367916,1.58971424522621,0.0323063913934389,0.265282592238363,0.1882139567319,535,"tags=20%, list=3%, signal=19%","9231/10413/154810/25937/55233/7003/6789/60485/11099/9448/23411",0.321775918075361
"GO:0010631","epithelial cell migration",80,0.654890952068364,1.58965975061444,0.0313721541245639,0.260805323757658,0.185037402970892,1211,"tags=18%, list=7%, signal=16%","5728/1512/23328/23500/2252/9448/5335/80005/25959/51466/3037/1793/6662/2196",0.321775918075361
"GO:0031345","negative regulation of cell projection organization",149,0.611864080251151,1.58845695487188,0.0066378719217045,0.148582121590092,0.10541675112615,950,"tags=9%, list=5%, signal=9%","5728/348/10413/3985/10253/1942/25791/81618/4038/51466/22902/2534/57187/2258",0.407017918923954
"GO:1901740","negative regulation of myoblast fusion",36,0.72786927020027,1.58838582419639,0.0387527734867789,0.28996451807988,0.205725407005354,2905,"tags=33%, list=16%, signal=28%","6157/6136/6160/25873/6141/6173/6123/6164/11224/6161/6167/6171",0.321775918075361
"GO:0014812","muscle cell migration",67,0.657583865561665,1.58788619214218,0.0228687419543506,0.229333986425577,0.162708968704112,1485,"tags=21%, list=8%, signal=19%","65009/3488/6282/57175/80005/4921/10221/3037/79647/55742/5327/5328/5159/4035",0.352487857583619
"GO:0030852","regulation of granulocyte differentiation",13,0.873130906663763,1.58783825680368,0.0213608686815374,0.221483444143888,0.157139128584335,938,"tags=38%, list=5%, signal=36%","714/3059/10221/2124/5914",0.352487857583619
"GO:0046686","response to cadmium ion",36,0.727368633796953,1.58729331514475,0.0387527734867789,0.28996451807988,0.205725407005354,1454,"tags=28%, list=8%, signal=26%","4499/4493/6556/5111/1616/6648/4502/4494/4496/1536",0.321775918075361
"GO:1900271","regulation of long-term synaptic potentiation",39,0.723566920822549,1.5863139244586,0.0275216932767094,0.245752143236961,0.17435740077665,863,"tags=13%, list=5%, signal=12%","348/11170/85358/7305/1385",0.352487857583619
"GO:0001649","osteoblast differentiation",172,0.602121787901954,1.58594038682005,0.00601965104823398,0.146226376695706,0.103745386021179,1332,"tags=13%, list=7%, signal=12%","5728/3488/658/10413/8519/25937/6096/3371/5787/7130/4921/54795/117581/4221/655/255743/1213/5566/6209/6662/468/7171",0.407017918923954
"GO:0043542","endothelial cell migration",210,0.579638796565233,1.58537568708235,0.00740249723486359,0.150445402690284,0.106738720673461,2553,"tags=28%, list=14%, signal=24%","348/6781/6678/4017/5872/23328/56999/1942/1003/7041/2013/7474/5293/5335/57175/6280/23411/3162/3397/208/2335/5607/1634/5578/5829/7049/25/2752/2303/6868/4204/5587/306/6279/682/2625/2191/4627/2523/64094/7010/54828/9564/2113/10519/8829/23129/4780/5613/5743/7857/2896/1950/23616/51157/5468/6283/811",0.407017918923954
"GO:0060795","cell fate commitment involved in formation of primary germ layer",19,0.816493692684903,1.58390901873041,0.021132781333561,0.221366866586007,0.157056418583464,450,"tags=16%, list=3%, signal=15%","23168/79923/8324",0.352487857583619
"GO:0001783","B cell apoptotic process",17,0.824117603087086,1.58380158884884,0.0451221972650395,0.313056071719188,0.222108512435943,275,"tags=12%, list=2%, signal=12%","972/604",0.321775918075361
"GO:0048525","negative regulation of viral process",69,0.64977849487197,1.58321577576939,0.0370519157541197,0.285299751306722,0.20241582606301,1071,"tags=14%, list=6%, signal=14%","10410/10581/8519/7538/63901/9830/6590/5359/9683/57506",0.321775918075361
"GO:0034063","stress granule assembly",35,-0.705297431866817,-1.58230676079078,0.00756650444364588,0.150445402690284,0.106738720673461,3078,"tags=31%, list=17%, signal=26%","55239/51657/26065/636/7812/5563/4076/253943/11273/9898/2886",0.407017918923954
"GO:0099054","presynapse assembly",43,0.714685711352243,1.58159755799753,0.0484157314957817,0.328855244880584,0.233317785041086,281,"tags=7%, list=2%, signal=7%","5728/4038/7474",0.321775918075361
"GO:0090370","negative regulation of cholesterol efflux",6,0.973914196907005,1.58155541990522,0.00552982030758541,0.14230689201116,0.100964571363859,9,"tags=17%, list=0%, signal=17%","348",0.407017918923954
"GO:0048589","developmental growth",345,0.552006703988313,1.58083885984615,0.0013766712723363,0.0898086800856053,0.0637178899872673,1580,"tags=14%, list=9%, signal=13%","5728/348/6781/65009/658/51760/10413/5465/2252/4092/1901/2261/4038/7431/1386/7130/5523/627/1954/5479/5357/4921/7430/2033/347/55558/22902/1026/25942/5738/2258/55841/79647/6586/6662/7049/10551/25/144165/975/26053/221074/1000/1281/1826/9423/51496/1630",0.45505986738723
"GO:1903589","positive regulation of blood vessel endothelial cell proliferation involved in sprouting angiogenesis",11,0.890820014772425,1.58083023720791,0.0272519670441355,0.244279559554016,0.173312625093303,1061,"tags=27%, list=6%, signal=26%","187/3162/26051",0.352487857583619
"GO:0045446","endothelial cell differentiation",91,0.638233495275573,1.58073657910496,0.0157044693103697,0.194115506186332,0.137721993644865,755,"tags=13%, list=4%, signal=13%","81575/7122/6781/7132/1003/5908/1901/7716/80781/7430/10855/10411",0.352487857583619
"GO:0015908","fatty acid transport",101,0.619733432683398,1.57996439031376,0.0292598161736254,0.25369242491701,0.179990909632086,857,"tags=8%, list=5%, signal=8%","348/5375/7351/5465/28231/5321/208/376497",0.352487857583619
"GO:0043113","receptor clustering",51,0.674486462796346,1.57975301599607,0.036658087257586,0.283662332535225,0.201254102396146,1486,"tags=20%, list=8%, signal=18%","348/4038/388336/9379/7130/85358/975/375323/1742/1000",0.321775918075361
"GO:0002091","negative regulation of receptor internalization",14,0.840219653627977,1.57939034018038,0.0285260043166983,0.251328762805316,0.17831392738208,1655,"tags=29%, list=9%, signal=26%","4043/79890/1742/255738",0.352487857583619
"GO:1904752","regulation of vascular associated smooth muscle cell migration",25,0.761987276326964,1.57902769843096,0.0337630908646417,0.272483226445399,0.193322696976218,619,"tags=12%, list=3%, signal=12%","3488/80005/4921",0.321775918075361
"GO:0051048","negative regulation of secretion",141,0.603228821893104,1.57890924532188,0.0109275694393925,0.171089312189422,0.121385259884586,1759,"tags=18%, list=10%, signal=17%","348/7132/972/2697/7351/79651/11314/5908/4762/80223/150/2308/2044/5028/1393/2182/152/151/8832/3033/3623/5731/3965/5906/2775/5978",0.380730400722792
"GO:0090279","regulation of calcium ion import",39,0.720118128715201,1.57875295561797,0.0285734637722032,0.251328762805316,0.17831392738208,901,"tags=10%, list=5%, signal=10%","3958/6781/6347/2534",0.352487857583619
"GO:0050918","positive chemotaxis",58,0.658672866577133,1.57816470317948,0.0371996853733016,0.285501506860127,0.202558968553736,1002,"tags=17%, list=6%, signal=16%","2152/3958/2252/1901/7423/7474/6347/3148/6275/2668",0.321775918075361
"GO:0001881","receptor recycling",40,-0.688661942079808,-1.57778285077827,0.00728719943827534,0.150445402690284,0.106738720673461,1352,"tags=15%, list=8%, signal=14%","2060/5663/5192/10564/55614/125058",0.407017918923954
"GO:0007507","heart development",389,0.548166431939945,1.57663608790355,0.00111343915635226,0.0817159955841653,0.0579762536524175,1349,"tags=13%, list=8%, signal=12%","5728/187/10804/7122/7132/65009/2697/10758/10413/285590/56999/1942/5465/4092/53615/1901/2013/7474/55553/1386/8324/84287/1954/5111/2335/55803/3276/7412/1026/1009/655/7273/5781/3037/7134/55742/6586/8572/9464/9718/6662/7049/57216/429/23493/7075/25/144165/5159",0.45505986738723
"GO:0045668","negative regulation of osteoblast differentiation",37,0.710538108149927,1.57650283487153,0.0361884177174771,0.282353817307292,0.200325730781502,851,"tags=16%, list=5%, signal=15%","5728/6096/7130/54795/117581/4221",0.321775918075361
"GO:0010717","regulation of epithelial to mesenchymal transition",99,0.623170956016675,1.57613360990709,0.0195641796205039,0.213208704588182,0.151268326962697,485,"tags=9%, list=3%, signal=9%","5728/4017/10253/25937/1942/4092/7041/2013/9444",0.352487857583619
"GO:0090559","regulation of membrane permeability",58,0.657476246223051,1.57529762894317,0.0378949865393542,0.288014161448781,0.204341658695749,953,"tags=10%, list=5%, signal=10%","81575/152926/1386/203245/89941/3099",0.321775918075361
"GO:0002573","myeloid leukocyte differentiation",184,0.594144219224487,1.57481906789156,0.00555561803311372,0.14230689201116,0.100964571363859,1053,"tags=15%, list=6%, signal=14%","714/972/1051/7351/1230/3059/10272/81570/5293/54209/9173/9846/9444/7130/7037/23411/4739/90865/10221/7305/28962/2124/2623/5914/5578/1436/84634",0.407017918923954
"GO:0002043","blood vessel endothelial cell proliferation involved in sprouting angiogenesis",25,0.759685577082005,1.57425800348439,0.0358843133669101,0.281383338705136,0.199637191001737,1061,"tags=16%, list=6%, signal=15%","187/3162/441478/26051",0.321775918075361
"GO:0070229","negative regulation of lymphocyte apoptotic process",21,0.797072870851425,1.57408926934449,0.0219082748745735,0.223723909520658,0.158728704628223,875,"tags=24%, list=5%, signal=23%","972/604/5304/171558/384",0.352487857583619
"GO:0001911","negative regulation of leukocyte mediated cytotoxicity",26,0.768001298636337,1.57371508210885,0.0198749340574303,0.215594838955543,0.152961252935658,604,"tags=15%, list=3%, signal=15%","5788/1524/3135/84868",0.352487857583619
"GO:0045598","regulation of fat cell differentiation",100,0.618515725800876,1.57348221702585,0.0233087385194741,0.230263383008993,0.163368361417603,1108,"tags=19%, list=6%, signal=18%","1051/10413/10974/25937/7474/149685/23411/2308/4023/7538/10513/54795/84935/22933/2033/1385/655/9580/862",0.352487857583619
"GO:0001541","ovarian follicle development",32,0.702112536831032,1.57323799012832,0.0498226848512042,0.332883571473835,0.236175821374065,486,"tags=9%, list=3%, signal=9%","1051/658/7130",0.321775918075361
"GO:0099068","postsynapse assembly",81,0.647877050942691,1.57273795749773,0.0363510573267994,0.283152431615218,0.200892335463435,1523,"tags=17%, list=9%, signal=16%","5728/40/4038/7474/9379/57524/85358/9253/1793/25/144165/54910/1000/23229",0.321775918075361
"GO:0071260","cellular response to mechanical stimulus",73,0.656272608085392,1.57188723260427,0.0396714814789223,0.293201031177903,0.208021663729377,1237,"tags=15%, list=7%, signal=14%","358/7132/477/9020/4615/3659/8795/5781/834/6662/51284",0.321775918075361
"GO:0030099","myeloid cell differentiation",314,0.556327966734433,1.57181244938196,0.00214414595239559,0.109443639522324,0.07764859450381,2183,"tags=20%, list=12%, signal=18%","7994/714/972/1051/7351/1230/8444/3059/85477/10272/81570/5293/54209/9173/64783/9846/9444/7130/7037/23411/87/3046/7538/65082/4739/90865/10221/7305/28962/2124/3276/3148/6223/2623/5914/5578/1436/84634/836/3043/7049/26499/975/7171/2752/4853/3623/8314/212/114609/2625/814/3605/9935/4627/2316/1432/51542/3123/2113/10519/161882/7107/3428",0.431707695803346
"GO:0099022","vesicle tethering",30,-0.724730251462201,-1.57108614818895,0.00756404892451651,0.150445402690284,0.106738720673461,1924,"tags=20%, list=11%, signal=18%","22878/6399/7109/9321/60412/55770",0.407017918923954
"GO:0009173","pyrimidine ribonucleoside monophosphate metabolic process",16,-0.802605906695042,-1.57108606986226,0.011785631202624,0.176296527894028,0.125079700077781,531,"tags=12%, list=3%, signal=12%","1806/1807",0.380730400722792
"GO:1903587","regulation of blood vessel endothelial cell proliferation involved in sprouting angiogenesis",19,0.809855537434931,1.57103171904964,0.0242347595260621,0.230893844815241,0.163815664461956,1061,"tags=16%, list=6%, signal=15%","187/3162/26051",0.352487857583619
"GO:0007616","long-term memory",27,0.741101061837905,1.57097851495303,0.0484326712320005,0.328855244880584,0.233317785041086,9,"tags=4%, list=0%, signal=4%","348",0.321775918075361
"GO:0010594","regulation of endothelial cell migration",159,0.593827769655285,1.57052409564589,0.0112116038528854,0.172787357072188,0.122589996853556,2553,"tags=26%, list=14%, signal=23%","348/6781/6678/23328/56999/1942/2013/7474/5293/5335/23411/3162/208/5607/1634/5578/7049/25/2752/2303/6868/4204/5587/306/682/2625/2523/64094/7010/54828/9564/2113/10519/8829/4780/5743/2896/1950/23616/51157/5468/811",0.380730400722792
"GO:0072348","sulfur compound transport",61,0.666316984011554,1.57046762591816,0.0416363622831909,0.301799372907635,0.214122056162333,1684,"tags=18%, list=9%, signal=16%","2697/7351/9197/23657/115019/8140/376497/80704/284439/6533/116369",0.321775918075361
"GO:1902003","regulation of amyloid-beta formation",34,0.734210422645986,1.56881986668249,0.0433718774709406,0.307266528628971,0.218000919836349,1087,"tags=15%, list=6%, signal=14%","348/1942/4915/1454/836",0.321775918075361
"GO:0071402","cellular response to lipoprotein particle stimulus",36,0.718622864469484,1.56820794282559,0.042942154709763,0.305883675057278,0.217019806299598,556,"tags=14%, list=3%, signal=13%","348/10628/4615/54209/4023",0.321775918075361
"GO:0034612","response to tumor necrosis factor",188,0.56969542669586,1.56795404728546,0.00831532267869733,0.152938292112382,0.108507387730991,1248,"tags=14%, list=7%, signal=13%","1116/7132/10758/2634/10673/58191/8718/427/970/2635/4792/7157/7188/6347/23411/7538/57824/83643/22900/7412/255743/90268/9530/3037/836/834/1393",0.380730400722792
"GO:0060323","head morphogenesis",20,0.785727536030533,1.56765787009586,0.0398883242330594,0.293201031177903,0.208021663729377,1306,"tags=20%, list=7%, signal=19%","7122/2033/5781/144165",0.321775918075361
"GO:0022408","negative regulation of cell-cell adhesion",172,0.595095265378996,1.56743309133272,0.00814902286471117,0.152493866117723,0.108192074260086,1010,"tags=10%, list=6%, signal=10%","9231/3958/1051/81542/11326/11314/5465/4092/867/5420/3135/6385/84868/3659/5607/384/2534/5781",0.380730400722792
"GO:0048041","focal adhesion assembly",81,0.645636451175656,1.56729884478946,0.0381855075599854,0.289283513748686,0.205242244809734,1640,"tags=19%, list=9%, signal=17%","5728/11170/10580/9448/9748/6385/87/347/7205/1009/56940/25/1307/6548/57799",0.321775918075361
"GO:0048638","regulation of developmental growth",198,0.581471557180541,1.56689246952999,0.00690093734336324,0.149371901851508,0.105977088186699,1720,"tags=15%, list=10%, signal=13%","5728/348/51760/10413/5465/4092/2261/7431/627/1954/5479/5357/7430/55558/22902/1026/25942/2258/55841/7049/10551/25/1000/1826/9423/1630/4666/9856/5802",0.407017918923954
"GO:0006633","fatty acid biosynthetic process",152,0.595004918426812,1.56493278623528,0.0168287018768894,0.198247955237423,0.14065390327503,1337,"tags=12%, list=7%, signal=11%","341/972/23205/79966/2944/5321/23411/4023/22933/79993/115908/2946/337/5406/84696/2182/23417/10464",0.352487857583619
"GO:0002761","regulation of myeloid leukocyte differentiation",97,0.627567741697765,1.56422930061082,0.024837343318854,0.2323924334037,0.164878890229495,1053,"tags=16%, list=6%, signal=16%","714/972/1051/1230/3059/10272/54209/9444/7130/4739/10221/7305/2124/5914/5578/84634",0.352487857583619
"GO:0071214","cellular response to abiotic stimulus",293,0.552245641840211,1.56397266874055,0.0019608179885478,0.105026795943939,0.0745149112902253,1253,"tags=12%, list=7%, signal=12%","5728/358/7132/64710/5269/7076/10413/123041/477/40/22890/54112/9020/4615/10714/57192/7157/25769/23411/80303/5111/3208/2033/3659/1026/11011/79085/8795/5781/9683/836/834/6662/429/51284/468",0.431707695803346
"GO:0104004","cellular response to environmental stimulus",293,0.552245641840211,1.56397266874055,0.0019608179885478,0.105026795943939,0.0745149112902253,1253,"tags=12%, list=7%, signal=12%","5728/358/7132/64710/5269/7076/10413/123041/477/40/22890/54112/9020/4615/10714/57192/7157/25769/23411/80303/5111/3208/2033/3659/1026/11011/79085/8795/5781/9683/836/834/6662/429/51284/468",0.431707695803346
"GO:0010875","positive regulation of cholesterol efflux",25,0.754707332771277,1.56394183955303,0.0407616487898466,0.297294199325946,0.210925704157404,535,"tags=12%, list=3%, signal=12%","348/54209/23411",0.321775918075361
"GO:0007193","adenylate cyclase-inhibiting G protein-coupled receptor signaling pathway",94,0.629648465458315,1.56294635354568,0.0245267703397219,0.231795252083851,0.164455199183102,533,"tags=5%, list=3%, signal=5%","5996/187/1901/59340/150",0.352487857583619
"GO:0007044","cell-substrate junction assembly",89,0.636034955077309,1.56218611487858,0.0257103224160118,0.237921542310863,0.168801708744792,1640,"tags=18%, list=9%, signal=16%","5728/11170/10580/9448/9748/6385/87/2335/347/7205/1009/56940/25/1307/6548/57799",0.352487857583619
"GO:1905906","regulation of amyloid fibril formation",15,0.820206064910391,1.56217601267696,0.0411645187880694,0.299119811532134,0.212220948198431,446,"tags=13%, list=2%, signal=13%","348/54209",0.321775918075361
"GO:0002090","regulation of receptor internalization",72,0.65767354553869,1.56215918986588,0.0230305350063323,0.229669687738307,0.16294714366997,740,"tags=10%, list=4%, signal=9%","187/4043/51760/57817/440073/79890/3208",0.352487857583619
"GO:0001503","ossification",297,0.551719726631748,1.5615412448336,0.00334879917104967,0.117853274523706,0.0836151023885757,2279,"tags=20%, list=13%, signal=18%","5728/6781/3488/658/10413/8519/1230/25937/4092/1901/2261/4038/6096/7474/3371/10272/4256/5787/7130/4921/1893/54795/117581/54499/4221/1009/655/255743/10312/1213/5781/5566/6209/6662/468/144165/7171/5364/5587/51684/7286/83999/6238/5978/9188/240/3636/10189/4087/1432/8074/2735/4077/23051/10736/5179/22856/864/2091/1305",0.431707695803346
"GO:2000232","regulation of rRNA processing",17,-0.817541068498355,-1.56098647583377,0.00798645634793215,0.150652150466817,0.106885405070422,1035,"tags=18%, list=6%, signal=17%","55127/27292/55781",0.380730400722792
"GO:0045834","positive regulation of lipid metabolic process",129,0.608202308389185,1.56052311102164,0.0101942462632579,0.163980735268912,0.116341832882259,1069,"tags=13%, list=6%, signal=12%","348/972/5465/10580/9444/9600/10891/208/22933/84649/160851/376497/1385/6720/27329/337/5566",0.380730400722792
"GO:0046717","acid secretion",27,-0.721991426910709,-1.5604043142285,0.0143551393061598,0.186775870695381,0.132514634107754,1089,"tags=15%, list=6%, signal=14%","1813/1133/10874/51738",0.380730400722792
"GO:0016064","immunoglobulin mediated immune response",93,0.63267210908693,1.55995416613557,0.0228996854564056,0.229333986425577,0.162708968704112,617,"tags=11%, list=3%, signal=10%","714/713/972/718/10758/3426/54209/7037/2215/730",0.352487857583619
"GO:0032526","response to retinoic acid",89,0.635107317053311,1.55990771299334,0.026789059973411,0.243614909562622,0.172841066052559,1287,"tags=18%, list=7%, signal=17%","358/1512/5754/6096/7474/8324/7584/7037/1385/6720/5914/8322/9464/6662/429/7075",0.352487857583619
"GO:0018105","peptidyl-serine phosphorylation",62,0.656505180652582,1.55733429146988,0.0418985228222462,0.303231682120324,0.215138257722749,282,"tags=6%, list=2%, signal=6%","5728/10253/6789/154043",0.321775918075361
"GO:0043270","positive regulation of monoatomic ion transport",160,0.581274359459448,1.55726348264051,0.0171374479929324,0.201236483057009,0.14277421822288,538,"tags=8%, list=3%, signal=8%","187/3958/6781/1230/482/4283/11027/154043/5335/54209/6347/150/1520",0.352487857583619
"GO:0051961","negative regulation of nervous system development",97,0.624130767693306,1.55566255142026,0.0272027696870542,0.244279559554016,0.173312625093303,1759,"tags=16%, list=10%, signal=15%","5728/23500/4038/7474/54209/22933/22902/2258/5783/6993/1949/1630/9856/5802/257194/5978",0.352487857583619
"GO:0001885","endothelial cell development",50,0.672083276433742,1.55554379666363,0.0402363943833671,0.294377483518186,0.208856338737649,755,"tags=18%, list=4%, signal=17%","7122/6781/7132/1003/5908/80781/7430/10855/10411",0.321775918075361
"GO:0002323","natural killer cell activation involved in immune response",23,-0.769004140137138,-1.55447629043771,0.00593330854461248,0.145149740802317,0.102981529260943,3138,"tags=43%, list=18%, signal=36%","3134/3446/3445/3593/3456/3449/3442/3452/3916/11126",0.407017918923954
"GO:1903054","negative regulation of extracellular matrix organization",15,0.816044132914801,1.55424913843394,0.0427326443954419,0.305883675057278,0.217019806299598,1841,"tags=33%, list=10%, signal=30%","7132/7078/7049/8434/2191",0.321775918075361
"GO:0048762","mesenchymal cell differentiation",211,0.56843680344187,1.55378168957648,0.00849242268182222,0.153810849036441,0.109126453572309,1377,"tags=12%, list=8%, signal=12%","9231/5728/4017/10253/25937/1942/4092/7041/2013/7474/9444/2335/2670/6275/655/2668/3037/9464/286204/6662/7049/64839/23493/54910/54756/152007",0.380730400722792
"GO:0002468","dendritic cell antigen processing and presentation",13,0.854092023147089,1.55321496333889,0.0306480042893329,0.257530665585793,0.182714082898245,320,"tags=15%, list=2%, signal=15%","972/6556",0.352487857583619
"GO:1902358","sulfate transmembrane transport",14,0.826285987959323,1.55319874032271,0.0371270606553376,0.285410481011654,0.202494387101325,380,"tags=14%, list=2%, signal=14%","7351/115019",0.321775918075361
"GO:0019079","viral genome replication",98,0.620320276781797,1.55164344959103,0.0212553665808578,0.221366866586007,0.157056418583464,1264,"tags=11%, list=7%, signal=10%","10410/10581/8519/6347/63901/55254/6590/5359/9683/57506/8468",0.352487857583619
"GO:0070372","regulation of ERK1 and ERK2 cascade",243,0.560363938056793,1.551553610411,0.00628653920011454,0.147822651253102,0.104877918495108,1807,"tags=16%, list=10%, signal=14%","1116/348/972/65009/5788/1230/10253/57007/2261/7423/154043/51074/54209/55532/84868/4921/7430/2335/960/255743/5578/1436/5781/9464/5028/5159/81848/152007/140885/54206/4853/6504/3965/5906/116/114609/55885/2244",0.407017918923954
"GO:0090206","negative regulation of cholesterol metabolic process",6,0.954675869172518,1.55031398036669,0.0166974919599715,0.198247955237423,0.14065390327503,9,"tags=17%, list=0%, signal=17%","348",0.352487857583619
"GO:0045649","regulation of macrophage differentiation",20,0.776682948963506,1.54961240592768,0.0449785036243229,0.312520756691486,0.22172871458109,958,"tags=25%, list=5%, signal=24%","714/3059/9444/10221/5578",0.321775918075361
"GO:0070371","ERK1 and ERK2 cascade",259,0.561804059190542,1.54951774439316,0.00194031051211207,0.105026795943939,0.0745149112902253,1807,"tags=15%, list=10%, signal=14%","1116/348/972/65009/5788/1512/1230/10253/57007/2261/7423/154043/51074/54209/55532/84868/4921/7430/2335/960/255743/5578/1436/5781/9464/6662/5028/5159/81848/152007/140885/54206/4853/6504/3965/5906/116/114609/55885/2244",0.45505986738723
"GO:0014910","regulation of smooth muscle cell migration",54,0.668094134183747,1.54950489607823,0.0250757156750915,0.2336917391387,0.16580072784924,1485,"tags=20%, list=8%, signal=19%","65009/3488/6282/57175/80005/4921/10221/3037/5328/5159/4035",0.352487857583619
"GO:0015919","peroxisomal membrane transport",21,-0.760388275098442,-1.54907797617181,0.0146571060700841,0.188099527899412,0.133453748723701,2075,"tags=29%, list=12%, signal=25%","5825/5191/225/4591/5194/5192",0.380730400722792
"GO:0043574","peroxisomal transport",21,-0.760388275098442,-1.54907797617181,0.0146571060700841,0.188099527899412,0.133453748723701,2075,"tags=29%, list=12%, signal=25%","5825/5191/225/4591/5194/5192",0.380730400722792
"GO:0033046","negative regulation of sister chromatid segregation",55,-0.631634634961748,-1.54689398825487,0.00780810336557901,0.150445402690284,0.106738720673461,1204,"tags=15%, list=7%, signal=14%","8655/221150/55055/140735/891/7272/51143/699",0.407017918923954
"GO:0033048","negative regulation of mitotic sister chromatid segregation",55,-0.631634634961748,-1.54689398825487,0.00780810336557901,0.150445402690284,0.106738720673461,1204,"tags=15%, list=7%, signal=14%","8655/221150/55055/140735/891/7272/51143/699",0.407017918923954
"GO:0045841","negative regulation of mitotic metaphase/anaphase transition",55,-0.631634634961748,-1.54689398825487,0.00780810336557901,0.150445402690284,0.106738720673461,1204,"tags=15%, list=7%, signal=14%","8655/221150/55055/140735/891/7272/51143/699",0.407017918923954
"GO:2000816","negative regulation of mitotic sister chromatid separation",55,-0.631634634961748,-1.54689398825487,0.00780810336557901,0.150445402690284,0.106738720673461,1204,"tags=15%, list=7%, signal=14%","8655/221150/55055/140735/891/7272/51143/699",0.407017918923954
"GO:0071456","cellular response to hypoxia",135,0.582823954379034,1.54680602903825,0.0244391424318837,0.231432766134189,0.164198020925494,1636,"tags=16%, list=9%, signal=14%","358/6781/58157/867/1386/3654/7157/56776/54209/23411/4921/9131/22933/5163/655/10397/468/1536/54583/50809/6548",0.352487857583619
"GO:0060560","developmental growth involved in morphogenesis",164,0.58379894624748,1.54601284830948,0.00960820951535125,0.162708056965426,0.115438887019416,1786,"tags=15%, list=10%, signal=14%","348/51760/1901/7431/5523/627/1954/55558/22902/25942/2258/6586/6662/25/144165/26053/221074/1000/1826/9423/51496/1630/9856/5802/682",0.380730400722792
"GO:0046049","UMP metabolic process",15,-0.803524547705632,-1.54416789586668,0.0145261183792001,0.18762076032189,0.133114070423063,531,"tags=13%, list=3%, signal=13%","1806/1807",0.380730400722792
"GO:0002763","positive regulation of myeloid leukocyte differentiation",50,0.666961767671814,1.5436900108851,0.0424925768590586,0.3056472182343,0.216852043786901,958,"tags=18%, list=5%, signal=17%","972/1230/3059/54209/4739/10221/7305/2124/5578",0.321775918075361
"GO:1904738","vascular associated smooth muscle cell migration",26,0.753129036332801,1.54324025930098,0.0269331432965588,0.244218096648526,0.17326901809845,619,"tags=12%, list=3%, signal=11%","3488/80005/4921",0.352487857583619
"GO:0071356","cellular response to tumor necrosis factor",172,0.58582012981504,1.54300312985373,0.0110567834282826,0.171965932988885,0.122007208983576,1022,"tags=13%, list=6%, signal=13%","1116/7132/10758/2634/10673/8718/427/970/2635/4792/7157/7188/6347/23411/7538/57824/83643/22900/7412/255743/90268/9530/3037",0.380730400722792
"GO:0060485","mesenchyme development",255,0.562713574289081,1.54211266622302,0.00286280150073837,0.115140375735363,0.0816903420382679,1377,"tags=11%, list=8%, signal=10%","9231/5728/187/4017/10253/25937/1942/4092/7041/2013/7474/9444/2335/2670/6275/655/2668/3037/9464/286204/6662/7049/64839/23493/144165/54910/54756/152007",0.431707695803346
"GO:0032228","regulation of synaptic transmission, GABAergic",33,-0.692309308968221,-1.54202862762251,0.0139516404559672,0.185639816492006,0.131708620962018,4577,"tags=58%, list=26%, signal=43%","9378/2557/5368/6863/81539/3776/1269/9001/259232/3799/51304/6869/148/1201/134/85445/1813/8224/5334",0.380730400722792
"GO:0048545","response to steroid hormone",286,0.545768217457512,1.54007202992296,0.00411113849480799,0.130473091284548,0.0925686700755779,1499,"tags=13%, list=8%, signal=12%","358/6781/10628/7351/5788/10413/477/11240/5465/23019/11170/57630/79447/9612/23411/7538/11335/9131/7352/5111/25959/2033/1616/7035/3417/9063/3651/6720/5578/3726/836/6586/687/29966/55818/3065/1536/10018",0.407017918923954
"GO:1901881","positive regulation of protein depolymerization",14,-0.822696255165421,-1.53954938055954,0.0101728127613854,0.163980735268912,0.116341832882259,951,"tags=29%, list=5%, signal=27%","2150/9037/7429/11075",0.380730400722792
"GO:0021955","central nervous system neuron axonogenesis",21,0.779549489928291,1.53948344234616,0.0308264885357869,0.258096286368255,0.183115382224291,7,"tags=5%, list=0%, signal=5%","5728",0.352487857583619
"GO:0060976","coronary vasculature development",21,0.779411898400099,1.5392117214584,0.0308264885357869,0.258096286368255,0.183115382224291,1553,"tags=24%, list=9%, signal=22%","187/7049/23493/5159/2719",0.352487857583619
"GO:0010965","regulation of mitotic sister chromatid separation",66,-0.617332459539195,-1.53886308478305,0.00949654119581059,0.162620449945268,0.115376731173597,1208,"tags=15%, list=7%, signal=14%","5925/8655/221150/55055/140735/891/9787/7272/51143/699",0.380730400722792
"GO:0046470","phosphatidylcholine metabolic process",65,0.650900199237465,1.53869684300565,0.0385902880633542,0.28996451807988,0.205725407005354,970,"tags=11%, list=5%, signal=10%","341/79888/7941/5321/57153/63874/337",0.321775918075361
"GO:0048588","developmental cell growth",167,0.585001847148515,1.53825211024093,0.0104940770357067,0.166539729347249,0.118157400186066,1786,"tags=15%, list=10%, signal=14%","348/51760/5465/4092/7431/627/1954/55558/22902/25942/2258/6586/6662/25/144165/26053/221074/1000/1826/9423/51496/1630/9856/5802/682",0.380730400722792
"GO:0045540","regulation of cholesterol biosynthetic process",24,0.751257316769707,1.53790173618795,0.0361430628484111,0.282353817307292,0.200325730781502,1069,"tags=17%, list=6%, signal=16%","348/9444/6720/5566",0.321775918075361
"GO:0106118","regulation of sterol biosynthetic process",24,0.751257316769707,1.53790173618795,0.0361430628484111,0.282353817307292,0.200325730781502,1069,"tags=17%, list=6%, signal=16%","348/9444/6720/5566",0.321775918075361
"GO:0034446","substrate adhesion-dependent cell spreading",93,0.623401780107848,1.53709668892951,0.0275150412449371,0.245752143236961,0.17435740077665,2206,"tags=30%, list=12%, signal=27%","84465/1942/7041/80005/3911/4739/10855/2335/79778/64098/23380/5829/3037/83706/55742/10319/1793/59277/25/81848/10562/2244/2316/7010/6239/10519/8829/3912",0.352487857583619
"GO:1903035","negative regulation of response to wounding",87,0.620263804424303,1.53692748856604,0.027573212579493,0.245752143236961,0.17435740077665,1857,"tags=17%, list=10%, signal=16%","5728/348/81542/90865/7035/5327/5328/83999/9856/5802/5627/2244/240/2191/3605",0.352487857583619
"GO:0010894","negative regulation of steroid biosynthetic process",20,0.770277413903457,1.5368322919714,0.0488895832247553,0.330885262833826,0.234758051844847,9,"tags=5%, list=0%, signal=5%","348",0.321775918075361
"GO:0071453","cellular response to oxygen levels",152,0.584250902093734,1.53664846080846,0.0236907066278469,0.230540128163828,0.163564707887827,1636,"tags=15%, list=9%, signal=14%","358/6781/23545/58157/867/1386/3654/7157/56776/54209/23411/2308/4921/9131/22933/5163/655/10397/468/1536/54583/50809/6548",0.352487857583619
"GO:0043123","positive regulation of canonical NF-kappaB signal transduction",212,0.5674179748504,1.5363378108175,0.00780666936171799,0.150445402690284,0.106738720673461,2000,"tags=20%, list=11%, signal=18%","7132/972/2697/10758/57708/10342/84433/1524/4615/3654/7188/7037/389/4215/10346/10475/3162/55072/85363/1893/57153/6275/8795/338339/57506/11213/834/51284/81603/10075/79971/5587/331/3965/57162/114609/9188/497189/23118/1147/2316/3987",0.407017918923954
"GO:0015850","organic hydroxy compound transport",237,0.556146313905544,1.53560696695921,0.00518740846621029,0.140030215895343,0.0993493043524073,1485,"tags=11%, list=8%, signal=10%","341/348/358/4481/114879/4792/8714/54209/150/23411/23461/64801/53919/57153/337/2668/54762/60/5028/57655/8973/152/80704/151/64240/4035",0.407017918923954
"GO:0001562","response to protozoan",15,0.805882987675457,1.53489607822954,0.0482210957142728,0.328729298359854,0.233228427903841,951,"tags=27%, list=5%, signal=25%","2634/6556/4615/3662",0.321775918075361
"GO:0042832","defense response to protozoan",15,0.805882987675457,1.53489607822954,0.0482210957142728,0.328729298359854,0.233228427903841,951,"tags=27%, list=5%, signal=25%","2634/6556/4615/3662",0.321775918075361
"GO:0050994","regulation of lipid catabolic process",56,0.671138523139981,1.53476390379799,0.0342670175939648,0.274740473341951,0.194924179252669,1069,"tags=12%, list=6%, signal=12%","341/5465/150/208/27329/337/5566",0.321775918075361
"GO:0032535","regulation of cellular component size",274,0.548632819641199,1.53430584769847,0.00290768998857427,0.115140375735363,0.0816903420382679,1622,"tags=15%, list=9%, signal=13%","5728/348/358/361/57580/3059/256949/23500/85477/7431/8800/627/1954/5357/79890/7430/79036/85358/25959/51466/29767/55558/22902/25942/2258/8440/9530/6344/3055/829/25/51474/6711/1000/89848/1826/9423/1630/50809/5587",0.431707695803346
"GO:1902412","regulation of mitotic cytokinesis",20,-0.763729094921272,-1.53297987680571,0.0208173544821688,0.221219714938341,0.156952016731789,3095,"tags=30%, list=17%, signal=25%","8451/55143/23636/79884/79998/65125",0.352487857583619
"GO:0001570","vasculogenesis",55,0.670881332486384,1.53294376647761,0.0449656904279745,0.312520756691486,0.22172871458109,1748,"tags=25%, list=10%, signal=23%","187/57007/2013/51666/51162/3037/7049/23493/7075/5159/79767/63916/5906/2022",0.321775918075361
"GO:0003158","endothelium development",112,0.606271845427607,1.53195690996648,0.0192863920802533,0.212328395256781,0.150643760906503,755,"tags=11%, list=4%, signal=10%","81575/7122/6781/7132/1003/5908/1901/7716/80781/7430/10855/10411",0.352487857583619
"GO:0048661","positive regulation of smooth muscle cell proliferation",75,0.638041095103193,1.53190101589431,0.045906659274633,0.317560498693595,0.225304334734382,958,"tags=13%, list=5%, signal=13%","2697/3488/4854/1901/4615/2081/3654/4921/3162/5578",0.321775918075361
"GO:0002064","epithelial cell development",124,0.591248588682437,1.53056925065893,0.0201610308757047,0.218117780706184,0.154751241662342,1253,"tags=14%, list=7%, signal=13%","7122/6781/7132/10413/5872/1003/5908/5420/80781/7430/10855/10411/6496/2623/26051/6662/468",0.352487857583619
"GO:1902991","regulation of amyloid precursor protein catabolic process",40,0.688824399470541,1.5305201106953,0.0481568200195772,0.328729298359854,0.233228427903841,1087,"tags=12%, list=6%, signal=12%","348/1942/4915/1454/836",0.321775918075361
"GO:0051304","chromosome separation",84,-0.595974953600769,-1.53043262727666,0.00527400126210604,0.141554193874926,0.100430543506056,2083,"tags=21%, list=12%, signal=19%","5347/64151/51433/4926/5925/8655/221150/55055/130951/4342/23397/225689/140735/891/9787/7272/51143/699",0.407017918923954
"GO:0007342","fusion of sperm to egg plasma membrane involved in single fertilization",19,-0.765233201396035,-1.5285457682737,0.0182211321886019,0.207621402888418,0.147304221547809,2433,"tags=26%, list=14%, signal=23%","124912/284359/79400/162540/928",0.352487857583619
"GO:0040008","regulation of growth",435,0.527470579251401,1.52802391100931,0.000784147203775168,0.0722184199241561,0.0512378684487448,1792,"tags=15%, list=10%, signal=14%","5728/348/4499/2697/3488/10758/51760/10413/58191/5465/4092/7003/2261/11170/604/3371/4493/7431/10591/147906/7157/84722/6280/627/1954/5479/5357/7430/203245/11054/340152/55558/5607/51147/6446/22902/1026/25942/2258/6195/55841/83667/6586/7049/4502/4494/2182/10551/25/4496/123879/1000/1826/9423/4879/1630/6868/6548/4666/6279/9856/5802/8314/55602/102",0.477270815362862
"GO:0016558","protein import into peroxisome matrix",14,-0.816451158632044,-1.52786264388227,0.0128961926118449,0.183406338323132,0.130124002235659,1639,"tags=29%, list=9%, signal=26%","5191/4591/5194/5192",0.380730400722792
"GO:0044743","protein transmembrane import into intracellular organelle",14,-0.816451158632044,-1.52786264388227,0.0128961926118449,0.183406338323132,0.130124002235659,1639,"tags=29%, list=9%, signal=26%","5191/4591/5194/5192",0.380730400722792
"GO:0048813","dendrite morphogenesis",115,0.60434150793676,1.5278598678147,0.0142312021989924,0.185677657579632,0.131735468637054,831,"tags=7%, list=5%, signal=7%","5728/1942/25791/4038/1523/115207/85358/9253",0.380730400722792
"GO:0002027","regulation of heart rate",95,-0.584994931543121,-1.52750693782013,0.0065290305404275,0.148027738945606,0.105023425087748,2114,"tags=20%, list=12%, signal=18%","3270/6870/125111/81033/3670/5999/3752/552/1813/4625/1636/80763/6327/783/10874/57731/817/64091/781",0.407017918923954
"GO:0019228","neuronal action potential",30,-0.704422697880412,-1.52706298774879,0.0136588186032639,0.183428673349614,0.130139848596599,3889,"tags=37%, list=22%, signal=29%","1134/3776/2890/259232/4882/51802/6326/4887/8989/3736/285175",0.380730400722792
"GO:0031589","cell-substrate adhesion",305,0.532728679060183,1.52649272409263,0.00460279390124555,0.135210607029385,0.0959298653047553,1640,"tags=18%, list=9%, signal=17%","5728/3693/7450/84465/56999/482/1942/6789/7041/11170/10580/2013/4287/9448/8324/9748/6385/5212/80005/87/3911/4739/10855/2335/79778/347/960/64098/7205/23380/7412/1009/255743/27329/5829/3037/83706/55742/10319/8322/56940/1793/59277/2196/10551/25/5328/81848/59339/10562/1281/56477/3680/1307/6548/57799",0.407017918923954
"GO:0048738","cardiac muscle tissue development",165,0.573138973607378,1.52590683091851,0.0198076942265743,0.215362823569952,0.152796641555107,1349,"tags=12%, list=8%, signal=11%","10804/65009/2697/10413/56999/5465/4092/53615/1901/55553/8324/3276/655/7273/7134/7049/23493/25/144165/5159",0.352487857583619
"GO:0051893","regulation of focal adhesion assembly",64,0.645741220418845,1.52562314342828,0.046661548147097,0.320892081474253,0.227668041949532,1640,"tags=17%, list=9%, signal=16%","5728/11170/9448/9748/6385/347/56940/25/1307/6548/57799",0.321775918075361
"GO:0090109","regulation of cell-substrate junction assembly",64,0.645741220418845,1.52562314342828,0.046661548147097,0.320892081474253,0.227668041949532,1640,"tags=17%, list=9%, signal=16%","5728/11170/9448/9748/6385/347/56940/25/1307/6548/57799",0.321775918075361
"GO:0002274","myeloid leukocyte activation",200,0.558307351378976,1.52497517002271,0.00857144862963049,0.153810849036441,0.109126453572309,2350,"tags=25%, list=13%, signal=22%","972/57580/5788/10758/11326/3566/116449/11314/11027/7474/1524/6556/867/5293/3460/5321/54209/9173/9846/84868/90865/7305/2335/2623/338339/5781/5359/64784/5791/64332/8723/8832/22918/6504/306/3965/712/102/814/3459/4345/143684/5730/728/7107/2776/7462/8692/1437/2896",0.380730400722792
"GO:0050768","negative regulation of neurogenesis",90,0.611108143523445,1.52489160174585,0.0442454689089601,0.311109232732613,0.220727259841525,1759,"tags=16%, list=10%, signal=14%","5728/23500/4038/54209/22933/22902/2258/6993/1949/1630/9856/5802/257194/5978",0.321775918075361
"GO:0019098","reproductive behavior",26,0.744098567945999,1.52473588395155,0.0302765179043213,0.256232080354229,0.181792756464709,7,"tags=4%, list=0%, signal=4%","5728",0.352487857583619
"GO:0003044","regulation of systemic arterial blood pressure mediated by a chemical signal",48,-0.641825641627267,-1.52457025190188,0.0128080840637909,0.183406338323132,0.130124002235659,2833,"tags=29%, list=16%, signal=25%","185/153/290/4846/63895/155/6869/148/552/1636/2150/4311/2149/6518",0.380730400722792
"GO:0045026","plasma membrane fusion",20,-0.759240566718463,-1.52397036877841,0.0222730905839227,0.226311478126223,0.160564545123672,2433,"tags=25%, list=14%, signal=22%","124912/284359/79400/162540/928",0.352487857583619
"GO:0071222","cellular response to lipopolysaccharide",187,0.570348197437288,1.52319670655043,0.0070360544999302,0.149630623615223,0.10616064733557,1597,"tags=19%, list=9%, signal=18%","7132/1051/929/2634/23328/4283/11027/7474/558/1524/2635/7431/4615/8140/3654/9450/5724/6347/7538/84868/85363/10221/22900/3148/2623/5914/5578/5781/11213/3055/834/8564/64332/140885/23643/56477",0.407017918923954
"GO:1902100","negative regulation of metaphase/anaphase transition of cell cycle",57,-0.633310823231902,-1.52295852311408,0.0124589190700124,0.183406338323132,0.130124002235659,1204,"tags=16%, list=7%, signal=15%","8655/221150/55055/4342/140735/891/7272/51143/699",0.380730400722792
"GO:1905819","negative regulation of chromosome separation",57,-0.633310823231902,-1.52295852311408,0.0124589190700124,0.183406338323132,0.130124002235659,1204,"tags=16%, list=7%, signal=15%","8655/221150/55055/4342/140735/891/7272/51143/699",0.380730400722792
"GO:0001937","negative regulation of endothelial cell proliferation",40,0.685289498812058,1.52266580624372,0.0496051185418103,0.332850345415547,0.236152247992019,466,"tags=8%, list=3%, signal=7%","348/6678/6347",0.321775918075361
"GO:0048741","skeletal muscle fiber development",20,-0.75843748443636,-1.52235839800753,0.0237288280461203,0.230540128163828,0.163564707887827,385,"tags=15%, list=2%, signal=15%","9734/131377/4654",0.352487857583619
"GO:1990138","neuron projection extension",130,0.593936217092761,1.52178433614912,0.0156961633949272,0.194115506186332,0.137721993644865,1786,"tags=14%, list=10%, signal=13%","348/51760/7431/1954/55558/22902/25942/6586/25/144165/26053/221074/1000/1826/9423/9856/5802/682",0.352487857583619
"GO:0019377","glycolipid catabolic process",22,-0.739898550821349,-1.52065921988905,0.0225749172433275,0.228522384249804,0.162133149327855,1963,"tags=27%, list=11%, signal=24%","129807/5408/2760/4758/2581/10825",0.352487857583619
"GO:0043122","regulation of canonical NF-kappaB signal transduction",293,0.536518827851645,1.51943396099716,0.00332073876042528,0.117853274523706,0.0836151023885757,2168,"tags=21%, list=12%, signal=19%","7132/972/2697/10758/57708/10342/84433/7474/1524/4615/4792/3654/7188/54209/7037/389/23411/4215/10346/10475/3162/55072/85363/1893/22900/57153/5607/6275/8795/56957/338339/57506/23005/11213/834/7049/51284/81603/84166/28511/9618/10075/140885/79753/79971/307/5587/331/3965/57162/114609/9188/497189/23118/1147/4345/2316/3987/10155/7128/222068/64343",0.431707695803346
"GO:0031960","response to corticosteroid",127,0.589740208039273,1.51840645490126,0.0268110140772175,0.243614909562622,0.172841066052559,1806,"tags=17%, list=10%, signal=16%","358/6781/7351/5788/11170/57630/7538/11335/9131/7352/5111/3651/5578/836/6586/687/1536/10018/54206/30009/5978/790",0.352487857583619
"GO:0060997","dendritic spine morphogenesis",56,0.663774589730833,1.51792401337797,0.0385413828982344,0.28996451807988,0.205725407005354,158,"tags=5%, list=1%, signal=5%","5728/1942/25791",0.321775918075361
"GO:0051249","regulation of lymphocyte activation",418,0.521748826142978,1.51750480194894,0.00253343150200299,0.112376648633254,0.0797295197738818,1819,"tags=14%, list=10%, signal=13%","9231/3958/972/1051/5788/10673/64092/57492/11326/116449/11314/84433/4092/22890/57630/604/558/970/6601/867/5293/6347/3135/7037/6385/84868/4739/7305/4332/2033/3659/384/7412/2534/5914/3662/3119/8440/3726/5781/9580/60/3112/25/975/10464/64332/140885/6504/3623/3965/7297/30009/9479/3126/55274/114609/387597/2625/814",0.431707695803346
"GO:0006959","humoral immune response",239,0.545087960549334,1.51681645079504,0.010061055455624,0.163518261159397,0.116013714548887,1603,"tags=14%, list=9%, signal=13%","714/3958/713/718/10758/3426/11326/4283/5648/57817/2/6556/9547/54209/6347/6280/730/116842/3151/6223/10878/3119/6590/5199/8547/6039/975/5452/1610/4879/6373/56477/60343",0.380730400722792
"GO:2000060","positive regulation of ubiquitin-dependent protein catabolic process",86,0.618400579582216,1.51659781984323,0.0374173660947283,0.285771330970632,0.202750404648473,1054,"tags=15%, list=6%, signal=14%","5728/4092/57817/7041/10444/4287/23411/1452/10221/22933/8078/1454/1263",0.321775918075361
"GO:0060337","type I interferon-mediated signaling pathway",76,0.63518693409124,1.51588347154549,0.0323063913934389,0.265282592238363,0.1882139567319,410,"tags=11%, list=2%, signal=10%","10410/10581/8519/3455/9759/7474/4615/3654",0.321775918075361
"GO:0001501","skeletal system development",314,0.536505943278622,1.5158086079381,0.00539407812621867,0.14230689201116,0.100964571363859,1200,"tags=12%, list=7%, signal=11%","1116/6781/2697/658/7076/5788/4017/285590/3219/4092/85477/7045/2261/7474/55553/1386/4762/1463/7157/4256/80781/3911/1954/5479/4921/3235/340267/7305/3214/960/1009/655/5781/57453/1289/9464/6662",0.407017918923954
"GO:0006935","chemotaxis",396,0.526665224240045,1.51404420599075,0.00166611919593414,0.10297055083293,0.0730560367176863,1828,"tags=17%, list=10%, signal=16%","2152/3958/972/718/1230/5872/3219/58191/11240/4283/2252/2826/57007/1901/2357/7941/7423/7474/1524/9547/5293/54209/57175/5724/6347/7130/6280/59352/1954/5479/4739/79890/54795/84818/123920/55558/3148/6223/1385/7852/7412/6275/2867/1436/2668/79647/55742/6586/719/10551/5328/54910/5159/63916/1826/9423/6373/56477/6868/5587/6279/3965/2022/682/114609/102/240",0.45505986738723
"GO:0042330","taxis",396,0.526665224240045,1.51404420599075,0.00166611919593414,0.10297055083293,0.0730560367176863,1828,"tags=17%, list=10%, signal=16%","2152/3958/972/718/1230/5872/3219/58191/11240/4283/2252/2826/57007/1901/2357/7941/7423/7474/1524/9547/5293/54209/57175/5724/6347/7130/6280/59352/1954/5479/4739/79890/54795/84818/123920/55558/3148/6223/1385/7852/7412/6275/2867/1436/2668/79647/55742/6586/719/10551/5328/54910/5159/63916/1826/9423/6373/56477/6868/5587/6279/3965/2022/682/114609/102/240",0.45505986738723
"GO:0042063","gliogenesis",220,0.560865764711186,1.51287434342421,0.0136655362261248,0.183428673349614,0.130139848596599,1236,"tags=12%, list=7%, signal=11%","5728/7132/482/5803/23500/6654/1524/55553/8140/54209/6347/9444/6280/90865/22933/2670/9639/1385/7852/23380/4915/1436/9580/6662/10397/5028",0.380730400722792
"GO:0045777","positive regulation of blood pressure",28,-0.713703666481805,-1.51266265552941,0.018990097400231,0.211366084096884,0.149961015802562,2015,"tags=36%, list=11%, signal=32%","6870/6866/6869/148/552/134/1636/80763/10874/2740",0.352487857583619
"GO:0071219","cellular response to molecule of bacterial origin",195,0.562181146103518,1.51203116985103,0.0153365143673753,0.191584063786068,0.135925973836809,1250,"tags=17%, list=7%, signal=16%","7132/1051/929/2634/23328/4283/11027/7474/558/1524/2635/7431/4615/8140/3654/9450/54209/5724/6347/7538/84868/85363/10221/22900/3148/2623/5914/5578/5781/7855/11213/3055/834/8564",0.380730400722792
"GO:0045061","thymic T cell selection",25,-0.714722397177134,-1.51146393180371,0.0190361942294017,0.211378260745862,0.149969654949461,3844,"tags=48%, list=22%, signal=38%","5684/5686/917/5690/5685/5692/5682/326/5699/7535/8456/4775",0.352487857583619
"GO:0034329","cell junction assembly",463,0.512154845371569,1.5104886032058,0.00154153383918122,0.0978457357112731,0.0694200584824474,1863,"tags=15%, list=10%, signal=14%","9231/5728/187/10804/7122/2697/5872/1003/4092/5908/40/11170/4038/10580/1006/7474/1108/9379/9448/9748/627/6385/389/87/57524/85358/2335/79778/347/7058/55558/9253/55118/7205/23380/1009/2258/5578/5783/5566/2701/7855/56940/1793/60/829/25/144165/54910/375323/50863/1000/1826/23229/9423/5364/1307/6548/57799/5906/5802/257194/6904/64284/2823/3655/3605/114784",0.45505986738723
"GO:0071357","cellular response to type I interferon",109,0.587415004942341,1.50971266814505,0.0305189476073265,0.257530665585793,0.182714082898245,427,"tags=8%, list=2%, signal=8%","10410/10581/8519/3455/9759/7474/4615/3654/5695",0.352487857583619
"GO:0051306","mitotic sister chromatid separation",68,-0.600858656022094,-1.50965626178857,0.0193089609759811,0.212328395256781,0.150643760906503,1208,"tags=15%, list=7%, signal=14%","5925/8655/221150/55055/140735/891/9787/7272/51143/699",0.352487857583619
"GO:0036294","cellular response to decreased oxygen levels",141,0.576622629293949,1.50926939730237,0.021870503218248,0.223723909520658,0.158728704628223,1636,"tags=15%, list=9%, signal=14%","358/6781/58157/867/1386/3654/7157/56776/54209/23411/4921/9131/22933/5163/655/10397/468/1536/54583/50809/6548",0.352487857583619
"GO:0016048","detection of temperature stimulus",16,-0.770390236224718,-1.5080244966979,0.0290730304447914,0.25369242491701,0.179990909632086,1726,"tags=19%, list=10%, signal=17%","55107/134/63982",0.352487857583619
"GO:0060326","cell chemotaxis",271,0.543641439212065,1.50663040660783,0.00391672534663403,0.127031636872167,0.0901270106119797,1828,"tags=18%, list=10%, signal=16%","3958/972/718/1230/5872/3219/58191/11240/4283/2826/57007/7941/7423/7474/1524/9547/5293/57175/6347/7130/6280/5479/4739/79890/54795/84818/3148/6223/7852/7412/2867/1436/79647/55742/719/10551/5159/63916/6373/56477/6868/5587/6279/3965/2022/682/114609/102/240",0.407017918923954
"GO:0045637","regulation of myeloid cell differentiation",155,0.575002906960507,1.50596985625444,0.0186801400698721,0.209905784469352,0.148924955469343,1053,"tags=14%, list=6%, signal=13%","714/972/1051/1230/3059/85477/10272/54209/64783/9444/7130/7538/4739/10221/7305/2124/3276/3148/2623/5914/5578/84634",0.352487857583619
"GO:0140888","interferon-mediated signaling pathway",98,0.601908798617479,1.50558974062772,0.0324976628541873,0.265925997258045,0.188670442788951,1389,"tags=18%, list=8%, signal=17%","10410/10581/8519/3455/9759/7474/4615/3654/7157/3460/3659/25942/5781/57506/3055/7294/84166/163702",0.321775918075361
"GO:0051491","positive regulation of filopodium assembly",25,-0.711922438012638,-1.50554269958211,0.0203159092071068,0.218361156855333,0.15492391333152,1283,"tags=16%, list=7%, signal=15%","23613/8976/139818/10178",0.352487857583619
"GO:0120034","positive regulation of plasma membrane bounded cell projection assembly",99,-0.572011312981251,-1.50503063189313,0.00667508176631895,0.148582121590092,0.10541675112615,1976,"tags=16%, list=11%, signal=14%","51735/10787/3320/23613/8976/9738/2150/11135/10096/9696/54869/64787/202018/139818/10677/10178",0.407017918923954
"GO:0045926","negative regulation of growth",173,0.569320147685361,1.50485326821624,0.0211692138787849,0.221366866586007,0.157056418583464,1720,"tags=16%, list=10%, signal=14%","5728/4499/2697/3488/5465/2261/604/4493/147906/7157/84722/203245/340152/51147/1026/2258/55841/83667/6586/4502/4494/4496/123879/4879/1630/9856/5802",0.352487857583619
"GO:0007063","regulation of sister chromatid cohesion",13,-0.813869254688563,-1.5037357474888,0.015008834174382,0.189506704615786,0.134452119160958,11,"tags=8%, list=0%, signal=8%","699",0.380730400722792
"GO:0007094","mitotic spindle assembly checkpoint signaling",53,-0.633745923059488,-1.50270403035476,0.0142041326539645,0.185677657579632,0.131735468637054,1204,"tags=15%, list=7%, signal=14%","8655/221150/55055/140735/891/7272/51143/699",0.380730400722792
"GO:0071173","spindle assembly checkpoint signaling",53,-0.633745923059488,-1.50270403035476,0.0142041326539645,0.185677657579632,0.131735468637054,1204,"tags=15%, list=7%, signal=14%","8655/221150/55055/140735/891/7272/51143/699",0.380730400722792
"GO:0071174","mitotic spindle checkpoint signaling",53,-0.633745923059488,-1.50270403035476,0.0142041326539645,0.185677657579632,0.131735468637054,1204,"tags=15%, list=7%, signal=14%","8655/221150/55055/140735/891/7272/51143/699",0.380730400722792
"GO:1905818","regulation of chromosome separation",79,-0.591769695747995,-1.50231669155558,0.00819776341026577,0.152797201341343,0.108407285978925,2083,"tags=22%, list=12%, signal=19%","5347/64151/51433/4926/5925/8655/221150/55055/4342/23397/225689/140735/891/9787/7272/51143/699",0.380730400722792
"GO:0086091","regulation of heart rate by cardiac conduction",41,-0.64557565798428,-1.50226593338927,0.0310413523240085,0.258971992656959,0.183736682491833,1771,"tags=20%, list=10%, signal=18%","81033/3670/3752/1636/6327/783/817/781",0.352487857583619
"GO:0019080","viral gene expression",78,0.616873099217675,1.50192589652179,0.0271146144492727,0.244279559554016,0.173312625093303,1574,"tags=18%, list=9%, signal=16%","10410/29969/7538/10610/1452/9830/7841/3276/2589/81603/4947/6483/10614/23089",0.352487857583619
"GO:0043502","regulation of muscle adaptation",68,0.627560745701249,1.50177214529783,0.0387895033889956,0.28996451807988,0.205725407005354,1175,"tags=13%, list=7%, signal=12%","187/7132/3488/9759/5465/2308/5578/818/9464",0.321775918075361
"GO:0030595","leukocyte chemotaxis",194,0.553320785837918,1.5008011005774,0.01313014420466,0.183406338323132,0.130124002235659,1828,"tags=18%, list=10%, signal=16%","3958/972/718/1230/58191/11240/4283/7941/7423/7474/1524/5293/6347/7130/6280/5479/4739/79890/54795/84818/6223/7852/2867/1436/79647/719/6373/56477/6868/6279/3965/682/114609/102/240",0.380730400722792
"GO:2001252","positive regulation of chromosome organization",89,-0.569862901914874,-1.49982882281745,0.0112730529750015,0.172787357072188,0.122589996853556,1933,"tags=20%, list=11%, signal=18%","64151/6886/55135/10694/4926/3320/5588/4683/221150/4931/3184/23397/8550/225689/79035/5514/545/699",0.380730400722792
"GO:0099518","vesicle cytoskeletal trafficking",48,-0.631113678638053,-1.49912542848937,0.0192100388532658,0.212304829397152,0.150627041288201,3156,"tags=31%, list=18%, signal=26%","9371/5048/282991/9001/8120/3799/26985/79443/1201/8943/8976/55088/55614/54820/6794",0.352487857583619
"GO:0051963","regulation of synapse assembly",153,0.567239826090163,1.49756526217099,0.041203005761399,0.299119811532134,0.212220948198431,1818,"tags=15%, list=10%, signal=14%","9231/40/4038/7474/1108/9379/627/57524/7058/9253/55118/23380/5578/5783/1793/144165/54910/375323/50863/9423/5802/257194/64284",0.321775918075361
"GO:0010876","lipid localization",408,0.516449554013,1.49643005999252,0.00219027083566073,0.109443639522324,0.07764859450381,1157,"tags=8%, list=6%, signal=8%","341/348/81575/5375/7351/718/4481/114879/5465/28231/10493/4792/8714/5321/54209/9600/23411/4023/23461/91869/25921/208/64801/7352/53919/347/57153/376497/55187/337/5359/54762/10350/123",0.431707695803346
"GO:0045954","positive regulation of natural killer cell mediated cytotoxicity",21,-0.733969506359603,-1.49525713996072,0.0300720654271993,0.256104594718292,0.181702307348679,1958,"tags=19%, list=11%, signal=17%","59067/3593/3916/11126",0.352487857583619
"GO:0051784","negative regulation of nuclear division",67,-0.611624481914175,-1.49375507537865,0.00704031675941331,0.149630623615223,0.10616064733557,1321,"tags=15%, list=7%, signal=14%","84072/8655/221150/55055/140735/150280/891/7272/51143/699",0.407017918923954
"GO:0002009","morphogenesis of an epithelium",293,0.527085670671409,1.49271903761513,0.00501378130178231,0.137717723827319,0.0977086264686396,2154,"tags=17%, list=12%, signal=15%","5728/187/65009/2697/3693/10413/1512/79651/7474/3371/5293/5420/389/1954/441478/960/655/255743/1436/2668/1289/60/6662/57216/8543/7075/25/144165/54910/221074/2719/4853/6868/2022/682/2625/55036/192666/5076/84678/2297/2316/4855/57822/51057/23332/6239/10736/219736/8829",0.407017918923954
"GO:0010810","regulation of cell-substrate adhesion",182,0.559101012209838,1.49219132125617,0.0167960881135621,0.198247955237423,0.14065390327503,2154,"tags=21%, list=12%, signal=19%","5728/6789/11170/2013/4287/9448/8324/9748/6385/5212/80005/4739/10855/2335/347/255743/3037/8322/56940/1793/10551/25/5328/81848/59339/10562/56477/1307/6548/57799/2244/6904/2316/2523/23332/7010/6239/10519/8829",0.352487857583619
"GO:0051896","regulation of phosphatidylinositol 3-kinase/protein kinase B signal transduction",232,0.545403791385904,1.49111266703581,0.0113588664679222,0.172787357072188,0.122589996853556,1917,"tags=19%, list=11%, signal=17%","1116/5728/3059/10253/5465/2261/7423/7474/558/1524/867/54209/3135/150/23411/4921/10855/10411/2335/4915/2534/1634/1436/9530/5781/5783/1263/26051/152/5159/4150/118788/151/5364/5587/8395/2022/5627/23612/2625/4314/23533/2688",0.380730400722792
"GO:0062013","positive regulation of small molecule metabolic process",142,0.563863223756558,1.49080164436362,0.0244014278266823,0.231432766134189,0.164198020925494,1308,"tags=13%, list=7%, signal=12%","348/972/5465/10580/54209/9444/23411/2308/10891/208/22933/84649/1385/6720/337/5566/5028/23417",0.352487857583619
"GO:0006244","pyrimidine nucleotide catabolic process",21,-0.731779005936434,-1.4907946093386,0.0318237827099858,0.263162513008456,0.186709792824728,1057,"tags=14%, list=6%, signal=13%","9583/1806/1807",0.321775918075361
"GO:0061041","regulation of wound healing",125,0.581281877225804,1.4895294462655,0.0284707171828028,0.251328762805316,0.17831392738208,833,"tags=8%, list=5%, signal=8%","5728/348/2152/81542/7423/150/4921/10855/84034/7035",0.352487857583619
"GO:0050435","amyloid-beta metabolic process",54,0.642106302747065,1.48923154537924,0.0384383917160118,0.289799560016224,0.205608371772874,1270,"tags=19%, list=7%, signal=17%","348/25825/1942/4248/4038/54209/4915/1454/836/3416",0.321775918075361
"GO:0010001","glial cell differentiation",153,0.564076064774006,1.48921264159155,0.0439271113387659,0.31073138849124,0.220459185109982,1227,"tags=10%, list=7%, signal=10%","5728/7132/5803/23500/6654/55553/54209/9444/6280/22933/9639/7852/4915/9580/6662/10397",0.321775918075361
"GO:0006631","fatty acid metabolic process",339,0.517908933787251,1.48916292770485,0.00501120498717416,0.137717723827319,0.0977086264686396,1337,"tags=11%, list=7%, signal=10%","341/7132/972/718/23205/51084/5465/79966/427/2944/5321/26090/285440/23411/4023/11313/10891/208/22933/2876/84649/79993/5163/1384/115908/27163/2946/376497/27329/337/56898/5406/84696/6662/2182/23417/10464",0.407017918923954
"GO:0048729","tissue morphogenesis",373,0.521519130410941,1.48859645973788,0.00389492539108691,0.127031636872167,0.0901270106119797,2217,"tags=17%, list=12%, signal=16%","5728/187/6781/65009/2697/3693/10413/1512/79651/4092/1901/7474/3371/5293/5420/389/1954/441478/6496/960/655/255743/7273/1436/2668/7134/1289/286204/60/6662/7049/57216/23493/8543/7075/25/144165/54910/221074/1281/79971/2719/4853/6868/2022/682/2625/55036/192666/5076/84678/2297/4087/2316/4855/57822/51057/23332/6239/10736/219736/8829/161882/4638/2139",0.431707695803346
"GO:0046486","glycerolipid metabolic process",354,0.520315289582916,1.48845714497419,0.00654346469561862,0.148027738945606,0.105023425087748,1138,"tags=10%, list=6%, signal=9%","341/5728/348/718/81542/79888/114879/27315/7941/5293/5335/5321/26090/51573/9600/23411/4023/137695/10555/11313/64801/66036/84649/160851/57153/27163/376497/6720/63874/337/5359/255189/5566/5406/9488",0.407017918923954
"GO:1903706","regulation of hemopoiesis",341,0.523713623491635,1.48663442783526,0.00636908485445239,0.147822651253102,0.104877918495108,1053,"tags=11%, list=6%, signal=11%","7994/714/972/1051/1230/53342/3059/57492/3566/4092/85477/22890/57630/604/558/6601/10272/54209/64783/9444/7130/3135/7538/4739/10221/7305/2033/3659/2124/3276/3148/2623/5914/3662/5578/3726/9580/84634",0.407017918923954
"GO:0055088","lipid homeostasis",154,0.565392851455674,1.485883085075,0.028950495144152,0.25369242491701,0.179990909632086,1115,"tags=8%, list=6%, signal=7%","341/348/54209/23411/4023/23461/84649/63874/27329/337/116238/5406",0.352487857583619
"GO:0009218","pyrimidine ribonucleotide metabolic process",31,-0.676189432129134,-1.48471612547226,0.0353570309336695,0.279435689624118,0.198255363657656,1154,"tags=13%, list=6%, signal=12%","221264/9583/1806/1807",0.321775918075361
"GO:0051960","regulation of nervous system development",323,0.534315526372191,1.48407555759666,0.0032450991026464,0.117278855038355,0.0832075605169074,1764,"tags=13%, list=10%, signal=12%","9231/5728/10413/5803/23500/4038/7474/1524/1523/7431/8140/54209/9444/627/1954/85358/22933/7058/9253/2670/3148/7852/22902/4915/5914/2258/5578/5783/8322/429/6993/23493/1949/1000/1826/9423/5364/1630/9856/5802/257194/5978/79365",0.431707695803346
"GO:0001933","negative regulation of protein phosphorylation",98,0.593176801167095,1.48374788384363,0.0391215582355842,0.290749935178068,0.206282648468081,1045,"tags=9%, list=6%, signal=9%","5728/5788/64092/11314/154043/23770/22933/1026/5783",0.321775918075361
"GO:0031577","spindle checkpoint signaling",54,-0.623874073049871,-1.48034596196403,0.0160930113822384,0.196846027245765,0.139659256727977,1204,"tags=15%, list=7%, signal=14%","8655/221150/55055/140735/891/7272/51143/699",0.352487857583619
"GO:0001819","positive regulation of cytokine production",451,0.505198218179811,1.47702473106734,0.00101931569696715,0.0806749616137179,0.0572376559139945,1857,"tags=17%, list=10%, signal=15%","1116/2152/972/1051/718/5788/10758/929/53342/3566/116449/84433/11027/7474/6556/4615/8140/5293/3654/54209/9173/56919/3135/150/23411/4023/57824/84868/10555/10855/3162/90865/22900/84818/7305/3659/3148/1385/5914/2867/3662/1436/5781/57506/7855/11213/192683/719/834/2212/51284/7294/468/975/10464/5452/5047/6711/1536/132014/23643/6504/6868/331/3965/30009/116/924/682/114609/102/2625/9188/3459/55540/3605",0.45505986738723
"GO:0002460","adaptive immune response based on somatic recombination of immune receptors built from immunoglobulin superfamily domains",284,0.520885080693477,1.47680757892605,0.0161521080660679,0.19694607423519,0.139730238542426,1882,"tags=17%, list=11%, signal=15%","714/713/972/718/5788/10758/1512/3426/4092/22890/604/2013/970/6556/5321/54209/9173/619207/3135/7037/2215/84868/730/90865/54795/84818/2033/80329/3662/3726/8078/7855/2212/975/64332/132014/6504/6868/6097/3965/30009/712/924/2625/55540/3605/149041",0.352487857583619
"GO:0030705","cytoskeleton-dependent intracellular transport",186,-0.517080414984735,-1.47535694998124,0.00301862866044516,0.115140375735363,0.0816903420382679,2440,"tags=23%, list=14%, signal=20%","8120/55201/408/64792/3799/5813/4976/636/55081/26958/84790/55860/4651/23353/351/55764/117178/26985/29911/79443/203068/3192/1201/28981/11250/79659/8655/6421/8943/8976/57728/55605/55088/4747/440193/140735/55614/51098/7846/3916/54820/6794",0.431707695803346
"GO:0003073","regulation of systemic arterial blood pressure",79,-0.581093394484963,-1.47521292854308,0.0128080908158582,0.183406338323132,0.130124002235659,3132,"tags=25%, list=18%, signal=21%","9283/3816/185/153/290/4846/63895/155/6869/148/552/134/1813/1636/2150/80763/10874/4311/2149/6518",0.380730400722792
"GO:1905954","positive regulation of lipid localization",88,0.609279418709183,1.47419551799869,0.0370373589662373,0.285299751306722,0.20241582606301,583,"tags=8%, list=3%, signal=8%","348/718/4481/54209/23411/4023/23461",0.321775918075361
"GO:0001991","regulation of systemic arterial blood pressure by circulatory renin-angiotensin",21,-0.723363779482266,-1.47365094419862,0.038830675297476,0.28996451807988,0.205725407005354,2314,"tags=29%, list=13%, signal=25%","290/63895/1636/2150/4311/2149",0.321775918075361
"GO:1903034","regulation of response to wounding",152,0.560105094065658,1.47314215109057,0.0383188432024815,0.28936271145025,0.205298434372154,833,"tags=7%, list=5%, signal=7%","5728/348/2152/81542/7423/150/4921/10855/90865/84034/7035",0.321775918075361
"GO:1904950","negative regulation of establishment of protein localization",100,0.579052423669442,1.47308896663835,0.0472412313213803,0.324403601632344,0.230159411992027,877,"tags=10%, list=5%, signal=10%","348/7351/79651/4792/29969/80223/150/2308/347/2044",0.321775918075361
"GO:0006206","pyrimidine nucleobase metabolic process",16,-0.752434651974778,-1.47287677593481,0.0427467374031347,0.305883675057278,0.217019806299598,531,"tags=12%, list=3%, signal=12%","1806/1807",0.321775918075361
"GO:0018022","peptidyl-lysine methylation",9,-0.858617584644081,-1.47206601592822,0.0202003905912689,0.218117780706184,0.154751241662342,811,"tags=44%, list=5%, signal=42%","79813/196541/56950/10919",0.352487857583619
"GO:0072384","organelle transport along microtubule",80,-0.574316779602511,-1.46955067657351,0.0134111807191287,0.183428673349614,0.130139848596599,3272,"tags=29%, list=18%, signal=24%","4744/9371/5048/282991/9001/8120/55201/3799/4976/636/26958/55860/23353/26985/79443/1201/8943/4747/55614/7846/3916/54820/6794",0.380730400722792
"GO:0047496","vesicle transport along microtubule",39,-0.641504098772798,-1.46864551892341,0.0339928159445688,0.27386664921379,0.194304214349351,3156,"tags=33%, list=18%, signal=27%","9371/5048/282991/9001/8120/3799/26985/79443/1201/8943/55614/54820/6794",0.321775918075361
"GO:0045639","positive regulation of myeloid cell differentiation",85,0.605786838697938,1.46752593975204,0.0429813126544184,0.305883675057278,0.217019806299598,958,"tags=15%, list=5%, signal=15%","972/1230/3059/85477/54209/4739/10221/7305/2124/3276/3148/2623/5578",0.321775918075361
"GO:0051985","negative regulation of chromosome segregation",58,-0.602729541396913,-1.46694624847421,0.0193929916042493,0.212328395256781,0.150643760906503,1204,"tags=16%, list=7%, signal=15%","8655/221150/55055/4342/140735/891/7272/51143/699",0.352487857583619
"GO:0007249","canonical NF-kappaB signal transduction",303,0.525869357987314,1.46645113717548,0.00946056944885676,0.162620449945268,0.115376731173597,2168,"tags=21%, list=12%, signal=19%","7132/972/2697/10758/57708/10342/84433/7474/1524/4615/4792/3654/7188/54209/7037/389/23411/4215/10346/10475/3162/55072/85363/1893/22900/2033/57153/5607/6275/8795/56957/338339/57506/23005/11213/834/7049/51284/81603/84166/28511/9618/10075/140885/79753/79971/307/5587/331/3965/57162/114609/9188/497189/23118/10549/1147/4345/2316/3987/10155/7128/222068/64343",0.380730400722792
"GO:0002836","positive regulation of response to tumor cell",15,-0.763047231807908,-1.46638088624937,0.0431778929188256,0.306354324833419,0.217353725143858,220,"tags=13%, list=1%, signal=13%","3329/11126",0.287857117255149
"GO:0002839","positive regulation of immune response to tumor cell",15,-0.763047231807908,-1.46638088624937,0.0431778929188256,0.306354324833419,0.217353725143858,220,"tags=13%, list=1%, signal=13%","3329/11126",0.287857117255149
"GO:1902775","mitochondrial large ribosomal subunit assembly",12,-0.817346225777658,-1.46579662329927,0.0223083275223422,0.226311478126223,0.160564545123672,2081,"tags=33%, list=12%, signal=29%","115416/7284/92170/22907",0.352487857583619
"GO:0050931","pigment cell differentiation",21,-0.719332395014842,-1.4654381283301,0.0429180414515003,0.305883675057278,0.217019806299598,1559,"tags=24%, list=9%, signal=22%","23682/5167/8943/10981/7306",0.321775918075361
"GO:0048167","regulation of synaptic plasticity",163,0.54743549397882,1.46540600361593,0.0347926469079704,0.276984851740232,0.196516531525692,1438,"tags=13%, list=8%, signal=12%","5728/348/11170/440279/1524/388336/25769/2903/85358/7305/1385/4915/7425/5914/6344/818/1979/468/25/1742/2892",0.321775918075361
"GO:0033363","secretory granule organization",58,-0.601953181705377,-1.46505671451454,0.0193929916042493,0.212328395256781,0.150643760906503,3064,"tags=29%, list=17%, signal=24%","26276/5048/6691/282991/1538/284382/5798/26985/23682/399979/8943/162540/2149/1174/340146/84073/124626",0.352487857583619
"GO:0043491","phosphatidylinositol 3-kinase/protein kinase B signal transduction",260,0.530870681910757,1.4635712367894,0.00516163515564468,0.140030215895343,0.0993493043524073,1917,"tags=19%, list=11%, signal=17%","1116/5728/3059/10253/5465/2261/7423/7474/558/1524/867/5293/54209/9846/57624/3135/150/23411/4921/10855/10411/2335/5163/4915/2534/1634/1436/9530/5781/5783/1263/26051/152/5159/4150/118788/151/22863/5364/6868/5587/8395/2022/5627/23612/2625/4314/23533/2688",0.407017918923954
"GO:0003014","renal system process",112,0.578977189132724,1.4629874573497,0.0353196581082218,0.279435689624118,0.198255363657656,1106,"tags=10%, list=6%, signal=9%","358/6781/361/2013/10686/1188/116085/6446/3037/5566/3043",0.321775918075361
"GO:0009223","pyrimidine deoxyribonucleotide catabolic process",18,-0.752850246099228,-1.46228397027305,0.0269919891081772,0.244279559554016,0.173312625093303,531,"tags=11%, list=3%, signal=11%","1806/1807",0.352487857583619
"GO:0010975","regulation of neuron projection development",354,0.511137536829279,1.46220250296298,0.00921162300627484,0.160843841117,0.114116254282476,1720,"tags=13%, list=10%, signal=12%","5728/348/65009/57580/5754/482/1942/25791/81618/4038/7474/1523/7431/115207/8175/8507/6280/627/116983/1954/4921/85358/2033/55558/9253/22902/655/4915/57187/2258/818/8322/25/1949/1000/1826/2288/9423/5364/1630/5587/83999/5906/9856/5802",0.380730400722792
"GO:0046479","glycosphingolipid catabolic process",19,-0.731606239479547,-1.46137624368489,0.0382467664547443,0.289283513748686,0.205242244809734,1963,"tags=26%, list=11%, signal=23%","129807/2760/4758/2581/10825",0.321775918075361
"GO:0070988","demethylation",14,-0.780750173697159,-1.46105374704243,0.0332912756530298,0.270458880986716,0.191886454720908,1082,"tags=21%, list=6%, signal=20%","54784/1544/23210",0.321775918075361
"GO:0001558","regulation of cell growth",337,0.510396092022731,1.45995293058704,0.00700243712371429,0.149630623615223,0.10616064733557,1792,"tags=15%, list=10%, signal=14%","348/2697/10758/51760/10413/58191/5465/4092/7003/11170/604/3371/7431/10591/147906/7157/84722/6280/627/1954/203245/11054/340152/55558/5607/51147/6446/22902/1026/25942/2258/6195/83667/6586/2182/25/123879/1000/1826/9423/4879/1630/6868/6548/6279/9856/5802/8314/55602/102",0.407017918923954
"GO:0009129","pyrimidine nucleoside monophosphate metabolic process",22,-0.70997397166501,-1.45915742731915,0.0420027840255591,0.303441708455142,0.215287268206853,531,"tags=9%, list=3%, signal=9%","1806/1807",0.321775918075361
"GO:0050921","positive regulation of chemotaxis",131,0.565251669640481,1.45914398795334,0.0420567494580153,0.303441708455142,0.215287268206853,1792,"tags=17%, list=10%, signal=15%","2152/972/1230/1901/7941/7423/7474/1524/54209/6347/1954/4739/1436/79647/719/5159/1826/6868/5587/3965/114609/102",0.321775918075361
"GO:0060391","positive regulation of SMAD protein signal transduction",39,-0.636645294385342,-1.45752187792936,0.0378049889832911,0.287795839958701,0.20418676292539,449,"tags=13%, list=3%, signal=13%","3077/4088/7272/10220/4838",0.321775918075361
"GO:0071383","cellular response to steroid hormone stimulus",180,0.551959214823154,1.45657755368539,0.024798199010856,0.2323924334037,0.164878890229495,881,"tags=10%, list=5%, signal=10%","358/6781/477/11240/5465/23019/11170/79447/9612/23411/7538/11335/9131/25959/2033/1616/7035/9063",0.352487857583619
"GO:0003081","regulation of systemic arterial blood pressure by renin-angiotensin",27,-0.67369033868396,-1.456013564364,0.0442028403428437,0.311109232732613,0.220727259841525,2833,"tags=30%, list=16%, signal=25%","185/290/63895/6869/1636/2150/4311/2149",0.321775918075361
"GO:0048562","embryonic organ morphogenesis",145,0.558787022071091,1.45544275398879,0.0239196530371216,0.230699405165011,0.163677712493052,1910,"tags=17%, list=11%, signal=16%","187/65009/6678/3219/7474/4762/1954/5357/3235/3214/6496/57453/7855/286204/6662/7545/57216/4853/125488/2022/5978/55036/497189/5076/84678",0.352487857583619
"GO:0070482","response to oxygen levels",275,0.519872373050402,1.45512351356929,0.0135308477600656,0.183428673349614,0.130139848596599,1784,"tags=17%, list=10%, signal=16%","358/6781/7351/4017/5465/23545/100/7423/5352/58157/867/1386/8140/3654/7157/56776/54209/7037/23411/2308/54541/4921/9131/7352/22933/2033/5163/1385/7852/7412/655/6648/3099/836/126374/7049/10397/468/1536/54583/50809/6868/6548/2022/5978/212/663",0.380730400722792
"GO:0019058","viral life cycle",256,0.518690662602039,1.45508340287794,0.0186453708402958,0.209905784469352,0.148924955469343,1393,"tags=11%, list=8%, signal=10%","10410/348/3693/10581/8519/4038/558/867/6347/5091/7037/10475/85363/63901/7852/55254/11060/6590/5359/9683/57506/6993/8468/3416/975/1949/1508",0.352487857583619
"GO:0006869","lipid transport",390,0.503276929751957,1.45498696791405,0.00532555374456464,0.142125715558069,0.100836029431215,1129,"tags=8%, list=6%, signal=8%","341/348/81575/5375/7351/4481/114879/5465/28231/10493/4792/8714/5321/54209/9600/23411/23461/91869/25921/208/64801/7352/53919/347/57153/376497/55187/337/5359/54762/10350",0.407017918923954
"GO:0007043","cell-cell junction assembly",137,0.567591125950678,1.45485048075435,0.024210122516486,0.230893844815241,0.163815664461956,1189,"tags=11%, list=7%, signal=10%","187/10804/7122/2697/5872/1003/4092/1006/389/79778/1009/5578/5566/2701/60",0.352487857583619
"GO:0045732","positive regulation of protein catabolic process",197,0.543624557433774,1.45318520941519,0.0259308112637093,0.238817687265965,0.169437509934693,1682,"tags=17%, list=9%, signal=15%","5728/348/81542/4092/57817/7041/7474/10444/4287/54209/5523/150/23411/2308/11267/1452/7430/10221/22933/9532/8078/1454/1263/25976/3416/144165/975/4947/4035/2719/152503/255738/23163",0.352487857583619
"GO:0006890","retrograde vesicle-mediated transport, Golgi to endoplasmic reticulum",51,-0.619297530741025,-1.45205889879641,0.0241092280763548,0.230893844815241,0.163815664461956,3085,"tags=22%, list=17%, signal=18%","23256/91949/1314/26958/55850/57410/6811/51594/6892/83548/51614",0.352487857583619
"GO:0002697","regulation of immune effector process",310,0.515036470140366,1.45142003726648,0.00844409063034601,0.153728270119129,0.10906786508884,1169,"tags=12%, list=7%, signal=12%","3958/972/718/5788/3426/11326/116449/11314/5648/4092/22890/2/7474/1524/8140/54209/9846/3135/6280/7037/23411/84868/90865/54795/7305/2033/80329/6223/2623/5914/2867/3726/8078/5199/57506/7855/11213/8547",0.380730400722792
"GO:0010970","transport along microtubule",166,-0.516754685562968,-1.45081436209295,0.00460442304891924,0.135210607029385,0.0959298653047553,2440,"tags=22%, list=14%, signal=19%","8120/55201/408/64792/3799/5813/4976/636/55081/26958/55860/23353/351/55764/117178/26985/29911/79443/3192/1201/28981/11250/79659/8655/6421/8943/57728/55605/4747/140735/55614/51098/7846/3916/54820/6794",0.407017918923954
"GO:0072663","establishment of protein localization to peroxisome",19,-0.726031085807935,-1.45023992924287,0.0492957746478873,0.332418346249311,0.235845751166516,1639,"tags=26%, list=9%, signal=24%","5191/54469/4591/5194/5192",0.271288554688953
"GO:0001990","regulation of systemic arterial blood pressure by hormone",40,-0.632521200578065,-1.44915965591446,0.0381051163369416,0.289143346421025,0.205142798226674,2833,"tags=25%, list=16%, signal=21%","185/290/4846/63895/6869/552/1636/2150/4311/2149",0.321775918075361
"GO:0050673","epithelial cell proliferation",291,0.513518223187015,1.44838906594122,0.0130822551686382,0.183406338323132,0.130124002235659,1287,"tags=12%, list=7%, signal=11%","348/187/2152/1051/10758/10413/6678/4017/2252/7423/7474/2081/5293/5335/8324/6347/23411/7538/3162/1893/441478/2876/51162/5607/3148/5578/6195/7039/3037/26051/6662/7049/687/7075",0.380730400722792
"GO:0098754","detoxification",138,0.556462837461652,1.44639350421499,0.0347393481344413,0.276984851740232,0.196516531525692,1385,"tags=16%, list=8%, signal=15%","348/4499/57016/4493/6556/2944/6280/55532/2876/2946/655/6648/337/241/3043/83667/4502/7837/4494/26034/216/4496",0.321775918075361
"GO:0045839","negative regulation of mitotic nuclear division",61,-0.602284254967506,-1.44611267942672,0.0183670817232764,0.20787995868489,0.14748766294545,1204,"tags=13%, list=7%, signal=12%","8655/221150/55055/140735/891/7272/51143/699",0.352487857583619
"GO:0097529","myeloid leukocyte migration",188,0.524962337585564,1.44483663255587,0.0342767548176247,0.274740473341951,0.194924179252669,1970,"tags=16%, list=11%, signal=15%","3958/972/1230/11314/4283/7941/7423/2013/1524/5293/54209/6347/7130/6280/5479/79890/84818/6223/1436/79647/719/975/140885/56477/2813/6279/682/114609/3605/7369/4345",0.321775918075361
"GO:1901654","response to ketone",182,0.541181250858728,1.44436505769528,0.0298412731790319,0.255729938982984,0.181436494813602,1699,"tags=14%, list=10%, signal=13%","358/10628/7351/5788/10413/57630/867/23411/11335/9131/7352/5111/3208/1385/6720/5578/6586/7049/687/2153/1536/54206/5587/5731/5906/30009",0.352487857583619
"GO:0032288","myelin assembly",16,-0.737748585466337,-1.44412907507688,0.0493601462522852,0.332418346249311,0.235845751166516,1288,"tags=19%, list=7%, signal=17%","23136/5376/928",0.276500599254472
"GO:0002182","cytoplasmic translational elongation",34,-0.64551844079654,-1.44286324466355,0.0475319926873857,0.325448643808529,0.230900853491342,2579,"tags=26%, list=14%, signal=23%","80279/55520/26058/55325/51095/64320/9604/9470/138428",0.282013350011725
"GO:0008089","anterograde axonal transport",40,-0.62930491804068,-1.44179088014703,0.0405437933253058,0.296165159018603,0.210124667264022,4826,"tags=42%, list=27%, signal=31%","84062/23162/26258/4130/388552/547/23557/24137/9371/282991/9001/8120/3799/26985/8943/55605/4747",0.321775918075361
"GO:0036293","response to decreased oxygen levels",257,0.517317069255102,1.44178120991928,0.0131424685371425,0.183406338323132,0.130124002235659,1784,"tags=17%, list=10%, signal=16%","358/6781/7351/4017/5465/100/7423/5352/58157/867/1386/3654/7157/56776/54209/7037/23411/54541/4921/9131/7352/22933/2033/5163/1385/7852/7412/655/6648/3099/836/126374/7049/10397/468/1536/54583/50809/6868/6548/2022/5978/212/663",0.380730400722792
"GO:0060155","platelet dense granule organization",26,-0.683774688475282,-1.44150717280681,0.0455373406193078,0.315470337594231,0.223821397284929,1729,"tags=23%, list=10%, signal=21%","26985/23682/8943/2149/1174/340146",0.287857117255149
"GO:0044784","metaphase/anaphase transition of cell cycle",102,-0.546090934180556,-1.44140792302251,0.0164332859627692,0.197915754274685,0.140418211754152,1208,"tags=16%, list=7%, signal=15%","5925/8655/221150/55055/4342/10460/225689/8110/140735/6605/891/9787/7272/55781/51143/699",0.352487857583619
"GO:0030307","positive regulation of cell growth",139,0.54859717731992,1.44081533131599,0.0410604668368119,0.2990093220659,0.212142557605811,2219,"tags=19%, list=12%, signal=17%","51760/10413/58191/4092/7003/7431/10591/6280/627/1954/5607/22902/6195/2182/1000/1826/9423/6868/6548/6279/55602/102/54617/136319/10519/8829/2803",0.321775918075361
"GO:0050863","regulation of T cell activation",323,0.518210074546455,1.43934223764074,0.00590046960889314,0.145149740802317,0.102981529260943,1819,"tags=15%, list=10%, signal=14%","9231/3958/1051/5788/57492/11326/11314/84433/4092/22890/57630/604/970/6601/867/5293/6347/3135/7037/6385/84868/2033/3659/384/7412/2534/5914/3662/3119/8440/3726/5781/9580/60/3112/25/975/64332/140885/6504/3965/7297/30009/9479/3126/55274/387597/2625/814",0.407017918923954
"GO:0061668","mitochondrial ribosome assembly",23,-0.71201979252233,-1.43928729122441,0.0298520493859176,0.255729938982984,0.181436494813602,2591,"tags=26%, list=15%, signal=22%","84273/115416/7284/92170/79863/22907",0.352487857583619
"GO:0001952","regulation of cell-matrix adhesion",111,0.560241340830895,1.43649666055984,0.0233351863556059,0.230263383008993,0.163368361417603,2154,"tags=19%, list=12%, signal=17%","5728/11170/2013/9448/9748/6385/10855/347/56940/25/5328/59339/56477/1307/6548/57799/2523/23332/7010/10519/8829",0.352487857583619
"GO:0043534","blood vessel endothelial cell migration",112,0.568365236487097,1.43617266410751,0.0460834569820469,0.317847279654441,0.225507801456042,1622,"tags=15%, list=9%, signal=14%","348/1942/1003/2013/5335/23411/3162/3397/208/5607/5578/7049/25/2303/6868/4204/5587",0.321775918075361
"GO:0050729","positive regulation of inflammatory response",150,0.559079135057695,1.43544596000969,0.0258520797902554,0.238560351227563,0.169254933936815,1504,"tags=17%, list=8%, signal=16%","7132/1051/9180/1230/2634/7941/7474/2635/4792/54209/9173/6280/4023/51114/90865/25921/22900/6223/2867/836/834/51284/975/64332/8723/2828",0.352487857583619
"GO:0007369","gastrulation",111,0.55974803046277,1.43523177943668,0.0233351863556059,0.230263383008993,0.163368361417603,1306,"tags=14%, list=7%, signal=13%","187/2697/3693/23168/1303/79923/1284/8019/8324/1954/2335/5607/1289/286204/5015/144165",0.352487857583619
"GO:0001666","response to hypoxia",249,0.520269307092208,1.43519848694412,0.0148534575196609,0.188558621540128,0.133779468665973,1766,"tags=17%, list=10%, signal=16%","358/6781/7351/4017/5465/100/7423/5352/58157/867/1386/3654/7157/56776/54209/7037/23411/54541/4921/9131/7352/22933/2033/5163/1385/7852/7412/655/6648/3099/836/126374/7049/10397/468/1536/54583/50809/6868/6548/2022/5978/212",0.380730400722792
"GO:0042773","ATP synthesis coupled electron transport",73,-0.567968238800088,-1.43509785256531,0.0236162884688457,0.230540128163828,0.163564707887827,4879,"tags=41%, list=27%, signal=30%","6390/4704/7385/4716/983/1351/7381/23479/4717/4705/1350/1349/6392/1537/27069/6389/11315/10975/7386/55967/6391/4724/4731/1339/7384/4723/9377/29796/4708/891",0.352487857583619
"GO:0042775","mitochondrial ATP synthesis coupled electron transport",73,-0.567968238800088,-1.43509785256531,0.0236162884688457,0.230540128163828,0.163564707887827,4879,"tags=41%, list=27%, signal=30%","6390/4704/7385/4716/983/1351/7381/23479/4717/4705/1350/1349/6392/1537/27069/6389/11315/10975/7386/55967/6391/4724/4731/1339/7384/4723/9377/29796/4708/891",0.352487857583619
"GO:0002687","positive regulation of leukocyte migration",134,0.55609163884118,1.43494192226664,0.0374899539841547,0.28586089912918,0.202813951892094,1792,"tags=13%, list=10%, signal=12%","3958/972/1230/7941/7423/7474/1524/54209/6347/4739/1436/79647/719/25/6868/3965/114609/102",0.321775918075361
"GO:0044771","meiotic cell cycle phase transition",13,-0.775940250231509,-1.43365667822778,0.0365498429978166,0.283662332535225,0.201254102396146,838,"tags=31%, list=5%, signal=29%","4342/225689/993/7272",0.321775918075361
"GO:1901976","regulation of cell cycle checkpoint",52,-0.600879240476204,-1.43336522225185,0.0396068417225969,0.293201031177903,0.208021663729377,1204,"tags=15%, list=7%, signal=14%","8655/221150/80185/5514/8454/140735/891/51143",0.321775918075361
"GO:0015718","monocarboxylic acid transport",158,0.539177337669578,1.43274564391541,0.0398409544639979,0.293201031177903,0.208021663729377,857,"tags=8%, list=5%, signal=7%","348/5375/7351/5465/28231/8714/5321/220963/208/53919/57153/376497",0.321775918075361
"GO:0032102","negative regulation of response to external stimulus",351,0.502349323936745,1.43061418154111,0.00989645974552903,0.163518261159397,0.116013714548887,2120,"tags=17%, list=12%, signal=15%","5728/348/7132/5788/81542/11326/79651/1003/11240/5465/2/11027/5335/54209/57175/6347/7130/3135/10848/84868/79890/90865/10221/22900/7035/6223/384/2534/79102/90268/23005/11213/3055/5327/5328/84166/140885/60343/83999/3965/9856/5802/58985/9975/5627/2625/2244/240/2191/3605/284207/4345/143684/1432/23332/7010/6585/7128/3123",0.380730400722792
"GO:0016049","cell growth",392,0.49385568264142,1.42809481374354,0.00550099994720698,0.14230689201116,0.100964571363859,1792,"tags=14%, list=10%, signal=13%","348/2697/10758/51760/10413/58191/5465/4092/7003/11170/604/3371/7431/10591/147906/7157/84722/6280/627/1954/203245/11054/340152/55558/5607/51147/6446/22902/1026/25942/2258/6195/83667/6586/6662/2182/25/144165/26053/221074/123879/1000/1826/9423/51496/4879/1630/6868/6548/6279/9856/5802/8314/682/55602/102",0.407017918923954
"GO:0043029","T cell homeostasis",33,-0.641115544678949,-1.42800119932248,0.0429389048974688,0.305883675057278,0.217019806299598,4189,"tags=48%, list=23%, signal=37%","5515/5684/11035/5686/3071/55012/355/5696/5690/5685/5692/5682/5699/50943/27240/8456",0.321775918075361
"GO:0051607","defense response to virus",272,0.506765448666142,1.42491488203078,0.0136524724248237,0.183428673349614,0.130139848596599,1430,"tags=13%, list=8%, signal=12%","10410/5788/10758/10581/8519/2634/3455/5465/9020/2635/4615/81570/10060/54541/10346/85363/22900/3437/3659/54765/25942/79102/51728/5359/57506/834/8547/171568/51284/3433/6039/81603/84166/163702/64332",0.380730400722792
"GO:0007389","pattern specification process",245,0.515622665434658,1.42463513759277,0.0216367603825076,0.223357941794809,0.158469056103467,1969,"tags=16%, list=11%, signal=14%","187/6781/65009/658/718/3219/3216/7474/4762/221400/5523/1954/3235/84948/3214/6496/57453/7855/286204/7545/57216/429/23493/5015/144165/79971/2303/4853/57619/2022/79365/712/55036/497189/8701/5076/84678/2297/4087",0.352487857583619
"GO:1903037","regulation of leukocyte cell-cell adhesion",329,0.501342323822845,1.42410054113127,0.0133804122859233,0.183428673349614,0.130139848596599,1828,"tags=15%, list=10%, signal=14%","9231/3958/1051/5788/57492/11326/11314/5465/84433/4092/22890/604/970/6601/867/5293/3654/6347/3135/7037/6385/84868/2033/3659/960/384/7412/2534/5914/3119/8440/5781/9580/3037/60/3112/25/975/64332/140885/6504/56477/3965/7297/30009/3126/55274/387597/2625/240",0.380730400722792
"GO:0051932","synaptic transmission, GABAergic",52,-0.596994959727797,-1.42409947871607,0.0441148432857264,0.311109232732613,0.220727259841525,4594,"tags=46%, list=26%, signal=34%","404037/9378/2557/5368/6863/2555/55879/81539/3776/1269/2558/9001/259232/3799/2563/51304/6869/148/1201/134/85445/1813/8224/5334",0.321775918075361
"GO:0009311","oligosaccharide metabolic process",55,-0.581252159018666,-1.4235056481673,0.0334120306456043,0.270579841280006,0.191972274205765,903,"tags=15%, list=5%, signal=14%","9526/10690/2524/10317/10825/3906/27090/3425",0.321775918075361
"GO:0043085","positive regulation of catalytic activity",259,0.516111309636976,1.42349208639885,0.00925176635229852,0.160946468728689,0.114189067009098,2153,"tags=18%, list=12%, signal=16%","5996/7132/5788/23328/2261/7474/5985/389/23411/4739/4921/66036/10411/23380/85360/1026/1436/8795/5359/83667/5406/9094/8543/8555/23531/10464/5159/2696/9618/5364/54921/5906/11065/116/6786/2643/3655/23118/23533/11232/991/1432/54828/253959/10519/219736",0.380730400722792
"GO:0030317","flagellated sperm motility",135,-0.521433610559372,-1.42291736617299,0.0137073588132243,0.183428673349614,0.130139848596599,2084,"tags=19%, list=12%, signal=17%","143241/85438/51314/6870/117144/480/6866/6869/10197/6406/28981/83861/26150/6865/81492/84071/3622/54970/10383/23198/140735/154865/151195/84073/7846/133308",0.380730400722792
"GO:0097722","sperm motility",135,-0.521433610559372,-1.42291736617299,0.0137073588132243,0.183428673349614,0.130139848596599,2084,"tags=19%, list=12%, signal=17%","143241/85438/51314/6870/117144/480/6866/6869/10197/6406/28981/83861/26150/6865/81492/84071/3622/54970/10383/23198/140735/154865/151195/84073/7846/133308",0.380730400722792
"GO:1902099","regulation of metaphase/anaphase transition of cell cycle",99,-0.540687156694327,-1.42261300542291,0.0177744711216385,0.205296702516598,0.145654882058532,1208,"tags=15%, list=7%, signal=14%","5925/8655/221150/55055/4342/225689/8110/140735/6605/891/9787/7272/55781/51143/699",0.352487857583619
"GO:0045444","fat cell differentiation",167,0.540870146693513,1.42220857690112,0.0400648855813296,0.293579980617013,0.208290522581872,1108,"tags=16%, list=6%, signal=15%","1051/10413/10974/25937/7474/1386/582/149685/23411/2308/4023/7538/10513/54795/10891/587/208/84935/22933/2033/51752/1385/655/2867/9580/862",0.321775918075361
"GO:0050803","regulation of synapse structure or activity",292,0.504663707946387,1.4217200208222,0.0156331274006633,0.194115506186332,0.137721993644865,1538,"tags=13%, list=9%, signal=12%","9231/348/6678/1942/25791/2252/40/4038/1006/7474/10857/1108/9379/54209/627/4739/57524/85358/7058/9253/55118/23380/2534/5578/5783/1793/57216/57030/25/144165/54910/375323/81609/50863/54583/1000/5100/9423",0.352487857583619
"GO:1902105","regulation of leukocyte differentiation",276,0.505029374663743,1.42073401102353,0.0177391628648598,0.205296702516598,0.145654882058532,1053,"tags=11%, list=6%, signal=10%","714/972/1051/1230/3059/57492/3566/4092/22890/57630/604/558/6601/10272/54209/9444/7130/3135/4739/10221/7305/2033/3659/2124/5914/3662/5578/3726/9580/84634",0.352487857583619
"GO:0003007","heart morphogenesis",177,0.530015975375781,1.41972453388351,0.028743377714433,0.252350738550825,0.179039003600325,1306,"tags=12%, list=7%, signal=11%","187/7122/65009/1942/4092/1901/2013/7474/1954/655/7273/3037/7134/55742/6586/9464/6662/7049/57216/23493/144165",0.352487857583619
"GO:0048568","embryonic organ development",231,0.515488704425583,1.41827477733349,0.0390757154926004,0.290749935178068,0.206282648468081,1910,"tags=16%, list=11%, signal=14%","187/65009/6678/3219/53615/7003/7474/4297/4762/1954/5357/3235/3214/6496/655/3399/2668/57453/7855/286204/6662/7545/57216/468/23493/144165/4005/4853/125488/2022/5978/2625/1889/55036/497189/5076/84678",0.321775918075361
"GO:0007018","microtubule-based movement",369,-0.468852786831033,-1.41729731163883,0.00182132430933356,0.105026795943939,0.0745149112902253,2851,"tags=22%, list=16%, signal=19%","282991/5685/55172/9001/55582/5692/3476/146754/5682/200162/23093/8120/55201/408/64792/54514/3799/5813/4976/636/55081/26958/55860/143241/1783/85438/51314/6870/23353/351/55764/117178/124602/26985/117144/480/6866/6869/29911/79443/152110/3192/1201/10197/160762/6406/28981/11250/83861/79659/8655/6421/26150/8943/6865/81492/57728/55605/123872/84071/3622/4747/9576/54970/10383/23198/140735/154865/9787/151195/55614/84073/51098/7846/3916/221458/54820/6794/133308/51143",0.45505986738723
"GO:0033045","regulation of sister chromatid segregation",110,-0.530611599500981,-1.4172561295291,0.0183495268293677,0.20787995868489,0.14748766294545,1775,"tags=19%, list=10%, signal=17%","51412/51433/4926/3192/5925/8655/116028/221150/55055/4342/10460/225689/8110/140735/6605/891/9787/7272/55781/51143/699",0.352487857583619
"GO:0009612","response to mechanical stimulus",187,0.530087655160062,1.41567515098814,0.0263360157963219,0.240687655222313,0.17076422370455,1237,"tags=11%, list=7%, signal=10%","1116/358/7132/10628/477/9020/4615/4762/9379/4921/85358/3659/5578/7273/8795/5781/834/6662/5028/51284",0.352487857583619
"GO:0010721","negative regulation of cell development",203,0.526504496341981,1.41530404041922,0.0320783058913562,0.264801059352724,0.187872316487291,1891,"tags=15%, list=11%, signal=13%","5728/714/53342/23500/4092/4038/10272/54209/9444/7130/3135/10221/22933/3659/22902/5914/2258/84634/6993/1949/5047/1630/3623/30009/9856/5802/257194/5978/149041/9935",0.321775918075361
"GO:0050767","regulation of neurogenesis",264,0.497802388248482,1.41511853434678,0.0130406584818418,0.183406338323132,0.130124002235659,1764,"tags=14%, list=10%, signal=13%","5728/10413/5803/23500/4038/1524/1523/7431/8140/54209/9444/627/1954/85358/22933/9253/2670/3148/7852/22902/4915/2258/8322/429/6993/23493/1949/1000/1826/9423/5364/1630/9856/5802/257194/5978/79365",0.380730400722792
"GO:0050807","regulation of synapse organization",287,0.512010203419832,1.41483571429241,0.0105468842568645,0.166539729347249,0.118157400186066,1538,"tags=13%, list=9%, signal=12%","9231/348/6678/1942/25791/2252/40/4038/1006/7474/10857/1108/9379/54209/627/4739/57524/85358/7058/9253/55118/23380/2534/5578/5783/1793/57216/25/144165/54910/375323/81609/50863/54583/1000/5100/9423",0.380730400722792
"GO:0007610","behavior",374,0.495658232074781,1.41462395596113,0.00970313351631535,0.16277006473619,0.115482880587878,1305,"tags=11%, list=7%, signal=10%","5728/348/7122/65009/1051/123041/477/482/5803/5465/54112/100/10857/1524/4762/9379/7157/54209/2903/4739/26470/100132074/85358/10411/2033/27344/1385/4915/2534/2258/5578/2668/1454/836/1979/114781/5028/342371/1393/8973/25",0.380730400722792
"GO:0050728","negative regulation of inflammatory response",161,0.533043687395676,1.41393930364845,0.0496865506578717,0.332883571473835,0.236175821374065,2120,"tags=17%, list=12%, signal=15%","348/7132/5788/79651/1003/5465/5335/54209/7130/10848/90865/6223/2534/90268/3055/140885/58985/9975/2625/240/3605/284207/4345/143684/1432/7010/7128/3123",0.321775918075361
"GO:0051924","regulation of calcium ion transport",184,0.533297024126285,1.41353949978696,0.0365955614437772,0.283662332535225,0.201254102396146,1113,"tags=10%, list=6%, signal=9%","187/3958/6781/7351/1230/81542/477/4283/11027/79041/5335/6347/150/9455/2946/2534/5566/818",0.321775918075361
"GO:0033047","regulation of mitotic sister chromatid segregation",62,-0.57800645157468,-1.41083796077342,0.0446593710230535,0.312411281896124,0.221651043881993,1664,"tags=16%, list=9%, signal=15%","4926/3192/8655/221150/55055/140735/891/7272/51143/699",0.321775918075361
"GO:0051783","regulation of nuclear division",126,-0.520709335719299,-1.40837367206176,0.016381411454743,0.197915754274685,0.140418211754152,2281,"tags=17%, list=13%, signal=15%","286151/23636/10635/5347/56979/4882/51433/2069/84072/5925/8655/221150/55055/79866/3479/140735/150280/891/9787/7272/51143/699",0.352487857583619
"GO:0016032","viral process",340,0.49605250787957,1.40768074829246,0.0180306882851212,0.206058741788842,0.146195537309991,1592,"tags=13%, list=9%, signal=12%","10410/348/3693/10581/8519/4038/558/867/7157/29969/6347/5091/7037/7538/10610/1452/10475/85363/63901/9830/7841/1104/3276/7852/55254/11060/6590/5359/9683/57506/2589/6993/8468/3416/81603/975/1949/4947/1508/4035/6483/10614/23089/6504",0.352487857583619
"GO:0007519","skeletal muscle tissue development",81,-0.54961304115299,-1.40582663000375,0.0397878449565838,0.293201031177903,0.208021663729377,2396,"tags=16%, list=13%, signal=14%","844/221496/22989/1959/6497/51778/84148/9242/93986/9734/131377/64091/4654",0.321775918075361
"GO:0007159","leukocyte cell-cell adhesion",371,0.493848854085955,1.40536516036639,0.00879704815728952,0.154294118294443,0.109469325746649,1828,"tags=16%, list=10%, signal=14%","9231/3958/1051/5788/57492/11326/11314/5465/84433/4092/22890/604/970/1524/6601/867/5293/3654/6347/3135/6280/7037/6385/84868/7430/4907/2033/3659/960/384/7412/655/2534/5914/3119/8440/337/5781/9580/3037/83706/60/3112/25/975/64332/140885/6504/56477/6279/3965/7297/30009/3126/55274/387597/2625/240",0.380730400722792
"GO:0007091","metaphase/anaphase transition of mitotic cell cycle",99,-0.533841983165429,-1.40460252974207,0.021688016254967,0.223396079713991,0.158496114375969,1208,"tags=14%, list=7%, signal=13%","5925/8655/221150/55055/10460/8110/140735/6605/891/9787/7272/55781/51143/699",0.352487857583619
"GO:0007599","hemostasis",210,0.512813261466218,1.40260051873607,0.0490198435209952,0.331289503623186,0.235044854524947,2044,"tags=18%, list=11%, signal=16%","348/2152/7450/81542/2768/558/5321/23452/150/10855/2335/160851/84034/7035/2623/953/5578/5359/83706/3043/60/5028/5327/221037/152/5328/2153/151/1281/5627/2244/2191/1465/4627/2316/5341/1432/5638",0.321775918075361
"GO:0090066","regulation of anatomical structure size",394,0.491091800428474,1.40185235772811,0.0088036669582522,0.154294118294443,0.109469325746649,1809,"tags=15%, list=10%, signal=14%","5728/348/358/361/57580/3059/256949/23500/85477/7431/8800/6271/627/150/80005/1954/5357/79890/7430/79036/85358/54795/25959/51466/29767/55558/22902/25942/6648/2258/8440/9530/5781/6344/3043/3055/829/5028/25/152/51474/6711/151/1000/89848/1826/9423/4879/1630/50809/3680/5587/9856/5802/6840/1889/2244/64857",0.380730400722792
"GO:0036465","synaptic vesicle recycling",78,-0.547521852905491,-1.40176932992999,0.0298778896490512,0.255729938982984,0.181436494813602,4352,"tags=31%, list=24%, signal=23%","161/7879/23208/5289/160/284697/54413/8871/8867/5864/163/11315/6093/8120/11037/273/10396/8943/58513/112755/1211/5868/9815/154664",0.352487857583619
"GO:0030071","regulation of mitotic metaphase/anaphase transition",96,-0.527814691186216,-1.39783033058295,0.0336235576040103,0.271824182557722,0.192855115380633,1208,"tags=14%, list=7%, signal=13%","5925/8655/221150/55055/8110/140735/6605/891/9787/7272/55781/51143/699",0.321775918075361
"GO:0042176","regulation of protein catabolic process",359,0.488640520619289,1.39757816581846,0.0167972856865968,0.198247955237423,0.14065390327503,1408,"tags=13%, list=8%, signal=12%","5728/348/7076/1915/81542/2768/4248/4092/57817/7078/7041/7474/10444/4287/5695/56776/54209/5523/5476/150/23411/2308/11267/1452/55270/7430/10221/22933/2876/2670/11011/9146/9532/8078/1454/9683/1263/5566/7079/11213/25976/3416/144165/975/4947/10098",0.352487857583619
"GO:0043244","regulation of protein-containing complex disassembly",114,-0.518079168372888,-1.39750095898216,0.023174269995483,0.230125890420262,0.163270812521054,2367,"tags=21%, list=13%, signal=18%","55201/130271/10763/9140/80742/50853/79443/1201/2934/2150/55605/9037/2935/5514/7429/832/89795/5962/345611/444/65125/57731/10677/11075",0.352487857583619
"GO:0009611","response to wounding",456,0.478354851480108,1.39682481525432,0.00588317320279528,0.145149740802317,0.102981529260943,2044,"tags=17%, list=11%, signal=15%","5728/348/2152/3693/7450/10413/1230/81542/2768/2252/7423/7474/558/3371/1524/6556/5321/54209/8324/57175/23452/389/150/7538/4921/10855/3162/90865/7305/2335/160851/84034/347/960/7035/2623/1026/953/5578/337/5359/83706/3043/1289/60/5028/5327/221037/152/5328/2153/2696/64332/151/1281/2303/4853/6868/83999/4666/118932/9856/5802/2022/5627/2244/240/2191/3605/1465/4627/2316/5341/1432/64094/23332/5638",0.407017918923954
"GO:0007218","neuropeptide signaling pathway",101,-0.535341869799552,-1.39623902204793,0.0291853875996827,0.25369242491701,0.179990909632086,1844,"tags=14%, list=10%, signal=13%","4985/2770/6866/113091/4887/114815/10874/5367/6753/10800/2861/51083/57105/10178",0.352487857583619
"GO:0060538","skeletal muscle organ development",90,-0.539139876408097,-1.39385702269458,0.0292739485938792,0.25369242491701,0.179990909632086,2396,"tags=16%, list=13%, signal=14%","844/221496/22989/1959/1605/6497/51778/84148/9242/93986/9734/131377/64091/4654",0.352487857583619
"GO:0006650","glycerophospholipid metabolic process",276,0.49525923859198,1.3932489471721,0.024960253777111,0.23307815505187,0.165365399289625,1916,"tags=14%, list=11%, signal=12%","341/5728/79888/114879/27315/7941/5293/5335/5321/26090/51573/9600/10555/64801/66036/160851/57153/27163/63874/337/5359/255189/9488/84720/10908/56895/22863/1103/51365/93183/8395/150763/3636/132671/5338/57605/23167/23533",0.352487857583619
"GO:0050900","leukocyte migration",326,0.49132665061166,1.39153304173157,0.0151598942403038,0.190390436488521,0.135079113458074,1970,"tags=18%, list=11%, signal=17%","3958/972/718/1230/58191/11314/11240/4283/6654/1901/7941/7423/2013/7474/1524/5293/54209/6347/7130/6280/5479/4739/79890/3162/90865/54795/84818/347/6223/7852/7412/2534/2867/1436/79647/3055/719/25/975/140885/6373/56477/6868/2813/6279/3965/30009/118932/682/114609/102/2625/240/3655/3605/4627/3384/7369/2059/4345",0.380730400722792
"GO:0050678","regulation of epithelial cell proliferation",250,0.507179328444176,1.38773797938775,0.0148991865278943,0.18862932377768,0.133829630826133,1287,"tags=12%, list=7%, signal=11%","348/187/2152/10758/10413/6678/2252/7423/7474/5293/5335/8324/6347/23411/7538/3162/1893/2876/51162/5607/3148/5578/7039/3037/26051/6662/7049/687/7075",0.380730400722792
"GO:0050817","coagulation",207,0.508957259371143,1.38619057610517,0.0327384684927396,0.267430585235475,0.189737925031544,2044,"tags=18%, list=11%, signal=16%","348/2152/7450/81542/2768/558/5321/23452/150/10855/2335/160851/84034/7035/2623/953/5578/5359/83706/3043/60/5028/5327/221037/152/5328/2153/151/1281/5627/2244/2191/1465/4627/2316/5341/1432/5638",0.321775918075361
"GO:0048511","rhythmic process",258,0.498461898616287,1.38357211184672,0.0237408771070812,0.230540128163828,0.163564707887827,1256,"tags=11%, list=7%, signal=10%","5728/658/5465/6096/100/4297/9612/7157/7130/3131/23411/3397/11335/10891/5111/2033/1385/4915/25942/6720/3399/1454/3037/836/6586/114781/468/687",0.352487857583619
"GO:0002449","lymphocyte mediated immunity",245,0.500602882020407,1.3831363582617,0.0306118690506085,0.257530665585793,0.182714082898245,776,"tags=10%, list=4%, signal=10%","714/713/972/718/5788/10758/1512/3426/116449/4092/22890/2013/970/54209/619207/3135/7037/2215/3811/84868/730/54795/7305/80329",0.352487857583619
"GO:0061512","protein localization to cilium",78,-0.539853813466352,-1.38213756098883,0.0353312234284452,0.279435689624118,0.198255363657656,1813,"tags=22%, list=10%, signal=20%","55764/51304/50807/261734/11250/9321/84455/26088/60412/57728/403/225689/317662/9696/55812/9657/7288",0.321775918075361
"GO:0007338","single fertilization",111,-0.522871065236896,-1.38122836517149,0.0299799477006135,0.25602875336324,0.181648499062964,2506,"tags=18%, list=14%, signal=16%","7142/124912/284382/7417/7455/4882/22917/284359/81623/79400/9898/8372/162540/203102/3708/928/7225/126206/90019/124626",0.352487857583619
"GO:0043410","positive regulation of MAPK cascade",387,0.478897580515105,1.37796244977544,0.0210357336855279,0.221366866586007,0.157056418583464,1399,"tags=11%, list=8%, signal=10%","1116/348/972/65009/5788/1230/23328/10253/2252/57007/2261/57630/7423/7474/6464/2081/54209/8324/56919/150/55532/84868/4921/85363/3276/960/4915/255743/5578/1436/5781/7039/23005/56940/9464/5028/152/975/54910/5159/152007/9618",0.352487857583619
"GO:0007409","axonogenesis",340,0.485444276843024,1.37757707505953,0.0248113174068736,0.2323924334037,0.164878890229495,1805,"tags=16%, list=10%, signal=15%","5728/348/4854/5754/1942/6654/4038/7474/10857/7431/59352/627/1954/284656/11313/51466/55558/22902/2044/440915/2051/4915/2534/25942/2258/5578/1436/2668/57453/6586/60/59277/57216/1951/8543/5015/25/144165/54910/1949/26053/1000/1826/23114/9423/5364/1630/4853/6868/9856/5802/85449/682/1889",0.352487857583619
"GO:0061564","axon development",389,0.478673655557543,1.37676099028883,0.0236372721281475,0.230540128163828,0.163564707887827,1805,"tags=16%, list=10%, signal=15%","5728/348/4854/5754/1942/6654/4038/7474/10857/7431/4762/58158/59352/627/1954/128408/284656/11313/51466/347/55558/55118/22902/2044/440915/2051/4915/2534/25942/2258/5578/1436/337/2668/57453/836/6586/60/59277/57216/1951/8543/5015/25/144165/54910/1949/26053/1000/1826/23114/9423/5364/1630/4853/6868/83999/9856/5802/85449/682/1889",0.352487857583619
"GO:0042060","wound healing",364,0.481094039865212,1.37500109953029,0.0204503406716085,0.218804670010353,0.155238579156611,1339,"tags=11%, list=8%, signal=11%","5728/348/2152/3693/7450/10413/81542/2768/7423/7474/558/6556/5321/8324/57175/23452/389/150/4921/10855/3162/2335/160851/84034/960/7035/2623/1026/953/5578/5359/83706/3043/1289/60/5028/5327/221037/152/5328/2153",0.352487857583619
"GO:0007416","synapse assembly",243,0.494493675532884,1.36916991885494,0.0346381264230034,0.276984851740232,0.196516531525692,1552,"tags=12%, list=9%, signal=11%","9231/5728/40/4038/7474/1108/9379/627/57524/85358/7058/55558/9253/55118/23380/2258/5578/5783/7855/1793/25/144165/54910/375323/50863/1000/1826/23229/9423/5364",0.321775918075361
"GO:0060294","cilium movement involved in cell motility",150,-0.495377647972078,-1.36694672662695,0.0279333250726223,0.248002982930041,0.175954337239873,2830,"tags=22%, list=16%, signal=19%","5685/5692/146754/5682/23093/54514/143241/85438/51314/6870/117144/480/6866/6869/10197/6406/28981/83861/79659/26150/6865/81492/84071/3622/54970/10383/23198/140735/154865/151195/84073/7846/133308",0.352487857583619
"GO:0051983","regulation of chromosome segregation",132,-0.498408969198661,-1.36296022882655,0.0229480463317056,0.229333986425577,0.162708968704112,1775,"tags=18%, list=10%, signal=16%","51412/51433/4926/3192/84072/5925/8655/116028/221150/55055/5520/4342/23397/10460/225689/8110/140735/6605/891/9787/7272/55781/51143/699",0.352487857583619
"GO:0001539","cilium or flagellum-dependent cell motility",152,-0.497319965328214,-1.36268813847036,0.0298905123486605,0.255729938982984,0.181436494813602,2830,"tags=22%, list=16%, signal=19%","5685/55172/5692/146754/5682/23093/54514/143241/85438/51314/6870/117144/480/6866/6869/10197/6406/28981/83861/79659/26150/6865/81492/84071/3622/54970/10383/23198/140735/154865/151195/84073/7846/133308",0.352487857583619
"GO:0060285","cilium-dependent cell motility",152,-0.497319965328214,-1.36268813847036,0.0298905123486605,0.255729938982984,0.181436494813602,2830,"tags=22%, list=16%, signal=19%","5685/55172/5692/146754/5682/23093/54514/143241/85438/51314/6870/117144/480/6866/6869/10197/6406/28981/83861/79659/26150/6865/81492/84071/3622/54970/10383/23198/140735/154865/151195/84073/7846/133308",0.352487857583619
"GO:0007088","regulation of mitotic nuclear division",114,-0.505067289029834,-1.3624018564315,0.0321859361318916,0.26522340703771,0.188171965733919,1208,"tags=11%, list=7%, signal=10%","5925/8655/221150/55055/79866/3479/140735/891/9787/7272/51143/699",0.321775918075361
"GO:0048667","cell morphogenesis involved in neuron differentiation",436,0.468412957696509,1.36208902506337,0.0212238781867841,0.221366866586007,0.157056418583464,1808,"tags=15%, list=10%, signal=14%","5728/348/4854/5754/1942/25791/6654/4038/7474/10857/1523/85451/7431/115207/59352/627/1954/5357/284656/85358/11313/51466/55558/9253/22902/2044/440915/2051/4915/2534/25942/2258/5578/1436/2668/57453/8322/6586/60/59277/57216/1951/8543/5015/25/144165/54910/1949/1742/26053/1000/1826/23114/9423/5364/1630/4853/6868/9856/5802/85449/5978/682/1889/6904",0.352487857583619
"GO:0046785","microtubule polymerization",91,-0.52488323446823,-1.35795316955573,0.0396426338436036,0.293201031177903,0.208021663729377,1664,"tags=14%, list=9%, signal=13%","4926/1859/2242/10382/55605/93323/79998/89795/6249/7846/440145/54820/11075",0.321775918075361
"GO:0050727","regulation of inflammatory response",364,0.473862757163616,1.35433357750383,0.0238846871196796,0.230699405165011,0.163677712493052,2130,"tags=17%, list=12%, signal=15%","348/7132/1051/5788/9180/1230/2634/79651/1003/5465/7941/604/7474/3371/2635/4615/4792/5335/54209/9173/26090/7130/6280/10848/10658/4023/51114/10855/90865/25921/22900/6223/2534/2867/90268/836/3055/834/51284/975/118788/64332/140885/8723/2828/331/6279/58985/9975/2625/240/4314/3605/284207/55450/4345/143684/1432/7010/7128/3123/2113",0.352487857583619
"GO:0006888","endoplasmic reticulum to Golgi vesicle-mediated transport",126,-0.499867300428961,-1.35200177365024,0.0292742802437768,0.25369242491701,0.179990909632086,3085,"tags=21%, list=17%, signal=17%","23256/23423/51124/64746/10959/1314/9217/26958/6836/22878/8615/6399/7109/79748/9321/375056/5862/6811/59349/225689/11196/29097/5875/89866/83548/51614",0.352487857583619
"GO:0003012","muscle system process",419,0.467846853055564,1.35010310754207,0.0226415036381915,0.228703532448571,0.162261671214486,1733,"tags=12%, list=10%, signal=11%","187/1837/6781/7132/2697/3488/6157/9759/477/5465/4092/3764/4762/6640/150/80005/2308/3162/54795/29767/2946/255743/6136/2258/5578/7273/2668/5566/7134/818/6160/9464/2593/5028/25873/152/7171/5159/800/6141/151/54206/4636/5587/6548/1129/6717/8912/6173/2775",0.352487857583619
"GO:0016053","organic acid biosynthetic process",292,0.47892100372317,1.3491986221007,0.0317489463989762,0.263162513008456,0.186709792824728,1355,"tags=11%, list=8%, signal=10%","341/972/23205/26227/79966/2571/2944/51074/2747/5321/23411/4023/587/22933/51733/79993/115908/2946/337/241/55256/5406/834/84696/2593/7390/8564/2182/23417/10464/216",0.321775918075361
"GO:0046394","carboxylic acid biosynthetic process",288,0.480469525484537,1.34756173581114,0.0257322000199954,0.237921542310863,0.168801708744792,1355,"tags=11%, list=8%, signal=10%","341/972/23205/26227/79966/2571/2944/51074/2747/5321/23411/4023/587/22933/51733/79993/115908/2946/337/241/55256/5406/834/84696/2593/7390/8564/2182/23417/10464/216",0.352487857583619
"GO:0009566","fertilization",120,-0.500230790931558,-1.34666719064446,0.0247753630083917,0.2323924334037,0.164878890229495,2506,"tags=19%, list=14%, signal=17%","7142/124912/284382/7417/4753/7455/56979/4882/22917/284359/81623/79400/9898/8372/162540/203102/3708/928/11022/7225/126206/90019/124626",0.352487857583619
"GO:1903131","mononuclear cell differentiation",413,0.469316992687248,1.34644786396565,0.0247949230990498,0.2323924334037,0.164878890229495,1019,"tags=9%, list=6%, signal=9%","714/972/1051/7351/5788/10758/10673/3059/57492/9759/4092/22890/57630/604/558/4297/6601/1386/5293/54209/9173/619207/9444/3135/23411/359948/90865/10221/171558/2033/3659/4221/7412/5914/3662/5578/1436/3726/9580",0.352487857583619
"GO:0010720","positive regulation of cell development",348,0.470305195398914,1.3458815448531,0.0356937645616092,0.280357210946285,0.198909168993296,1019,"tags=11%, list=6%, signal=10%","7122/972/1230/3059/57492/3566/1003/5803/4092/22890/604/558/1524/1523/6601/7431/8140/54209/9444/3135/627/1954/4739/85358/10221/22933/7305/2033/2124/9253/2670/7852/22902/4915/5914/5578/9580",0.321775918075361
"GO:0032496","response to lipopolysaccharide",277,0.475095298839602,1.34322300904302,0.0484496124031008,0.328855244880584,0.233317785041086,1875,"tags=18%, list=11%, signal=17%","7132/1051/929/2634/23328/4283/11027/7474/558/1524/2635/6556/7431/4615/8140/3654/9450/54209/5724/6347/7538/84868/85363/10221/22900/3148/2623/7412/6648/5914/5578/5781/6590/836/11213/3055/834/8564/64332/140885/23643/56477/6868/331/6279/3965/57162/114609/2643/4314/23118",0.287857117255149
"GO:0002443","leukocyte mediated immunity",329,0.472018621517246,1.34080436138138,0.0309437194975529,0.258616815800722,0.183484689924632,1822,"tags=15%, list=10%, signal=14%","714/713/972/718/5788/10758/1512/3426/116449/11314/4092/22890/2013/970/1524/867/5293/54209/619207/9846/3135/7037/2215/3811/84868/730/54795/7305/80329/2623/8078/57506/7855/2212/23207/975/1610/64332/8723/8832/6504/6868/3820/306/3965/30009/712/924/2625/9188",0.352487857583619
"GO:0022407","regulation of cell-cell adhesion",434,0.45964118848181,1.33845878892982,0.0179993097097841,0.206058741788842,0.146195537309991,1065,"tags=10%, list=6%, signal=10%","9231/3958/1051/5788/81542/57492/11326/11314/5465/84433/4092/22890/100/604/970/6601/10272/867/5293/3654/6347/5420/3135/7037/6385/84868/2033/84034/3659/960/5607/384/7412/655/2534/5914/3119/5578/8440/5781/9580/3037/83706",0.352487857583619
"GO:0044093","positive regulation of molecular function",330,0.474093478510345,1.33722933254823,0.0243822847680063,0.231432766134189,0.164198020925494,1971,"tags=15%, list=11%, signal=13%","5996/7132/5788/23328/2261/7474/5985/389/23411/1520/4739/4921/66036/22933/10411/23380/85360/1026/5914/2258/1436/8795/5359/83667/5406/9094/8543/3416/8555/23531/10464/5159/2696/9618/5364/54921/5906/11065/116/6786/2643/2625/3655/23118/23533/11232/991/219527",0.352487857583619
"GO:0006644","phospholipid metabolic process",340,0.468700832236599,1.3300631037396,0.044647339825004,0.312411281896124,0.221651043881993,1048,"tags=8%, list=6%, signal=7%","341/5728/79888/114879/27315/7941/51477/5293/5335/5321/26090/51573/9600/9517/4023/10555/64801/66036/160851/57153/27163/63874/27329/337/5359/255189",0.321775918075361
"GO:0022904","respiratory electron transport chain",90,-0.512575350407678,-1.32517883222771,0.0494296577946768,0.332418346249311,0.235845751166516,4512,"tags=33%, list=25%, signal=25%","4716/983/1351/7381/23479/4717/4705/1350/1349/6392/54539/1537/27069/6389/11315/10975/7386/55967/6391/25994/4724/4731/1339/7384/4723/9377/29796/4708/891/2110",0.282013350011725
"GO:0006979","response to oxidative stress",362,0.458167795744195,1.32119765633038,0.0446012787291153,0.312411281896124,0.221651043881993,1443,"tags=12%, list=8%, signal=11%","348/358/10628/7351/4248/5893/1386/55139/2081/11030/7157/5695/93100/23411/2308/4921/3162/55290/9131/10891/7352/22933/5111/2876/347/655/2534/25942/6648/5578/337/5829/1263/836/3043/83667/7837/468/25/26034/51435/79912/140885",0.321775918075361
"GO:0048598","embryonic morphogenesis",321,0.466121771572962,1.31768925629936,0.0301524038490984,0.256104594718292,0.181702307348679,2003,"tags=16%, list=11%, signal=14%","187/65009/2697/3693/23168/6678/3219/1303/79923/1284/8019/7474/4762/8324/1954/5357/3235/2335/3214/6496/5607/655/2668/57453/7855/1289/286204/6662/7545/57216/8543/5015/144165/54910/3065/221074/79971/2719/4853/125488/2022/5978/2625/1889/55036/497189/5076/84678/4087/57822/51057",0.352487857583619
"GO:0010959","regulation of metal ion transport",293,0.465193095329403,1.31743780604161,0.049469964664311,0.332418346249311,0.235845751166516,1113,"tags=9%, list=6%, signal=8%","187/3958/6781/7351/1230/81542/477/482/4283/57817/11027/154043/3755/79041/5335/54209/6640/6347/150/9455/2946/2534/11060/2258/5566/818",0.271288554688953
"GO:0006665","sphingolipid metabolic process",138,-0.486245474049214,-1.31373614486898,0.0353991680888845,0.279435689624118,0.198255363657656,2538,"tags=17%, list=14%, signal=15%","53947/151742/204219/3995/129807/9331/81537/8879/2760/4758/6610/8560/4363/285848/165679/27293/10690/2524/2581/10825/222/27090/125981/130367",0.321775918075361
"GO:0033044","regulation of chromosome organization",226,-0.455103008661703,-1.30515368013391,0.0302473767822828,0.256232080354229,0.181792756464709,1933,"tags=17%, list=11%, signal=15%","64151/54780/6886/2072/51412/51433/55135/10694/4926/3192/3320/5588/4683/5925/8655/116028/221150/4931/55055/4342/3184/23397/8550/10460/225689/79035/5514/8110/7520/140735/6605/545/891/9787/7272/55781/51143/699",0.352487857583619
"GO:0001932","regulation of protein phosphorylation",345,0.455070389737054,1.30323228117335,0.0486486486486487,0.32972972972973,0.233938218715874,1143,"tags=9%, list=6%, signal=9%","5728/7132/718/5788/64092/23328/10253/3566/11314/2252/6789/2261/7423/7474/154043/4615/23770/3654/23411/54757/4739/4921/10221/22933/2335/1026/9146/1436/8795/5783/83667/9094",0.276500599254472
"GO:0009615","response to virus",355,0.44827949122952,1.29810993338777,0.0460405156537753,0.317847279654441,0.225507801456042,1430,"tags=11%, list=8%, signal=11%","10410/5788/10758/10581/8519/2634/3455/5465/9020/2635/4615/1386/81570/3460/10060/54541/10346/85363/22900/3437/3659/7852/54765/25942/79102/51728/5359/57506/11213/834/8547/171568/51284/3433/6039/81603/5452/84166/163702/64332",0.287857117255149
"GO:0043269","regulation of monoatomic ion transport",335,0.453976129050866,1.29069050067679,0.0498154981549815,0.332883571473835,0.236175821374065,1113,"tags=9%, list=6%, signal=9%","187/3958/6781/7351/1230/81542/477/482/4283/57817/11027/154043/3755/79041/5335/54209/6640/6347/3758/150/1520/2903/9455/2946/2534/11060/2258/84634/5566/818",0.276500599254472
"GO:0031667","response to nutrient levels",427,0.434479161451246,1.27816483111041,0.0474452554744526,0.325328999946721,0.230815967994561,2357,"tags=19%, list=13%, signal=17%","348/6781/7351/5465/53615/11170/23710/4287/867/1386/9506/8140/7157/7037/23411/2308/4023/7538/1452/10891/11152/7352/22933/2876/84649/25959/2033/3276/7412/1026/655/3651/6720/6648/5914/3178/6344/83667/123/429/468/23417/2350/2153/56924/2696/64332/1536/64240/9779/22863/5564/56477/5587/255738/7071/58528/663/790/9554/2688/10730/1432/8074/55332/1327/23334/8614/54828/6750/5179/3428/22856/5106/4780/4524/84251/9563/5058/3625",0.282013350011725
"GO:0010638","positive regulation of organelle organization",431,-0.394984277568024,-1.22280577031737,0.0329933008861408,0.268929475481638,0.190801364820626,2128,"tags=15%, list=12%, signal=13%","192111/10635/10763/5347/56979/64112/4882/64151/10787/6886/51433/55135/10694/2069/4926/2041/80821/6869/79443/4076/3320/2934/3791/54361/22843/5588/4683/5925/91807/2242/221150/4931/9898/9738/79768/2150/3184/9037/23397/8550/638/11135/225689/79035/5514/7429/79998/6382/9696/89795/3479/202018/6249/246/345611/4088/545/9787/10458/90019/10178/699/11075",0.321775918075361
