"ID","Description","seed_fraction","median_NES","median_p.adjust"
"GO:0042119","neutrophil activation",1,1.9863564247644,0.00106437877571372
"GO:0043277","apoptotic cell clearance",1,1.95407450773575,0.00235680780052838
"GO:0006911","phagocytosis, engulfment",1,1.95183196554681,0.00242381164314951
"GO:0003407","neural retina development",1,1.88618084576448,0.00428766336307997
"GO:0072210","metanephric nephron development",1,1.92812285940518,0.00303247335123667
"GO:0007229","integrin-mediated signaling pathway",1,1.9082991691257,0.000655068292675134
"GO:0140053","mitochondrial gene expression",1,-1.89406857793879,8.78342044318212e-06
"GO:0036230","granulocyte activation",1,1.93448724620557,0.00319158414007366
"GO:0042476","odontogenesis",1,1.85286669702159,0.00453791037181591
"GO:0032543","mitochondrial translation",1,-1.88602575030097,1.5414337540231e-05
"GO:0002274","myeloid leukocyte activation",1,1.83951416623535,8.53314313425553e-05
"GO:0042044","fluid transport",1,1.86734475287655,0.00737198637308723
"GO:1902107","positive regulation of leukocyte differentiation",1,1.84312893046664,0.000327843010954451
"GO:1903708","positive regulation of hemopoiesis",1,1.84312893046664,0.000327843010954451
"GO:0099024","plasma membrane invagination",1,1.83641743554244,0.00846133245109062
"GO:0045765","regulation of angiogenesis",1,1.82614292370186,1.13370383789668e-05
"GO:0070633","transepithelial transport",1,1.80589493646448,0.0120410481824944
"GO:2001044","regulation of integrin-mediated signaling pathway",1,1.8414981485096,0.00731496778013133
"GO:0042771","intrinsic apoptotic signaling pathway in response to DNA damage by p53 class mediator",1,1.83525284369131,0.0124377076438109
"GO:0032731","positive regulation of interleukin-1 beta production",1,1.78077453478786,0.0160087154901657
"GO:0043370","regulation of CD4-positive, alpha-beta T cell differentiation",1,1.80983329101213,0.0121106341773123
"GO:0071715","icosanoid transport",1,1.74822560063884,0.0242868575930381
"GO:0006909","phagocytosis",1,1.82879942225778,0.000109798205351305
"GO:0046637","regulation of alpha-beta T cell differentiation",1,1.82414161799941,0.00671950172012198
"GO:1901342","regulation of vasculature development",1,1.8209349952161,1.02303885378972e-05
"GO:0032611","interleukin-1 beta production",1,1.81477776991423,0.00437135301714479
"GO:0032651","regulation of interleukin-1 beta production",1,1.81477776991423,0.00437135301714479
"GO:0072224","metanephric glomerulus development",1,1.73086600209886,0.021058945832505
"GO:1901343","negative regulation of vasculature development",1,1.76786920802309,0.00688691614674063
"GO:0006956","complement activation",1,1.75626398153261,0.0213097304648806
"GO:0016064","immunoglobulin mediated immune response",1,1.76049407774129,0.00649690437123421
"GO:0032635","interleukin-6 production",1,1.74576159080204,0.00456846388683905
"GO:0032675","regulation of interleukin-6 production",1,1.74576159080204,0.00456846388683905
"GO:0016525","negative regulation of angiogenesis",1,1.77671693318212,0.00627496014106011
"GO:0032755","positive regulation of interleukin-6 production",1,1.73931828858144,0.0128435366491567
"GO:0006957","complement activation, alternative pathway",1,1.74930589596193,0.0259146492280026
"GO:0016579","protein deubiquitination",1,-1.73854665769752,0.0045385755442663
"GO:0007006","mitochondrial membrane organization",1,-1.74471750840764,0.00648632732498426
"GO:0032612","interleukin-1 production",1,1.74630635770025,0.00563086933347067
"GO:0032652","regulation of interleukin-1 production",1,1.74630635770025,0.00563086933347067
"GO:0009201","ribonucleoside triphosphate biosynthetic process",1,-1.73849037137919,0.00550360519363317
"GO:0009142","nucleoside triphosphate biosynthetic process",1,-1.71883559152596,0.00509947734221325
"GO:0098883","synapse pruning",1,1.73255045338032,0.0318664378014463
"GO:1903008","organelle disassembly",1,-1.69913324960583,0.0154000340096533
"GO:2000191","regulation of fatty acid transport",1,1.74382705334997,0.0333848460198083
"GO:2000181","negative regulation of blood vessel morphogenesis",1,1.75750145262743,0.00630523629017337
"GO:0002763","positive regulation of myeloid leukocyte differentiation",1,1.73035222916112,0.0311619777538826
"GO:0019755","one-carbon compound transport",1,1.72350996981856,0.0347776601167333
"GO:0042554","superoxide anion generation",1,1.76734490904087,0.0296970945232888
"GO:0019724","B cell mediated immunity",1,1.75439827544356,0.00573743623321071
"GO:0050766","positive regulation of phagocytosis",1,1.73866033040652,0.0170140111248146
"GO:0070646","protein modification by small protein removal",1,-1.7348324543569,0.00315351214459219
"GO:0072207","metanephric epithelium development",1,1.75166183664825,0.032442840473006
"GO:0046638","positive regulation of alpha-beta T cell differentiation",1,1.75044000921933,0.0275003848690625
"GO:1902165","regulation of intrinsic apoptotic signaling pathway in response to DNA damage by p53 class mediator",1,1.69631112617076,0.0163641669429937
"GO:1902166","negative regulation of intrinsic apoptotic signaling pathway in response to DNA damage by p53 class mediator",1,1.69631112617076,0.0163641669429937
"GO:0006959","humoral immune response",1,1.72314436423204,0.0003794089919426
"GO:2000514","regulation of CD4-positive, alpha-beta T cell activation",1,1.7442575432909,0.0235617961490836
"GO:0033627","cell adhesion mediated by integrin",1,1.6908794815312,0.0249139566410795
"GO:0042116","macrophage activation",1,1.699510100298,0.0157372740598939
"GO:2000193","positive regulation of fatty acid transport",1,1.69190004210599,0.0339852840758555
"GO:0048143","astrocyte activation",1,1.75770315856058,0.0264785558890724
"GO:0009145","purine nucleoside triphosphate biosynthetic process",1,-1.70577173875015,0.00854649951327563
"GO:0009206","purine ribonucleoside triphosphate biosynthetic process",1,-1.70577173875015,0.00854649951327563
"GO:0097484","dendrite extension",1,-1.69533240426625,0.0209111727709643
"GO:1904018","positive regulation of vasculature development",1,1.70202879752623,0.0042868358869056
"GO:0070664","negative regulation of leukocyte proliferation",1,1.69582521954502,0.0273978006878891
"GO:0032943","mononuclear cell proliferation",1,1.67277069330886,0.00177091081460751
"GO:0032732","positive regulation of interleukin-1 production",1,1.6879838983306,0.0295055198992431
"GO:0050672","negative regulation of lymphocyte proliferation",1,1.70289099328119,0.0322328466080766
"GO:0015986","proton motive force-driven ATP synthesis",1,-1.66467016645796,0.0304769847648699
"GO:0032945","negative regulation of mononuclear cell proliferation",1,1.70408171566219,0.0344914498451544
"GO:0030595","leukocyte chemotaxis",1,1.66320387380984,0.00385546678879679
"GO:0006754","ATP biosynthetic process",1,-1.68255480037761,0.0171762732059779
"GO:0050829","defense response to Gram-negative bacterium",1,1.64676318992155,0.031709500175454
"GO:0007007","inner mitochondrial membrane organization",1,-1.66950525880414,0.029299605328748
"GO:0045766","positive regulation of angiogenesis",1,1.68832541705828,0.00455649675878432
"GO:0046651","lymphocyte proliferation",1,1.67352309266684,0.00237525012438768
"GO:0070663","regulation of leukocyte proliferation",1,1.65617030000745,0.00303892794664013
"GO:0006890","retrograde vesicle-mediated transport, Golgi to endoplasmic reticulum",1,-1.6441129625169,0.0338003902136895
"GO:0000423","mitophagy",1,-1.65197584820716,0.0157228640017836
"GO:0000422","autophagy of mitochondrion",1,-1.64624182377498,0.0158593170198851
"GO:0070661","leukocyte proliferation",1,1.67189525441563,0.00116466977678202
"GO:0071216","cellular response to biotic stimulus",1,1.64644032439655,0.00319990913644356
"GO:0042776","proton motive force-driven mitochondrial ATP synthesis",1,-1.66478366633257,0.028196920555267
"GO:0050864","regulation of B cell activation",1,1.65533377480795,0.0192240999987182
"GO:0032944","regulation of mononuclear cell proliferation",1,1.63472226681172,0.004734083197022
"GO:0051306","mitotic sister chromatid separation",1,-1.6222259007288,0.0331302599489108
"GO:0022904","respiratory electron transport chain",1,-1.6208500653081,0.0271634582855548
"GO:0042773","ATP synthesis coupled electron transport",1,-1.62955935012379,0.0296980639032009
"GO:0042775","mitochondrial ATP synthesis coupled electron transport",1,-1.62955935012379,0.0296980639032009
"GO:0061136","regulation of proteasomal protein catabolic process",1,-1.63119668960026,0.00484408011596787
"GO:0032042","mitochondrial DNA metabolic process",1,-1.61802516355848,0.0334734936880459
"GO:0010965","regulation of mitotic sister chromatid separation",1,-1.62552750464504,0.0364426531978603
"GO:0006413","translational initiation",1,-1.61320782975897,0.0187209063914047
"GO:0006119","oxidative phosphorylation",1,-1.61065393525649,0.0310016307999396
"GO:0009165","nucleotide biosynthetic process",1,-1.60486679035426,0.0068955112198678
"GO:0050907","detection of chemical stimulus involved in sensory perception",1,1.62509775432334,0.000573684364665567
"GO:0009260","ribonucleotide biosynthetic process",1,-1.62000711662451,0.0115981778762216
"GO:0050670","regulation of lymphocyte proliferation",1,1.62931750388563,0.00554811654910318
"GO:0050867","positive regulation of cell activation",1,1.62588479972792,0.000698433661594437
"GO:0046390","ribose phosphate biosynthetic process",1,-1.610967339045,0.0146701988940654
"GO:0000281","mitotic cytokinesis",1,-1.60876543728117,0.0240703706788593
"GO:0043542","endothelial cell migration",1,1.61748158435932,0.004661222624979
"GO:0071219","cellular response to molecule of bacterial origin",1,1.58825368312821,0.00678265230069825
"GO:0061640","cytoskeleton-dependent cytokinesis",1,-1.58411408123325,0.0303561330336358
"GO:0001935","endothelial cell proliferation",1,1.57886586215181,0.0303241274426783
"GO:0043010","camera-type eye development",1,1.56314135181745,0.00935293200639403
"GO:0050900","leukocyte migration",1,1.57145418660444,0.00180456213971788
"GO:0009152","purine ribonucleotide biosynthetic process",1,-1.56680943985678,0.0319277344264967
"GO:0034340","response to type I interferon",1,-1.56324353451998,0.0339146869814487
"GO:0071357","cellular response to type I interferon",1,-1.56376249800293,0.0339066482480109
"GO:0050729","positive regulation of inflammatory response",1,1.56433307327175,0.0215014458397499
"GO:0050911","detection of chemical stimulus involved in sensory perception of smell",1,1.55832778156481,0.00302547078376393
"GO:0042742","defense response to bacterium",1,1.55235585855266,0.00580848420725164
"GO:0002699","positive regulation of immune effector process",1,1.58315254043123,0.00662871536624201
"GO:0007051","spindle organization",1,-1.56243664434483,0.0212277992149753
"GO:0072594","establishment of protein localization to organelle",1,-1.55861886113326,0.00400000850443652
"GO:0002696","positive regulation of leukocyte activation",1,1.54183528038532,0.00379658202807893
"GO:0030705","cytoskeleton-dependent intracellular transport",1,-1.53896803355105,0.0214178409725676
"GO:0042113","B cell activation",1,1.55591681681247,0.00650184041764805
"GO:0016236","macroautophagy",1,-1.54576169795724,0.00390560307839916
"GO:0032496","response to lipopolysaccharide",1,1.53748272625014,0.00438251867789556
"GO:0071222","cellular response to lipopolysaccharide",1,1.56694073774236,0.012434269790369
"GO:0002237","response to molecule of bacterial origin",1,1.53890374739385,0.00437135301714479
"GO:0007005","mitochondrion organization",1,-1.54646557334236,0.00617239486184189
"GO:0015980","energy derivation by oxidation of organic compounds",1,-1.52262524590306,0.00690810091711134
"GO:0006091","generation of precursor metabolites and energy",1,-1.52899094901211,0.00386392436495572
"GO:0042129","regulation of T cell proliferation",1,1.52778105861089,0.0373993464708017
"GO:0002697","regulation of immune effector process",1,1.53563463222431,0.00396921227647856
"GO:0016241","regulation of macroautophagy",1,-1.50972462267748,0.032763234322029
"GO:0009060","aerobic respiration",1,-1.51478575749636,0.0258037570818526
"GO:1901293","nucleoside phosphate biosynthetic process",1,-1.51674228138716,0.0130593824016369
"GO:0045229","external encapsulating structure organization",1,1.52158495600346,0.00759034079248146
"GO:0043062","extracellular structure organization",1,1.52102756209642,0.00759034079248146
"GO:0030198","extracellular matrix organization",1,1.52370467396298,0.0066562095631912
"GO:0002181","cytoplasmic translation",1,-1.50780290097653,0.0344608389135607
"GO:0030099","myeloid cell differentiation",1,1.51319712425785,0.00524205153421652
"GO:0150063","visual system development",1,1.4927191403247,0.012849850559185
"GO:0002443","leukocyte mediated immunity",1,1.49899659962016,0.00505986408693509
"GO:0001906","cell killing",1,1.48347321853171,0.02768344266338
"GO:0007608","sensory perception of smell",1,1.49642294304426,0.00637847018376052
"GO:0043588","skin development",1,1.48387839896155,0.0234784838513768
"GO:0006457","protein folding",1,-1.48909587757803,0.0374627734209943
"GO:0002573","myeloid leukocyte differentiation",1,1.48052560020258,0.0337694907365842
"GO:0045333","cellular respiration",1,-1.48108394906517,0.0299876256102087
"GO:0050673","epithelial cell proliferation",1,1.45931170827286,0.010738981274912
"GO:0051251","positive regulation of lymphocyte activation",1,1.47057936569958,0.0114683180960139
"GO:0048193","Golgi vesicle transport",1,-1.45714922196596,0.0261163732096871
"GO:0010975","regulation of neuron projection development",1,-1.44075288189296,0.0227354482236752
"GO:0060326","cell chemotaxis",1,1.4616001355611,0.0189204534952744
"GO:0007018","microtubule-based movement",1,-1.44632578443023,0.0217136673813163
"GO:1903039","positive regulation of leukocyte cell-cell adhesion",1,1.43428310531524,0.0331029498311646
"GO:1902105","regulation of leukocyte differentiation",1,1.39270702200767,0.0389619556334488
"GO:0022409","positive regulation of cell-cell adhesion",1,1.42337611905719,0.0243789390357993
"GO:0032970","regulation of actin filament-based process",1,1.42755067155914,0.0116025881816105
"GO:1903131","mononuclear cell differentiation",1,1.36706501610113,0.0179196772402489
"GO:0010720","positive regulation of cell development",1,1.36099018719691,0.0334756325972807
"GO:0007159","leukocyte cell-cell adhesion",1,1.36011955417376,0.0276089770337031
"GO:0045785","positive regulation of cell adhesion",1,1.3744658197065,0.0140344245653004
"GO:0048729","tissue morphogenesis",1,1.34056739171772,0.0328824341345069
"GO:0072243","metanephric nephron epithelium development",0.95,1.73033095726089,0.0409889719302568
"GO:0002455","humoral immune response mediated by circulating immunoglobulin",0.95,1.72338838840873,0.039689564013817
"GO:0010324","membrane invagination",0.95,1.69129906313209,0.0362977660737361
"GO:1903146","regulation of autophagy of mitochondrion",0.95,-1.64655811430036,0.0326309311067096
"GO:0070536","protein K63-linked deubiquitination",0.95,-1.64903325399712,0.035963425170931
"GO:0046634","regulation of alpha-beta T cell activation",0.95,1.63525528737007,0.0296632036497617
"GO:0042407","cristae formation",0.95,-1.61624916750479,0.0345250929773923
"GO:0045621","positive regulation of lymphocyte differentiation",0.95,1.6039088515045,0.0308398664200045
"GO:0042098","T cell proliferation",0.95,1.52084609321968,0.0342812671274274
"GO:0000070","mitotic sister chromatid segregation",0.95,-1.50700163422314,0.0366868852657286
"GO:0033500","carbohydrate homeostasis",0.95,1.44787873676315,0.0395672189160408
"GO:0002449","lymphocyte mediated immunity",0.95,1.42190292268329,0.0343214155229512
"GO:0042176","regulation of protein catabolic process",0.95,-1.39591825719108,0.0382821919283601
"GO:0051249","regulation of lymphocyte activation",0.95,1.32430328332296,0.0335283883704095
"GO:0001819","positive regulation of cytokine production",0.95,1.3011249292098,0.0329606755769519
"GO:0060042","retina morphogenesis in camera-type eye",0.9,1.72492198655563,0.037918432183435
"GO:2000242","negative regulation of reproductive process",0.9,1.71465532483782,0.0332260174808991
"GO:0002430","complement receptor mediated signaling pathway",0.9,1.68620390013002,0.0354278672468523
"GO:0042100","B cell proliferation",0.9,1.65864846728994,0.0388596327207924
"GO:0071108","protein K48-linked deubiquitination",0.9,-1.63731679000598,0.0362706369374159
"GO:0002275","myeloid cell activation involved in immune response",0.9,1.62072390201588,0.0391755576933187
"GO:0097530","granulocyte migration",0.9,1.54384761252965,0.0378493162593844
"GO:0006888","endoplasmic reticulum to Golgi vesicle-mediated transport",0.9,-1.54229592891045,0.0417687337728607
"GO:0010970","transport along microtubule",0.9,-1.51065593853618,0.0398590147843772
"GO:0045637","regulation of myeloid cell differentiation",0.9,1.49226952780583,0.0407544196603433
"GO:0006958","complement activation, classical pathway",0.85,1.72973649684372,0.038812707441926
"GO:0099111","microtubule-based transport",0.85,-1.50771811617123,0.0392442525220325
"GO:0002768","immune response-regulating cell surface receptor signaling pathway",0.85,1.35370135021585,0.0347661238550045
"GO:0060541","respiratory system development",0.8,1.62649532129548,0.0429915941836053
"GO:0045622","regulation of T-helper cell differentiation",0.75,1.71756896409382,0.0467338089769601
"GO:0072170","metanephric tubule development",0.75,1.71604568054676,0.0418971143257973
"GO:0072234","metanephric nephron tubule development",0.75,1.71604568054676,0.0418971143257973
"GO:0002526","acute inflammatory response",0.75,1.5871780099726,0.0434382562467071
"GO:0022900","electron transport chain",0.75,-1.57963151886244,0.0392651654953115
"GO:1990138","neuron projection extension",0.75,-1.51698204352793,0.0439501228081314
"GO:0008015","blood circulation",0.75,1.28714311127326,0.0473454125408534
"GO:0098719","sodium ion import across plasma membrane",0.7,-1.63694567980912,0.0440952847572349
"GO:0006164","purine nucleotide biosynthetic process",0.7,-1.50348390143191,0.0443209467792231
"GO:0032956","regulation of actin cytoskeleton organization",0.7,1.35149051130403,0.0454659075954518
"GO:0048598","embryonic morphogenesis",0.7,1.34732219854283,0.0447024300689084
"GO:1903706","regulation of hemopoiesis",0.7,1.33542187922613,0.0442977343926222
"GO:0051650","establishment of vesicle localization",0.6,-1.48972283836877,0.0481712392640586
"GO:0002504","antigen processing and presentation of peptide or polysaccharide antigen via MHC class II",0.55,1.70688784782917,0.0495274972948315
"GO:0043030","regulation of macrophage activation",0.55,1.68271281504772,0.0495151070780295
"GO:0001763","morphogenesis of a branching structure",0.55,1.57496161111783,0.0475657719503798
"GO:0060041","retina development in camera-type eye",0.55,1.56209769931422,0.0482354835893681
"GO:0006446","regulation of translational initiation",0.55,-1.55905107578109,0.0494188534271632
"GO:0007584","response to nutrient",0.55,1.46813596403033,0.0492741987258355
"GO:0016049","cell growth",0.55,-1.36181741072578,0.0494593586782453
"GO:0007263","nitric oxide mediated signal transduction",0.5,1.69423125637284,0.0497183976076701
"GO:0071496","cellular response to external stimulus",0.5,1.61665412930437,0.0501349325688498
"GO:0071674","mononuclear cell migration",0.5,1.4425164076787,0.0501856811650561
"GO:0003018","vascular process in circulatory system",0.5,1.38127740172051,0.052136436516484
"GO:0050830","defense response to Gram-positive bacterium",0.45,1.58613646656127,0.0513599938758244
"GO:0045639","positive regulation of myeloid cell differentiation",0.45,1.5896041332567,0.0520654915571202
"GO:1903531","negative regulation of secretion by cell",0.45,1.51666876218209,0.0522038227870998
"GO:0032332","positive regulation of chondrocyte differentiation",0.4,1.66221235738378,0.0544370017951504
"GO:0042254","ribosome biogenesis",0.4,-1.43078369334311,0.0543050866794856
"GO:0071560","cellular response to transforming growth factor beta stimulus",0.4,1.39941829063511,0.0515662084946183
"GO:0048880","sensory system development",0.4,1.3641245208436,0.0536083367080881
"GO:0071260","cellular response to mechanical stimulus",0.35,1.60820272634325,0.0561605987870198
"GO:0032204","regulation of telomere maintenance",0.35,-1.54244441210492,0.0553590489640266
"GO:0031640","killing of cells of another organism",0.35,1.54420554775717,0.0543735564330064
"GO:0141061","disruption of cell in another organism",0.35,1.54420554775717,0.0543735564330064
"GO:0030183","B cell differentiation",0.35,1.51612530803939,0.0556039243015809
"GO:0030856","regulation of epithelial cell differentiation",0.35,1.51628148463673,0.0560235299839151
"GO:0010594","regulation of endothelial cell migration",0.35,1.45683646300347,0.053508434060646
"GO:0036293","response to decreased oxygen levels",0.35,1.36539580188819,0.0566136461189914
"GO:0001818","negative regulation of cytokine production",0.35,1.35884827003321,0.0538877667277384
"GO:0002577","regulation of antigen processing and presentation",0.3,1.69937714445669,0.0550710131568491
"GO:0032330","regulation of chondrocyte differentiation",0.3,1.68637183437138,0.0585180992295904
"GO:0021915","neural tube development",0.3,1.65009659543665,0.05595471148942
"GO:1901524","regulation of mitophagy",0.3,-1.6041707186511,0.0566049433586041
"GO:0045582","positive regulation of T cell differentiation",0.3,1.54838268876135,0.0564106226950964
"GO:0008217","regulation of blood pressure",0.3,1.43942250199139,0.055247431460048
"GO:0046636","negative regulation of alpha-beta T cell activation",0.25,1.69735222890076,0.059201920190159
"GO:0019646","aerobic electron transport chain",0.25,-1.5801069680796,0.0548937646329721
"GO:0006833","water transport",0.2,1.70135821446089,0.055878650943728
"GO:0032637","interleukin-8 production",0.2,1.58323267259776,0.0584553641655749
"GO:0032677","regulation of interleukin-8 production",0.2,1.58323267259776,0.0584553641655749
"GO:0007052","mitotic spindle organization",0.2,-1.52694122409709,0.055793825760022
"GO:1902850","microtubule cytoskeleton organization involved in mitosis",0.2,-1.48342497113407,0.0657760799426968
"GO:0001894","tissue homeostasis",0.2,1.41464805676971,0.0594156025979788
"GO:0060249","anatomical structure homeostasis",0.2,1.41464805676971,0.0594156025979788
"GO:0071559","response to transforming growth factor beta",0.2,1.37741064472338,0.0624139018958992
"GO:0001666","response to hypoxia",0.2,1.36470083514883,0.0614430192477163
"GO:0002495","antigen processing and presentation of peptide antigen via MHC class II",0.15,1.68702602724983,0.0629912019957767
"GO:0010669","epithelial structure maintenance",0.15,1.67393029570233,0.0653243201789209
"GO:0061900","glial cell activation",0.15,1.64682838326577,0.061228549429257
"GO:0030323","respiratory tube development",0.15,1.62185504325642,0.0570414723391791
"GO:0032757","positive regulation of interleukin-8 production",0.15,1.62638988003187,0.0601582931699572
"GO:0061844","antimicrobial humoral immune response mediated by antimicrobial peptide",0.15,1.51659876983549,0.0557702171231073
"GO:0050866","negative regulation of cell activation",0.15,1.4217512920796,0.0605083805393771
"GO:0051656","establishment of organelle localization",0.15,-1.37813816496355,0.0624067051595895
"GO:0050727","regulation of inflammatory response",0.15,1.29552824832058,0.0679324917969125
"GO:0006910","phagocytosis, recognition",0.1,1.69508367775119,0.0576533009883641
"GO:0090322","regulation of superoxide metabolic process",0.1,1.68159285240747,0.0618011950055393
"GO:0044331","cell-cell adhesion mediated by cadherin",0.1,1.64330650800351,0.0613410904218825
"GO:1903859","regulation of dendrite extension",0.1,-1.59330411353795,0.0633171799730708
"GO:0050764","regulation of phagocytosis",0.1,1.54737597166586,0.0614533058123984
"GO:0001909","leukocyte mediated cytotoxicity",0.1,1.49790513402628,0.0604747426775585
"GO:0007193","adenylate cyclase-inhibiting G protein-coupled receptor signaling pathway",0.1,1.52233292221165,0.071156430353448
"GO:0048667","cell morphogenesis involved in neuron differentiation",0.1,-1.3449726963445,0.0642029299766009
"GO:0050678","regulation of epithelial cell proliferation",0.1,1.33923470242489,0.0748553434267569
"GO:0071280","cellular response to copper ion",0.05,1.68456251277478,0.0708712929730952
"GO:0019886","antigen processing and presentation of exogenous peptide antigen via MHC class II",0.05,1.65459576865161,0.0717053549680495
"GO:0042130","negative regulation of T cell proliferation",0.05,1.6405050167572,0.0603828268921733
"GO:0030888","regulation of B cell proliferation",0.05,1.6184906999905,0.0690444534118758
"GO:0006801","superoxide metabolic process",0.05,1.60367090352823,0.0641378257085798
"GO:0001656","metanephros development",0.05,1.57719990590955,0.0679105989665024
"GO:0033108","mitochondrial respiratory chain complex assembly",0.05,-1.56501310392383,0.0794966881395734
"GO:0002262","myeloid cell homeostasis",0.05,1.50507455268212,0.0733931702542187
"GO:0031345","negative regulation of cell projection organization",0.05,-1.47267590066892,0.0671994241191058
"GO:0048588","developmental cell growth",0.05,-1.44645523633938,0.0656287580721333
"GO:0090150","establishment of protein localization to membrane",0.05,-1.41917936073188,0.0690838274884588
"GO:0009746","response to hexose",0.05,1.42211373795942,0.0743526962271019
"GO:0016050","vesicle organization",0.05,-1.37215169181426,0.0613982680144248
"GO:0046883","regulation of hormone secretion",0.05,1.37601048335399,0.0629320732927799
"GO:0043491","phosphatidylinositol 3-kinase/protein kinase B signal transduction",0.05,1.33909975999006,0.0744883301661462
"GO:0022407","regulation of cell-cell adhesion",0.05,1.25343349306578,0.072026644177224
"GO:2000515","negative regulation of CD4-positive, alpha-beta T cell activation",0,1.68516763869577,0.063418969422844
"GO:0043372","positive regulation of CD4-positive, alpha-beta T cell differentiation",0,1.6823564156722,0.0670738685142319
"GO:0032930","positive regulation of superoxide anion generation",0,1.65737813583852,0.0786112977638535
"GO:0014821","phasic smooth muscle contraction",0,1.62242982465422,0.0821804023816835
"GO:0030851","granulocyte differentiation",0,1.66432778087942,0.0765378206099937
"GO:0045577","regulation of B cell differentiation",0,1.66996283322066,0.0697325316603818
"GO:0036336","dendritic cell migration",0,1.64665111322149,0.0876408186916612
"GO:0045649","regulation of macrophage differentiation",0,1.64187508062247,0.088612067970268
"GO:0071731","response to nitric oxide",0,1.64609372063527,0.0768979654957415
"GO:0010544","negative regulation of platelet activation",0,1.59315988867191,0.102994289073719
"GO:0002765","immune response-inhibiting signal transduction",0,1.63059031571579,0.0956193814906202
"GO:0150146","cell junction disassembly",0,1.63322275380349,0.0757896164320357
"GO:0002922","positive regulation of humoral immune response",0,1.62898956615262,0.0893033325471311
"GO:0072010","glomerular epithelium development",0,1.65955236535516,0.0802316224648075
"GO:0009268","response to pH",0,1.62689536190948,0.0797558027794484
"GO:0032928","regulation of superoxide anion generation",0,1.65879894956504,0.0812473571668209
"GO:0048521","negative regulation of behavior",0,1.57944772215173,0.119132704162513
"GO:0035590","purinergic nucleotide receptor signaling pathway",0,1.5933474269745,0.10300136420478
"GO:0001841","neural tube formation",0,1.62029431650576,0.0935069889024062
"GO:2000516","positive regulation of CD4-positive, alpha-beta T cell activation",0,1.62213247773348,0.0871169520496911
"GO:0003044","regulation of systemic arterial blood pressure mediated by a chemical signal",0,1.57561700328175,0.0948468135822796
"GO:0032703","negative regulation of interleukin-2 production",0,1.60831476123061,0.109309404421623
"GO:0002767","immune response-inhibiting cell surface receptor signaling pathway",0,1.62210369226611,0.102780352399255
"GO:0006925","inflammatory cell apoptotic process",0,1.56580471327483,0.13385865287135
"GO:0035994","response to muscle stretch",0,1.60915000150122,0.107510162218303
"GO:0051145","smooth muscle cell differentiation",0,1.61788400384038,0.087790161932163
"GO:0018149","peptide cross-linking",0,1.61794319565604,0.0973928348173863
"GO:0006953","acute-phase response",0,1.61260595679853,0.0795703226171925
"GO:0015732","prostaglandin transport",0,1.63910198243476,0.0969384681223349
"GO:0046639","negative regulation of alpha-beta T cell differentiation",0,1.62732870992844,0.102709795617856
"GO:0038094","Fc-gamma receptor signaling pathway",0,1.62474374632585,0.0978243585627464
"GO:0002548","monocyte chemotaxis",0,1.58321907945223,0.0928797730522509
"GO:0014020","primary neural tube formation",0,1.59827838486288,0.119302964598906
"GO:0032816","positive regulation of natural killer cell activation",0,1.55335402184363,0.144278700195234
"GO:0003338","metanephros morphogenesis",0,1.62251596845029,0.107461557151947
"GO:0051014","actin filament severing",0,1.62994962856659,0.0901273922161327
"GO:0060688","regulation of morphogenesis of a branching structure",0,1.60069702993591,0.1007071879686
"GO:0015669","gas transport",0,1.550531591709,0.145642734009629
"GO:0043371","negative regulation of CD4-positive, alpha-beta T cell differentiation",0,1.6486997027487,0.0837148094177123
"GO:1903054","negative regulation of extracellular matrix organization",0,1.58321716178231,0.112196335015735
"GO:1903861","positive regulation of dendrite extension",0,-1.57389987921548,0.0763960757348511
"GO:0030852","regulation of granulocyte differentiation",0,1.59635770998359,0.120957456134378
"GO:0001843","neural tube closure",0,1.58480843002737,0.132940163510806
"GO:0060606","tube closure",0,1.58480843002737,0.132940163510806
"GO:0008347","glial cell migration",0,1.5825491654278,0.117263830924661
"GO:0001913","T cell mediated cytotoxicity",0,1.62357204351808,0.0885751678063623
"GO:0001562","response to protozoan",0,1.61397017785702,0.103167904375905
"GO:0042832","defense response to protozoan",0,1.61397017785702,0.103167904375905
"GO:0033003","regulation of mast cell activation",0,1.5372946301198,0.165996263313115
"GO:0002507","tolerance induction",0,1.58981350431711,0.131430144828187
"GO:0098801","regulation of renal system process",0,1.57737741824957,0.131633285215967
"GO:0010842","retina layer formation",0,1.63406351716442,0.0949910228600895
"GO:0001867","complement activation, lectin pathway",0,1.58461697948682,0.13130334448735
"GO:0009651","response to salt stress",0,1.58114623500185,0.131783819847691
"GO:0035886","vascular associated smooth muscle cell differentiation",0,1.60303697288314,0.120029260241648
"GO:0032892","positive regulation of organic acid transport",0,1.59764607872543,0.118510673477024
"GO:0042756","drinking behavior",0,1.52740213657758,0.173204348429182
"GO:0071312","cellular response to alkaloid",0,1.56683112101848,0.128388606918693
"GO:0010460","positive regulation of heart rate",0,1.57750230907688,0.14428912563197
"GO:0050919","negative chemotaxis",0,-1.56415590994016,0.0862574044047421
"GO:0150105","protein localization to cell-cell junction",0,1.58914319071293,0.134168224123921
"GO:0090231","regulation of spindle checkpoint",0,-1.5744740824312,0.0824968017179211
"GO:0048048","embryonic eye morphogenesis",0,1.58771105780784,0.134168224123921
"GO:0002031","G protein-coupled receptor internalization",0,1.55697505303042,0.14089939631145
"GO:0040037","negative regulation of fibroblast growth factor receptor signaling pathway",0,1.54476767672576,0.126216171366397
"GO:0051438","regulation of ubiquitin-protein transferase activity",0,1.59326391656681,0.118783144466462
"GO:0007031","peroxisome organization",0,-1.57030398305486,0.0891416804814902
"GO:0045842","positive regulation of mitotic metaphase/anaphase transition",0,-1.57659821371717,0.0673081543921775
"GO:0071385","cellular response to glucocorticoid stimulus",0,1.59946797041264,0.1033400422131
"GO:0045987","positive regulation of smooth muscle contraction",0,1.55104634131738,0.155417497148304
"GO:0090266","regulation of mitotic cell cycle spindle assembly checkpoint",0,-1.57599681641293,0.0765307618346832
"GO:1903504","regulation of mitotic spindle checkpoint",0,-1.57599681641293,0.0765307618346832
"GO:0071605","monocyte chemotactic protein-1 production",0,1.56855562529693,0.145710053314496
"GO:0071637","regulation of monocyte chemotactic protein-1 production",0,1.56855562529693,0.145710053314496
"GO:0046635","positive regulation of alpha-beta T cell activation",0,1.56125114273276,0.103260300122882
"GO:0033490","cholesterol biosynthetic process via lathosterol",0,-1.55323849132884,0.0899446171847788
"GO:0071732","cellular response to nitric oxide",0,1.55013505586844,0.147367321594722
"GO:1902170","cellular response to reactive nitrogen species",0,1.55013505586844,0.147367321594722
"GO:0032309","icosanoid secretion",0,1.5787252033057,0.111460476403165
"GO:0002182","cytoplasmic translational elongation",0,-1.5536377943053,0.100853802605449
"GO:0045662","negative regulation of myoblast differentiation",0,1.54295151697065,0.168894761661573
"GO:0072273","metanephric nephron morphogenesis",0,1.60745360659438,0.121694839406207
"GO:0042730","fibrinolysis",0,1.5613329419101,0.14668118960732
"GO:0031297","replication fork processing",0,-1.55578661960697,0.0812616649806902
"GO:0031643","positive regulation of myelination",0,1.58270854888453,0.130729254926664
"GO:0060586","multicellular organismal-level iron ion homeostasis",0,1.50758585090392,0.19334320572333
"GO:1902101","positive regulation of metaphase/anaphase transition of cell cycle",0,-1.57141221577085,0.073983577307594
"GO:0001662","behavioral fear response",0,1.54725319515598,0.157782262433643
"GO:0030150","protein import into mitochondrial matrix",0,-1.54636849623395,0.106394509250076
"GO:0030324","lung development",0,1.58113148202577,0.0763244142050445
"GO:0002183","cytoplasmic translational initiation",0,-1.57647984224084,0.0742394645723666
"GO:0044771","meiotic cell cycle phase transition",0,1.54171120586116,0.155432981441462
"GO:0099188","postsynaptic cytoskeleton organization",0,-1.54357382806667,0.092199245062585
"GO:0071384","cellular response to corticosteroid stimulus",0,1.50783595988271,0.142477676729686
"GO:0099022","vesicle tethering",0,-1.56756450733512,0.0824447277422284
"GO:0010447","response to acidic pH",0,1.55475180240779,0.150886361037832
"GO:0007595","lactation",0,1.55672660567062,0.149172594473603
"GO:0006026","aminoglycan catabolic process",0,1.56923401254707,0.139732059650781
"GO:0030277","maintenance of gastrointestinal epithelium",0,1.57323986563228,0.147485817481019
"GO:0071318","cellular response to ATP",0,1.54162593549436,0.164872003124163
"GO:0006903","vesicle targeting",0,-1.54290506036114,0.0853093258222702
"GO:0002029","desensitization of G protein-coupled receptor signaling pathway",0,1.49926796366215,0.201479843622335
"GO:0022401","negative adaptation of signaling pathway",0,1.49926796366215,0.201479843622335
"GO:0023058","adaptation of signaling pathway",0,1.49926796366215,0.201479843622335
"GO:0032206","positive regulation of telomere maintenance",0,-1.54164966438618,0.0791833670071949
"GO:0002792","negative regulation of peptide secretion",0,1.54178761745881,0.162912995237362
"GO:0090158","endoplasmic reticulum membrane organization",0,-1.56289825735251,0.0810732092324656
"GO:0033046","negative regulation of sister chromatid segregation",0,-1.54065334823306,0.0881240998968555
"GO:0033048","negative regulation of mitotic sister chromatid segregation",0,-1.54065334823306,0.0881240998968555
"GO:0045841","negative regulation of mitotic metaphase/anaphase transition",0,-1.54065334823306,0.0881240998968555
"GO:2000816","negative regulation of mitotic sister chromatid separation",0,-1.54065334823306,0.0881240998968555
"GO:0043032","positive regulation of macrophage activation",0,1.52901110178882,0.183107849146905
"GO:1903599","positive regulation of autophagy of mitochondrion",0,-1.53760345401539,0.117082991277719
"GO:0140354","lipid import into cell",0,1.54675864595979,0.166072636890441
"GO:1903053","regulation of extracellular matrix organization",0,1.5411410268159,0.117202045053704
"GO:0045624","positive regulation of T-helper cell differentiation",0,1.54824891194219,0.171841376761081
"GO:0070167","regulation of biomineral tissue development",0,1.52711484853768,0.0792634664138416
"GO:0050885","neuromuscular process controlling balance",0,1.54565484466859,0.169235598734574
"GO:0046688","response to copper ion",0,1.53312040419495,0.155920740059233
"GO:0048278","vesicle docking",0,-1.53873522957072,0.0861168508763852
"GO:0006099","tricarboxylic acid cycle",0,-1.54345934220364,0.104689375688921
"GO:0035909","aorta morphogenesis",0,1.54136283485254,0.178298826685423
"GO:0010499","proteasomal ubiquitin-independent protein catabolic process",0,-1.54917588712716,0.0924264436724472
"GO:0045623","negative regulation of T-helper cell differentiation",0,1.55965622251369,0.151969864214014
"GO:0051204","protein insertion into mitochondrial membrane",0,-1.52374984331139,0.128976900752967
"GO:0071806","protein transmembrane transport",0,-1.52776490804467,0.0891359650496952
"GO:0009111","vitamin catabolic process",0,1.55937211289883,0.152212442420195
"GO:0006901","vesicle coating",0,-1.52554101148174,0.132238891577946
"GO:0035904","aorta development",0,1.52433534652418,0.165384303795597
"GO:0002209","behavioral defense response",0,1.57999486271453,0.149924807047509
"GO:0045590","negative regulation of regulatory T cell differentiation",0,-1.52200611238774,0.113494045373033
"GO:0030224","monocyte differentiation",0,1.52241846867898,0.16818820104024
"GO:0071402","cellular response to lipoprotein particle stimulus",0,1.54274981644109,0.1512975309945
"GO:0033028","myeloid cell apoptotic process",0,1.51245777935268,0.197343164151268
"GO:0046902","regulation of mitochondrial membrane permeability",0,-1.53769146239974,0.102129517464691
"GO:0001787","natural killer cell proliferation",0,1.4806469081799,0.222492420572617
"GO:0051917","regulation of fibrinolysis",0,1.52956277020466,0.184942306303765
"GO:0009124","nucleoside monophosphate biosynthetic process",0,-1.53544882745482,0.107938825924207
"GO:0051591","response to cAMP",0,1.51378988010992,0.100382591357806
"GO:0000712","resolution of meiotic recombination intermediates",0,1.52648586973164,0.141373406620527
"GO:0086069","bundle of His cell to Purkinje myocyte communication",0,1.47747252259028,0.225881259964175
"GO:0032604","granulocyte macrophage colony-stimulating factor production",0,1.47664394199249,0.225995489303777
"GO:0032645","regulation of granulocyte macrophage colony-stimulating factor production",0,1.47664394199249,0.225995489303777
"GO:0071371","cellular response to gonadotropin stimulus",0,1.47642377549225,0.225995489303777
"GO:0006972","hyperosmotic response",0,1.51149176030042,0.193118822294252
"GO:0098930","axonal transport",0,-1.5324271276779,0.0897288906695522
"GO:0060766","negative regulation of androgen receptor signaling pathway",0,1.47601447761889,0.227222543239537
"GO:0061548","ganglion development",0,-1.53843615581224,0.104608963140699
"GO:0072384","organelle transport along microtubule",0,-1.53254415402517,0.0772736037745337
"GO:0071276","cellular response to cadmium ion",0,1.54555126110428,0.172263121566061
"GO:0046888","negative regulation of hormone secretion",0,1.52036190478066,0.13026919424052
"GO:0032790","ribosome disassembly",0,-1.52441157947183,0.128192011441285
"GO:0061138","morphogenesis of a branching epithelium",0,1.50554822233986,0.0900305559743088
"GO:0008630","intrinsic apoptotic signaling pathway in response to DNA damage",0,1.51309332069392,0.0876340049830143
"GO:0055094","response to lipoprotein particle",0,1.52371878462736,0.180564326631375
"GO:0006414","translational elongation",0,-1.5057460079823,0.11182091375135
"GO:0002761","regulation of myeloid leukocyte differentiation",0,1.52476812643477,0.0697061950988196
"GO:1902108","regulation of mitochondrial membrane permeability involved in apoptotic process",0,-1.51666605999244,0.131939930709857
"GO:0060317","cardiac epithelial to mesenchymal transition",0,1.52173543021724,0.182192446742797
"GO:0072376","protein activation cascade",0,1.50778889785669,0.178330279212038
"GO:0043252","sodium-independent organic anion transport",0,1.50296446121819,0.198867098393556
"GO:0039535","regulation of RIG-I signaling pathway",0,1.50594146888458,0.203679051450801
"GO:0007094","mitotic spindle assembly checkpoint signaling",0,-1.52604882753281,0.0995258172035
"GO:0071173","spindle assembly checkpoint signaling",0,-1.52604882753281,0.0995258172035
"GO:0071174","mitotic spindle checkpoint signaling",0,-1.52604882753281,0.0995258172035
"GO:0002396","MHC protein complex assembly",0,1.4997921061146,0.201683683169981
"GO:0002501","peptide antigen assembly with MHC protein complex",0,1.4997921061146,0.201683683169981
"GO:1903028","positive regulation of opsonization",0,1.51493791072646,0.204546818758815
"GO:0006900","vesicle budding from membrane",0,-1.48953698712335,0.0922498482268056
"GO:0072344","rescue of stalled cytosolic ribosome",0,-1.50850777004217,0.131033802608307
"GO:0098581","detection of external biotic stimulus",0,1.4906840237347,0.223456757162513
"GO:0009156","ribonucleoside monophosphate biosynthetic process",0,-1.52877007881061,0.108649392971235
"GO:0043031","negative regulation of macrophage activation",0,1.53177370198697,0.187912158667719
"GO:0009220","pyrimidine ribonucleotide biosynthetic process",0,-1.48843809340017,0.161350222436452
"GO:0034368","protein-lipid complex remodeling",0,1.4988342263035,0.157089334961868
"GO:0034369","plasma lipoprotein particle remodeling",0,1.4988342263035,0.157089334961868
"GO:0014002","astrocyte development",0,1.52060581518775,0.189213985097622
"GO:0043001","Golgi to plasma membrane protein transport",0,-1.49643532743825,0.142466506851114
"GO:0140058","neuron projection arborization",0,-1.50272815535036,0.13469023787541
"GO:0048534","hematopoietic or lymphoid organ development",0,1.51069161928138,0.153476078474162
"GO:0042311","vasodilation",0,1.50249661452937,0.172085205722167
"GO:0072311","glomerular epithelial cell differentiation",0,1.49369168642492,0.218560382583326
"GO:0051646","mitochondrion localization",0,-1.50793943612639,0.132269056139836
"GO:0044539","long-chain fatty acid import into cell",0,1.52495884527991,0.192568305657953
"GO:1904358","positive regulation of telomere maintenance via telomere lengthening",0,-1.48955084189245,0.167329832962057
"GO:0002468","dendritic cell antigen processing and presentation",0,1.47679716258908,0.216414718015271
"GO:1904262","negative regulation of TORC1 signaling",0,-1.49643712418774,0.150604446886913
"GO:1905517","macrophage migration",0,1.48645122497611,0.156508883195036
"GO:0006376","mRNA splice site recognition",0,1.50288344538168,0.221444533608777
"GO:0071621","granulocyte chemotaxis",0,1.49312502398221,0.0869255993063973
"GO:0003073","regulation of systemic arterial blood pressure",0,1.48331549770838,0.102516100542623
"GO:0006479","protein methylation",0,-1.51346558116177,0.132292516341162
"GO:0008213","protein alkylation",0,-1.51346558116177,0.132292516341162
"GO:0032695","negative regulation of interleukin-12 production",0,1.50203973195053,0.223444827911532
"GO:2001185","regulation of CD8-positive, alpha-beta T cell activation",0,1.49885206859156,0.216399361217147
"GO:0043616","keratinocyte proliferation",0,1.50553475904124,0.159468880894053
"GO:0034372","very-low-density lipoprotein particle remodeling",0,1.44871310492273,0.271978629298844
"GO:0071404","cellular response to low-density lipoprotein particle stimulus",0,1.50155535041704,0.204613760436311
"GO:0061951","establishment of protein localization to plasma membrane",0,-1.49488158954466,0.121677526672566
"GO:0150076","neuroinflammatory response",0,1.49908630644003,0.11412568074529
"GO:0032212","positive regulation of telomere maintenance via telomerase",0,-1.48369094950378,0.169080733638032
"GO:0034384","high-density lipoprotein particle clearance",0,1.47191986084777,0.220428077934786
"GO:2000134","negative regulation of G1/S transition of mitotic cell cycle",0,1.47404332496956,0.169699676084911
"GO:1902074","response to salt",0,1.51682831056948,0.196297456134034
"GO:2000010","positive regulation of protein localization to cell surface",0,1.49763977978065,0.229215568508333
"GO:0043248","proteasome assembly",0,-1.50404306790418,0.13275362195527
"GO:0045839","negative regulation of mitotic nuclear division",0,-1.50000622945654,0.116826275655835
"GO:0033280","response to vitamin D",0,1.48881235170899,0.180683989449635
"GO:0050886","endocrine process",0,1.49314141991515,0.0919521062899615
"GO:0010833","telomere maintenance via telomere lengthening",0,-1.50284792405171,0.114620509997203
"GO:1901970","positive regulation of mitotic sister chromatid separation",0,-1.47944553493865,0.161423714197203
"GO:0061756","leukocyte adhesion to vascular endothelial cell",0,1.48694521207047,0.157834243599276
"GO:0008089","anterograde axonal transport",0,-1.49630983735532,0.141126377644512
"GO:0008228","opsonization",0,1.53536340653796,0.196019884189523
"GO:0042596","fear response",0,1.53522410126153,0.196019884189523
"GO:0032786","positive regulation of DNA-templated transcription, elongation",0,-1.4913747720585,0.130330297717734
"GO:0045589","regulation of regulatory T cell differentiation",0,-1.48473082494355,0.16148623797721
"GO:0045005","DNA-templated DNA replication maintenance of fidelity",0,-1.4909707604428,0.131154571110648
"GO:0090278","negative regulation of peptide hormone secretion",0,1.48090714103656,0.212117012835421
"GO:0035809","regulation of urine volume",0,1.43985371487915,0.282459707043853
"GO:0030513","positive regulation of BMP signaling pathway",0,1.49010336904832,0.228038572708156
"GO:0007032","endosome organization",0,-1.48928793343681,0.0954673573782752
"GO:1902686","mitochondrial outer membrane permeabilization involved in programmed cell death",0,-1.49980653845345,0.14886730287815
"GO:0099550","trans-synaptic signaling, modulating synaptic transmission",0,1.47189883850617,0.232103469342869
"GO:0042220","response to cocaine",0,1.50711897511249,0.147181133579242
"GO:0061318","renal filtration cell differentiation",0,1.48421433804525,0.230910967562362
"GO:0072112","podocyte differentiation",0,1.48421433804525,0.230910967562362
"GO:0072074","kidney mesenchyme development",0,1.50623726719684,0.220903818518679
"GO:0016126","sterol biosynthetic process",0,-1.49489400020395,0.130517427306358
"GO:0008637","apoptotic mitochondrial changes",0,-1.49738154187863,0.0853879033367788
"GO:0033631","cell-cell adhesion mediated by integrin",0,1.48387376676579,0.212989843452696
"GO:0140056","organelle localization by membrane tethering",0,-1.47422207699516,0.129735798904522
"GO:1902774","late endosome to lysosome transport",0,-1.46137596307813,0.198594042567616
"GO:0001936","regulation of endothelial cell proliferation",0,1.47379235309101,0.0764884844155725
"GO:0008643","carbohydrate transport",0,1.4817318922767,0.0888799795689029
"GO:0034219","carbohydrate transmembrane transport",0,1.4817318922767,0.0888799795689029
"GO:0032613","interleukin-10 production",0,1.4857791492936,0.15215613346654
"GO:0032653","regulation of interleukin-10 production",0,1.4857791492936,0.15215613346654
"GO:0002223","stimulatory C-type lectin receptor signaling pathway",0,1.5008059938521,0.212994368549125
"GO:1990840","response to lectin",0,1.5008059938521,0.212994368549125
"GO:1990858","cellular response to lectin",0,1.5008059938521,0.212994368549125
"GO:0045061","thymic T cell selection",0,-1.47851300491903,0.169301880125931
"GO:0034370","triglyceride-rich lipoprotein particle remodeling",0,1.50212942736636,0.226108892004694
"GO:0048754","branching morphogenesis of an epithelial tube",0,1.46275142605818,0.125467462359024
"GO:0034367","protein-containing complex remodeling",0,1.50784299859431,0.163719400835096
"GO:0006968","cellular defense response",0,1.47779906380901,0.196846932558315
"GO:0033273","response to vitamin",0,1.46630485505682,0.1107021898887
"GO:0051784","negative regulation of nuclear division",0,-1.48382326614705,0.131322064681416
"GO:0034502","protein localization to chromosome",0,-1.47339249001345,0.133563911157604
"GO:0060425","lung morphogenesis",0,1.4290716857116,0.303689287857801
"GO:0032095","regulation of response to food",0,1.47958490783299,0.23648504747851
"GO:0002220","innate immune response activating cell surface receptor signaling pathway",0,1.47867165225466,0.100633325872258
"GO:0070168","negative regulation of biomineral tissue development",0,1.46244282802354,0.247154106879946
"GO:0022406","membrane docking",0,-1.48777284869266,0.111908828123569
"GO:0046683","response to organophosphorus",0,1.48139667780246,0.0707921824622742
"GO:1903027","regulation of opsonization",0,1.49840354691738,0.226925443484431
"GO:0001774","microglial cell activation",0,1.50464557268588,0.16670578199453
"GO:0002269","leukocyte activation involved in inflammatory response",0,1.50464557268588,0.16670578199453
"GO:1901526","positive regulation of mitophagy",0,-1.48534319056864,0.162341796825196
"GO:0032722","positive regulation of chemokine production",0,1.45546126781363,0.173225379355214
"GO:0090232","positive regulation of spindle checkpoint",0,-1.4656883236609,0.204653107928656
"GO:0090267","positive regulation of mitotic cell cycle spindle assembly checkpoint",0,-1.4656883236609,0.204653107928656
"GO:0051481","negative regulation of cytosolic calcium ion concentration",0,1.49761221262716,0.226925443484431
"GO:0060080","inhibitory postsynaptic potential",0,-1.4848913876377,0.162341796825196
"GO:0160165","CD8-positive, alpha-beta T cell homeostasis",0,-1.47132242181424,0.180745595729299
"GO:0002399","MHC class II protein complex assembly",0,1.46428328759329,0.245887849164078
"GO:0002503","peptide antigen assembly with MHC class II protein complex",0,1.46428328759329,0.245887849164078
"GO:0050909","sensory perception of taste",0,1.45952893972605,0.179461201894028
"GO:0060324","face development",0,1.45466145211317,0.268059252140594
"GO:0006120","mitochondrial electron transport, NADH to ubiquinone",0,-1.4646209172122,0.182377856918394
"GO:1904994","regulation of leukocyte adhesion to vascular endothelial cell",0,1.46389923283693,0.228150611746948
"GO:0016226","iron-sulfur cluster assembly",0,-1.46193073345914,0.213074978105174
"GO:0031163","metallo-sulfur cluster assembly",0,-1.46193073345914,0.213074978105174
"GO:0007340","acrosome reaction",0,-1.46655279298752,0.209705038365553
"GO:1901978","positive regulation of cell cycle checkpoint",0,-1.45745407734896,0.20508815792299
"GO:0043279","response to alkaloid",0,1.45307712700998,0.1311280195792
"GO:0000959","mitochondrial RNA metabolic process",0,-1.46600949071519,0.152663934535955
"GO:0002407","dendritic cell chemotaxis",0,1.46039949971495,0.25548369357332
"GO:0002091","negative regulation of receptor internalization",0,-1.47645695703927,0.175909383289318
"GO:1902110","positive regulation of mitochondrial membrane permeability involved in apoptotic process",0,-1.45592141968486,0.20508815792299
"GO:2000179","positive regulation of neural precursor cell proliferation",0,1.48478765663049,0.203585054039931
"GO:0042531","positive regulation of tyrosine phosphorylation of STAT protein",0,1.45996828902851,0.233288343073276
"GO:0033489","cholesterol biosynthetic process via desmosterol",0,-1.47593628347495,0.172916753541258
"GO:0001963","synaptic transmission, dopaminergic",0,1.45182033993117,0.285130138387517
"GO:0035050","embryonic heart tube development",0,1.47184760243398,0.163513503263085
"GO:0048593","camera-type eye morphogenesis",0,1.46697566147629,0.133464727944288
"GO:0070585","protein localization to mitochondrion",0,-1.47201340633363,0.082156349123533
"GO:0048813","dendrite morphogenesis",0,-1.46148892788787,0.0986589007661819
"GO:0032303","regulation of icosanoid secretion",0,1.4898175666673,0.199813551904996
"GO:1904356","regulation of telomere maintenance via telomere lengthening",0,-1.46265881672397,0.171869318621511
"GO:0070936","protein K48-linked ubiquitination",0,-1.47055314550014,0.105807267180437
"GO:0006695","cholesterol biosynthetic process",0,-1.44758878285958,0.165467890809686
"GO:1902653","secondary alcohol biosynthetic process",0,-1.44758878285958,0.165467890809686
"GO:0072537","fibroblast activation",0,1.41456120217843,0.322115942342089
"GO:0009148","pyrimidine nucleoside triphosphate biosynthetic process",0,-1.47090928519817,0.18042199628652
"GO:0010762","regulation of fibroblast migration",0,1.45410822569684,0.238915890801596
"GO:0072009","nephron epithelium development",0,1.47805828989794,0.0914759375811222
"GO:0009147","pyrimidine nucleoside triphosphate metabolic process",0,-1.4700922784351,0.183096148046977
"GO:0001508","action potential",0,-1.45502384649874,0.0770861106106973
"GO:0048814","regulation of dendrite morphogenesis",0,-1.45779656693034,0.15618891777082
"GO:0008053","mitochondrial fusion",0,-1.46912875872202,0.188921500478092
"GO:0015874","norepinephrine transport",0,1.4616107748102,0.25904446627011
"GO:0002062","chondrocyte differentiation",0,1.4484774851862,0.145191949977751
"GO:0043473","pigmentation",0,-1.46539081368258,0.125724259986213
"GO:0034101","erythrocyte homeostasis",0,1.44957827075909,0.106447203413419
"GO:0048208","COPII vesicle coating",0,-1.43718263397423,0.25364838492635
"GO:0051447","negative regulation of meiotic cell cycle",0,1.40688068103313,0.318196755820677
"GO:0042359","vitamin D metabolic process",0,1.4363491309443,0.30706092321916
"GO:0030218","erythrocyte differentiation",0,1.45101840749762,0.120457316591461
"GO:0048490","anterograde synaptic vesicle transport",0,-1.46642637953475,0.207505176879799
"GO:0099514","synaptic vesicle cytoskeletal transport",0,-1.46642637953475,0.207505176879799
"GO:0099517","synaptic vesicle transport along microtubule",0,-1.46642637953475,0.207505176879799
"GO:0010875","positive regulation of cholesterol efflux",0,1.46834638511501,0.240062536515057
"GO:1903587","regulation of blood vessel endothelial cell proliferation involved in sprouting angiogenesis",0,1.40523400163063,0.318508461306128
"GO:0099149","regulation of postsynaptic neurotransmitter receptor internalization",0,-1.46552728840458,0.189749353262932
"GO:1903975","regulation of glial cell migration",0,1.42873895218611,0.302556400733955
"GO:0006221","pyrimidine nucleotide biosynthetic process",0,-1.461576944743,0.199891271056639
"GO:1903429","regulation of cell maturation",0,1.43880579325453,0.289291796267624
"GO:2000353","positive regulation of endothelial cell apoptotic process",0,1.45054618278296,0.282637858589804
"GO:0006891","intra-Golgi vesicle-mediated transport",0,-1.44220806537622,0.234637062968283
"GO:0047496","vesicle transport along microtubule",0,-1.44901570178408,0.213722159594525
"GO:1904996","positive regulation of leukocyte adhesion to vascular endothelial cell",0,1.45099195893098,0.270314867408819
"GO:1903902","positive regulation of viral life cycle",0,-1.42977074633718,0.26447061489759
"GO:0032107","regulation of response to nutrient levels",0,1.44096970989887,0.24093911243884
"GO:0048596","embryonic camera-type eye morphogenesis",0,1.40071058546794,0.325173333196441
"GO:0003014","renal system process",0,1.45114242364054,0.0897241817749367
"GO:0060071","Wnt signaling pathway, planar cell polarity pathway",0,1.46084972991164,0.21328348400786
"GO:0002920","regulation of humoral immune response",0,1.43803744628606,0.222817407129844
"GO:0086010","membrane depolarization during action potential",0,-1.45008823955924,0.2138799507222
"GO:0090102","cochlea development",0,-1.441679292785,0.244268537560021
"GO:0006879","intracellular iron ion homeostasis",0,1.45316861986526,0.155013208621103
"GO:0035794","positive regulation of mitochondrial membrane permeability",0,-1.44399377069573,0.22263808458252
"GO:0000045","autophagosome assembly",0,-1.42860932017364,0.14856429911531
"GO:0098884","postsynaptic neurotransmitter receptor internalization",0,-1.44910185226731,0.21455366774553
"GO:0099590","neurotransmitter receptor internalization",0,-1.44910185226731,0.21455366774553
"GO:0140239","postsynaptic endocytosis",0,-1.44910185226731,0.21455366774553
"GO:0031076","embryonic camera-type eye development",0,1.44483894224913,0.290351011897518
"GO:2000319","regulation of T-helper 17 cell differentiation",0,1.44656300043215,0.246003186141401
"GO:0015908","fatty acid transport",0,1.45732871265022,0.0992095000159737
"GO:0001912","positive regulation of leukocyte mediated cytotoxicity",0,1.40376028057797,0.225683330868615
"GO:0098974","postsynaptic actin cytoskeleton organization",0,-1.44148382974872,0.222379660771596
"GO:0061003","positive regulation of dendritic spine morphogenesis",0,-1.45686546374181,0.219208221443577
"GO:0032890","regulation of organic acid transport",0,1.43081515483506,0.187859345947012
"GO:0097345","mitochondrial outer membrane permeabilization",0,-1.43365565366966,0.249509238829037
"GO:0035973","aggrephagy",0,-1.4329316892537,0.249096140465783
"GO:2000648","positive regulation of stem cell proliferation",0,1.43364343528611,0.288693295268416
"GO:0051783","regulation of nuclear division",0,-1.43750329221952,0.0980816998980919
"GO:0033032","regulation of myeloid cell apoptotic process",0,1.46355525688468,0.271630172389794
"GO:0045655","regulation of monocyte differentiation",0,1.44376822420671,0.297376964323692
"GO:0007004","telomere maintenance via telomerase",0,-1.4391725605495,0.182367818039555
"GO:0043173","nucleotide salvage",0,-1.45425442875605,0.201766407975249
"GO:0008045","motor neuron axon guidance",0,-1.45381965497726,0.227726803685278
"GO:1905954","positive regulation of lipid localization",0,1.42899380160485,0.140789207374427
"GO:0033555","multicellular organismal response to stress",0,1.47390285894127,0.173656175660242
"GO:2000047","regulation of cell-cell adhesion mediated by cadherin",0,1.46229629707156,0.275398377765959
"GO:0071826","protein-RNA complex organization",0,-1.43912181488302,0.0749969391332415
"GO:0140353","lipid export from cell",0,1.43210107375672,0.229837324897316
"GO:0051150","regulation of smooth muscle cell differentiation",0,1.40715142012087,0.303104520116945
"GO:2000106","regulation of leukocyte apoptotic process",0,1.45506200860068,0.165946387962538
"GO:0002690","positive regulation of leukocyte chemotaxis",0,1.42771331415689,0.141058125737074
"GO:0019883","antigen processing and presentation of endogenous antigen",0,1.45297026267068,0.256482380135454
"GO:0036196","zymosterol metabolic process",0,-1.43445914868711,0.233148017165835
"GO:0036197","zymosterol biosynthetic process",0,-1.43445914868711,0.233148017165835
"GO:0051384","response to glucocorticoid",0,1.43759063985324,0.0976172051429186
"GO:0051654","establishment of mitochondrion localization",0,-1.43557407287615,0.232924630213269
"GO:0048706","embryonic skeletal system development",0,1.45938928678666,0.152837830150217
"GO:0031146","SCF-dependent proteasomal ubiquitin-dependent protein catabolic process",0,-1.43606155474265,0.147706362266759
"GO:1902624","positive regulation of neutrophil migration",0,1.40268173902281,0.312195171960738
"GO:0033059","cellular pigmentation",0,-1.44627154783146,0.175794444115982
"GO:0001101","response to acid chemical",0,1.44555590390788,0.12356284683892
"GO:0090207","regulation of triglyceride metabolic process",0,1.42567121708492,0.250510460605366
"GO:0090329","regulation of DNA-templated DNA replication",0,-1.43420136617452,0.230987971425153
"GO:2000573","positive regulation of DNA biosynthetic process",0,-1.45344855282701,0.185430654199502
"GO:0006641","triglyceride metabolic process",0,1.45429109715089,0.126313707534467
"GO:0090494","dopamine uptake",0,1.45534297769095,0.290033704069425
"GO:0003382","epithelial cell morphogenesis",0,1.42494566079867,0.290706385481038
"GO:0006884","cell volume homeostasis",0,1.43646200816504,0.270649851742867
"GO:0033146","regulation of intracellular estrogen receptor signaling pathway",0,-1.42122049256942,0.257893565550836
"GO:1902410","mitotic cytokinetic process",0,-1.45398429915388,0.187862748517502
"GO:0014074","response to purine-containing compound",0,1.43899207939091,0.0760857602829785
"GO:0060560","developmental growth involved in morphogenesis",0,-1.43041223212599,0.0804526610071035
"GO:0072378","blood coagulation, fibrin clot formation",0,1.43402445534016,0.282927928608231
"GO:1903441","protein localization to ciliary membrane",0,-1.42742836525025,0.239224080712391
"GO:0051648","vesicle localization",0,-1.43313085907749,0.072748329590417
"GO:0001990","regulation of systemic arterial blood pressure by hormone",0,1.45845249288448,0.209057111086902
"GO:0071320","cellular response to cAMP",0,1.46329964866335,0.181973121620211
"GO:0002825","regulation of T-helper 1 type immune response",0,1.44592581081012,0.239022793156839
"GO:1903978","regulation of microglial cell activation",0,1.41697769122549,0.316656171681247
"GO:0048002","antigen processing and presentation of peptide antigen",0,1.43405826569339,0.199224862852979
"GO:0009566","fertilization",0,-1.43174931296649,0.107258676843291
"GO:0051131","chaperone-mediated protein complex assembly",0,-1.41752409789919,0.254384456866441
"GO:0045672","positive regulation of osteoclast differentiation",0,1.42939477630489,0.308213135700035
"GO:2001252","positive regulation of chromosome organization",0,-1.42324928446157,0.150877457700152
"GO:0099518","vesicle cytoskeletal trafficking",0,-1.42715375281524,0.223432541575978
"GO:0050869","negative regulation of B cell activation",0,1.41279559463633,0.321927784934434
"GO:1905521","regulation of macrophage migration",0,1.41763839560453,0.233093690951724
"GO:0022612","gland morphogenesis",0,1.46920800228273,0.267801727596244
"GO:0140467","integrated stress response signaling",0,1.3852289893756,0.240810762543782
"GO:0061515","myeloid cell development",0,1.38486972291759,0.240810762543782
"GO:0050871","positive regulation of B cell activation",0,1.43988504918541,0.186751641460373
"GO:1902600","proton transmembrane transport",0,-1.42295331572782,0.0961170288949342
"GO:0009141","nucleoside triphosphate metabolic process",0,-1.42377077778584,0.074068709341974
"GO:0007029","endoplasmic reticulum organization",0,-1.43558241719625,0.18672032408576
"GO:0050432","catecholamine secretion",0,1.41661958994829,0.242767039653571
"GO:0030502","negative regulation of bone mineralization",0,1.44988340338087,0.28706751531257
"GO:1901201","regulation of extracellular matrix assembly",0,1.40084280902208,0.335038123298327
"GO:0030216","keratinocyte differentiation",0,1.41560273482717,0.0997160240066129
"GO:1904019","epithelial cell apoptotic process",0,1.42326251738193,0.243899590378246
"GO:0032438","melanosome organization",0,-1.42485945274425,0.238130634849794
"GO:0048753","pigment granule organization",0,-1.42485945274425,0.238130634849794
"GO:0006862","nucleotide transport",0,-1.41576938581768,0.241991761928084
"GO:0072528","pyrimidine-containing compound biosynthetic process",0,-1.39916494777261,0.254698499305129
"GO:0010714","positive regulation of collagen metabolic process",0,1.40528125600339,0.322015148389922
"GO:0032967","positive regulation of collagen biosynthetic process",0,1.40528125600339,0.322015148389922
"GO:0019373","epoxygenase P450 pathway",0,1.42080068737083,0.320735542812853
"GO:1901976","regulation of cell cycle checkpoint",0,-1.43692308776424,0.205221209807614
"GO:0006278","RNA-templated DNA biosynthetic process",0,-1.40581920012993,0.225890670050434
"GO:0044872","lipoprotein localization",0,-1.40999746353166,0.275015309031863
"GO:0015919","peroxisomal membrane transport",0,-1.40710641478964,0.27427257243012
"GO:0043574","peroxisomal transport",0,-1.40710641478964,0.27427257243012
"GO:0010837","regulation of keratinocyte proliferation",0,1.38633707265951,0.325668639277785
"GO:0061450","trophoblast cell migration",0,1.41032750760795,0.317356844697161
"GO:0006515","protein quality control for misfolded or incompletely synthesized proteins",0,-1.41733821114857,0.252408185464002
"GO:0042537","benzene-containing compound metabolic process",0,1.3712036989874,0.355834989843972
"GO:0045651","positive regulation of macrophage differentiation",0,1.41981721499241,0.320080210620316
"GO:0042753","positive regulation of circadian rhythm",0,-1.42983291138293,0.260243277235841
"GO:1902992","negative regulation of amyloid precursor protein catabolic process",0,-1.40665678044495,0.268461489214298
"GO:1902412","regulation of mitotic cytokinesis",0,-1.40780174474282,0.279043113285257
"GO:0002444","myeloid leukocyte mediated immunity",0,1.43489573518916,0.128140287216408
"GO:0030511","positive regulation of transforming growth factor beta receptor signaling pathway",0,1.40444879753816,0.30732196172853
"GO:1903846","positive regulation of cellular response to transforming growth factor beta stimulus",0,1.40444879753816,0.30732196172853
"GO:0010821","regulation of mitochondrion organization",0,-1.4087441041632,0.149924683777813
"GO:1905330","regulation of morphogenesis of an epithelium",0,1.4110997892568,0.22424104799509
"GO:0010596","negative regulation of endothelial cell migration",0,1.4195485916519,0.215560878326015
"GO:1905818","regulation of chromosome separation",0,-1.41803264501303,0.154710743010817
"GO:0051304","chromosome separation",0,-1.41693804213717,0.166349755656187
"GO:1901673","regulation of mitotic spindle assembly",0,-1.39419239437578,0.291311581913317
"GO:0002886","regulation of myeloid leukocyte mediated immunity",0,1.43253377209124,0.20670548972224
"GO:0032096","negative regulation of response to food",0,1.43342496866233,0.312929751080355
"GO:0032099","negative regulation of appetite",0,1.43342496866233,0.312929751080355
"GO:0032108","negative regulation of response to nutrient levels",0,1.43342496866233,0.312929751080355
"GO:0010658","striated muscle cell apoptotic process",0,-1.38648638012616,0.279803092048164
"GO:0050433","regulation of catecholamine secretion",0,1.40702164569687,0.2644720666294
"GO:0007589","body fluid secretion",0,1.41323520396665,0.205637196598795
"GO:0032098","regulation of appetite",0,1.40248686302075,0.319481772701185
"GO:2000104","negative regulation of DNA-templated DNA replication",0,-1.41132790699544,0.267748666091072
"GO:1905037","autophagosome organization",0,-1.40536542988142,0.165880837617602
"GO:0031343","positive regulation of cell killing",0,1.40470634278448,0.215216180187195
"GO:0070293","renal absorption",0,1.41940607387841,0.261282759593751
"GO:0006361","transcription initiation at RNA polymerase I promoter",0,-1.39087332356382,0.293126855996938
"GO:2001212","regulation of vasculogenesis",0,1.39168415429102,0.337741180760072
"GO:0048639","positive regulation of developmental growth",0,-1.40834054468667,0.136557313291992
"GO:0032693","negative regulation of interleukin-10 production",0,1.4082677376707,0.325040440275739
"GO:0018212","peptidyl-tyrosine modification",0,1.38380266243124,0.130258793514696
"GO:0002224","toll-like receptor signaling pathway",0,1.40988089498042,0.179767275340167
"GO:0043534","blood vessel endothelial cell migration",0,1.38416680542855,0.132201862442158
"GO:0090199","regulation of release of cytochrome c from mitochondria",0,-1.41369080826249,0.242195816326434
"GO:0030890","positive regulation of B cell proliferation",0,1.41745405052067,0.263452704345178
"GO:0006656","phosphatidylcholine biosynthetic process",0,-1.39574525861838,0.289470422223078
"GO:1903998","regulation of eating behavior",0,1.42849061009131,0.31542178282483
"GO:0070665","positive regulation of leukocyte proliferation",0,1.39952558551768,0.10447818487999
"GO:1905063","regulation of vascular associated smooth muscle cell differentiation",0,1.3970988450243,0.329486425354769
"GO:0001910","regulation of leukocyte mediated cytotoxicity",0,1.39103482902005,0.176321472076163
"GO:0021515","cell differentiation in spinal cord",0,1.36026522281814,0.364738256451644
"GO:0051788","response to misfolded protein",0,-1.41550269287204,0.264991130007081
"GO:1990166","protein localization to site of double-strand break",0,-1.40771453676173,0.27382195611415
"GO:0009409","response to cold",0,1.37324153710801,0.332592099991473
"GO:0046633","alpha-beta T cell proliferation",0,1.40616814126208,0.316017008482623
"GO:0001937","negative regulation of endothelial cell proliferation",0,1.41095752426056,0.250516033993296
"GO:0019730","antimicrobial humoral response",0,1.42997049393044,0.0691561460488078
"GO:0010257","NADH dehydrogenase complex assembly",0,-1.40598117381157,0.271384174719548
"GO:0032981","mitochondrial respiratory chain complex I assembly",0,-1.40598117381157,0.271384174719548
"GO:0042274","ribosomal small subunit biogenesis",0,-1.40585741829614,0.199460963961193
"GO:0007338","single fertilization",0,-1.40049754405011,0.154401541055483
"GO:0006386","termination of RNA polymerase III transcription",0,-1.41187635389245,0.267783465894963
"GO:0060142","regulation of syncytium formation by plasma membrane fusion",0,1.3883501574229,0.245876867939667
"GO:0007260","tyrosine phosphorylation of STAT protein",0,1.39380812099097,0.26532931929498
"GO:0034643","establishment of mitochondrion localization, microtubule-mediated",0,-1.40340703278954,0.273266594048502
"GO:0047497","mitochondrion transport along microtubule",0,-1.40340703278954,0.273266594048502
"GO:0051043","regulation of membrane protein ectodomain proteolysis",0,1.38758776227802,0.339932032881435
"GO:0050773","regulation of dendrite development",0,-1.40164173444506,0.183041703262677
"GO:0039529","RIG-I signaling pathway",0,1.40303454318687,0.329310650606897
"GO:2000300","regulation of synaptic vesicle exocytosis",0,-1.41928971312392,0.228834690209876
"GO:0071786","endoplasmic reticulum tubular network organization",0,-1.39018789364365,0.287650510826878
"GO:1901379","regulation of potassium ion transmembrane transport",0,-1.40200190132519,0.234005386381175
"GO:0006607","NLS-bearing protein import into nucleus",0,-1.4088457336096,0.268531769473613
"GO:0044088","regulation of vacuole organization",0,-1.41534246026789,0.231798585681041
"GO:1903909","regulation of receptor clustering",0,1.37628147625257,0.357439920007287
"GO:0072522","purine-containing compound biosynthetic process",0,-1.39262441239114,0.0944886776155724
"GO:0018108","peptidyl-tyrosine phosphorylation",0,1.39027163464687,0.124259088927854
"GO:0030808","regulation of nucleotide biosynthetic process",0,-1.40838869776605,0.277621568791625
"GO:1900371","regulation of purine nucleotide biosynthetic process",0,-1.40838869776605,0.277621568791625
"GO:0032210","regulation of telomere maintenance via telomerase",0,-1.39397724851058,0.256406195641172
"GO:0140719","constitutive heterochromatin formation",0,1.40395274730468,0.230959346635126
"GO:0009130","pyrimidine nucleoside monophosphate biosynthetic process",0,-1.40727106119528,0.277621568791625
"GO:0031670","cellular response to nutrient",0,1.40160736591449,0.235773022322168
"GO:0006893","Golgi to plasma membrane transport",0,-1.39709703096425,0.229822350808321
"GO:0048638","regulation of developmental growth",0,-1.39424127275442,0.0956736423715717
"GO:0006403","RNA localization",0,-1.39663501304132,0.0986592727943635
"GO:1900452","regulation of long-term synaptic depression",0,1.42144472706054,0.323624115079477
"GO:0006363","termination of RNA polymerase I transcription",0,-1.39835338457254,0.279609268205554
"GO:0048485","sympathetic nervous system development",0,-1.4053980705766,0.277869380003086
"GO:0098876","vesicle-mediated transport to the plasma membrane",0,-1.40447905300011,0.126736813859207
"GO:0043038","amino acid activation",0,-1.38444317309553,0.302612628007365
"GO:0043039","tRNA aminoacylation",0,-1.38444317309553,0.302612628007365
"GO:0000963","mitochondrial RNA processing",0,-1.39194734295376,0.294328134422454
"GO:0043414","macromolecule methylation",0,-1.3980381765607,0.207592012631681
"GO:0097529","myeloid leukocyte migration",0,1.37956175536372,0.080068761444944
"GO:0034453","microtubule anchoring",0,-1.37676472042189,0.31354041733799
"GO:0051791","medium-chain fatty acid metabolic process",0,-1.39172739544645,0.295328071797502
"GO:0002088","lens development in camera-type eye",0,1.4000728541358,0.232190939515503
"GO:0032370","positive regulation of lipid transport",0,1.39619500501836,0.204274470024624
"GO:0071474","cellular hyperosmotic response",0,1.43643400585,0.305937817385407
"GO:0002688","regulation of leukocyte chemotaxis",0,1.37779721278935,0.150254648105727
"GO:0000086","G2/M transition of mitotic cell cycle",0,-1.39945241708418,0.148942612828157
"GO:0072012","glomerulus vasculature development",0,1.36172548776061,0.332211739704257
"GO:0006904","vesicle docking involved in exocytosis",0,-1.39453374511959,0.261103579395187
"GO:0007088","regulation of mitotic nuclear division",0,-1.39647294501851,0.161459787056643
"GO:0001732","formation of cytoplasmic translation initiation complex",0,-1.38886329088466,0.296496358869418
"GO:1904862","inhibitory synapse assembly",0,-1.40038515341421,0.268570803665498
"GO:0017145","stem cell division",0,1.43400243030402,0.304114553143555
"GO:0030850","prostate gland development",0,1.39138118642197,0.343566325914261
"GO:0045922","negative regulation of fatty acid metabolic process",0,1.35963519401132,0.332211739704257
"GO:0071103","DNA conformation change",0,1.345472930721,0.381622866680834
"GO:0030201","heparan sulfate proteoglycan metabolic process",0,1.38702259681594,0.254003579772357
"GO:0001974","blood vessel remodeling",0,1.3924243631312,0.329734451766336
"GO:1902430","negative regulation of amyloid-beta formation",0,-1.39984719833696,0.291814477895929
"GO:0048199","vesicle targeting, to, from or within Golgi",0,-1.37920624392013,0.31015388252299
"GO:0046474","glycerophospholipid biosynthetic process",0,-1.39036070646949,0.10453269668918
"GO:0048332","mesoderm morphogenesis",0,1.38172873400705,0.315571713650915
"GO:0048333","mesodermal cell differentiation",0,1.40801329472279,0.332984264733848
"GO:0009208","pyrimidine ribonucleoside triphosphate metabolic process",0,-1.385296123323,0.301306838823397
"GO:0090288","negative regulation of cellular response to growth factor stimulus",0,1.37679800182707,0.181947518358114
"GO:0001836","release of cytochrome c from mitochondria",0,-1.3812481431753,0.255315938745928
"GO:0048245","eosinophil chemotaxis",0,1.37921169325328,0.348813890238038
"GO:0007566","embryo implantation",0,1.37890672238059,0.277659419678011
"GO:0031663","lipopolysaccharide-mediated signaling pathway",0,1.38389630090249,0.248821172924352
"GO:0036344","platelet morphogenesis",0,1.38645163249496,0.350536502942293
"GO:0008088","axo-dendritic transport",0,-1.4039486400064,0.192007386770455
"GO:0071229","cellular response to acid chemical",0,1.38287835591751,0.248821172924352
"GO:0002428","antigen processing and presentation of peptide antigen via MHC class Ib",0,1.36253923667629,0.372039190981337
"GO:0010565","regulation of ketone metabolic process",0,1.39063653919424,0.115585806506147
"GO:0046058","cAMP metabolic process",0,1.38823400628599,0.326399425173857
"GO:0090162","establishment of epithelial cell polarity",0,-1.39131023169518,0.314103774407723
"GO:0006882","intracellular zinc ion homeostasis",0,1.37534020960835,0.312174338991731
"GO:0003094","glomerular filtration",0,1.36676524118025,0.3611305151361
"GO:0031122","cytoplasmic microtubule organization",0,-1.38894768213602,0.238989740171211
"GO:0061734","type 2 mitophagy",0,-1.37956886620502,0.307373235363434
"GO:0072677","eosinophil migration",0,1.40178871442083,0.340016456989417
"GO:1990116","ribosome-associated ubiquitin-dependent protein catabolic process",0,-1.37915710800117,0.307373235363434
"GO:1990776","response to angiotensin",0,1.37406357072958,0.31007475243008
"GO:0008654","phospholipid biosynthetic process",0,-1.39135424067483,0.0826976105888062
"GO:0090493","catecholamine uptake",0,1.38124420261385,0.354838895752664
"GO:0045652","regulation of megakaryocyte differentiation",0,1.33591222549029,0.39470612215671
"GO:0010718","positive regulation of epithelial to mesenchymal transition",0,1.37841553344952,0.250548646764672
"GO:0071624","positive regulation of granulocyte chemotaxis",0,1.36770325853128,0.356137214429545
"GO:0030449","regulation of complement activation",0,1.39496194772961,0.325036616745397
"GO:0018230","peptidyl-L-cysteine S-palmitoylation",0,-1.39290193753984,0.301786381453275
"GO:0018231","peptidyl-S-diacylglycerol-L-cysteine biosynthetic process from peptidyl-cysteine",0,-1.39290193753984,0.301786381453275
"GO:0030071","regulation of mitotic metaphase/anaphase transition",0,-1.38220694798102,0.208605239517271
"GO:0090023","positive regulation of neutrophil chemotaxis",0,1.39975105049458,0.347376422876672
"GO:0045214","sarcomere organization",0,1.4000840479632,0.234278437388654
"GO:0030049","muscle filament sliding",0,1.40104977488921,0.330239134820522
"GO:0043249","erythrocyte maturation",0,1.35589357450838,0.382453280575454
"GO:0090100","positive regulation of transmembrane receptor protein serine/threonine kinase signaling pathway",0,1.37199687905829,0.172218479217512
"GO:0071218","cellular response to misfolded protein",0,-1.38523650866342,0.315653181161032
"GO:0009743","response to carbohydrate",0,1.39514782582798,0.0728756044927627
"GO:0007091","metaphase/anaphase transition of mitotic cell cycle",0,-1.39301849228442,0.189205108508664
"GO:2000765","regulation of cytoplasmic translation",0,-1.37899693909729,0.281273175596483
"GO:0010977","negative regulation of neuron projection development",0,-1.37903777479982,0.207552839711731
"GO:0035329","hippo signaling",0,1.38278283395152,0.25211736529569
"GO:0072073","kidney epithelium development",0,1.38159194335595,0.133536586474608
"GO:0045806","negative regulation of endocytosis",0,-1.38696406457109,0.240953478325457
"GO:0031109","microtubule polymerization or depolymerization",0,-1.36849792990385,0.207996940836641
"GO:0046460","neutral lipid biosynthetic process",0,1.38956010749753,0.289475035529759
"GO:0046463","acylglycerol biosynthetic process",0,1.38956010749753,0.289475035529759
"GO:0099003","vesicle-mediated transport in synapse",0,-1.3711839018974,0.0984302201837188
"GO:0009913","epidermal cell differentiation",0,1.37447547914273,0.10368701354966
"GO:0050775","positive regulation of dendrite morphogenesis",0,-1.3674961291549,0.320678856793515
"GO:0048207","vesicle targeting, rough ER to cis-Golgi",0,-1.36617633448845,0.327650066482338
"GO:0033044","regulation of chromosome organization",0,-1.37089353623345,0.108788048949907
"GO:1905563","negative regulation of vascular endothelial cell proliferation",0,1.35952425115166,0.32532471202248
"GO:0006658","phosphatidylserine metabolic process",0,-1.35542484904754,0.343707349659172
"GO:1905523","positive regulation of macrophage migration",0,1.3748765596503,0.337412610539624
"GO:0061952","midbody abscission",0,-1.36423308647485,0.330735608617698
"GO:0061097","regulation of protein tyrosine kinase activity",0,1.3559860373303,0.36780702831969
"GO:0002040","sprouting angiogenesis",0,1.37981906681423,0.136556210455482
"GO:0071322","cellular response to carbohydrate stimulus",0,1.33659409087771,0.167355174563409
"GO:0098543","detection of other organism",0,1.37406239590527,0.376820411339634
"GO:0014075","response to amine",0,1.38158979340471,0.308376085632739
"GO:0010212","response to ionizing radiation",0,-1.38234767582501,0.198178844057775
"GO:0045927","positive regulation of growth",0,-1.36572041874783,0.134744384058286
"GO:0007093","mitotic cell cycle checkpoint signaling",0,-1.35898981555529,0.214866491828976
"GO:0007033","vacuole organization",0,-1.37865186548507,0.114459533572655
"GO:0010662","regulation of striated muscle cell apoptotic process",0,-1.37189324659582,0.29994342593839
"GO:2000316","regulation of T-helper 17 type immune response",0,1.38412632334855,0.298412753040425
"GO:0010543","regulation of platelet activation",0,1.35703322736816,0.301245164537523
"GO:0009749","response to glucose",0,1.39576362036279,0.0853782191500554
"GO:0002483","antigen processing and presentation of endogenous peptide antigen",0,1.36218790118738,0.360787802060065
"GO:0072678","T cell migration",0,1.37250120072806,0.242397398487431
"GO:0072527","pyrimidine-containing compound metabolic process",0,-1.3748527361378,0.255887619964778
"GO:0016242","negative regulation of macroautophagy",0,-1.37164570915473,0.312661653002462
"GO:2001169","regulation of ATP biosynthetic process",0,-1.3760369947128,0.331989486209689
"GO:0007019","microtubule depolymerization",0,-1.36154558708403,0.308440697716749
"GO:0051346","negative regulation of hydrolase activity",0,1.35547268737573,0.368565319625371
"GO:0071548","response to dexamethasone",0,1.35765293338369,0.348305612894156
"GO:0048562","embryonic organ morphogenesis",0,1.40140512752633,0.101877627186218
"GO:0014888","striated muscle adaptation",0,1.36063878999799,0.349323988203491
"GO:0051048","negative regulation of secretion",0,1.38081697838144,0.116094687599454
"GO:1903232","melanosome assembly",0,-1.34990316761971,0.353079132996097
"GO:0065002","intracellular protein transmembrane transport",0,-1.37129529093467,0.303794490686337
"GO:0030490","maturation of SSU-rRNA",0,-1.37793005749252,0.245700664112678
"GO:0006220","pyrimidine nucleotide metabolic process",0,-1.38265510953216,0.262236074310546
"GO:0036503","ERAD pathway",0,-1.38210433894357,0.219086571740997
"GO:0019228","neuronal action potential",0,-1.35603359181611,0.335921433141095
"GO:0002643","regulation of tolerance induction",0,1.39017439680146,0.338482888367085
"GO:0006690","icosanoid metabolic process",0,1.36661673083157,0.163850066372244
"GO:0032602","chemokine production",0,1.36589507719451,0.2141162963625
"GO:0032642","regulation of chemokine production",0,1.36589507719451,0.2141162963625
"GO:0010665","regulation of cardiac muscle cell apoptotic process",0,-1.35779332783344,0.329385591611108
"GO:0006353","DNA-templated transcription termination",0,-1.38573421950334,0.270243135078683
"GO:0007179","transforming growth factor beta receptor signaling pathway",0,1.35966742234421,0.100268957536507
"GO:2000278","regulation of DNA biosynthetic process",0,-1.36579316612572,0.245152836020437
"GO:0050853","B cell receptor signaling pathway",0,1.35080531678106,0.267189134758891
"GO:0032570","response to progesterone",0,1.37897544807438,0.3182730212467
"GO:0010659","cardiac muscle cell apoptotic process",0,-1.36727318094556,0.305861547781424
"GO:0032094","response to food",0,1.36949889221201,0.318013694582734
"GO:1902358","sulfate transmembrane transport",0,1.31705726034811,0.421350949442615
"GO:0010770","positive regulation of cell morphogenesis",0,-1.36284935947225,0.308713952744346
"GO:0032355","response to estradiol",0,1.34997413492706,0.177671106330537
"GO:0046629","gamma-delta T cell activation",0,1.36320212975194,0.385734974262607
"GO:0009081","branched-chain amino acid metabolic process",0,-1.34991807923257,0.342402881644079
"GO:0032835","glomerulus development",0,1.38278030600649,0.227930325489867
"GO:0001707","mesoderm formation",0,1.37568202290531,0.325247378469656
"GO:2000379","positive regulation of reactive oxygen species metabolic process",0,1.36388940217722,0.230703500122514
"GO:2001251","negative regulation of chromosome organization",0,-1.36739814974484,0.232550904204892
"GO:0014048","regulation of glutamate secretion",0,-1.36701090917263,0.342651631554869
"GO:0071331","cellular response to hexose stimulus",0,1.36168537259092,0.154026602374515
"GO:0048246","macrophage chemotaxis",0,1.37348361503366,0.307568993242992
"GO:0010389","regulation of G2/M transition of mitotic cell cycle",0,-1.36830908308961,0.236544754434719
"GO:0010644","cell communication by electrical coupling",0,-1.35231593728814,0.335417615097053
"GO:0002888","positive regulation of myeloid leukocyte mediated immunity",0,1.38031814660095,0.343915591460614
"GO:0010712","regulation of collagen metabolic process",0,1.35190346705422,0.331717191603974
"GO:0046686","response to cadmium ion",0,1.35182622726575,0.331717191603974
"GO:0009074","aromatic amino acid family catabolic process",0,1.40082238496231,0.33099996947793
"GO:0140673","transcription elongation-coupled chromatin remodeling",0,-1.35667478964584,0.347827213461866
"GO:1901799","negative regulation of proteasomal protein catabolic process",0,-1.37745201929776,0.263878403900315
"GO:0048592","eye morphogenesis",0,1.36213352029085,0.192762808706478
"GO:0042509","regulation of tyrosine phosphorylation of STAT protein",0,1.36826126108794,0.321169289793786
"GO:0036296","response to increased oxygen levels",0,-1.36052885949807,0.338269788688225
"GO:0034284","response to monosaccharide",0,1.3576527442141,0.112176888651729
"GO:0034205","amyloid-beta formation",0,-1.358006022969,0.291991766270129
"GO:0045066","regulatory T cell differentiation",0,-1.37278907722629,0.270784383906046
"GO:0019217","regulation of fatty acid metabolic process",0,1.35219957401233,0.200035589359804
"GO:0140962","multicellular organismal-level chemical homeostasis",0,1.37880163971694,0.229329055560995
"GO:0046036","CTP metabolic process",0,-1.35844726722529,0.336919882885571
"GO:0022618","protein-RNA complex assembly",0,-1.3692067130768,0.137886785479787
"GO:0030174","regulation of DNA-templated DNA replication initiation",0,-1.36808244034158,0.338849562735089
"GO:0007259","cell surface receptor signaling pathway via JAK-STAT",0,1.35746579859574,0.136513844719417
"GO:0043517","positive regulation of DNA damage response, signal transduction by p53 class mediator",0,-1.34621823766202,0.366095627414062
"GO:0072663","establishment of protein localization to peroxisome",0,-1.33766613671579,0.367009894011474
"GO:0021955","central nervous system neuron axonogenesis",0,-1.36426137950402,0.33544091192848
"GO:0030101","natural killer cell activation",0,1.34378367414663,0.21426243082311
"GO:0010888","negative regulation of lipid storage",0,1.39573004964606,0.334527231603058
"GO:0019882","antigen processing and presentation",0,1.35143834070243,0.213890687491062
"GO:0042182","ketone catabolic process",0,1.3780420731041,0.358098606085261
"GO:0016197","endosomal transport",0,-1.35871683428566,0.0982681145260006
"GO:0051495","positive regulation of cytoskeleton organization",0,1.35731459149455,0.114644924999202
"GO:0072599","establishment of protein localization to endoplasmic reticulum",0,-1.37316339118535,0.287169102347253
"GO:0006892","post-Golgi vesicle-mediated transport",0,-1.34478932857122,0.232147627470583
"GO:0006418","tRNA aminoacylation for protein translation",0,-1.35442847320858,0.347584660927351
"GO:0060562","epithelial tube morphogenesis",0,1.35576770943649,0.105774373518369
"GO:0030220","platelet formation",0,1.37244646969566,0.358925129573914
"GO:0071467","cellular response to pH",0,1.35308751757336,0.358065524181678
"GO:0008360","regulation of cell shape",0,1.33331391246869,0.1878675888931
"GO:0071305","cellular response to vitamin D",0,1.39183073051701,0.337630111759163
"GO:0031664","regulation of lipopolysaccharide-mediated signaling pathway",0,1.35215103540543,0.358065524181678
"GO:0043648","dicarboxylic acid metabolic process",0,-1.35768633587751,0.245931444473585
"GO:0051937","catecholamine transport",0,1.34745325963909,0.290973640006207
"GO:0030308","negative regulation of cell growth",0,-1.34831462310457,0.191321218901777
"GO:0002698","negative regulation of immune effector process",0,1.35157725255417,0.194558514410018
"GO:0048566","embryonic digestive tract development",0,1.39086004139468,0.337630111759163
"GO:0045047","protein targeting to ER",0,-1.36748140692499,0.305775264579643
"GO:0009225","nucleotide-sugar metabolic process",0,-1.36993544300841,0.289758433344864
"GO:0061001","regulation of dendritic spine morphogenesis",0,-1.35079188358839,0.318618409303469
"GO:0038096","Fc-gamma receptor signaling pathway involved in phagocytosis",0,1.35125513766996,0.376007395793478
"GO:0046785","microtubule polymerization",0,-1.35321615315249,0.256357651771188
"GO:0000076","DNA replication checkpoint signaling",0,-1.34015703496701,0.364495345072372
"GO:1902100","negative regulation of metaphase/anaphase transition of cell cycle",0,-1.32651874436473,0.32011765061099
"GO:1905819","negative regulation of chromosome separation",0,-1.32651874436473,0.32011765061099
"GO:0097696","cell surface receptor signaling pathway via STAT",0,1.34914444206514,0.12616730000916
"GO:0009263","deoxyribonucleotide biosynthetic process",0,-1.36053567962269,0.348398535156486
"GO:0009265","2'-deoxyribonucleotide biosynthetic process",0,-1.36053567962269,0.348398535156486
"GO:0046385","deoxyribose phosphate biosynthetic process",0,-1.36053567962269,0.348398535156486
"GO:0006112","energy reserve metabolic process",0,-1.35847849984159,0.249664427415638
"GO:2000108","positive regulation of leukocyte apoptotic process",0,1.38902161498813,0.338998512275669
"GO:1901679","nucleotide transmembrane transport",0,-1.33860923373506,0.367111088386377
"GO:0031114","regulation of microtubule depolymerization",0,-1.35545071252261,0.325658517265169
"GO:0055022","negative regulation of cardiac muscle tissue growth",0,-1.33752220818133,0.375055283946593
"GO:0061117","negative regulation of heart growth",0,-1.33752220818133,0.375055283946593
"GO:0007266","Rho protein signal transduction",0,1.35357546181075,0.137540939457574
"GO:0044839","cell cycle G2/M phase transition",0,-1.35004869938663,0.2087990773533
"GO:0009612","response to mechanical stimulus",0,1.34785196019687,0.105687552165528
"GO:0032968","positive regulation of transcription elongation by RNA polymerase II",0,-1.35690001194927,0.29367961849604
"GO:0046640","regulation of alpha-beta T cell proliferation",0,1.35889046847978,0.34749558340901
"GO:0043931","ossification involved in bone maturation",0,1.34367467120162,0.394966004130948
"GO:0035107","appendage morphogenesis",0,1.36151667422633,0.267361910862055
"GO:0035108","limb morphogenesis",0,1.36151667422633,0.267361910862055
"GO:0017004","cytochrome complex assembly",0,-1.32526373635067,0.386357433826249
"GO:0030307","positive regulation of cell growth",0,-1.34886942647073,0.199125875350099
"GO:0009123","nucleoside monophosphate metabolic process",0,-1.34284656506611,0.275850645064427
"GO:0061760","antifungal innate immune response",0,1.33407735410668,0.391475434522528
"GO:0045494","photoreceptor cell maintenance",0,1.33349073415142,0.353697731583838
"GO:0061795","Golgi lumen acidification",0,-1.33896071937806,0.371342446807052
"GO:0090281","negative regulation of calcium ion import",0,-1.3540640810483,0.348259297109274
"GO:0006644","phospholipid metabolic process",0,-1.34460090034247,0.0901715884062472
"GO:0009127","purine nucleoside monophosphate biosynthetic process",0,-1.32381992055759,0.38764551373715
"GO:0160049","negative regulation of cGAS/STING signaling pathway",0,-1.33820839815655,0.371342446807052
"GO:0061005","cell differentiation involved in kidney development",0,1.32125198567541,0.334539707251446
"GO:0010667","negative regulation of cardiac muscle cell apoptotic process",0,-1.33179366027115,0.374986854890254
"GO:1901380","negative regulation of potassium ion transmembrane transport",0,-1.34900584151673,0.355783732126599
"GO:0009792","embryo development ending in birth or egg hatching",0,1.33272317897462,0.095486117457112
"GO:0006417","regulation of translation",0,-1.34619426494152,0.0968527228724137
"GO:0032007","negative regulation of TOR signaling",0,-1.3427487379505,0.288110113407507
"GO:1901857","positive regulation of cellular respiration",0,-1.34729238593105,0.361708150095332
"GO:0032400","melanosome localization",0,-1.32724680716727,0.375387493236022
"GO:0051875","pigment granule localization",0,-1.32724680716727,0.375387493236022
"GO:0001914","regulation of T cell mediated cytotoxicity",0,1.33540208874533,0.340981888048398
"GO:0141198","protein branched polyubiquitination",0,-1.34474161928943,0.372564830408059
"GO:0036120","cellular response to platelet-derived growth factor stimulus",0,-1.32044680911892,0.388210929611006
"GO:0002281","macrophage activation involved in immune response",0,1.33781433896419,0.401135923282358
"GO:0007020","microtubule nucleation",0,-1.33736726948137,0.347181014247679
"GO:0061025","membrane fusion",0,-1.33369403526113,0.20645127032161
"GO:0030279","negative regulation of ossification",0,1.35098259227192,0.331283345105029
"GO:0007129","homologous chromosome pairing at meiosis",0,1.33952052877441,0.382894398905836
"GO:0050912","detection of chemical stimulus involved in sensory perception of taste",0,1.33460050978095,0.341572498763454
"GO:0055062","phosphate ion homeostasis",0,1.3579972456194,0.371931041767734
"GO:0090670","RNA localization to Cajal body",0,-1.34621928576664,0.356476525896204
"GO:0090671","telomerase RNA localization to Cajal body",0,-1.34621928576664,0.356476525896204
"GO:0090672","telomerase RNA localization",0,-1.34621928576664,0.356476525896204
"GO:0090685","RNA localization to nucleus",0,-1.34621928576664,0.356476525896204
"GO:0006620","post-translational protein targeting to endoplasmic reticulum membrane",0,-1.3490310143411,0.364712624558516
"GO:0090190","positive regulation of branching involved in ureteric bud morphogenesis",0,1.3363956553283,0.403293765501543
"GO:0032963","collagen metabolic process",0,1.35398398492915,0.194257109165655
"GO:0034393","positive regulation of smooth muscle cell apoptotic process",0,-1.33332907445379,0.374026910632337
"GO:0051053","negative regulation of DNA metabolic process",0,-1.34593145341254,0.239830190093601
"GO:1903670","regulation of sprouting angiogenesis",0,1.3416276990808,0.341931038013583
"GO:0006261","DNA-templated DNA replication",0,-1.34341076948691,0.203936191028199
"GO:0051383","kinetochore organization",0,1.33710881881087,0.388291663101402
"GO:0001975","response to amphetamine",0,1.37581010347285,0.348987886649732
"GO:0042593","glucose homeostasis",0,1.34017799622014,0.0959736931652133
"GO:0060043","regulation of cardiac muscle cell proliferation",0,-1.33407060323661,0.360025585380591
"GO:0030500","regulation of bone mineralization",0,1.34820835464865,0.271870173956762
"GO:0043299","leukocyte degranulation",0,1.33671213070551,0.275900366525732
"GO:0007588","excretion",0,1.3522644579447,0.370568847988973
"GO:0099173","postsynapse organization",0,-1.33216266082489,0.164673296127177
"GO:0001773","myeloid dendritic cell activation",0,1.28912741199961,0.447780905365393
"GO:0016358","dendrite development",0,-1.32612769240817,0.215016004071357
"GO:0032946","positive regulation of mononuclear cell proliferation",0,1.33790225045281,0.160041617553696
"GO:0036119","response to platelet-derived growth factor",0,-1.3344933879836,0.367660437410448
"GO:0048247","lymphocyte chemotaxis",0,1.32938506925395,0.345955686159271
"GO:0048568","embryonic organ development",0,1.34436494763156,0.081058567360464
"GO:2000114","regulation of establishment of cell polarity",0,1.35201140876158,0.372721008384152
"GO:1901163","regulation of trophoblast cell migration",0,1.35525006601424,0.388646426799763
"GO:0001558","regulation of cell growth",0,-1.34177000163134,0.0942808925614705
"GO:0050870","positive regulation of T cell activation",0,1.33350641816201,0.10230916828605
"GO:0016233","telomere capping",0,-1.31969254800348,0.386710486220054
"GO:0035332","positive regulation of hippo signaling",0,1.31952585937234,0.429020738838908
"GO:0071763","nuclear membrane organization",0,-1.32414621798327,0.351904971118678
"GO:0097485","neuron projection guidance",0,-1.32401597998282,0.21502463664501
"GO:0031392","regulation of prostaglandin biosynthetic process",0,1.30871595613786,0.447622727391698
"GO:0060219","camera-type eye photoreceptor cell differentiation",0,1.28673028423503,0.449341174826003
"GO:0043536","positive regulation of blood vessel endothelial cell migration",0,1.3277679222761,0.317735598471236
"GO:0032878","regulation of establishment or maintenance of cell polarity",0,1.37041094911126,0.355595074570353
"GO:0000209","protein polyubiquitination",0,-1.33782487955625,0.13005677642826
"GO:0046641","positive regulation of alpha-beta T cell proliferation",0,1.28592540704414,0.449341174826003
"GO:0045638","negative regulation of myeloid cell differentiation",0,1.31553138646381,0.313646431094844
"GO:1901800","positive regulation of proteasomal protein catabolic process",0,-1.33609837473972,0.265793645257723
"GO:0009144","purine nucleoside triphosphate metabolic process",0,-1.32748648332937,0.185958723864055
"GO:0035850","epithelial cell differentiation involved in kidney development",0,1.3551121455338,0.328637764160265
"GO:0046456","icosanoid biosynthetic process",0,1.28827739456731,0.358236694293157
"GO:0042542","response to hydrogen peroxide",0,1.3285730771814,0.246951910625849
"GO:0048284","organelle fusion",0,-1.31522395487012,0.22282168142022
"GO:0033865","nucleoside bisphosphate metabolic process",0,1.32953346641732,0.426225151497995
"GO:0033875","ribonucleoside bisphosphate metabolic process",0,1.32953346641732,0.426225151497995
"GO:0034032","purine nucleoside bisphosphate metabolic process",0,1.32953346641732,0.426225151497995
"GO:0034035","purine ribonucleoside bisphosphate metabolic process",0,1.32953346641732,0.426225151497995
"GO:0050427","3'-phosphoadenosine 5'-phosphosulfate metabolic process",0,1.32953346641732,0.426225151497995
"GO:0090189","regulation of branching involved in ureteric bud morphogenesis",0,1.31095600621483,0.413500534277517
"GO:0060396","growth hormone receptor signaling pathway",0,1.32885954096277,0.385269764867275
"GO:0043009","chordate embryonic development",0,1.33894599015005,0.0979863793150257
"GO:0034728","nucleosome organization",0,1.30928724359877,0.334669556452944
"GO:0046039","GTP metabolic process",0,-1.33568495103198,0.367008030720444
"GO:0000302","response to reactive oxygen species",0,1.32842371430618,0.137266788322975
"GO:0030520","estrogen receptor signaling pathway",0,-1.32248804288399,0.343726536958518
"GO:0003143","embryonic heart tube morphogenesis",0,1.32601303377248,0.33911833518368
"GO:0051580","regulation of neurotransmitter uptake",0,1.31875364099472,0.406513316826581
"GO:1904505","regulation of telomere maintenance in response to DNA damage",0,-1.31745628878286,0.40245581953604
"GO:0099175","regulation of postsynapse organization",0,-1.31427041042464,0.244621616509283
"GO:0071333","cellular response to glucose stimulus",0,1.32689503218792,0.192649889954008
"GO:0061437","renal system vasculature development",0,1.31894745397676,0.377886503662002
"GO:0061440","kidney vasculature development",0,1.31894745397676,0.377886503662002
"GO:2000785","regulation of autophagosome assembly",0,-1.31868654208519,0.355556468482688
"GO:0007422","peripheral nervous system development",0,-1.31960419992647,0.334916188256976
"GO:2000317","negative regulation of T-helper 17 type immune response",0,1.32765445564996,0.427425826822718
"GO:0051897","positive regulation of phosphatidylinositol 3-kinase/protein kinase B signal transduction",0,1.32178127335848,0.124846920859186
"GO:0052547","regulation of peptidase activity",0,1.31676598888856,0.406513316826581
"GO:0071356","cellular response to tumor necrosis factor",0,1.34635895139873,0.107952652309639
"GO:0044772","mitotic cell cycle phase transition",0,-1.33690496002895,0.081242559821803
"GO:0035721","intraciliary retrograde transport",0,-1.32128563575611,0.393807677628658
"GO:0010633","negative regulation of epithelial cell migration",0,-1.3358084866508,0.379284857090657
"GO:2000027","regulation of animal organ morphogenesis",0,1.32332777487343,0.341222038247086
"GO:0009310","amine catabolic process",0,1.28038764025099,0.457001192226736
"GO:0033047","regulation of mitotic sister chromatid segregation",0,-1.3292300413785,0.310926163678849
"GO:1903076","regulation of protein localization to plasma membrane",0,-1.32274548680435,0.255631765491751
"GO:0009117","nucleotide metabolic process",0,-1.31949287561255,0.0904709283200716
"GO:0002460","adaptive immune response based on somatic recombination of immune receptors built from immunoglobulin superfamily domains",0,1.32435970040624,0.0708626919752811
"GO:0007411","axon guidance",0,-1.32764341285488,0.203735117054843
"GO:2000659","regulation of interleukin-1-mediated signaling pathway",0,-1.32966261036259,0.385405079136427
"GO:0045724","positive regulation of cilium assembly",0,-1.31275477870553,0.394978427962781
"GO:0009226","nucleotide-sugar biosynthetic process",0,-1.31118310331235,0.382934516510033
"GO:0007059","chromosome segregation",0,-1.31663112030641,0.124919765048054
"GO:0061668","mitochondrial ribosome assembly",0,-1.31886819238444,0.399822896690158
"GO:0035278","miRNA-mediated gene silencing by inhibition of translation",0,1.29979811325217,0.460320437438934
"GO:0031577","spindle checkpoint signaling",0,-1.31897598706395,0.339941247757266
"GO:0002827","positive regulation of T-helper 1 type immune response",0,1.27760069069156,0.460801552980532
"GO:0010508","positive regulation of autophagy",0,-1.32180374960232,0.233053716616287
"GO:0050765","negative regulation of phagocytosis",0,-1.33149663921806,0.38547948773508
"GO:0009620","response to fungus",0,1.33342631317633,0.295099998537729
"GO:0010595","positive regulation of endothelial cell migration",0,1.34384136518489,0.206446963104544
"GO:0000212","meiotic spindle organization",0,-1.33167898968512,0.386576319116657
"GO:0045601","regulation of endothelial cell differentiation",0,1.32879216334926,0.356874944453278
"GO:0006525","arginine metabolic process",0,1.3190732311434,0.417199588534114
"GO:0051382","kinetochore assembly",0,1.33768652704434,0.38610673503344
"GO:0016558","protein import into peroxisome matrix",0,-1.32559237946377,0.39063879554095
"GO:0044743","protein transmembrane import into intracellular organelle",0,-1.32559237946377,0.39063879554095
"GO:0050671","positive regulation of lymphocyte proliferation",0,1.32265843165375,0.195489234794863
"GO:0030326","embryonic limb morphogenesis",0,1.31786094423212,0.351743415536123
"GO:0035113","embryonic appendage morphogenesis",0,1.31786094423212,0.351743415536123
"GO:0001947","heart looping",0,1.31099385956473,0.358340798346229
"GO:0006694","steroid biosynthetic process",0,-1.31652150697035,0.233564906858206
"GO:0010664","negative regulation of striated muscle cell apoptotic process",0,-1.32999750662596,0.365113309995569
"GO:0060045","positive regulation of cardiac muscle cell proliferation",0,-1.32683112481965,0.379961884100293
"GO:0071300","cellular response to retinoic acid",0,1.33503655850552,0.297994572680583
"GO:1902414","protein localization to cell junction",0,1.32840375230905,0.206098228594363
"GO:0032814","regulation of natural killer cell activation",0,1.326562193924,0.361798265651637
"GO:0051896","regulation of phosphatidylinositol 3-kinase/protein kinase B signal transduction",0,1.30950601953669,0.118144407916814
"GO:0051236","establishment of RNA localization",0,-1.31759596716645,0.233962188148038
"GO:0070988","demethylation",0,1.31820454649,0.436634972113943
"GO:0009218","pyrimidine ribonucleotide metabolic process",0,-1.32427933232473,0.363082343447997
"GO:1904035","regulation of epithelial cell apoptotic process",0,1.30911261705885,0.382083697363088
"GO:0006085","acetyl-CoA biosynthetic process",0,-1.31787461654853,0.388044635822767
"GO:0016239","positive regulation of macroautophagy",0,-1.31619739042953,0.281907985078252
"GO:0000381","regulation of alternative mRNA splicing, via spliceosome",0,1.31940963838908,0.347468545218508
"GO:1903671","negative regulation of sprouting angiogenesis",0,1.33873882601982,0.410028568125898
"GO:0006650","glycerophospholipid metabolic process",0,-1.32107042734327,0.132404533294502
"GO:0045039","protein insertion into mitochondrial inner membrane",0,-1.3230962195516,0.394516666708258
"GO:1903432","regulation of TORC1 signaling",0,-1.31893672789858,0.291930267005402
"GO:0031589","cell-substrate adhesion",0,1.31713094870344,0.0697206748024679
"GO:1905664","regulation of calcium ion import across plasma membrane",0,-1.32297157965258,0.394516666708258
"GO:0048708","astrocyte differentiation",0,1.31097866954994,0.346125291025452
"GO:0007409","axonogenesis",0,-1.31822058316674,0.116607542160254
"GO:0099637","neurotransmitter receptor transport",0,-1.31168328484157,0.409319245679135
"GO:0022600","digestive system process",0,1.30824565512764,0.240768635540569
"GO:0070192","chromosome organization involved in meiotic cell cycle",0,1.30391334150551,0.400451553025235
"GO:0060760","positive regulation of response to cytokine stimulus",0,1.31850116595725,0.322233430895752
"GO:0009067","aspartate family amino acid biosynthetic process",0,-1.32002468358165,0.40287017980287
"GO:0048589","developmental growth",0,-1.31205405176249,0.122190995665676
"GO:0002009","morphogenesis of an epithelium",0,1.31370778673811,0.0700022074682588
"GO:0009914","hormone transport",0,1.3285231015315,0.0758580341279666
"GO:0071887","leukocyte apoptotic process",0,1.33512875806275,0.233088554727618
"GO:0070979","protein K11-linked ubiquitination",0,-1.30459419059125,0.392294642732254
"GO:0051299","centrosome separation",0,-1.30915357942613,0.410275288699419
"GO:0001961","positive regulation of cytokine-mediated signaling pathway",0,1.30893358396905,0.341685566220196
"GO:0009205","purine ribonucleoside triphosphate metabolic process",0,-1.32000155179591,0.203349775300006
"GO:0097205","renal filtration",0,1.31353704676557,0.410638093063237
"GO:0001895","retina homeostasis",0,1.30428606683594,0.366591465823885
"GO:0002385","mucosal immune response",0,1.31339853819472,0.410638093063237
"GO:0031646","positive regulation of nervous system process",0,1.30313440185588,0.378426742776657
"GO:0032965","regulation of collagen biosynthetic process",0,1.32066071009182,0.367643243716814
"GO:0030278","regulation of ossification",0,1.3208962437983,0.233980271211589
"GO:0071168","protein localization to chromatin",0,-1.31009642578579,0.373745776602254
"GO:0032386","regulation of intracellular transport",0,-1.30635515130234,0.175367832459081
"GO:0032435","negative regulation of proteasomal ubiquitin-dependent protein catabolic process",0,-1.3270916828588,0.358024877169777
"GO:0050974","detection of mechanical stimulus involved in sensory perception",0,-1.30621238599576,0.38591935852663
"GO:0140374","antiviral innate immune response",0,-1.31814811668321,0.308167188191197
"GO:0016331","morphogenesis of embryonic epithelium",0,1.30513707648499,0.33924659700049
"GO:0002475","antigen processing and presentation via MHC class Ib",0,1.32940873234978,0.404716165752805
"GO:0035924","cellular response to vascular endothelial growth factor stimulus",0,1.31576885185806,0.297699203204166
"GO:0001654","eye development",0,1.31665947782985,0.101649059442548
"GO:0075523","viral translational frameshifting",0,-1.30357986848173,0.40896333860114
"GO:0050821","protein stabilization",0,-1.3054991127212,0.213974825979451
"GO:1902905","positive regulation of supramolecular fiber organization",0,1.30905707583108,0.174437679747618
"GO:0050819","negative regulation of coagulation",0,1.30482493650947,0.348657290802132
"GO:0006415","translational termination",0,-1.3155177267132,0.40447058160832
"GO:0002251","organ or tissue specific immune response",0,1.31011209435392,0.396842577025861
"GO:0045428","regulation of nitric oxide biosynthetic process",0,1.26915672545131,0.385355770319983
"GO:1903844","regulation of cellular response to transforming growth factor beta stimulus",0,1.27173283983467,0.23509493254072
"GO:0030641","regulation of cellular pH",0,-1.30823183911522,0.30339841432552
"GO:0001704","formation of primary germ layer",0,1.2979241040028,0.261468517415911
"GO:0006368","transcription elongation by RNA polymerase II",0,-1.29384243388561,0.275109655965657
"GO:1903019","negative regulation of glycoprotein metabolic process",0,-1.2966431837047,0.426340747524018
"GO:0015931","nucleobase-containing compound transport",0,-1.31846168543504,0.199942983046784
"GO:0031647","regulation of protein stability",0,-1.30800102368289,0.14354307508555
"GO:1902969","mitotic DNA replication",0,1.26204683483328,0.472320817156754
"GO:2000232","regulation of rRNA processing",0,-1.31233768429895,0.412991454989522
"GO:0061512","protein localization to cilium",0,-1.31153584283362,0.312934536870926
"GO:0015844","monoamine transport",0,1.30701238588359,0.312596712007254
"GO:1905952","regulation of lipid localization",0,1.31120509252926,0.180263300142472
"GO:0050000","chromosome localization",0,-1.2968117373517,0.311786664222595
"GO:0021799","cerebral cortex radially oriented cell migration",0,1.32393722620317,0.414925594347187
"GO:0071479","cellular response to ionizing radiation",0,-1.28265719278535,0.368317963405473
"GO:0032401","establishment of melanosome localization",0,-1.2938971189019,0.418676423304637
"GO:0051905","establishment of pigment granule localization",0,-1.2938971189019,0.418676423304637
"GO:0051205","protein insertion into membrane",0,-1.30255298755957,0.36259366724197
"GO:0031641","regulation of myelination",0,1.31729083640383,0.379758697198876
"GO:0032510","endosome to lysosome transport via multivesicular body sorting pathway",0,-1.31072937131057,0.40384334989943
"GO:0045429","positive regulation of nitric oxide biosynthetic process",0,1.29522512432839,0.393835227799169
"GO:0033630","positive regulation of cell adhesion mediated by integrin",0,1.28588625220211,0.44037720832817
"GO:0140042","lipid droplet formation",0,-1.29892266088553,0.423508677099444
"GO:0002043","blood vessel endothelial cell proliferation involved in sprouting angiogenesis",0,1.28546761321416,0.44037720832817
"GO:0051453","regulation of intracellular pH",0,-1.30522805809066,0.315366943001847
"GO:0098927","vesicle-mediated transport between endosomal compartments",0,-1.30182365713261,0.365193602015185
"GO:0048844","artery morphogenesis",0,1.28853663650856,0.362759541524433
"GO:0002705","positive regulation of leukocyte mediated immunity",0,1.28390156768267,0.238078844492521
"GO:0002429","immune response-activating cell surface receptor signaling pathway",0,1.31559815007359,0.0673662512506165
"GO:0110096","cellular response to aldehyde",0,1.30181945428227,0.417779658828748
"GO:0035282","segmentation",0,-1.29132121438958,0.38093589508525
"GO:0046879","hormone secretion",0,1.30773069181771,0.0996826149628237
"GO:0000725","recombinational repair",0,-1.29777849062524,0.247520664121385
"GO:0008156","negative regulation of DNA replication",0,-1.31084528864482,0.384411140610454
"GO:0048854","brain morphogenesis",0,-1.31086533241421,0.410672658880544
"GO:1902991","regulation of amyloid precursor protein catabolic process",0,-1.2907376292941,0.38093589508525
"GO:0006970","response to osmotic stress",0,1.30398632108789,0.289889285989616
"GO:0042304","regulation of fatty acid biosynthetic process",0,1.27946237920942,0.374852785526428
"GO:0071468","cellular response to acidic pH",0,1.28229844766074,0.444221152772356
"GO:1905820","positive regulation of chromosome separation",0,-1.30625831971201,0.38837959194378
"GO:0002752","cell surface pattern recognition receptor signaling pathway",0,1.2997006628649,0.325845177604226
"GO:0006998","nuclear envelope organization",0,-1.31246926988246,0.345790941987153
"GO:0106027","neuron projection organization",0,-1.2798247343003,0.346603991538922
"GO:0060325","face morphogenesis",0,1.31750681179796,0.422696364854225
"GO:0030225","macrophage differentiation",0,1.29365192555864,0.362986450211366
"GO:0010332","response to gamma radiation",0,-1.31434667755565,0.369780920032295
"GO:0090201","negative regulation of release of cytochrome c from mitochondria",0,-1.28812263117598,0.437759974406526
"GO:1904321","response to forskolin",0,1.2983784792131,0.452780433238523
"GO:0006027","glycosaminoglycan catabolic process",0,1.30969024597722,0.395365071884967
"GO:0007160","cell-matrix adhesion",0,1.28477889350986,0.143710897368091
"GO:0061564","axon development",0,-1.29274840558659,0.123268191561963
"GO:0010758","regulation of macrophage chemotaxis",0,1.29737177259846,0.419080196130908
"GO:0070199","establishment of protein localization to chromosome",0,-1.30739859709117,0.417049634427866
"GO:0050832","defense response to fungus",0,1.30052628272896,0.340083195096715
"GO:0034505","tooth mineralization",0,1.2878834406579,0.437574863527421
"GO:0050848","regulation of calcium-mediated signaling",0,1.28260598127499,0.337912973376452
"GO:0002027","regulation of heart rate",0,1.28438459515371,0.274521360746453
"GO:0030510","regulation of BMP signaling pathway",0,1.31790387041487,0.252169130713356
"GO:0034764","positive regulation of transmembrane transport",0,1.29584601364467,0.177916436256253
"GO:2000622","regulation of nuclear-transcribed mRNA catabolic process, nonsense-mediated decay",0,-1.29684886196341,0.430732370552824
"GO:0090596","sensory organ morphogenesis",0,1.30701234345097,0.186040758116043
"GO:0002687","positive regulation of leukocyte migration",0,1.30036179914182,0.190427537096489
"GO:0035902","response to immobilization stress",0,1.29488239508388,0.426456092262778
"GO:0015837","amine transport",0,1.2941996229163,0.269230988173262
"GO:0071378","cellular response to growth hormone stimulus",0,1.26344061689695,0.42700712312096
"GO:0061041","regulation of wound healing",0,1.29918630610647,0.224011499632504
"GO:0072662","protein localization to peroxisome",0,-1.30058165290967,0.415810782381379
"GO:0032886","regulation of microtubule-based process",0,-1.29548400998073,0.215545311869397
"GO:0009083","branched-chain amino acid catabolic process",0,-1.29331269043929,0.420588113770382
"GO:0006664","glycolipid metabolic process",0,-1.29043460487918,0.3054356053752
"GO:1905710","positive regulation of membrane permeability",0,-1.28397653505937,0.413311098779311
"GO:0036444","calcium import into the mitochondrion",0,1.27982272932326,0.48120562485088
"GO:0010759","positive regulation of macrophage chemotaxis",0,1.27481939763855,0.449341174826003
"GO:1903428","positive regulation of reactive oxygen species biosynthetic process",0,1.3101538146386,0.426863184938304
"GO:0010002","cardioblast differentiation",0,-1.29666616182058,0.429285308507512
"GO:0010761","fibroblast migration",0,1.30294772026986,0.370637027762109
"GO:0045653","negative regulation of megakaryocyte differentiation",0,1.28781987061183,0.413622189176233
"GO:0006354","DNA-templated transcription elongation",0,-1.29061966069109,0.271170863009367
"GO:0032733","positive regulation of interleukin-10 production",0,1.30200169929176,0.370637027762109
"GO:0009247","glycolipid biosynthetic process",0,-1.29250395314391,0.333133771391115
"GO:0055093","response to hyperoxia",0,-1.27941490681764,0.450467914339833
"GO:1901990","regulation of mitotic cell cycle phase transition",0,-1.2885270647423,0.177530594795535
"GO:0002092","positive regulation of receptor internalization",0,1.27806715911634,0.421707264911893
"GO:0034244","negative regulation of transcription elongation by RNA polymerase II",0,-1.2853219487326,0.446857348386925
"GO:0048265","response to pain",0,1.30579676334883,0.417156809691035
"GO:0045923","positive regulation of fatty acid metabolic process",0,1.2797540435975,0.389460320993896
"GO:0000184","nuclear-transcribed mRNA catabolic process, nonsense-mediated decay",0,-1.28827490199649,0.39647338390931
"GO:0006304","DNA modification",0,-1.28885822952862,0.408823828107525
"GO:0048675","axon extension",0,-1.27137768434119,0.335969355156232
"GO:0000724","double-strand break repair via homologous recombination",0,-1.28705070755812,0.269944438017783
"GO:0050878","regulation of body fluid levels",0,1.29874862075427,0.0775509740454364
"GO:0070507","regulation of microtubule cytoskeleton organization",0,-1.29687970810029,0.27138603730813
"GO:0007080","mitotic metaphase chromosome alignment",0,-1.27898034129965,0.379678449630282
"GO:0051225","spindle assembly",0,-1.28632828189223,0.323295203271442
"GO:0005977","glycogen metabolic process",0,-1.27774021430066,0.368634185019866
"GO:1902749","regulation of cell cycle G2/M phase transition",0,-1.29842900477582,0.310019231282671
"GO:0046685","response to arsenic-containing substance",0,-1.28028508421199,0.424282114190633
"GO:0031214","biomineral tissue development",0,1.29039436072004,0.23042397660492
"GO:0042102","positive regulation of T cell proliferation",0,1.27294114008921,0.302806555703793
"GO:0061371","determination of heart left/right asymmetry",0,1.28217395345222,0.374827841378235
"GO:0007030","Golgi organization",0,-1.28689142246716,0.311784135562152
"GO:0040008","regulation of growth",0,-1.28410338058299,0.116484961385275
"GO:0051310","metaphase chromosome alignment",0,-1.29004983769539,0.336023455655766
"GO:0070723","response to cholesterol",0,1.26620786328375,0.455062980686345
"GO:1903579","negative regulation of ATP metabolic process",0,-1.27250679870843,0.448937035640418
"GO:0031960","response to corticosteroid",0,1.28210678773561,0.253156323629402
"GO:0140718","facultative heterochromatin formation",0,1.30434300735222,0.443307065671681
"GO:0044703","multi-organism reproductive process",0,1.28259836334685,0.203262273751521
"GO:0019432","triglyceride biosynthetic process",0,1.27105997098003,0.427453374627174
"GO:0009168","purine ribonucleoside monophosphate biosynthetic process",0,-1.28937353731338,0.430488264203716
"GO:0001678","intracellular glucose homeostasis",0,1.28094520367466,0.253156323629402
"GO:1904659","D-glucose transmembrane transport",0,1.26643171775889,0.343251620423142
"GO:0099504","synaptic vesicle cycle",0,-1.28395982908088,0.240532323319612
"GO:0046112","nucleobase biosynthetic process",0,-1.27175505234786,0.458606043978009
"GO:0007586","digestion",0,1.28432604735555,0.239265902806875
"GO:0046037","GMP metabolic process",0,-1.28739966168291,0.410415606610961
"GO:0032331","negative regulation of chondrocyte differentiation",0,1.28072378913963,0.466171352880754
"GO:0048066","developmental pigmentation",0,-1.2822052432418,0.409571467035554
"GO:0048846","axon extension involved in axon guidance",0,-1.26968030043632,0.46058846967429
"GO:0097494","regulation of vesicle size",0,-1.28013652456263,0.458721641903641
"GO:0006837","serotonin transport",0,1.31728748354578,0.403941427107352
"GO:0071604","transforming growth factor beta production",0,1.28426892605871,0.389122369079495
"GO:0046676","negative regulation of insulin secretion",0,1.28086145388226,0.422134663875973
"GO:0072006","nephron development",0,1.27739635787755,0.235133434673038
"GO:0051452","intracellular pH reduction",0,-1.27085428198962,0.394703965705926
"GO:0071295","cellular response to vitamin",0,1.27819331624347,0.43309546580144
"GO:0016553","base conversion or substitution editing",0,1.26908498763052,0.45913973890799
"GO:0001501","skeletal system development",0,1.28200708112335,0.0928090482085409
"GO:0032402","melanosome transport",0,-1.28470390505247,0.436620696558022
"GO:0051904","pigment granule transport",0,-1.28470390505247,0.436620696558022
"GO:0071346","cellular response to type II interferon",0,1.26281955987875,0.361268420157999
"GO:0086014","atrial cardiac muscle cell action potential",0,-1.26697678372838,0.462560658537452
"GO:0086026","atrial cardiac muscle cell to AV node cell signaling",0,-1.26697678372838,0.462560658537452
"GO:0086066","atrial cardiac muscle cell to AV node cell communication",0,-1.26697678372838,0.462560658537452
"GO:0035023","regulation of Rho protein signal transduction",0,1.26464520305992,0.321145190494551
"GO:0019884","antigen processing and presentation of exogenous antigen",0,1.28901344419145,0.407014057966681
"GO:0021801","cerebral cortex radial glia-guided migration",0,1.29724487096455,0.451413221218011
"GO:0022030","telencephalon glial cell migration",0,1.29724487096455,0.451413221218011
"GO:1902950","regulation of dendritic spine maintenance",0,-1.27173497345564,0.463075785049674
"GO:0032239","regulation of nucleobase-containing compound transport",0,-1.28560927752308,0.441077370778693
"GO:0042759","long-chain fatty acid biosynthetic process",0,1.28682007480035,0.419519552883072
"GO:0018198","peptidyl-cysteine modification",0,-1.25693563817381,0.470099730829421
"GO:0035150","regulation of tube size",0,1.26593782811776,0.257720895332479
"GO:0035296","regulation of tube diameter",0,1.26593782811776,0.257720895332479
"GO:0097746","blood vessel diameter maintenance",0,1.26593782811776,0.257720895332479
"GO:0044042","glucan metabolic process",0,-1.27387161613527,0.36751437021852
"GO:0061709","reticulophagy",0,-1.2559082729527,0.470099730829421
"GO:1902003","regulation of amyloid-beta formation",0,-1.29153254588291,0.388849792794317
"GO:0045738","negative regulation of DNA repair",0,-1.26216246858557,0.441885568847813
"GO:0002685","regulation of leukocyte migration",0,1.25695147206552,0.197982088575029
"GO:0045727","positive regulation of translation",0,-1.28379250620366,0.311711203942643
"GO:0032964","collagen biosynthetic process",0,1.27500159240239,0.382977797401927
"GO:0051125","regulation of actin nucleation",0,1.27209662356871,0.459471127866192
"GO:0051148","negative regulation of muscle cell differentiation",0,1.25778575298624,0.386630713918595
"GO:0045980","negative regulation of nucleotide metabolic process",0,-1.25907161356755,0.462531849609961
"GO:1900543","negative regulation of purine nucleotide metabolic process",0,-1.25907161356755,0.462531849609961
"GO:0006826","iron ion transport",0,1.26732700977099,0.39147648803169
"GO:0001580","detection of chemical stimulus involved in sensory perception of bitter taste",0,1.26339732630631,0.429983318814849
"GO:0140014","mitotic nuclear division",0,-1.26884434250923,0.235066586908519
"GO:0086012","membrane depolarization during cardiac muscle cell action potential",0,-1.25875281973575,0.462531849609961
"GO:0031630","regulation of synaptic vesicle fusion to presynaptic active zone membrane",0,-1.26155461387346,0.45935538184461
"GO:1901632","regulation of synaptic vesicle membrane organization",0,-1.26155461387346,0.45935538184461
"GO:0002532","production of molecular mediator involved in inflammatory response",0,1.26680352706919,0.30697548193043
"GO:0010656","negative regulation of muscle cell apoptotic process",0,-1.26507155334327,0.417697105119713
"GO:0014033","neural crest cell differentiation",0,-1.26959123533386,0.367047457585626
"GO:0046034","ATP metabolic process",0,-1.25980500445601,0.298058581145326
"GO:0006271","DNA strand elongation involved in DNA replication",0,1.27073504361097,0.472921770073567
"GO:0090114","COPII-coated vesicle budding",0,-1.28773169617592,0.393483218977493
"GO:0006851","mitochondrial calcium ion transmembrane transport",0,1.27031983561632,0.472921770073567
"GO:0048009","insulin-like growth factor receptor signaling pathway",0,-1.26858156841501,0.399912819114185
"GO:2001057","reactive nitrogen species metabolic process",0,1.25907206659722,0.353202312271229
"GO:0060119","inner ear receptor cell development",0,-1.27446227675423,0.459091828309925
"GO:0000723","telomere maintenance",0,-1.28042311509081,0.274753900904982
"GO:0046209","nitric oxide metabolic process",0,1.26947718151053,0.346884568597175
"GO:0071622","regulation of granulocyte chemotaxis",0,1.25534736147845,0.388638004300572
"GO:0061081","positive regulation of myeloid leukocyte cytokine production involved in immune response",0,1.22569940721597,0.50992500005749
"GO:1901028","regulation of mitochondrial outer membrane permeabilization involved in apoptotic signaling pathway",0,-1.2785392393419,0.452518730565523
"GO:1990266","neutrophil migration",0,1.25687750188249,0.336417990267492
"GO:1990961","xenobiotic detoxification by transmembrane export across the plasma membrane",0,-1.27453457525605,0.470139370882975
"GO:0046887","positive regulation of hormone secretion",0,1.26619578336383,0.26848690493435
"GO:0071456","cellular response to hypoxia",0,1.27278091331036,0.22570397522304
"GO:0051151","negative regulation of smooth muscle cell differentiation",0,1.25474913779509,0.495860966677846
"GO:0002523","leukocyte migration involved in inflammatory response",0,1.28515085398599,0.451802379927359
"GO:0007528","neuromuscular junction development",0,-1.25884979553567,0.438282518234012
"GO:0060143","positive regulation of syncytium formation by plasma membrane fusion",0,1.28811103317922,0.461907325353221
"GO:0030336","negative regulation of cell migration",0,1.27970823172621,0.119229319592285
"GO:0060986","endocrine hormone secretion",0,1.25237959029971,0.389703444312119
"GO:0086001","cardiac muscle cell action potential",0,-1.26694439453841,0.355275100788766
"GO:0045948","positive regulation of translational initiation",0,-1.26678253939361,0.437842600524956
"GO:0046597","host-mediated suppression of symbiont invasion",0,1.27750459617309,0.425196767218823
"GO:0048489","synaptic vesicle transport",0,-1.26037750388381,0.429180446600342
"GO:0050770","regulation of axonogenesis",0,-1.26751586251348,0.340651433284453
"GO:0000154","rRNA modification",0,-1.26323311986085,0.451896708699412
"GO:0032958","inositol phosphate biosynthetic process",0,1.3024350254111,0.423589118674596
"GO:0010587","miRNA catabolic process",0,1.26474256178965,0.498586645612528
"GO:1903317","regulation of protein maturation",0,1.24527839214721,0.408920757067131
"GO:0070169","positive regulation of biomineral tissue development",0,1.25996408380156,0.3962937405972
"GO:0043029","T cell homeostasis",0,-1.26475747091271,0.423900101344985
"GO:0034243","regulation of transcription elongation by RNA polymerase II",0,-1.24592540701327,0.396089791412911
"GO:0072539","T-helper 17 cell differentiation",0,-1.25723013809227,0.40652706097586
"GO:0060155","platelet dense granule organization",0,-1.26236483210744,0.453130482194898
"GO:0045088","regulation of innate immune response",0,1.24705515491207,0.0783610250457361
"GO:0001764","neuron migration",0,-1.25966242882031,0.352364224338278
"GO:0002478","antigen processing and presentation of exogenous peptide antigen",0,1.27615885699146,0.427916467498884
"GO:0010561","negative regulation of glycoprotein biosynthetic process",0,-1.26023698936646,0.474541483435225
"GO:0014009","glial cell proliferation",0,1.25547742409047,0.410747034953938
"GO:0006260","DNA replication",0,-1.26754152905408,0.231312913836935
"GO:0086002","cardiac muscle cell action potential involved in contraction",0,-1.26203508631444,0.389879400525919
"GO:0050771","negative regulation of axonogenesis",0,-1.27880424918746,0.413140178525834
"GO:0035196","miRNA processing",0,1.25566441017856,0.438160338272105
"GO:0030195","negative regulation of blood coagulation",0,1.29136230967953,0.369035765698224
"GO:1900047","negative regulation of hemostasis",0,1.29136230967953,0.369035765698224
"GO:0046831","regulation of RNA export from nucleus",0,-1.25940282323306,0.47595335274759
"GO:0002446","neutrophil mediated immunity",0,1.2756050117422,0.41782128816802
"GO:0002695","negative regulation of leukocyte activation",0,1.26302057423256,0.224453428031101
"GO:0098734","macromolecule depalmitoylation",0,-1.27312581228325,0.473306306614614
"GO:0003323","type B pancreatic cell development",0,-1.27267763039811,0.461187552031273
"GO:0051491","positive regulation of filopodium assembly",0,-1.25315674929983,0.466333905795226
"GO:0034612","response to tumor necrosis factor",0,1.2616444357061,0.197364329844942
"GO:2000328","regulation of T-helper 17 cell lineage commitment",0,1.21973174231998,0.519415337798958
"GO:0019098","reproductive behavior",0,-1.26011896343383,0.455036292990628
"GO:0040013","negative regulation of locomotion",0,1.24778620247887,0.151115078785758
"GO:0062125","regulation of mitochondrial gene expression",0,-1.25213339373651,0.483296353739967
"GO:0019216","regulation of lipid metabolic process",0,1.2581179810699,0.131186775270425
"GO:1905953","negative regulation of lipid localization",0,1.24184547873926,0.415990467296307
"GO:0006617","SRP-dependent cotranslational protein targeting to membrane, signal sequence recognition",0,-1.23963002912695,0.497402372484907
"GO:0170034","L-amino acid biosynthetic process",0,-1.26498765625615,0.421491400069243
"GO:0003171","atrioventricular valve development",0,1.261098425546,0.446704938797869
"GO:0043518","negative regulation of DNA damage response, signal transduction by p53 class mediator",0,1.23880946175392,0.513534793653848
"GO:0051152","positive regulation of smooth muscle cell differentiation",0,1.24831434402485,0.502616434572212
"GO:0035633","maintenance of blood-brain barrier",0,1.25102702730883,0.431552541994583
"GO:0070301","cellular response to hydrogen peroxide",0,1.2478077697623,0.393065947678586
"GO:0005976","polysaccharide metabolic process",0,-1.26195630920282,0.366904093979082
"GO:0001569","branching involved in blood vessel morphogenesis",0,1.29679711370802,0.428012952661058
"GO:0050679","positive regulation of epithelial cell proliferation",0,1.25081918371242,0.242639101082826
"GO:0030810","positive regulation of nucleotide biosynthetic process",0,-1.26556064558681,0.481814485422211
"GO:1900373","positive regulation of purine nucleotide biosynthetic process",0,-1.26556064558681,0.481814485422211
"GO:0034605","cellular response to heat",0,-1.25552250888987,0.413884365316635
"GO:0090336","positive regulation of brown fat cell differentiation",0,-1.24892824851071,0.483296353739967
"GO:0048146","positive regulation of fibroblast proliferation",0,1.26296239583422,0.413023772223455
"GO:1903037","regulation of leukocyte cell-cell adhesion",0,1.26579376852694,0.106466014851918
"GO:0060251","regulation of glial cell proliferation",0,1.22822096875656,0.46256614094272
"GO:0071480","cellular response to gamma radiation",0,-1.24732323881883,0.474523886660164
"GO:0098810","neurotransmitter reuptake",0,1.27014241083228,0.420511324534088
"GO:0035094","response to nicotine",0,1.28528288944694,0.374433147744553
"GO:0032526","response to retinoic acid",0,1.25760089711324,0.32054619997296
"GO:0000910","cytokinesis",0,-1.2469067773559,0.313541715294548
"GO:0002691","regulation of cellular extravasation",0,-1.25694399076899,0.434924357954691
"GO:0046885","regulation of hormone biosynthetic process",0,1.239731508013,0.477707841492506
"GO:0034614","cellular response to reactive oxygen species",0,1.23313197194538,0.301178856316674
"GO:0080164","regulation of nitric oxide metabolic process",0,1.25927671361428,0.37608476347389
"GO:0002424","T cell mediated immune response to tumor cell",0,-1.26071731557662,0.473186251704133
"GO:0002840","regulation of T cell mediated immune response to tumor cell",0,-1.26071731557662,0.473186251704133
"GO:0051017","actin filament bundle assembly",0,1.26862464908398,0.233277388561733
"GO:0061572","actin filament bundle organization",0,1.26862464908398,0.233277388561733
"GO:0010661","positive regulation of muscle cell apoptotic process",0,-1.25622153660193,0.45800548970271
"GO:0008645","hexose transmembrane transport",0,1.27180824911486,0.33065755180437
"GO:0046753","non-lytic viral release",0,-1.25159777060227,0.487426054800046
"GO:0010232","vascular transport",0,1.24924672630645,0.347164769012424
"GO:0150104","transport across blood-brain barrier",0,1.24924672630645,0.347164769012424
"GO:0021680","cerebellar Purkinje cell layer development",0,-1.25116833149549,0.487426054800046
"GO:0045058","T cell selection",0,-1.25639584514169,0.394027566542764
"GO:0001708","cell fate specification",0,-1.25845312817551,0.394851941466365
"GO:0030193","regulation of blood coagulation",0,1.25578655876111,0.369734145913509
"GO:0036465","synaptic vesicle recycling",0,-1.25343429092875,0.373472425398319
"GO:0045732","positive regulation of protein catabolic process",0,-1.25420229422714,0.284225247454537
"GO:1902775","mitochondrial large ribosomal subunit assembly",0,-1.28176941424524,0.457032805779014
"GO:0072577","endothelial cell apoptotic process",0,1.21673622795427,0.438994494603867
"GO:0044794","host-mediated activation of viral process",0,1.24495706116158,0.422022617979402
"GO:0007218","neuropeptide signaling pathway",0,1.24149203994887,0.309882184355173
"GO:0019885","antigen processing and presentation of endogenous peptide antigen via MHC class I",0,1.25150358427167,0.487302909817269
"GO:0010569","regulation of double-strand break repair via homologous recombination",0,-1.25432778659439,0.396230855663236
"GO:0006163","purine nucleotide metabolic process",0,-1.24427338981964,0.228551707746628
"GO:0006809","nitric oxide biosynthetic process",0,1.25392610900174,0.373376863449225
"GO:1903509","liposaccharide metabolic process",0,-1.25675802655016,0.348571176143043
"GO:0007350","blastoderm segmentation",0,-1.26181677684179,0.472649233900449
"GO:0050435","amyloid-beta metabolic process",0,-1.25182273560007,0.41236800337624
"GO:0032922","circadian regulation of gene expression",0,1.25293043647721,0.387932301372697
"GO:1903036","positive regulation of response to wounding",0,1.27009246978242,0.358279706974404
"GO:0070050","neuron cellular homeostasis",0,-1.24763176855514,0.422881691464089
"GO:0010612","regulation of cardiac muscle adaptation",0,1.24107829418072,0.522691606539479
"GO:1903242","regulation of cardiac muscle hypertrophy in response to stress",0,1.24107829418072,0.522691606539479
"GO:0048261","negative regulation of receptor-mediated endocytosis",0,-1.24608044886457,0.468501072283059
"GO:0044344","cellular response to fibroblast growth factor stimulus",0,1.23583893070905,0.368685442549688
"GO:0050913","sensory perception of bitter taste",0,1.25793006747953,0.422866975252021
"GO:0010972","negative regulation of G2/M transition of mitotic cell cycle",0,-1.21827114549212,0.46004280040231
"GO:0031665","negative regulation of lipopolysaccharide-mediated signaling pathway",0,1.23786677535669,0.506298879069981
"GO:0017015","regulation of transforming growth factor beta receptor signaling pathway",0,1.24067753243977,0.305342979897733
"GO:0010657","muscle cell apoptotic process",0,-1.2494176933315,0.39759758631659
"GO:0043270","positive regulation of monoatomic ion transport",0,1.24151955534509,0.228188002196922
"GO:0032200","telomere organization",0,-1.26133034606643,0.321213951442509
"GO:0016237","microautophagy",0,-1.23854601341276,0.485455132173216
"GO:0000018","regulation of DNA recombination",0,-1.24930639979286,0.380866705140396
"GO:0006086","pyruvate decarboxylation to acetyl-CoA",0,-1.25845380699346,0.475120940199164
"GO:0042391","regulation of membrane potential",0,-1.24417489944861,0.215517677681502
"GO:0051016","barbed-end actin filament capping",0,1.26493111708513,0.457892030254742
"GO:0050818","regulation of coagulation",0,1.25239419669764,0.363179147106243
"GO:0030517","negative regulation of axon extension",0,-1.23075562677257,0.490338076111516
"GO:1902099","regulation of metaphase/anaphase transition of cell cycle",0,-1.23970390955134,0.389633498204413
"GO:0046717","acid secretion",0,1.24910874524266,0.454417177157123
"GO:0009126","purine nucleoside monophosphate metabolic process",0,-1.24191447686291,0.448740402805237
"GO:0006473","protein acetylation",0,1.2304340284776,0.488517156142108
"GO:0070328","triglyceride homeostasis",0,1.23870768237443,0.429410642754197
"GO:0071897","DNA biosynthetic process",0,-1.24219567530396,0.33858528274777
"GO:0009159","deoxyribonucleoside monophosphate catabolic process",0,1.24700306425633,0.49663134582449
"GO:1903034","regulation of response to wounding",0,1.24584580480511,0.247480390178122
"GO:0032434","regulation of proteasomal ubiquitin-dependent protein catabolic process",0,-1.23946539136538,0.376507644800894
"GO:0042659","regulation of cell fate specification",0,-1.23563367298446,0.488277459318756
"GO:0010743","regulation of macrophage derived foam cell differentiation",0,1.25360745359685,0.429659574304697
"GO:0046847","filopodium assembly",0,-1.23891431342901,0.43288709544571
"GO:0140238","presynaptic endocytosis",0,-1.24456295509835,0.404921168730325
"GO:0036294","cellular response to decreased oxygen levels",0,1.24616662530033,0.262135088293839
"GO:1900271","regulation of long-term synaptic potentiation",0,1.2492037237793,0.427853974234308
"GO:0006303","double-strand break repair via nonhomologous end joining",0,-1.23019655971729,0.433801874069886
"GO:1990182","exosomal secretion",0,-1.23398358869267,0.489233748218123
"GO:0120033","negative regulation of plasma membrane bounded cell projection assembly",0,-1.2426443478839,0.453613382196794
"GO:0031507","heterochromatin formation",0,1.24373713516112,0.250111825527566
"GO:0018200","peptidyl-glutamic acid modification",0,-1.25048197822294,0.496922636993256
"GO:0000075","cell cycle checkpoint signaling",0,-1.23862675588064,0.339102994978633
"GO:0006450","regulation of translational fidelity",0,-1.2537474948269,0.496892004459698
"GO:0051985","negative regulation of chromosome segregation",0,-1.24353547698092,0.419300601525738
"GO:0043374","CD8-positive, alpha-beta T cell differentiation",0,-1.25309653510419,0.460551433917515
"GO:0044784","metaphase/anaphase transition of cell cycle",0,-1.25169145797253,0.364421774404013
"GO:0050931","pigment cell differentiation",0,-1.23400819987155,0.484385016144839
"GO:0046485","ether lipid metabolic process",0,-1.25010077740736,0.482240251764
"GO:0032926","negative regulation of activin receptor signaling pathway",0,1.24142326882161,0.493749067226031
"GO:1900046","regulation of hemostasis",0,1.26149668376391,0.364290425235586
"GO:0045619","regulation of lymphocyte differentiation",0,1.23592606015682,0.235769624201704
"GO:0006346","DNA methylation-dependent constitutive heterochromatin formation",0,1.25460152193754,0.438040267236425
"GO:0086009","membrane repolarization",0,-1.25131725945173,0.417121253563546
"GO:0006744","ubiquinone biosynthetic process",0,-1.2518302260773,0.482558633907406
"GO:1901663","quinone biosynthetic process",0,-1.2518302260773,0.482558633907406
"GO:0015909","long-chain fatty acid transport",0,1.22961136398287,0.416325373172415
"GO:0006885","regulation of pH",0,-1.25228160640296,0.381539588418963
"GO:0019693","ribose phosphate metabolic process",0,-1.23368768357081,0.265031883731387
"GO:0043200","response to amino acid",0,1.23299241811933,0.36727800265679
"GO:0044706","multi-multicellular organism process",0,1.26342580207188,0.227440426301382
"GO:0000819","sister chromatid segregation",0,-1.24994060613657,0.287189285657773
"GO:0055090","acylglycerol homeostasis",0,1.23275446220752,0.442091707721407
"GO:0030574","collagen catabolic process",0,1.23962239401585,0.431151369969593
"GO:0045807","positive regulation of endocytosis",0,1.24395227492686,0.247346058794992
"GO:0003158","endothelium development",0,1.24063811314752,0.299735490132244
"GO:0044406","adhesion of symbiont to host",0,1.26165580921515,0.482230528841835
"GO:1903376","regulation of oxidative stress-induced neuron intrinsic apoptotic signaling pathway",0,-1.22334046596166,0.498890597430325
"GO:0046928","regulation of neurotransmitter secretion",0,-1.24599937055236,0.398273993151922
"GO:1903241","U2-type prespliceosome assembly",0,1.24075774186851,0.484171912161992
"GO:0097306","cellular response to alcohol",0,1.23326034245694,0.34106511911246
"GO:0043535","regulation of blood vessel endothelial cell migration",0,1.23302029728406,0.34106511911246
"GO:0045346","regulation of MHC class II biosynthetic process",0,1.1979088912921,0.537652109314694
"GO:0015749","monosaccharide transmembrane transport",0,1.22821134870944,0.363753689004058
"GO:2000008","regulation of protein localization to cell surface",0,1.25008501448713,0.425099106459591
"GO:0045745","positive regulation of G protein-coupled receptor signaling pathway",0,1.24647989307741,0.434761542343133
"GO:0010971","positive regulation of G2/M transition of mitotic cell cycle",0,-1.2267397476863,0.493820637157034
"GO:0002819","regulation of adaptive immune response",0,1.23758265606165,0.23635637771848
"GO:0003299","muscle hypertrophy in response to stress",0,1.25622384394895,0.471014613183047
"GO:0014887","cardiac muscle adaptation",0,1.25622384394895,0.471014613183047
"GO:0014898","cardiac muscle hypertrophy in response to stress",0,1.25622384394895,0.471014613183047
"GO:0050482","arachidonate secretion",0,1.22526569357818,0.491238636395348
"GO:1903963","arachidonate transport",0,1.22526569357818,0.491238636395348
"GO:0071499","cellular response to laminar fluid shear stress",0,-1.24469212063573,0.458353653794515
"GO:1902514","regulation of calcium ion transmembrane transport via high voltage-gated calcium channel",0,-1.24764093398722,0.484680301936569
"GO:0009259","ribonucleotide metabolic process",0,-1.24026816330473,0.255207726883353
"GO:0070482","response to oxygen levels",0,1.25034964717057,0.135349084006378
"GO:0141091","transforming growth factor beta receptor superfamily signaling pathway",0,1.25857986279906,0.126798094006157
"GO:1902547","regulation of cellular response to vascular endothelial growth factor stimulus",0,1.22577255123077,0.478320257836815
"GO:0002703","regulation of leukocyte mediated immunity",0,1.23668124384126,0.23155895588243
"GO:2000036","regulation of stem cell population maintenance",0,-1.23803957996317,0.414838733903835
"GO:0007026","negative regulation of microtubule depolymerization",0,-1.22433689603596,0.495709889445966
"GO:0060038","cardiac muscle cell proliferation",0,-1.23798666439651,0.46538190315178
"GO:0072080","nephron tubule development",0,1.22212887575089,0.380424230751725
"GO:0034394","protein localization to cell surface",0,1.23710343635087,0.40388843404807
"GO:0030834","regulation of actin filament depolymerization",0,1.19676661186116,0.446303877330917
"GO:0006506","GPI anchor biosynthetic process",0,-1.23628753308593,0.470970365916957
"GO:0180046","GPI anchored protein biosynthesis",0,-1.23628753308593,0.470970365916957
"GO:0043567","regulation of insulin-like growth factor receptor signaling pathway",0,1.22637059743259,0.496586666565033
"GO:0010866","regulation of triglyceride biosynthetic process",0,1.23543401769555,0.509188917299134
"GO:0150115","cell-substrate junction organization",0,1.24858419345698,0.3098795807023
"GO:1902750","negative regulation of cell cycle G2/M phase transition",0,-1.23826128188338,0.42140392915131
"GO:0009595","detection of biotic stimulus",0,1.22640441071515,0.467491681181972
"GO:0051216","cartilage development",0,1.23285319757628,0.295673679364994
"GO:0007351","tripartite regional subdivision",0,-1.24016533603094,0.502986809957396
"GO:0008595","anterior/posterior axis specification, embryo",0,-1.24016533603094,0.502986809957396
"GO:0060323","head morphogenesis",0,1.2252274945441,0.498356049195658
"GO:0070828","heterochromatin organization",0,1.23195369413372,0.26931745505266
"GO:0097242","amyloid-beta clearance",0,1.22513053771347,0.445990783624968
"GO:0010742","macrophage derived foam cell differentiation",0,1.22502117708685,0.445990783624968
"GO:1902275","regulation of chromatin organization",0,1.23338357310083,0.469131442868528
"GO:0034113","heterotypic cell-cell adhesion",0,1.24467869510662,0.391903190248365
"GO:0090174","organelle membrane fusion",0,-1.23823352235357,0.358058429288723
"GO:0007044","cell-substrate junction assembly",0,1.24732185340979,0.346967668735866
"GO:0070613","regulation of protein processing",0,1.2489390746984,0.4177775867936
"GO:0043117","positive regulation of vascular permeability",0,1.19059887946826,0.541954269958814
"GO:0032984","protein-containing complex disassembly",0,-1.23102930486607,0.319640357245834
"GO:0061037","negative regulation of cartilage development",0,1.24962154210633,0.479780701995895
"GO:0043300","regulation of leukocyte degranulation",0,1.24304313107964,0.434060184203532
"GO:0003203","endocardial cushion morphogenesis",0,1.24296508258052,0.434060184203532
"GO:1903589","positive regulation of blood vessel endothelial cell proliferation involved in sprouting angiogenesis",0,1.23151587196834,0.533878490949269
"GO:0021772","olfactory bulb development",0,-1.2215605898106,0.501751472634109
"GO:0021988","olfactory lobe development",0,-1.21390161660855,0.508047854487736
"GO:0006497","protein lipidation",0,-1.22945121261448,0.465180028967447
"GO:0021766","hippocampus development",0,-1.22934119879321,0.457898284949016
"GO:0051968","positive regulation of synaptic transmission, glutamatergic",0,-1.22880508026958,0.485759518664421
"GO:0018345","protein palmitoylation",0,-1.21851003038284,0.503084388304604
"GO:0010506","regulation of autophagy",0,-1.2152847778343,0.290657311970438
"GO:0098815","modulation of excitatory postsynaptic potential",0,-1.22054232924734,0.468220999529058
"GO:0031167","rRNA methylation",0,-1.21991626934687,0.513682510887091
"GO:0060113","inner ear receptor cell differentiation",0,-1.21215193477331,0.512261722530347
"GO:0002090","regulation of receptor internalization",0,-1.2287200357472,0.429821516880437
"GO:0006298","mismatch repair",0,1.24150633844288,0.450638685255647
"GO:0001783","B cell apoptotic process",0,1.24650171110909,0.479780701995895
"GO:0090307","mitotic spindle assembly",0,-1.23277250024456,0.42818535242566
"GO:0099010","modification of postsynaptic structure",0,-1.23067107100541,0.470323647051546
"GO:0019896","axonal transport of mitochondrion",0,-1.23332350737645,0.501949851323107
"GO:0061158","3'-UTR-mediated mRNA destabilization",0,1.24576238465749,0.480628886094506
"GO:1904385","cellular response to angiotensin",0,1.21922465331958,0.469575604483705
"GO:0055089","fatty acid homeostasis",0,1.22872411649838,0.511579585015666
"GO:0007605","sensory perception of sound",0,1.21646736534952,0.359946187969772
"GO:0032784","regulation of DNA-templated transcription elongation",0,-1.22260395563514,0.421174208920354
"GO:0040036","regulation of fibroblast growth factor receptor signaling pathway",0,1.24342376190597,0.470444343172559
"GO:0032925","regulation of activin receptor signaling pathway",0,1.24328389019121,0.470444343172559
"GO:0051881","regulation of mitochondrial membrane potential",0,-1.21984804649949,0.458541645363136
"GO:1903377","negative regulation of oxidative stress-induced neuron intrinsic apoptotic signaling pathway",0,-1.23284416501043,0.506665566529239
"GO:0002762","negative regulation of myeloid leukocyte differentiation",0,1.22459487203576,0.445952946102291
"GO:1902229","regulation of intrinsic apoptotic signaling pathway in response to DNA damage",0,1.22649764226593,0.495686697764036
"GO:0045777","positive regulation of blood pressure",0,1.21523981100891,0.486804236448642
"GO:0060218","hematopoietic stem cell differentiation",0,-1.23551364450093,0.478670311089881
"GO:0071230","cellular response to amino acid stimulus",0,1.25289075165371,0.406067040464184
"GO:0050709","negative regulation of protein secretion",0,1.22167419920638,0.415692463677589
"GO:1903115","regulation of actin filament-based movement",0,1.22774346871226,0.44593814808954
"GO:0120161","regulation of cold-induced thermogenesis",0,1.21650083784542,0.297439457657624
"GO:0090077","foam cell differentiation",0,1.21658152383921,0.458113055773724
"GO:0003272","endocardial cushion formation",0,1.23654417459299,0.468002315663834
"GO:0141086","negative regulation of inflammasome-mediated signaling pathway",0,1.18352720309379,0.54873269902368
"GO:1904292","regulation of ERAD pathway",0,-1.20749392112051,0.514914000567309
"GO:0048488","synaptic vesicle endocytosis",0,-1.22365610898438,0.431580988223753
"GO:0045931","positive regulation of mitotic cell cycle",0,-1.23254491159081,0.396558131766509
"GO:0033143","regulation of intracellular steroid hormone receptor signaling pathway",0,-1.22269168578955,0.442442930592261
"GO:0010827","regulation of D-glucose transmembrane transport",0,1.21984206110967,0.420467444170916
"GO:0106106","cold-induced thermogenesis",0,1.21536650300579,0.296212288437833
"GO:1903779","regulation of cardiac conduction",0,1.22510014639297,0.474972660883022
"GO:0033687","osteoblast proliferation",0,-1.21129256757652,0.512381506553148
"GO:0060840","artery development",0,1.24518826606233,0.385218315147895
"GO:0036257","multivesicular body organization",0,-1.21461353074366,0.492840209499659
"GO:0006575","modified amino acid metabolic process",0,-1.22613987979256,0.354272629608134
"GO:0036092","phosphatidylinositol-3-phosphate biosynthetic process",0,-1.21326031319433,0.506858937372144
"GO:0007042","lysosomal lumen acidification",0,-1.20492461617028,0.516667043599526
"GO:0002367","cytokine production involved in immune response",0,1.19169724539873,0.408799082476476
"GO:0002718","regulation of cytokine production involved in immune response",0,1.19169724539873,0.408799082476476
"GO:0045947","negative regulation of translational initiation",0,-1.22240666106355,0.493457599471311
"GO:1902455","negative regulation of stem cell population maintenance",0,-1.20453411090963,0.516667043599526
"GO:0032924","activin receptor signaling pathway",0,1.21282657665829,0.460366883331899
"GO:0032715","negative regulation of interleukin-6 production",0,1.22576822624225,0.459116901746882
"GO:0032941","secretion by tissue",0,1.19219939040317,0.491232063989301
"GO:0000028","ribosomal small subunit assembly",0,-1.21745133183393,0.522532514944602
"GO:0040020","regulation of meiotic nuclear division",0,-1.23058122955292,0.501223318885413
"GO:0046189","phenol-containing compound biosynthetic process",0,-1.23534007085471,0.451987163746771
"GO:0021952","central nervous system projection neuron axonogenesis",0,-1.22075790567752,0.526592183522128
"GO:0046618","xenobiotic export from cell",0,-1.22968627844193,0.501223318885413
"GO:0048799","animal organ maturation",0,1.2034880369059,0.5119711849271
"GO:0070341","fat cell proliferation",0,-1.22651174878735,0.503234917461974
"GO:0006582","melanin metabolic process",0,-1.2200791582339,0.493457599471311
"GO:0042438","melanin biosynthetic process",0,-1.2200791582339,0.493457599471311
"GO:0030516","regulation of axon extension",0,-1.21888167849615,0.431207287736686
"GO:0038093","Fc receptor signaling pathway",0,1.21547215123472,0.4316666515733
"GO:1903556","negative regulation of tumor necrosis factor superfamily cytokine production",0,1.21388781749905,0.430617107365635
"GO:0032720","negative regulation of tumor necrosis factor production",0,1.18336057407925,0.476829195911623
"GO:0070593","dendrite self-avoidance",0,-1.22381264253753,0.513887857075714
"GO:0036005","response to macrophage colony-stimulating factor",0,1.23596908309561,0.487665505389806
"GO:0036297","interstrand cross-link repair",0,-1.21055273334958,0.495456625561837
"GO:0048260","positive regulation of receptor-mediated endocytosis",0,1.21305728507606,0.430617107365635
"GO:0030953","astral microtubule organization",0,-1.2144451743765,0.525842087576612
"GO:0008202","steroid metabolic process",0,-1.22951847197801,0.290692139214696
"GO:0006364","rRNA processing",0,-1.2193070013931,0.344889067725769
"GO:0030317","flagellated sperm motility",0,-1.21253594821895,0.399673809315389
"GO:0097722","sperm motility",0,-1.21253594821895,0.399673809315389
"GO:0002520","immune system development",0,1.19586489087413,0.384214048558395
"GO:1903427","negative regulation of reactive oxygen species biosynthetic process",0,-1.20675704753712,0.513937682348719
"GO:0051170","import into nucleus",0,-1.21890855270292,0.387559443371711
"GO:0006693","prostaglandin metabolic process",0,1.23922485954866,0.429968740914918
"GO:0032509","endosome transport via multivesicular body sorting pathway",0,-1.22015316584504,0.474157257204481
"GO:0098771","inorganic ion homeostasis",0,1.21648728433794,0.134766602747163
"GO:0007178","cell surface receptor protein serine/threonine kinase signaling pathway",0,1.22779820480722,0.155547275931714
"GO:0051291","protein heterooligomerization",0,-1.20467822232038,0.506690063327831
"GO:0045730","respiratory burst",0,1.20786296957006,0.481908441312367
"GO:0006606","protein import into nucleus",0,-1.22009470902951,0.39005127034046
"GO:0007131","reciprocal meiotic recombination",0,1.21794558929085,0.449384581665135
"GO:0140527","reciprocal homologous recombination",0,1.21794558929085,0.449384581665135
"GO:0055021","regulation of cardiac muscle tissue growth",0,-1.21938247189738,0.475901622975358
"GO:0002431","Fc receptor mediated stimulatory signaling pathway",0,1.22720894826308,0.46108318840129
"GO:0046890","regulation of lipid biosynthetic process",0,1.23623146552818,0.250812278410526
"GO:2000378","negative regulation of reactive oxygen species metabolic process",0,-1.1931475107777,0.503195045797626
"GO:0009167","purine ribonucleoside monophosphate metabolic process",0,-1.20713742353196,0.487549315815978
"GO:0032689","negative regulation of type II interferon production",0,1.18553030966346,0.500795872551014
"GO:0007565","female pregnancy",0,1.21338405528231,0.363886518173672
"GO:0002476","antigen processing and presentation of endogenous peptide antigen via MHC class Ib",0,1.20484461251893,0.552611984312112
"GO:0042755","eating behavior",0,1.2213984489098,0.465419924401399
"GO:0090181","regulation of cholesterol metabolic process",0,-1.22865452573928,0.459426353616328
"GO:0050891","multicellular organismal-level water homeostasis",0,1.21815812905448,0.464156212666228
"GO:0007596","blood coagulation",0,1.20928302160033,0.268736818253538
"GO:0010586","miRNA metabolic process",0,1.2266303335284,0.36631585232344
"GO:0071326","cellular response to monosaccharide stimulus",0,1.21589973222067,0.346962389300904
"GO:1903540","establishment of protein localization to postsynaptic membrane",0,-1.21543142457664,0.533127551405185
"GO:0090713","immunological memory process",0,1.21376351114346,0.530263873416049
"GO:0051052","regulation of DNA metabolic process",0,-1.220749299037,0.251658191528413
"GO:0009262","deoxyribonucleotide metabolic process",0,-1.2037081805249,0.48078058309644
"GO:0002790","peptide secretion",0,1.19992484239099,0.269032104246058
"GO:1904375","regulation of protein localization to cell periphery",0,-1.22370710479012,0.377213822700885
"GO:0090087","regulation of peptide transport",0,1.23088269936444,0.251321160886456
"GO:0006613","cotranslational protein targeting to membrane",0,-1.20031880900381,0.520440609330944
"GO:1903236","regulation of leukocyte tethering or rolling",0,1.2125176823693,0.53095225655716
"GO:0086065","cell communication involved in cardiac conduction",0,-1.19749232253777,0.47318983568232
"GO:0045017","glycerolipid biosynthetic process",0,-1.21263820783061,0.341538721271716
"GO:0036037","CD8-positive, alpha-beta T cell activation",0,-1.22586821063021,0.476744736216336
"GO:0035019","somatic stem cell population maintenance",0,1.20978608916193,0.522364018572439
"GO:0002822","regulation of adaptive immune response based on somatic recombination of immune receptors built from immunoglobulin superfamily domains",0,1.21572900607391,0.289717204524328
"GO:0033077","T cell differentiation in thymus",0,-1.20392621262265,0.473117717706513
"GO:0051290","protein heterotetramerization",0,-1.22051774282418,0.511006733368319
"GO:1904753","negative regulation of vascular associated smooth muscle cell migration",0,1.19917754301601,0.560431299479716
"GO:0071636","positive regulation of transforming growth factor beta production",0,1.21147511702908,0.533945346225925
"GO:0007599","hemostasis",0,1.20311670258985,0.251732323377699
"GO:1903319","positive regulation of protein maturation",0,1.19765369851262,0.5184339280511
"GO:0034727","piecemeal microautophagy of the nucleus",0,-1.21539179338124,0.523322085808403
"GO:0015816","glycine transport",0,-1.21993997265424,0.511366482587229
"GO:0019081","viral translation",0,-1.19852685173002,0.522452633081088
"GO:0006399","tRNA metabolic process",0,-1.19892314247928,0.400553300527833
"GO:0030098","lymphocyte differentiation",0,1.21807457164596,0.148349503544654
"GO:0016339","calcium-dependent cell-cell adhesion",0,1.19097187287212,0.468373922000509
"GO:0038202","TORC1 signaling",0,-1.21033264334319,0.438051150842578
"GO:0110053","regulation of actin filament organization",0,1.19765573149263,0.271471597388409
"GO:0002700","regulation of production of molecular mediator of immune response",0,1.20558737023884,0.349255185201493
"GO:0044818","mitotic G2/M transition checkpoint",0,-1.21264839493107,0.476950386567894
"GO:0001938","positive regulation of endothelial cell proliferation",0,1.22903179564258,0.380852568124204
"GO:0007212","G protein-coupled dopamine receptor signaling pathway",0,1.21069945006996,0.486545323348089
"GO:0010566","regulation of ketone biosynthetic process",0,1.22474741631518,0.488192397157461
"GO:0060382","regulation of DNA strand elongation",0,-1.21549943478582,0.514999117041233
"GO:0097352","autophagosome maturation",0,-1.20170459353351,0.478276780801286
"GO:2000779","regulation of double-strand break repair",0,-1.21094762966259,0.408975125896638
"GO:0021885","forebrain cell migration",0,1.20042351648385,0.49016152693497
"GO:1901992","positive regulation of mitotic cell cycle phase transition",0,-1.21334690987573,0.439199199224029
"GO:0045926","negative regulation of growth",0,-1.20020850994228,0.388178298571824
"GO:2000628","regulation of miRNA metabolic process",0,1.19368502835939,0.421244335606204
"GO:0034242","negative regulation of syncytium formation by plasma membrane fusion",0,1.21434913318622,0.469973033813545
"GO:0036258","multivesicular body assembly",0,-1.2077876600724,0.498389601915263
"GO:0015748","organophosphate ester transport",0,-1.21741165816998,0.380019756306437
"GO:0007346","regulation of mitotic cell cycle",0,-1.20902942908853,0.260594099172412
"GO:0050657","nucleic acid transport",0,-1.21111642867127,0.393780639143906
"GO:0050658","RNA transport",0,-1.21111642867127,0.393780639143906
"GO:0051965","positive regulation of synapse assembly",0,1.20143501877259,0.463383855720663
"GO:0002791","regulation of peptide secretion",0,1.22482289300312,0.238013351352067
"GO:0019674","NAD+ metabolic process",0,-1.18440572201811,0.513037995933557
"GO:1902548","negative regulation of cellular response to vascular endothelial growth factor stimulus",0,1.20640960554102,0.537351243308817
"GO:2000780","negative regulation of double-strand break repair",0,-1.21470826011286,0.501394969553283
"GO:2000059","negative regulation of ubiquitin-dependent protein catabolic process",0,-1.19850002380982,0.482486469711588
"GO:0002366","leukocyte activation involved in immune response",0,1.20203987354097,0.223367223656874
"GO:0042733","embryonic digit morphogenesis",0,1.22083796859852,0.493475342694093
"GO:0007156","homophilic cell-cell adhesion",0,1.19693205351019,0.332860837711873
"GO:0006140","regulation of nucleotide metabolic process",0,-1.19706518400685,0.472215080202715
"GO:1900542","regulation of purine nucleotide metabolic process",0,-1.19706518400685,0.472215080202715
"GO:0003009","skeletal muscle contraction",0,1.1668980440593,0.488175586426095
"GO:0050995","negative regulation of lipid catabolic process",0,1.23978831641238,0.492134678199368
"GO:1901987","regulation of cell cycle phase transition",0,-1.2043109545112,0.288739048072835
"GO:1903588","negative regulation of blood vessel endothelial cell proliferation involved in sprouting angiogenesis",0,1.20378243596803,0.568269908881586
"GO:0019359","nicotinamide nucleotide biosynthetic process",0,1.16336078784764,0.571612989402632
"GO:0019363","pyridine nucleotide biosynthetic process",0,1.16336078784764,0.571612989402632
"GO:0003215","cardiac right ventricle morphogenesis",0,-1.21357832909792,0.51923389749817
"GO:0003254","regulation of membrane depolarization",0,-1.21617574936386,0.468875329479759
"GO:0070129","regulation of mitochondrial translation",0,-1.20866303947183,0.52932922173324
"GO:0030282","bone mineralization",0,1.18975231089902,0.423589118674596
"GO:0033688","regulation of osteoblast proliferation",0,-1.19330529591082,0.530525380022979
"GO:0009062","fatty acid catabolic process",0,-1.1986898296824,0.453603668860998
"GO:0009150","purine ribonucleotide metabolic process",0,-1.20567249666888,0.317801525136461
"GO:0044786","cell cycle DNA replication",0,1.19874337829223,0.48526858023855
"GO:0050817","coagulation",0,1.20817609010503,0.262749139726549
"GO:0006302","double-strand break repair",0,-1.20731877577533,0.345889426515752
"GO:0022029","telencephalon cell migration",0,1.19159605803852,0.506999731710989
"GO:0048732","gland development",0,1.20518869387462,0.258798640173391
"GO:2000146","negative regulation of cell motility",0,1.2154099486499,0.203903295264848
"GO:0150079","negative regulation of neuroinflammatory response",0,1.20239984317372,0.538933277197039
"GO:0097061","dendritic spine organization",0,-1.20095778608572,0.462141105756024
"GO:0001667","ameboidal-type cell migration",0,1.2204766836386,0.257831744922288
"GO:0030865","cortical cytoskeleton organization",0,-1.19477104679257,0.486195851929807
"GO:0032365","intracellular lipid transport",0,-1.19969948987592,0.49042425477838
"GO:0042790","nucleolar large rRNA transcription by RNA polymerase I",0,-1.1894336603688,0.530553850950725
"GO:1903541","regulation of exosomal secretion",0,-1.21058502881841,0.523229278372911
"GO:1903543","positive regulation of exosomal secretion",0,-1.21058502881841,0.523229278372911
"GO:0046621","negative regulation of organ growth",0,-1.18927400123194,0.530553850950725
"GO:0034698","response to gonadotropin",0,1.20085726960548,0.516976537932404
"GO:0010660","regulation of muscle cell apoptotic process",0,-1.20411361291899,0.468682118402071
"GO:0072659","protein localization to plasma membrane",0,-1.20644642350672,0.33767185103748
"GO:0000380","alternative mRNA splicing, via spliceosome",0,1.18834103119234,0.466694966674136
"GO:0071470","cellular response to osmotic stress",0,1.16239721957638,0.489798788306897
"GO:0002026","regulation of the force of heart contraction",0,1.19844570364316,0.530506647139604
"GO:0098935","dendritic transport",0,-1.20645251274488,0.522405518751202
"GO:0010883","regulation of lipid storage",0,1.19110474733835,0.483870765818847
"GO:0033962","P-body assembly",0,-1.18994615748571,0.544682905420596
"GO:0071711","basement membrane organization",0,1.17029197451835,0.516327524153428
"GO:0014032","neural crest cell development",0,-1.20657667766504,0.470405157768342
"GO:0048864","stem cell development",0,-1.19978625165121,0.47431913762387
"GO:0006638","neutral lipid metabolic process",0,1.18261394819977,0.404341175390924
"GO:0006639","acylglycerol metabolic process",0,1.18261394819977,0.404341175390924
"GO:0007616","long-term memory",0,1.16911081214047,0.519406892367819
"GO:0071549","cellular response to dexamethasone stimulus",0,1.15714321319783,0.57528850205327
"GO:0031632","positive regulation of synaptic vesicle fusion to presynaptic active zone membrane",0,-1.20692847629713,0.52707387726819
"GO:0099502","calcium-dependent activation of synaptic vesicle fusion",0,-1.20692847629713,0.52707387726819
"GO:1901634","positive regulation of synaptic vesicle membrane organization",0,-1.20692847629713,0.52707387726819
"GO:0090646","mitochondrial tRNA processing",0,-1.20665968892047,0.52707387726819
"GO:0006672","ceramide metabolic process",0,-1.18222251460283,0.463559673193804
"GO:0006839","mitochondrial transport",0,-1.18913828186154,0.521469423349097
"GO:0042401","biogenic amine biosynthetic process",0,-1.18907347025976,0.521469423349097
"GO:0090224","regulation of spindle organization",0,-1.19174377355507,0.504486924865519
"GO:0090276","regulation of peptide hormone secretion",0,1.20522026127423,0.312997165343841
"GO:1901659","glycosyl compound biosynthetic process",0,-1.18634773515541,0.547881421546073
"GO:0030970","retrograde protein transport, ER to cytosol",0,-1.19596446831386,0.523145340661393
"GO:1903513","endoplasmic reticulum to cytosol transport",0,-1.19596446831386,0.523145340661393
"GO:0042987","amyloid precursor protein catabolic process",0,-1.19522387120099,0.48100710159093
"GO:0050860","negative regulation of T cell receptor signaling pathway",0,-1.20947747674258,0.489173097192451
"GO:0015693","magnesium ion transport",0,-1.20444128884794,0.52768827373092
"GO:1903830","magnesium ion transmembrane transport",0,-1.20444128884794,0.52768827373092
"GO:1905168","positive regulation of double-strand break repair via homologous recombination",0,-1.20938102409873,0.489173097192451
"GO:0003016","respiratory system process",0,-1.19120521120388,0.547747284554058
"GO:0032388","positive regulation of intracellular transport",0,-1.20393775529682,0.407602018183818
"GO:0070972","protein localization to endoplasmic reticulum",0,-1.19236752317828,0.522367154061275
"GO:1905332","positive regulation of morphogenesis of an epithelium",0,1.19052662297348,0.495952238927527
"GO:0015718","monocarboxylic acid transport",0,1.19465612945448,0.32965619260123
"GO:0006513","protein monoubiquitination",0,-1.19723925945932,0.496242879021601
"GO:0045342","MHC class II biosynthetic process",0,1.21082350042042,0.515098255363261
"GO:0032436","positive regulation of proteasomal ubiquitin-dependent protein catabolic process",0,-1.18647818226964,0.477510866413892
"GO:0050796","regulation of insulin secretion",0,1.18299813396867,0.38283114971438
"GO:0030042","actin filament depolymerization",0,1.1583703217022,0.500727083366059
"GO:0006282","regulation of DNA repair",0,-1.19451656861213,0.383835632400803
"GO:0030048","actin filament-based movement",0,1.18908371542303,0.367976716850975
"GO:0014015","positive regulation of gliogenesis",0,1.19536699471431,0.470040290393614
"GO:0032785","negative regulation of DNA-templated transcription, elongation",0,-1.18294513758693,0.541010290333988
"GO:0008306","associative learning",0,1.18892934634819,0.461404021318097
"GO:0051955","regulation of amino acid transport",0,-1.19456330271598,0.504634729190539
"GO:1900182","positive regulation of protein localization to nucleus",0,-1.19838088164787,0.458375708950384
"GO:0043113","receptor clustering",0,1.21859038621788,0.43861129378778
"GO:0090153","regulation of sphingolipid biosynthetic process",0,1.15169006330775,0.583649410115753
"GO:0120162","positive regulation of cold-induced thermogenesis",0,1.17664152230866,0.417131718557241
"GO:0001659","temperature homeostasis",0,1.19173090930327,0.301139385278449
"GO:0045833","negative regulation of lipid metabolic process",0,1.17700846574725,0.44814108345722
"GO:0045022","early endosome to late endosome transport",0,-1.19510343809387,0.501119109115455
"GO:0000289","nuclear-transcribed mRNA poly(A) tail shortening",0,1.16274236316258,0.52439974438827
"GO:1900034","regulation of cellular response to heat",0,-1.20021507002275,0.533288712717238
"GO:0061326","renal tubule development",0,1.2103428602244,0.398465580980163
"GO:0050855","regulation of B cell receptor signaling pathway",0,1.18920110297969,0.538194675467821
"GO:0018107","peptidyl-threonine phosphorylation",0,-1.19660820325907,0.507906315549894
"GO:0018210","peptidyl-threonine modification",0,-1.19660820325907,0.507906315549894
"GO:0008037","cell recognition",0,1.19301799053682,0.377839438638235
"GO:0048546","digestive tract morphogenesis",0,-1.19944634644369,0.518915662060931
"GO:0090200","positive regulation of release of cytochrome c from mitochondria",0,-1.19053565720092,0.527121235088749
"GO:0016125","sterol metabolic process",0,-1.1945827164104,0.421681511203201
"GO:0072337","modified amino acid transport",0,-1.18483757331874,0.511728610531445
"GO:0001570","vasculogenesis",0,1.19293734796134,0.454326995718996
"GO:0001756","somitogenesis",0,1.18124524014245,0.538413988827776
"GO:0046627","negative regulation of insulin receptor signaling pathway",0,-1.20379027069743,0.497224257418069
"GO:0070198","protein localization to chromosome, telomeric region",0,-1.19412521538084,0.54282660777663
"GO:0046854","phosphatidylinositol phosphate biosynthetic process",0,-1.18595855928413,0.496114195972811
"GO:0030072","peptide hormone secretion",0,1.18881523736774,0.307924452309198
"GO:0042255","ribosome assembly",0,-1.2032384445889,0.481458104058467
"GO:0043094","metabolic compound salvage",0,-1.18686608324365,0.509616246843578
"GO:0042752","regulation of circadian rhythm",0,-1.18642548568454,0.451152585684255
"GO:0002693","positive regulation of cellular extravasation",0,-1.1944184466437,0.547151947400969
"GO:0006334","nucleosome assembly",0,1.21047607840874,0.459470213717705
"GO:0006637","acyl-CoA metabolic process",0,-1.18816576402916,0.461461348543318
"GO:2000241","regulation of reproductive process",0,1.19667275631944,0.376249607795899
"GO:2001028","positive regulation of endothelial cell chemotaxis",0,1.17575449623767,0.562188904789397
"GO:0033260","nuclear DNA replication",0,1.17819311551252,0.509211617503246
"GO:0045023","G0 to G1 transition",0,-1.1787735629804,0.53334550802598
"GO:0032368","regulation of lipid transport",0,1.19503640557158,0.398331368727554
"GO:0031341","regulation of cell killing",0,1.18248386821236,0.427838332536319
"GO:0071774","response to fibroblast growth factor",0,1.20032467823026,0.384550165539642
"GO:0030214","hyaluronan catabolic process",0,1.18667589010111,0.550805213157216
"GO:0098813","nuclear chromosome segregation",0,-1.19093100036639,0.372365137550148
"GO:0045744","negative regulation of G protein-coupled receptor signaling pathway",0,1.18655589875167,0.447924384496895
"GO:0061615","glycolytic process through fructose-6-phosphate",0,-1.17595258929178,0.54646326644947
"GO:0042982","amyloid precursor protein metabolic process",0,-1.19007818189388,0.47728509138075
"GO:0002755","MyD88-dependent toll-like receptor signaling pathway",0,1.20017810719228,0.516082370454692
"GO:0007015","actin filament organization",0,1.18893018961898,0.159909690635817
"GO:0006022","aminoglycan metabolic process",0,1.18359817551066,0.442863587839865
"GO:0090303","positive regulation of wound healing",0,1.19883147945668,0.442417443584721
"GO:0042180","ketone metabolic process",0,1.1775890807351,0.323143043344535
"GO:0032456","endocytic recycling",0,-1.18429829770649,0.472955327685319
"GO:1902652","secondary alcohol metabolic process",0,-1.1898522550984,0.432471354966187
"GO:0002720","positive regulation of cytokine production involved in immune response",0,1.19793376068619,0.442908723908862
"GO:0038084","vascular endothelial growth factor signaling pathway",0,1.1782759810836,0.482471039093527
"GO:1990778","protein localization to cell periphery",0,-1.17225085340157,0.380060227933792
"GO:0009394","2'-deoxyribonucleotide metabolic process",0,-1.19711886201629,0.491280323042254
"GO:0045216","cell-cell junction organization",0,1.19595771790247,0.306576338953509
"GO:0090092","regulation of transmembrane receptor protein serine/threonine kinase signaling pathway",0,1.17077320362583,0.320366014521755
"GO:0061053","somite development",0,-1.18237830894443,0.521740229383277
"GO:0051693","actin filament capping",0,1.17849198147057,0.504730391845106
"GO:0043297","apical junction assembly",0,1.16482650858128,0.493002650035433
"GO:0021510","spinal cord development",0,1.17838662034239,0.469407127969504
"GO:0051321","meiotic cell cycle",0,-1.18372135254201,0.391064531366342
"GO:0051056","regulation of small GTPase mediated signal transduction",0,1.18199351184897,0.241577601493448
"GO:0010954","positive regulation of protein processing",0,1.18186183370479,0.532047556201658
"GO:0006470","protein dephosphorylation",0,-1.1836102732635,0.477766379233622
"GO:2000351","regulation of endothelial cell apoptotic process",0,1.2073989496844,0.449281240108691
"GO:0036151","phosphatidylcholine acyl-chain remodeling",0,1.18195619913542,0.557010110112013
"GO:0006284","base-excision repair",0,-1.17216807543323,0.516460016853627
"GO:0150052","regulation of postsynapse assembly",0,-1.17905861317632,0.516081336793948
"GO:0099625","ventricular cardiac muscle cell membrane repolarization",0,-1.17620723731039,0.535038119910851
"GO:0030857","negative regulation of epithelial cell differentiation",0,1.17294972918242,0.522468682348227
"GO:0002758","innate immune response-activating signaling pathway",0,1.18305174038318,0.228995420520653
"GO:0009309","amine biosynthetic process",0,-1.18225673971474,0.519137666528144
"GO:0001504","neurotransmitter uptake",0,1.17775324845904,0.489555092056713
"GO:0072531","pyrimidine-containing compound transmembrane transport",0,-1.17018152753193,0.564432505332493
"GO:0060761","negative regulation of response to cytokine stimulus",0,-1.17833472910588,0.478311510184326
"GO:0010639","negative regulation of organelle organization",0,-1.17946058325488,0.368062740782169
"GO:0140896","cGAS/STING signaling pathway",0,-1.16728190466256,0.557505402065559
"GO:0032259","methylation",0,-1.18267691076511,0.442547287849201
"GO:0035567","non-canonical Wnt signaling pathway",0,1.19982122616593,0.445505559714243
"GO:0006595","polyamine metabolic process",0,-1.18302030468004,0.5556727966531
"GO:0000394","RNA splicing, via endonucleolytic cleavage and ligation",0,-1.1744848884563,0.563604722285202
"GO:0071501","cellular response to sterol depletion",0,-1.1743751240482,0.563604722285202
"GO:0071526","semaphorin-plexin signaling pathway",0,1.17423102258247,0.480374491926226
"GO:0070306","lens fiber cell differentiation",0,1.18881559405467,0.507267776295913
"GO:0050863","regulation of T cell activation",0,1.18788966746761,0.228768295016884
"GO:0048483","autonomic nervous system development",0,-1.16972842358877,0.540915889520476
"GO:0032527","protein exit from endoplasmic reticulum",0,-1.19366381724913,0.507502833184103
"GO:0170038","proteinogenic amino acid biosynthetic process",0,-1.16835786048707,0.524233101105327
"GO:1990845","adaptive thermogenesis",0,1.17136813258022,0.344080706664596
"GO:0002218","activation of innate immune response",0,1.17172650084593,0.253697857752659
"GO:0006103","2-oxoglutarate metabolic process",0,-1.18129182374781,0.556328005275463
"GO:0051259","protein complex oligomerization",0,-1.17617903190195,0.390735418307504
"GO:0002702","positive regulation of production of molecular mediator of immune response",0,1.19674015419337,0.399300088887451
"GO:0042063","gliogenesis",0,1.17175981405207,0.328912914935959
"GO:0006661","phosphatidylinositol biosynthetic process",0,-1.17759820194358,0.463569028746929
"GO:0032261","purine nucleotide salvage",0,-1.18498710301744,0.545260837732881
"GO:0051315","attachment of mitotic spindle microtubules to kinetochore",0,1.1672081831811,0.548471816677313
"GO:0120193","tight junction organization",0,1.19296684157763,0.443800694888841
"GO:0034504","protein localization to nucleus",0,-1.17182781386299,0.412244213442151
"GO:0051209","release of sequestered calcium ion into cytosol",0,1.17999627011486,0.406039503348492
"GO:0008033","tRNA processing",0,-1.17759952374763,0.465561079453205
"GO:0048010","vascular endothelial growth factor receptor signaling pathway",0,1.14020125089958,0.523638508286987
"GO:0032615","interleukin-12 production",0,1.16183564363705,0.50109470920638
"GO:0032655","regulation of interleukin-12 production",0,1.16183564363705,0.50109470920638
"GO:0008203","cholesterol metabolic process",0,-1.17988330888795,0.449304933958119
"GO:0043649","dicarboxylic acid catabolic process",0,-1.18355216005288,0.545744886135669
"GO:0032373","positive regulation of sterol transport",0,1.16559789884468,0.521623567736026
"GO:0032376","positive regulation of cholesterol transport",0,1.16559789884468,0.521623567736026
"GO:0090141","positive regulation of mitochondrial fission",0,-1.18347848225891,0.545744886135669
"GO:0038061","non-canonical NF-kappaB signal transduction",0,1.16315786382934,0.432561540413701
"GO:0070555","response to interleukin-1",0,1.17460343347705,0.419535996064329
"GO:0036480","neuron intrinsic apoptotic signaling pathway in response to oxidative stress",0,-1.16269992866252,0.560077614324722
"GO:0071453","cellular response to oxygen levels",0,1.16555654796503,0.387910185206765
"GO:1902041","regulation of extrinsic apoptotic signaling pathway via death domain receptors",0,1.17778305896201,0.500064154890752
"GO:0001516","prostaglandin biosynthetic process",0,1.16084102098123,0.548121482782561
"GO:0007213","G protein-coupled acetylcholine receptor signaling pathway",0,-1.16331159843198,0.563226964834764
"GO:0000082","G1/S transition of mitotic cell cycle",0,-1.16944785368494,0.427324925195767
"GO:0007368","determination of left/right symmetry",0,1.15941585670655,0.476062331029011
"GO:0002263","cell activation involved in immune response",0,1.17745291848684,0.266625549287602
"GO:0010573","vascular endothelial growth factor production",0,1.17989418990678,0.499649749473196
"GO:0034332","adherens junction organization",0,1.1382601013618,0.523900229371934
"GO:0031667","response to nutrient levels",0,1.17318788065471,0.184139230063573
"GO:0001822","kidney development",0,1.15901944474484,0.320711630481735
"GO:0016482","cytosolic transport",0,-1.17099692902848,0.468908443592487
"GO:2001026","regulation of endothelial cell chemotaxis",0,1.20569918693917,0.523527068599162
"GO:1900077","negative regulation of cellular response to insulin stimulus",0,-1.15023625650947,0.554698452263178
"GO:0097479","synaptic vesicle localization",0,-1.15078627219816,0.531938318881558
"GO:0038034","signal transduction in absence of ligand",0,-1.1703293437046,0.517222000377027
"GO:0045746","negative regulation of Notch signaling pathway",0,-1.17716752364736,0.531673661377784
"GO:0046457","prostanoid biosynthetic process",0,1.17273446043913,0.520946788365434
"GO:0048839","inner ear development",0,-1.17174964957525,0.484503167356405
"GO:0060236","regulation of mitotic spindle organization",0,-1.18680042673246,0.516842242995114
"GO:0030509","BMP signaling pathway",0,1.13863537825392,0.455308137327171
"GO:0044843","cell cycle G1/S phase transition",0,-1.16655101100544,0.422609049785324
"GO:0006687","glycosphingolipid metabolic process",0,-1.16990915275959,0.495030853441848
"GO:0042219","modified amino acid catabolic process",0,-1.16796046000819,0.543442506610582
"GO:0048736","appendage development",0,1.15611877109178,0.47033254724937
"GO:0060173","limb development",0,1.15611877109178,0.47033254724937
"GO:0010817","regulation of hormone levels",0,1.15269980727977,0.225380468013669
"GO:0120261","regulation of heterochromatin organization",0,1.18928931784484,0.552382668337193
"GO:0007626","locomotory behavior",0,1.15541415868488,0.463586106535085
"GO:0022404","molting cycle process",0,1.16487282928716,0.495127053817866
"GO:0022405","hair cycle process",0,1.16487282928716,0.495127053817866
"GO:0060353","regulation of cell adhesion molecule production",0,1.15576104748477,0.620712958940356
"GO:0043407","negative regulation of MAP kinase activity",0,1.16091662673177,0.551884071597842
"GO:0120192","tight junction assembly",0,1.17226678656711,0.47894887847205
"GO:0006939","smooth muscle contraction",0,1.15458025209036,0.46912519423893
"GO:0014911","positive regulation of smooth muscle cell migration",0,-1.16127335101259,0.54863088806108
"GO:0060292","long-term synaptic depression",0,1.17970427604881,0.515734873275058
"GO:1901099","negative regulation of signal transduction in absence of ligand",0,-1.16615699363345,0.54367536887647
"GO:2001240","negative regulation of extrinsic apoptotic signaling pathway in absence of ligand",0,-1.16615699363345,0.54367536887647
"GO:1901654","response to ketone",0,1.16822525902854,0.34103001901676
"GO:0085029","extracellular matrix assembly",0,1.17844120277084,0.508210999755423
"GO:0043455","regulation of secondary metabolic process",0,-1.17729384327122,0.55516670945879
"GO:0048021","regulation of melanin biosynthetic process",0,-1.17729384327122,0.55516670945879
"GO:1900376","regulation of secondary metabolite biosynthetic process",0,-1.17729384327122,0.55516670945879
"GO:1904181","positive regulation of membrane depolarization",0,-1.17270241098336,0.562699818093732
"GO:0010828","positive regulation of D-glucose transmembrane transport",0,1.16077251513217,0.525527257691235
"GO:0021782","glial cell development",0,1.15360625558049,0.46912519423893
"GO:0031346","positive regulation of cell projection organization",0,-1.16707377338219,0.396905279788886
"GO:0048168","regulation of neuronal synaptic plasticity",0,-1.17135406609617,0.524891868488943
"GO:0002833","positive regulation of response to biotic stimulus",0,1.16612705164894,0.22630708169113
"GO:0042303","molting cycle",0,1.1882590428268,0.461425257232356
"GO:0042633","hair cycle",0,1.1882590428268,0.461425257232356
"GO:0071364","cellular response to epidermal growth factor stimulus",0,1.18890454922448,0.478641058681377
"GO:1902745","positive regulation of lamellipodium organization",0,1.17863099838575,0.511463302334445
"GO:0035330","regulation of hippo signaling",0,1.16248656453531,0.519765942891856
"GO:0006906","vesicle fusion",0,-1.16794706205535,0.475165429307088
"GO:0006487","protein N-linked glycosylation",0,-1.16143768127809,0.506319037482341
"GO:0035988","chondrocyte proliferation",0,1.16635231699957,0.567655684758487
"GO:0045920","negative regulation of exocytosis",0,1.16580001147845,0.536181095328007
"GO:0141087","positive regulation of inflammasome-mediated signaling pathway",0,1.1376371014667,0.550507411644558
"GO:0030835","negative regulation of actin filament depolymerization",0,1.18694653216458,0.480892299314525
"GO:0097700","vascular endothelial cell response to laminar fluid shear stress",0,-1.15639583520248,0.568055509161329
"GO:0061045","negative regulation of wound healing",0,1.16614425750616,0.470501597535452
"GO:1902036","regulation of hematopoietic stem cell differentiation",0,-1.16941123484159,0.565943146498906
"GO:0045912","negative regulation of carbohydrate metabolic process",0,-1.1629332095379,0.532926733244834
"GO:0006691","leukotriene metabolic process",0,1.15395001960878,0.544956168615924
"GO:0042073","intraciliary transport",0,-1.16247423345497,0.533813112492827
"GO:0006123","mitochondrial electron transport, cytochrome c to oxygen",0,-1.17316046548335,0.559253097236701
"GO:0001539","cilium or flagellum-dependent cell motility",0,-1.16358631366334,0.477864809831025
"GO:0060285","cilium-dependent cell motility",0,-1.16358631366334,0.477864809831025
"GO:0008016","regulation of heart contraction",0,1.16440001732861,0.360004917656889
"GO:0001778","plasma membrane repair",0,-1.16169341742122,0.549311498365293
"GO:0060416","response to growth hormone",0,1.18524194720713,0.483322022812723
"GO:0099068","postsynapse assembly",0,-1.15895582862973,0.50888903469003
"GO:0110110","positive regulation of animal organ morphogenesis",0,1.16215125682455,0.560484458410174
"GO:0050732","negative regulation of peptidyl-tyrosine phosphorylation",0,1.17839004203859,0.527965931789712
"GO:0006405","RNA export from nucleus",0,-1.16519852489616,0.499138626007577
"GO:0003197","endocardial cushion development",0,1.16519355321324,0.502849992639765
"GO:0000271","polysaccharide biosynthetic process",0,-1.15971217129505,0.520032682562974
"GO:0042147","retrograde transport, endosome to Golgi",0,-1.16159670449989,0.492850503407646
"GO:0071985","multivesicular body sorting pathway",0,-1.16153405269847,0.52707387726819
"GO:1903358","regulation of Golgi organization",0,-1.16816280278724,0.574339674872521
"GO:0045143","homologous chromosome segregation",0,1.134006529001,0.553193969893787
"GO:0008535","respiratory chain complex IV assembly",0,-1.16353470971001,0.586359752449817
"GO:0010526","transposable element silencing",0,1.16845071126549,0.509837365568763
"GO:0050849","negative regulation of calcium-mediated signaling",0,1.15322532954064,0.557632735711702
"GO:0030534","adult behavior",0,1.16620412751442,0.480196562525276
"GO:2001135","regulation of endocytic recycling",0,1.15957912376982,0.561984225905436
"GO:0045010","actin nucleation",0,1.16507575566572,0.513429304186352
"GO:0060294","cilium movement involved in cell motility",0,-1.16613759264344,0.465652825700315
"GO:0090559","regulation of membrane permeability",0,-1.14673477877269,0.537523523634966
"GO:0043267","negative regulation of potassium ion transport",0,-1.14941151917747,0.561160616803703
"GO:0062208","positive regulation of pattern recognition receptor signaling pathway",0,1.15892434523937,0.467522982924644
"GO:0061178","regulation of insulin secretion involved in cellular response to glucose stimulus",0,1.15607086910403,0.502002949696099
"GO:0030239","myofibril assembly",0,1.16099516061353,0.480560600805809
"GO:2000641","regulation of early endosome to late endosome transport",0,-1.16612012128863,0.563006150738541
"GO:0000038","very long-chain fatty acid metabolic process",0,-1.16009651303857,0.558760927587514
"GO:0015865","purine nucleotide transport",0,-1.15184587847293,0.560735582407527
"GO:0033617","mitochondrial respiratory chain complex IV assembly",0,-1.18554165134633,0.575141219564398
"GO:0034599","cellular response to oxidative stress",0,1.15212274300462,0.344305816501184
"GO:0010559","regulation of glycoprotein biosynthetic process",0,-1.15170636728939,0.560735582407527
"GO:0090022","regulation of neutrophil chemotaxis",0,1.13148186508634,0.556829726942107
"GO:0006390","mitochondrial transcription",0,-1.16852358138794,0.586042032498984
"GO:0048024","regulation of mRNA splicing, via spliceosome",0,1.15056029516987,0.472687945556548
"GO:0032727","positive regulation of interferon-alpha production",0,1.15904128532216,0.548481645626878
"GO:0007214","gamma-aminobutyric acid signaling pathway",0,-1.16757275874452,0.552095952992817
"GO:0006244","pyrimidine nucleotide catabolic process",0,-1.14693191771077,0.580204153808873
"GO:0051450","myoblast proliferation",0,1.15874399436475,0.574062663135274
"GO:0050803","regulation of synapse structure or activity",0,-1.15325440468483,0.43386785458771
"GO:0048730","epidermis morphogenesis",0,1.14961744860432,0.562781441219457
"GO:0061387","regulation of extent of cell growth",0,-1.14027849615947,0.528870671395167
"GO:0031110","regulation of microtubule polymerization or depolymerization",0,-1.16255928243235,0.504339715846468
"GO:0044550","secondary metabolite biosynthetic process",0,-1.14677475334118,0.564099824052393
"GO:1902743","regulation of lamellipodium organization",0,1.1525714308204,0.505877814534585
"GO:0009408","response to heat",0,-1.15915378611748,0.508357348560339
"GO:0090169","regulation of spindle assembly",0,-1.16265645637252,0.544317557286505
"GO:0032411","positive regulation of transporter activity",0,1.16716830936108,0.52625437453934
"GO:0032197","retrotransposition",0,1.16636392191591,0.519859822544048
"GO:0060972","left/right pattern formation",0,1.1571868056157,0.483186541691902
"GO:0008211","glucocorticoid metabolic process",0,-1.14530776904959,0.566696364251755
"GO:0006505","GPI anchor metabolic process",0,-1.14810708168219,0.552402219199417
"GO:0045117","azole transmembrane transport",0,-1.15899092578717,0.578311980186387
"GO:0061462","protein localization to lysosome",0,-1.14561422328829,0.545948098655416
"GO:0043065","positive regulation of apoptotic process",0,1.16181804104515,0.193542077713639
"GO:0046486","glycerolipid metabolic process",0,-1.1562024110729,0.403287569176693
"GO:1902175","regulation of oxidative stress-induced intrinsic apoptotic signaling pathway",0,-1.15738209981507,0.540227194896755
"GO:0002042","cell migration involved in sprouting angiogenesis",0,1.15688811870022,0.495303774082118
"GO:1902115","regulation of organelle assembly",0,-1.15347020646746,0.463939270456398
"GO:0001658","branching involved in ureteric bud morphogenesis",0,1.14484996906957,0.527047452634896
"GO:0003091","renal water homeostasis",0,1.14565770995333,0.542014316945617
"GO:0002440","production of molecular mediator of immune response",0,1.15094397708333,0.424715648146611
"GO:0001838","embryonic epithelial tube formation",0,1.17806290058683,0.480340452986371
"GO:0043462","regulation of ATP-dependent activity",0,-1.14476851109206,0.554962211226987
"GO:0019748","secondary metabolic process",0,-1.16048858970794,0.526877536521329
"GO:0050807","regulation of synapse organization",0,-1.15887578409848,0.422887162506078
"GO:0051785","positive regulation of nuclear division",0,-1.1634978821543,0.527138165807275
"GO:0015868","purine ribonucleotide transport",0,-1.1437033107125,0.556581265500282
"GO:0051503","adenine nucleotide transport",0,-1.1437033107125,0.556581265500282
"GO:0007369","gastrulation",0,1.13068910097413,0.471011839297206
"GO:0007039","protein catabolic process in the vacuole",0,-1.13500540298736,0.588774536738088
"GO:1900242","regulation of synaptic vesicle endocytosis",0,-1.15753150660424,0.573666078102748
"GO:0010574","regulation of vascular endothelial growth factor production",0,1.1621965651563,0.530113775101966
"GO:0010575","positive regulation of vascular endothelial growth factor production",0,1.1621965651563,0.530113775101966
"GO:0034616","response to laminar fluid shear stress",0,-1.15243046329902,0.553578243573229
"GO:0098659","inorganic cation import across plasma membrane",0,-1.16069304901537,0.473361691276497
"GO:0099587","inorganic ion import across plasma membrane",0,-1.16069304901537,0.473361691276497
"GO:1903018","regulation of glycoprotein metabolic process",0,-1.16623027280968,0.536987391120592
"GO:0032480","negative regulation of type I interferon production",0,1.16571175471221,0.496609360085852
"GO:0061035","regulation of cartilage development",0,1.15230431762022,0.510891834862305
"GO:0006921","cellular component disassembly involved in execution phase of apoptosis",0,1.1374378792274,0.573117988810702
"GO:0034142","toll-like receptor 4 signaling pathway",0,1.1531845047858,0.506003441630249
"GO:0097192","extrinsic apoptotic signaling pathway in absence of ligand",0,-1.16361657625351,0.533546053459304
"GO:0045861","negative regulation of proteolysis",0,1.15273478103272,0.507415832153304
"GO:0019722","calcium-mediated signaling",0,1.13729272196098,0.416956877300452
"GO:0007188","adenylate cyclase-modulating G protein-coupled receptor signaling pathway",0,1.16136722830955,0.285460944420054
"GO:0072001","renal system development",0,1.14980141007631,0.351013468306805
"GO:0044804","nucleophagy",0,-1.13937710106029,0.587636265470135
"GO:0000012","single strand break repair",0,-1.15351074107985,0.582985587060828
"GO:0030518","nuclear receptor-mediated steroid hormone signaling pathway",0,-1.15673882631121,0.484261023489384
"GO:0043401","steroid hormone receptor signaling pathway",0,-1.15673882631121,0.484261023489384
"GO:0060828","regulation of canonical Wnt signaling pathway",0,-1.14203302810682,0.469133561643128
"GO:0010874","regulation of cholesterol efflux",0,1.15869108653824,0.523644337646435
"GO:0097396","response to interleukin-17",0,1.13615885441056,0.573117988810702
"GO:0097398","cellular response to interleukin-17",0,1.13615885441056,0.573117988810702
"GO:0060135","maternal process involved in female pregnancy",0,-1.14400321435063,0.575080806290932
"GO:0072676","lymphocyte migration",0,1.14261181130876,0.480996515601819
"GO:0050905","neuromuscular process",0,1.15533083171743,0.457442350041225
"GO:0043537","negative regulation of blood vessel endothelial cell migration",0,1.1547062378783,0.52339575609807
"GO:0048863","stem cell differentiation",0,-1.15336684205985,0.463078396238233
"GO:2000630","positive regulation of miRNA metabolic process",0,1.16122792842229,0.483958362633416
"GO:0006605","protein targeting",0,-1.14076972315274,0.484777736593307
"GO:0045933","positive regulation of muscle contraction",0,1.11093732504562,0.546800224736086
"GO:0006614","SRP-dependent cotranslational protein targeting to membrane",0,-1.1377956667409,0.59875789625418
"GO:0035459","vesicle cargo loading",0,-1.13907968376874,0.562111554450154
"GO:0032479","regulation of type I interferon production",0,1.12553861263337,0.471068387751867
"GO:0032606","type I interferon production",0,1.12553861263337,0.471068387751867
"GO:0045576","mast cell activation",0,1.14969599448864,0.502717592838554
"GO:0097720","calcineurin-mediated signaling",0,1.14865118324858,0.519547470601245
"GO:0031032","actomyosin structure organization",0,1.14686221288191,0.395647936052915
"GO:0016485","protein processing",0,1.1435352484775,0.367371038312147
"GO:0032691","negative regulation of interleukin-1 beta production",0,1.13878329000573,0.55481338442708
"GO:0007254","JNK cascade",0,-1.13681918996637,0.498363737506792
"GO:0033622","integrin activation",0,1.15661553732518,0.532797367986959
"GO:1903573","negative regulation of response to endoplasmic reticulum stress",0,-1.14902805978372,0.55065392943581
"GO:0008286","insulin receptor signaling pathway",0,-1.14363257890807,0.505805468331856
"GO:0009611","response to wounding",0,1.13960526871631,0.257369087802807
"GO:0021543","pallium development",0,-1.14410626608966,0.511769513239073
"GO:1903749","positive regulation of protein localization to mitochondrion",0,-1.15876067881184,0.546183865644469
"GO:0061577","calcium ion transmembrane transport via high voltage-gated calcium channel",0,-1.15105888389169,0.58017064056374
"GO:0048640","negative regulation of developmental growth",0,-1.14325577691041,0.537877974063309
"GO:0035455","response to interferon-alpha",0,-1.13473445734735,0.591833843089553
"GO:0001503","ossification",0,1.14356056251706,0.312471278122289
"GO:0007389","pattern specification process",0,1.14153794685538,0.364322137305247
"GO:0010884","positive regulation of lipid storage",0,1.10451708255579,0.626404565331596
"GO:0072332","intrinsic apoptotic signaling pathway by p53 class mediator",0,1.12651411475626,0.533827544627837
"GO:0099558","maintenance of synapse structure",0,1.15420651151544,0.535064788269994
"GO:0032467","positive regulation of cytokinesis",0,1.13824795853795,0.521560867445958
"GO:0048144","fibroblast proliferation",0,1.15984595622632,0.487374812649769
"GO:0060231","mesenchymal to epithelial transition",0,-1.13295348051179,0.602860632556648
"GO:0006040","amino sugar metabolic process",0,1.15691240729928,0.507996880046492
"GO:0016045","detection of bacterium",0,1.12160163285976,0.624998775210218
"GO:0051899","membrane depolarization",0,-1.13373564126229,0.534630351005959
"GO:0030111","regulation of Wnt signaling pathway",0,-1.14660083274435,0.443597680337061
"GO:0008277","regulation of G protein-coupled receptor signaling pathway",0,1.14032504443965,0.436599409545498
"GO:0001574","ganglioside biosynthetic process",0,-1.15008821814362,0.580151087584797
"GO:0051155","positive regulation of striated muscle cell differentiation",0,-1.13325974556678,0.581337745706352
"GO:0048011","neurotrophin TRK receptor signaling pathway",0,-1.13106659017031,0.593772451064666
"GO:0072132","mesenchyme morphogenesis",0,1.1428798339608,0.524579586380721
"GO:0051054","positive regulation of DNA metabolic process",0,-1.13032941732068,0.480469920138427
"GO:0051489","regulation of filopodium assembly",0,-1.15400648392124,0.549889246413237
"GO:0050921","positive regulation of chemotaxis",0,1.14495714050631,0.440180383767174
"GO:0031069","hair follicle morphogenesis",0,1.13870570602803,0.585365444534443
"GO:0019433","triglyceride catabolic process",0,1.14995037958635,0.533909723351122
"GO:0060997","dendritic spine morphogenesis",0,-1.15129402555793,0.540606055375198
"GO:0046475","glycerophospholipid catabolic process",0,-1.15321153055115,0.550677993456203
"GO:0006825","copper ion transport",0,-1.1436698685115,0.593023551334319
"GO:0033628","regulation of cell adhesion mediated by integrin",0,1.13448895878418,0.525052001109171
"GO:0010165","response to X-ray",0,-1.1287469798546,0.59468187093915
"GO:0045911","positive regulation of DNA recombination",0,-1.13185718943184,0.55707548439585
"GO:0000280","nuclear division",0,-1.13730873963819,0.441696928032074
"GO:0043114","regulation of vascular permeability",0,1.11968701202809,0.53988653175343
"GO:0002701","negative regulation of production of molecular mediator of immune response",0,1.12880787064455,0.554302572114278
"GO:1903322","positive regulation of protein modification by small protein conjugation or removal",0,-1.14669114960663,0.50894025125395
"GO:0039532","negative regulation of cytoplasmic pattern recognition receptor signaling pathway",0,-1.12370144277291,0.56177151120206
"GO:0031629","synaptic vesicle fusion to presynaptic active zone membrane",0,-1.13718339186882,0.56535688320096
"GO:0099500","vesicle fusion to plasma membrane",0,-1.13718339186882,0.56535688320096
"GO:0009820","alkaloid metabolic process",0,1.12494535623493,0.609146040984458
"GO:0098534","centriole assembly",0,1.14003668178261,0.535117852247689
"GO:1905475","regulation of protein localization to membrane",0,-1.13942855426069,0.492236228294085
"GO:0022604","regulation of cell morphogenesis",0,-1.13541752806158,0.492229264479792
"GO:1900227","positive regulation of NLRP3 inflammasome complex assembly",0,1.13571071507335,0.555852532588467
"GO:0014047","glutamate secretion",0,-1.11917587476749,0.606549102763405
"GO:0002260","lymphocyte homeostasis",0,-1.14675744304736,0.544112014944984
"GO:0048041","focal adhesion assembly",0,1.12185448416177,0.508644222325436
"GO:0048008","platelet-derived growth factor receptor signaling pathway",0,-1.12648795638563,0.57119518207798
"GO:1901292","nucleoside phosphate catabolic process",0,-1.12217400140288,0.515027430442353
"GO:0007062","sister chromatid cohesion",0,-1.13764630011983,0.563351200064095
"GO:0031113","regulation of microtubule polymerization",0,-1.13354648404694,0.55887638043416
"GO:2000050","regulation of non-canonical Wnt signaling pathway",0,1.16702278364625,0.552101846692355
"GO:0034766","negative regulation of monoatomic ion transmembrane transport",0,-1.13688602929167,0.546473053134517
"GO:0002064","epithelial cell development",0,1.11258026376536,0.49897089125193
"GO:2001243","negative regulation of intrinsic apoptotic signaling pathway",0,-1.1325790949449,0.532968022405077
"GO:0006029","proteoglycan metabolic process",0,1.11889317928097,0.494542851117358
"GO:0072593","reactive oxygen species metabolic process",0,1.13193015303347,0.432560300457315
"GO:0002098","tRNA wobble uridine modification",0,-1.13860722233214,0.608448945375871
"GO:0010885","regulation of cholesterol storage",0,1.14826021856117,0.571262870272263
"GO:0070670","response to interleukin-4",0,1.10471436927239,0.587618560529178
"GO:1900180","regulation of protein localization to nucleus",0,-1.14290957921527,0.504659941623881
"GO:1902116","negative regulation of organelle assembly",0,-1.13472177320957,0.567921800355768
"GO:0051932","synaptic transmission, GABAergic",0,-1.12478110129245,0.558214093168871
"GO:0061082","myeloid leukocyte cytokine production",0,1.11623879678822,0.594493481495377
"GO:0051653","spindle localization",0,-1.12272786735405,0.574252259134716
"GO:1900117","regulation of execution phase of apoptosis",0,1.11888626336702,0.587069187657187
"GO:0043627","response to estrogen",0,-1.10209505080965,0.584025236925589
"GO:0045723","positive regulation of fatty acid biosynthetic process",0,1.14144049840472,0.549941345523606
"GO:0008631","intrinsic apoptotic signaling pathway in response to oxidative stress",0,-1.11776399739593,0.569338108045307
"GO:0071277","cellular response to calcium ion",0,-1.13697418465921,0.539361908948745
"GO:0051590","positive regulation of neurotransmitter transport",0,1.14542028411517,0.561431793138305
"GO:1990868","response to chemokine",0,1.11667830263161,0.513165263435284
"GO:1990869","cellular response to chemokine",0,1.11667830263161,0.513165263435284
"GO:0072657","protein localization to membrane",0,-1.130367535885,0.446339382623171
"GO:0071695","anatomical structure maturation",0,1.1213062676111,0.464887547876847
"GO:0045725","positive regulation of glycogen biosynthetic process",0,1.0910254094406,0.641081149121595
"GO:0006612","protein targeting to membrane",0,-1.13657409559494,0.528844590987565
"GO:0072529","pyrimidine-containing compound catabolic process",0,-1.1377591809311,0.579647122225668
"GO:0051969","regulation of transmission of nerve impulse",0,1.14482731569016,0.574870288496163
"GO:0016137","glycoside metabolic process",0,-1.11958149913236,0.618023081352342
"GO:0032196","transposition",0,1.13242319457809,0.542189586532218
"GO:1904064","positive regulation of cation transmembrane transport",0,1.12867350015347,0.481218676008434
"GO:0032506","cytokinetic process",0,-1.12437052127997,0.570923508090492
"GO:0010649","regulation of cell communication by electrical coupling",0,-1.13234749942919,0.606691606775738
"GO:1901875","positive regulation of post-translational protein modification",0,-1.12459404005751,0.533211799584682
"GO:0018146","keratan sulfate proteoglycan biosynthetic process",0,-1.1364258574773,0.598896641416862
"GO:0048285","organelle fission",0,-1.12222223358492,0.468590122149859
"GO:0033045","regulation of sister chromatid segregation",0,-1.12945239097039,0.526856685330917
"GO:0046165","alcohol biosynthetic process",0,-1.13135495166443,0.518506772322655
"GO:0032781","positive regulation of ATP-dependent activity",0,-1.13265306206507,0.60078938232208
"GO:0009112","nucleobase metabolic process",0,-1.13222302005727,0.577892052415299
"GO:0030167","proteoglycan catabolic process",0,1.12667120773622,0.58281398995524
"GO:0045682","regulation of epidermis development",0,1.12430509831906,0.540559292926631
"GO:0008038","neuron recognition",0,-1.11869331179967,0.581399540128346
"GO:0043254","regulation of protein-containing complex assembly",0,-1.11793805312577,0.477521436043247
"GO:0042953","lipoprotein transport",0,-1.13428166315504,0.601630760602413
"GO:0034767","positive regulation of monoatomic ion transmembrane transport",0,1.13007596056582,0.476343554661762
"GO:0010719","negative regulation of epithelial to mesenchymal transition",0,-1.14080349843752,0.561561158914874
"GO:0050767","regulation of neurogenesis",0,-1.1289251038075,0.480377756674806
"GO:0046329","negative regulation of JNK cascade",0,-1.1384079676595,0.563920981204176
"GO:0007043","cell-cell junction assembly",0,1.13359377366461,0.454063662631963
"GO:0180064","protein O-linked glycosylation via xylose",0,1.12738084953007,0.532081684318781
"GO:0006935","chemotaxis",0,1.11782884446505,0.317961885878014
"GO:0042330","taxis",0,1.11782884446505,0.317961885878014
"GO:0009435","NAD+ biosynthetic process",0,1.11267252380033,0.622325041515791
"GO:0045717","negative regulation of fatty acid biosynthetic process",0,1.12220811708923,0.606321277469892
"GO:0050730","regulation of peptidyl-tyrosine phosphorylation",0,1.11543348852084,0.52084115985559
"GO:0071392","cellular response to estradiol stimulus",0,1.11621658593879,0.574706348707623
"GO:0032102","negative regulation of response to external stimulus",0,1.13050291589899,0.313230304047742
"GO:1903578","regulation of ATP metabolic process",0,-1.12629210175362,0.559540540840643
"GO:0070977","bone maturation",0,1.15556278871197,0.562200035194265
"GO:0034331","cell junction maintenance",0,1.1189754225011,0.542025965399938
"GO:0051262","protein tetramerization",0,-1.12909909634353,0.530607619495314
"GO:0046049","UMP metabolic process",0,-1.13122597986627,0.607433722230004
"GO:0051258","protein polymerization",0,-1.12238796505606,0.499990073013329
"GO:0007162","negative regulation of cell adhesion",0,1.12873627591598,0.35782839284857
"GO:0015833","peptide transport",0,1.12300066331678,0.417611367176104
"GO:0016973","poly(A)+ mRNA export from nucleus",0,1.10703545371556,0.60464511265061
"GO:0002836","positive regulation of response to tumor cell",0,1.11095552804877,0.623834568410576
"GO:0002839","positive regulation of immune response to tumor cell",0,1.11095552804877,0.623834568410576
"GO:0031929","TOR signaling",0,-1.12577355646581,0.523836177061555
"GO:1901797","negative regulation of signal transduction by p53 class mediator",0,1.11457803670182,0.57454330455576
"GO:0042177","negative regulation of protein catabolic process",0,-1.12039067613704,0.545007807169548
"GO:0140895","cell surface toll-like receptor signaling pathway",0,1.13218763719087,0.518492208100351
"GO:0097709","connective tissue replacement",0,-1.14662907777795,0.619082127217472
"GO:0045814","negative regulation of gene expression, epigenetic",0,1.11715747356492,0.450839931870585
"GO:0045776","negative regulation of blood pressure",0,1.14135471654405,0.530380519027835
"GO:0035773","insulin secretion involved in cellular response to glucose stimulus",0,1.12351690531703,0.530424910789804
"GO:0009312","oligosaccharide biosynthetic process",0,-1.11629237549639,0.602333543026881
"GO:0007342","fusion of sperm to egg plasma membrane involved in single fertilization",0,-1.11156877845193,0.623351773422021
"GO:0038128","ERBB2 signaling pathway",0,-1.12087328484088,0.60445105213208
"GO:0060628","regulation of ER to Golgi vesicle-mediated transport",0,-1.10426757015944,0.624077672022818
"GO:0099563","modification of synaptic structure",0,-1.11290799436404,0.590515550910715
"GO:0042475","odontogenesis of dentin-containing tooth",0,1.11212529895071,0.564663705555935
"GO:0006066","alcohol metabolic process",0,-1.11960501514916,0.486740242035355
"GO:0006721","terpenoid metabolic process",0,-1.12205210784451,0.535065384484269
"GO:2001238","positive regulation of extrinsic apoptotic signaling pathway",0,1.11803868528102,0.548895203796722
"GO:0001916","positive regulation of T cell mediated cytotoxicity",0,1.11988011790115,0.577306560495094
"GO:0050994","regulation of lipid catabolic process",0,1.11476623450948,0.550734000266084
"GO:0042551","neuron maturation",0,1.11218839801084,0.578877744677209
"GO:0035148","tube formation",0,1.13622450277243,0.506872156493199
"GO:0009063","amino acid catabolic process",0,1.13163756874661,0.483879759542486
"GO:0010829","negative regulation of D-glucose transmembrane transport",0,1.08077169164628,0.652758312403385
"GO:1901655","cellular response to ketone",0,1.11835994788506,0.504938832353121
"GO:0031128","developmental induction",0,1.1343759187821,0.585884126632598
"GO:0070588","calcium ion transmembrane transport",0,1.11863354369817,0.37069084158013
"GO:0009410","response to xenobiotic stimulus",0,1.10652768508728,0.371697337307688
"GO:0061614","miRNA transcription",0,1.10591204787856,0.524317942338914
"GO:0001885","endothelial cell development",0,1.12153341543914,0.534819920228652
"GO:1905207","regulation of cardiocyte differentiation",0,1.10606034144619,0.599271723162167
"GO:0071805","potassium ion transmembrane transport",0,-1.12779775951107,0.502719485622793
"GO:0051132","NK T cell activation",0,1.13249285338814,0.57150428416804
"GO:0051260","protein homooligomerization",0,-1.11274436070226,0.520407664473761
"GO:0001655","urogenital system development",0,1.09084944509048,0.600816972592686
"GO:0003170","heart valve development",0,1.11914774222426,0.527034862636143
"GO:0001942","hair follicle development",0,1.11942964150358,0.548320087813607
"GO:2001239","regulation of extrinsic apoptotic signaling pathway in absence of ligand",0,-1.10970374340995,0.599212099080694
"GO:1905897","regulation of response to endoplasmic reticulum stress",0,-1.10048359705474,0.577082298276445
"GO:0050772","positive regulation of axonogenesis",0,-1.12443258459071,0.566796301767361
"GO:0051293","establishment of spindle localization",0,-1.13026085544924,0.56716487742052
"GO:0014741","negative regulation of muscle hypertrophy",0,1.10940897196567,0.580570159389264
"GO:0002673","regulation of acute inflammatory response",0,1.10821284852092,0.570638585700335
"GO:0060047","heart contraction",0,1.11588190387724,0.434769657391457
"GO:0099601","regulation of neurotransmitter receptor activity",0,1.13086143791512,0.590523519422005
"GO:1902473","regulation of protein localization to synapse",0,1.1166428486177,0.579736034978097
"GO:0045116","protein neddylation",0,-1.10469609616567,0.614424138964853
"GO:0070741","response to interleukin-6",0,1.1073413893483,0.571925621045372
"GO:0001960","negative regulation of cytokine-mediated signaling pathway",0,-1.11949860593,0.552766149643464
"GO:1904893","negative regulation of receptor signaling pathway via STAT",0,1.10436180135081,0.596832190456397
"GO:0034375","high-density lipoprotein particle remodeling",0,1.09922679739901,0.61320867909123
"GO:0003015","heart process",0,1.11000101732314,0.455382638013723
"GO:0006301","DNA damage tolerance",0,-1.11541873067138,0.596802768568916
"GO:0098885","modification of postsynaptic actin cytoskeleton",0,-1.097708043924,0.628537974930801
"GO:0061909","autophagosome-lysosome fusion",0,-1.11949260983699,0.616620108811947
"GO:0015872","dopamine transport",0,1.10953725264382,0.575580512498404
"GO:1900017","positive regulation of cytokine production involved in inflammatory response",0,1.10339854770886,0.596832190456397
"GO:0098840","protein transport along microtubule",0,-1.1037398557967,0.629512389371298
"GO:0099118","microtubule-based protein transport",0,-1.1037398557967,0.629512389371298
"GO:1904037","positive regulation of epithelial cell apoptotic process",0,1.13158430575502,0.611551825841219
"GO:0048545","response to steroid hormone",0,1.09699128378855,0.40806986741964
"GO:0010976","positive regulation of neuron projection development",0,-1.11920884070488,0.53819492858035
"GO:0046040","IMP metabolic process",0,-1.12108954117865,0.615730783086987
"GO:0009988","cell-cell recognition",0,1.11056159958314,0.561507450537511
"GO:0045604","regulation of epidermal cell differentiation",0,1.10457736249644,0.573052575327106
"GO:0045089","positive regulation of innate immune response",0,1.1184734848315,0.336315818981655
"GO:0006476","protein deacetylation",0,1.12635313800529,0.579717066401809
"GO:0055003","cardiac myofibril assembly",0,-1.12043039208434,0.616637254009128
"GO:0045063","T-helper 1 cell differentiation",0,-1.11345549474946,0.600957588838991
"GO:0055074","calcium ion homeostasis",0,1.10715338079986,0.465389723482124
"GO:0005978","glycogen biosynthetic process",0,-1.10401637314852,0.601473030730915
"GO:0009250","glucan biosynthetic process",0,-1.10401637314852,0.601473030730915
"GO:0019076","viral release from host cell",0,-1.11616015436676,0.603737347970629
"GO:0035891","exit from host cell",0,-1.11616015436676,0.603737347970629
"GO:0009190","cyclic nucleotide biosynthetic process",0,1.09845242641155,0.606042198128439
"GO:0016188","synaptic vesicle maturation",0,-1.10835548470519,0.608722935571083
"GO:0044458","motile cilium assembly",0,1.1026428484861,0.573981526966886
"GO:2000318","positive regulation of T-helper 17 type immune response",0,1.10849517492516,0.619643993882665
"GO:0031145","anaphase-promoting complex-dependent catabolic process",0,-1.10043169779397,0.632749039670669
"GO:0060420","regulation of heart growth",0,-1.10886075074307,0.590871485375128
"GO:0031570","DNA integrity checkpoint signaling",0,-1.11142151589087,0.547738443895889
"GO:1904951","positive regulation of establishment of protein localization",0,-1.09943580763753,0.53239403669464
"GO:2000058","regulation of ubiquitin-dependent protein catabolic process",0,-1.10646933500872,0.548958487061859
"GO:0045862","positive regulation of proteolysis",0,-1.1167535127298,0.566601922194232
"GO:0032369","negative regulation of lipid transport",0,1.11975702346908,0.574250564478904
"GO:0061982","meiosis I cell cycle process",0,1.08117075827482,0.56348352168328
"GO:0070830","bicellular tight junction assembly",0,1.09659472409808,0.57840341984261
"GO:0001892","embryonic placenta development",0,1.11015222882209,0.588897273403299
"GO:0016051","carbohydrate biosynthetic process",0,-1.10644558682744,0.542137467054049
"GO:0000077","DNA damage checkpoint signaling",0,-1.11903391410553,0.543887155806224
"GO:0009116","nucleoside metabolic process",0,-1.10793821996903,0.602786112065715
"GO:0170062","nutrient storage",0,1.10824615471182,0.539325874662225
"GO:0048704","embryonic skeletal system morphogenesis",0,1.0997523536846,0.575139117539479
"GO:0014046","dopamine secretion",0,1.1078743139857,0.607318660233231
"GO:0002221","pattern recognition receptor signaling pathway",0,1.10861053832083,0.433807230865906
"GO:0031334","positive regulation of protein-containing complex assembly",0,-1.10291139715313,0.54691719283588
"GO:0034976","response to endoplasmic reticulum stress",0,-1.10810442713074,0.519303263738827
"GO:0006896","Golgi to vacuole transport",0,-1.10774363850114,0.618970606240758
"GO:0014823","response to activity",0,1.11754643461545,0.534359742452697
"GO:0030866","cortical actin cytoskeleton organization",0,-1.10684537943595,0.603673947745308
"GO:1903077","negative regulation of protein localization to plasma membrane",0,-1.0995376040337,0.611404044988906
"GO:0001573","ganglioside metabolic process",0,-1.10485280431155,0.616369840753826
"GO:0006816","calcium ion transport",0,1.10571979499303,0.361557329031126
"GO:0042060","wound healing",0,1.10644192812742,0.363586003392057
"GO:0060349","bone morphogenesis",0,1.10205488343258,0.562511961307288
"GO:0061621","canonical glycolysis",0,-1.09748626956037,0.636139788546213
"GO:0061718","glucose catabolic process to pyruvate",0,-1.09748626956037,0.636139788546213
"GO:0007423","sensory organ development",0,1.09350523416294,0.396626354210837
"GO:0090235","regulation of metaphase plate congression",0,1.10644807041972,0.624482132208682
"GO:0010039","response to iron ion",0,1.09896067657474,0.59053957203274
"GO:0021987","cerebral cortex development",0,-1.10776947148525,0.573856764727801
"GO:0048771","tissue remodeling",0,1.09725588245572,0.506531097005585
"GO:0035751","regulation of lysosomal lumen pH",0,-1.10322792153966,0.617834118321745
"GO:0070861","regulation of protein exit from endoplasmic reticulum",0,-1.09433594495195,0.63520841506598
"GO:0055007","cardiac muscle cell differentiation",0,-1.09815988720346,0.57917279500578
"GO:0030514","negative regulation of BMP signaling pathway",0,1.10323285607239,0.57723963162127
"GO:0044273","sulfur compound catabolic process",0,-1.09718564661608,0.620284756307157
"GO:0072175","epithelial tube formation",0,1.10531795848373,0.553069183949617
"GO:0050901","leukocyte tethering or rolling",0,1.09672530193702,0.596141139256145
"GO:0045670","regulation of osteoclast differentiation",0,1.0714923809674,0.603372843634538
"GO:0141176","gene silencing by piRNA-directed DNA methylation",0,1.0927528775556,0.643419517547803
"GO:0141196","transposable element silencing by piRNA-mediated DNA methylation",0,1.0927528775556,0.643419517547803
"GO:0017158","regulation of calcium ion-dependent exocytosis",0,-1.11688275385494,0.591422300355873
"GO:1905476","negative regulation of protein localization to membrane",0,-1.1034454859882,0.607068850369975
"GO:0030258","lipid modification",0,-1.09930023560325,0.556029763919747
"GO:0046434","organophosphate catabolic process",0,-1.09977505845066,0.536406114435645
"GO:0033623","regulation of integrin activation",0,1.11905044490187,0.607814218095057
"GO:0062197","cellular response to chemical stress",0,1.10360039614062,0.418545322540307
"GO:0170040","proteinogenic amino acid catabolic process",0,1.0930647273498,0.545620346645199
"GO:2001034","positive regulation of double-strand break repair via nonhomologous end joining",0,1.10026400512917,0.658589800595143
"GO:0046426","negative regulation of receptor signaling pathway via JAK-STAT",0,1.10464291561022,0.59486904111676
"GO:0051900","regulation of mitochondrial depolarization",0,-1.11168901106033,0.623502039674767
"GO:1904376","negative regulation of protein localization to cell periphery",0,-1.10488869260488,0.610438776322126
"GO:0030833","regulation of actin filament polymerization",0,1.10320465432913,0.514981356451605
"GO:0019915","lipid storage",0,1.10429766043276,0.546639357101837
"GO:0009173","pyrimidine ribonucleoside monophosphate metabolic process",0,-1.09398064825329,0.638699949370248
"GO:0099509","regulation of presynaptic cytosolic calcium ion concentration",0,-1.10701998880179,0.640287706606843
"GO:1904892","regulation of receptor signaling pathway via STAT",0,1.07523714568581,0.569654325975236
"GO:0036010","protein localization to endosome",0,-1.09166062720619,0.638256434294697
"GO:0090287","regulation of cellular response to growth factor stimulus",0,1.10869419495835,0.430212190884264
"GO:0043266","regulation of potassium ion transport",0,-1.10917971002112,0.572517386625699
"GO:0034472","snRNA 3'-end processing",0,1.13433030275558,0.596491975569608
"GO:0002279","mast cell activation involved in immune response",0,1.09761608585081,0.565778509673284
"GO:0043086","negative regulation of catalytic activity",0,1.09424280266969,0.522544674352182
"GO:0050684","regulation of mRNA processing",0,1.09531684481527,0.533124042405906
"GO:1990928","response to amino acid starvation",0,-1.10007764555116,0.60411893149684
"GO:0048645","animal organ formation",0,1.10158026335924,0.591875530848238
"GO:0007492","endoderm development",0,1.10435429446924,0.549498238267391
"GO:0031111","negative regulation of microtubule polymerization or depolymerization",0,-1.10110448900296,0.611478217036683
"GO:0046513","ceramide biosynthetic process",0,-1.10067894825189,0.592909545929529
"GO:0060078","regulation of postsynaptic membrane potential",0,-1.10479894180039,0.54788501020451
"GO:0030217","T cell differentiation",0,1.11738547497363,0.431897293425579
"GO:2000107","negative regulation of leukocyte apoptotic process",0,1.09218293959109,0.594747237445157
"GO:0141193","nuclear receptor-mediated signaling pathway",0,-1.09834950079425,0.559060388983568
"GO:0007099","centriole replication",0,1.1061538449046,0.585768898983387
"GO:0032233","positive regulation of actin filament bundle assembly",0,1.08329119846519,0.574246511336337
"GO:0002287","alpha-beta T cell activation involved in immune response",0,-1.10126868677253,0.582603424689285
"GO:0006991","response to sterol depletion",0,-1.10348324157818,0.642215271440393
"GO:0072665","protein localization to vacuole",0,-1.09198213988728,0.600152615220835
"GO:0038127","ERBB signaling pathway",0,-1.10457093988203,0.552149014170913
"GO:0003181","atrioventricular valve morphogenesis",0,1.08720888798009,0.618714444851754
"GO:0051983","regulation of chromosome segregation",0,-1.09767575945524,0.569891821521756
"GO:0050687","negative regulation of defense response to virus",0,-1.0952615724791,0.647941568674326
"GO:0006720","isoprenoid metabolic process",0,-1.0981415643738,0.569057059942576
"GO:1901550","regulation of endothelial cell development",0,1.09722929032083,0.627430688396113
"GO:1903140","regulation of establishment of endothelial barrier",0,1.09722929032083,0.627430688396113
"GO:0002820","negative regulation of adaptive immune response",0,1.10875194639577,0.54358137403065
"GO:0009129","pyrimidine nucleoside monophosphate metabolic process",0,-1.09874429720434,0.626799581581192
"GO:0071353","cellular response to interleukin-4",0,1.09973001798744,0.598926910657894
"GO:0032026","response to magnesium ion",0,1.11341858682615,0.612228356803437
"GO:1902893","regulation of miRNA transcription",0,1.09667648491418,0.542382822163935
"GO:0008064","regulation of actin polymerization or depolymerization",0,1.10581782700307,0.501279612062843
"GO:0061620","glycolytic process through glucose-6-phosphate",0,-1.10330248434577,0.632883429993773
"GO:1902895","positive regulation of miRNA transcription",0,1.10015315263497,0.554780355101627
"GO:0015850","organic hydroxy compound transport",0,1.11324506066763,0.441703237675647
"GO:0046697","decidualization",0,-1.10140594395089,0.645846293931185
"GO:0055017","cardiac muscle tissue growth",0,-1.09391332158435,0.605245589180135
"GO:0007623","circadian rhythm",0,-1.09708854141612,0.547779896859656
"GO:0007204","positive regulation of cytosolic calcium ion concentration",0,1.09625531266624,0.501298755684126
"GO:0033574","response to testosterone",0,1.08932197297971,0.592600552364157
"GO:0003341","cilium movement",0,-1.09647449083242,0.560486884142313
"GO:0051403","stress-activated MAPK cascade",0,-1.10972185761534,0.593385951289038
"GO:0045921","positive regulation of exocytosis",0,-1.09695011973853,0.58063986505202
"GO:1905562","regulation of vascular endothelial cell proliferation",0,1.08137738162681,0.628548936817659
"GO:0030593","neutrophil chemotaxis",0,1.11225316626604,0.534115866234787
"GO:0007097","nuclear migration",0,1.09412085319953,0.629342838573877
"GO:0036260","RNA capping",0,-1.09565950663334,0.661783281637013
"GO:0048259","regulation of receptor-mediated endocytosis",0,-1.09782430857262,0.56889488531867
"GO:0050850","positive regulation of calcium-mediated signaling",0,1.0601843692232,0.611503641623847
"GO:0090026","positive regulation of monocyte chemotaxis",0,1.0867977353559,0.62789817094932
"GO:0048872","homeostasis of number of cells",0,1.08091833239641,0.509684739842632
"GO:0030041","actin filament polymerization",0,1.09896906629574,0.523526307132508
"GO:0009615","response to virus",0,-1.08857576756951,0.534765563870622
"GO:0033173","calcineurin-NFAT signaling cascade",0,1.0863018991848,0.591571479616517
"GO:0010896","regulation of triglyceride catabolic process",0,1.08305667185863,0.649472230797813
"GO:0010880","regulation of release of sequestered calcium ion into cytosol by sarcoplasmic reticulum",0,-1.09931729669832,0.619458275547492
"GO:0042339","keratan sulfate proteoglycan metabolic process",0,-1.09964966517224,0.63460198357804
"GO:0043583","ear development",0,-1.10401594333302,0.565612729507628
"GO:0061384","heart trabecula morphogenesis",0,-1.10164614767455,0.623069151057426
"GO:0046425","regulation of receptor signaling pathway via JAK-STAT",0,1.08092568613892,0.559043486429175
"GO:0086064","cell communication by electrical coupling involved in cardiac conduction",0,-1.10129442970897,0.623069151057426
"GO:0015012","heparan sulfate proteoglycan biosynthetic process",0,1.08562839880794,0.607730787768755
"GO:0006383","transcription by RNA polymerase III",0,-1.09959828023521,0.597298283356071
"GO:1903522","regulation of blood circulation",0,1.09051524845228,0.482966000836187
"GO:0141060","disruption of anatomical structure in another organism",0,1.09258408299653,0.524298056223909
"GO:1901796","regulation of signal transduction by p53 class mediator",0,-1.09655914594288,0.581014204235992
"GO:0014059","regulation of dopamine secretion",0,1.1060691038759,0.597366281632999
"GO:0006692","prostanoid metabolic process",0,1.08973619472796,0.589963478654968
"GO:0051895","negative regulation of focal adhesion assembly",0,1.08375790457753,0.631408997553394
"GO:0150011","regulation of neuron projection arborization",0,-1.09669736872689,0.64893068975988
"GO:0071706","tumor necrosis factor superfamily cytokine production",0,1.08614672685557,0.510328232178391
"GO:1903555","regulation of tumor necrosis factor superfamily cytokine production",0,1.08614672685557,0.510328232178391
"GO:0010878","cholesterol storage",0,1.0835302714998,0.631408997553394
"GO:0040001","establishment of mitotic spindle localization",0,-1.08696939499999,0.63827840158819
"GO:0043304","regulation of mast cell degranulation",0,1.12300714348387,0.604519152064129
"GO:0042178","xenobiotic catabolic process",0,1.09113603349889,0.603253174748616
"GO:1902176","negative regulation of oxidative stress-induced intrinsic apoptotic signaling pathway",0,-1.09662055757073,0.622471182444339
"GO:0010421","hydrogen peroxide-mediated programmed cell death",0,-1.09954554810831,0.639304203298521
"GO:0097468","programmed cell death in response to reactive oxygen species",0,-1.09954554810831,0.639304203298521
"GO:0001837","epithelial to mesenchymal transition",0,1.0903757046679,0.511244888472969
"GO:0045646","regulation of erythrocyte differentiation",0,1.09418602122826,0.584072746572869
"GO:0045956","positive regulation of calcium ion-dependent exocytosis",0,-1.09456065203595,0.65082442632449
"GO:1990573","potassium ion import across plasma membrane",0,-1.0980348228221,0.600964263801305
"GO:0043247","telomere maintenance in response to DNA damage",0,-1.09561067733353,0.624198598390753
"GO:0061008","hepaticobiliary system development",0,1.08217953724396,0.563892807498495
"GO:0031098","stress-activated protein kinase signaling cascade",0,-1.08156766283212,0.628060851834124
"GO:0030832","regulation of actin filament length",0,1.09409746584849,0.514225885849174
"GO:0051123","RNA polymerase II preinitiation complex assembly",0,-1.08323226580949,0.614957501826118
"GO:0050795","regulation of behavior",0,1.07957721889138,0.560092072238695
"GO:0034762","regulation of transmembrane transport",0,1.08896030618733,0.431709959952928
"GO:2000725","regulation of cardiac muscle cell differentiation",0,1.05251833534116,0.675748410257674
"GO:0009110","vitamin biosynthetic process",0,-1.07881347193711,0.648865449479223
"GO:0032905","transforming growth factor beta1 production",0,1.10464528734661,0.620333464642783
"GO:0035461","vitamin transmembrane transport",0,-1.08000005117217,0.65354834976189
"GO:0061383","trabecula morphogenesis",0,-1.09482104413578,0.624482132208682
"GO:0090335","regulation of brown fat cell differentiation",0,-1.07896218383751,0.643545312270395
"GO:0006144","purine nucleobase metabolic process",0,-1.08014803102501,0.655519231193014
"GO:1904888","cranial skeletal system development",0,1.08166062390567,0.616710590279085
"GO:0008608","attachment of spindle microtubules to kinetochore",0,-1.10186113055342,0.604198128201523
"GO:0010638","positive regulation of organelle organization",0,-1.08828155833681,0.528451112061483
"GO:0071466","cellular response to xenobiotic stimulus",0,1.08122507704058,0.519603717025305
"GO:0098773","skin epidermis development",0,1.09308340427827,0.558753114011464
"GO:0090314","positive regulation of protein targeting to membrane",0,1.05141089571587,0.675913853111864
"GO:0035987","endodermal cell differentiation",0,1.08653280589906,0.592113539836778
"GO:0034446","substrate adhesion-dependent cell spreading",0,1.09510385150819,0.533535696238082
"GO:0032620","interleukin-17 production",0,1.09203222117626,0.584670914725116
"GO:0032660","regulation of interleukin-17 production",0,1.09203222117626,0.584670914725116
"GO:0009799","specification of symmetry",0,1.10640933941437,0.537979966386343
"GO:0009855","determination of bilateral symmetry",0,1.10640933941437,0.537979966386343
"GO:0007264","small GTPase-mediated signal transduction",0,1.0841650831272,0.404871889498228
"GO:0051028","mRNA transport",0,-1.08743737502544,0.587657273478408
"GO:0050777","negative regulation of immune response",0,1.08933632191393,0.504434140095016
"GO:0048145","regulation of fibroblast proliferation",0,1.09769913417322,0.557784297996798
"GO:0051851","host-mediated perturbation of symbiont process",0,1.07365262743729,0.564164693648939
"GO:0032231","regulation of actin filament bundle assembly",0,1.09917518187678,0.530423340705569
"GO:0006979","response to oxidative stress",0,-1.0935716425959,0.52683465156513
"GO:0032640","tumor necrosis factor production",0,1.08736907418543,0.500843450299153
"GO:0032680","regulation of tumor necrosis factor production",0,1.08736907418543,0.500843450299153
"GO:0046488","phosphatidylinositol metabolic process",0,-1.09081538164598,0.573236006378425
"GO:0015936","coenzyme A metabolic process",0,-1.07854985947055,0.656593379138976
"GO:0051222","positive regulation of protein transport",0,-1.08347327637844,0.566445231705895
"GO:0071214","cellular response to abiotic stimulus",0,1.08714186968737,0.45344594623389
"GO:0104004","cellular response to environmental stimulus",0,1.08714186968737,0.45344594623389
"GO:0032530","regulation of microvillus organization",0,-1.08358967409928,0.660523250676652
"GO:0034389","lipid droplet organization",0,-1.08773964707567,0.628318145171409
"GO:2000767","positive regulation of cytoplasmic translation",0,-1.08351547367997,0.660523250676652
"GO:0140694","membraneless organelle assembly",0,-1.09125411384555,0.534856328157775
"GO:0043576","regulation of respiratory gaseous exchange",0,-1.0908838664668,0.654143281510789
"GO:0001934","positive regulation of protein phosphorylation",0,1.09006395503102,0.481733901009374
"GO:0016042","lipid catabolic process",0,-1.09006867403416,0.541709806663148
"GO:0010948","negative regulation of cell cycle process",0,-1.08257804247693,0.565819401697666
"GO:0060307","regulation of ventricular cardiac muscle cell membrane repolarization",0,-1.07760485351854,0.655612155254996
"GO:0007095","mitotic G2 DNA damage checkpoint signaling",0,-1.0837196156218,0.63862904866927
"GO:1902622","regulation of neutrophil migration",0,1.08200161434337,0.611310715039967
"GO:1901991","negative regulation of mitotic cell cycle phase transition",0,-1.06778048870959,0.608976254624114
"GO:1902903","regulation of supramolecular fiber organization",0,1.081141802085,0.480072455516565
"GO:0051250","negative regulation of lymphocyte activation",0,1.08096393677205,0.536119192409336
"GO:0071677","positive regulation of mononuclear cell migration",0,1.0812859598225,0.567482341504249
"GO:0002228","natural killer cell mediated immunity",0,1.08794244559371,0.565914886355945
"GO:0030003","intracellular monoatomic cation homeostasis",0,1.07552127297684,0.45572837615336
"GO:0051647","nucleus localization",0,1.0987446045074,0.604862140433353
"GO:0090066","regulation of anatomical structure size",0,1.08621369278806,0.420534957460022
"GO:1903035","negative regulation of response to wounding",0,1.07444284626635,0.568486022383976
"GO:0051592","response to calcium ion",0,-1.09501474537677,0.570278074707837
"GO:0086091","regulation of heart rate by cardiac conduction",0,-1.08717437378524,0.621058673881135
"GO:0003309","type B pancreatic cell differentiation",0,-1.07590623472911,0.659258506767792
"GO:0003002","regionalization",0,1.08913418704268,0.484385016144839
"GO:0061339","establishment or maintenance of monopolar cell polarity",0,-1.08542253305109,0.668522360293927
"GO:1900119","positive regulation of execution phase of apoptosis",0,1.11438127654452,0.609129113351652
"GO:0045055","regulated exocytosis",0,1.07663346252554,0.510390909892546
"GO:1901988","negative regulation of cell cycle phase transition",0,-1.07556642505001,0.580991778513039
"GO:0035372","protein localization to microtubule",0,-1.0861755135177,0.658857885586351
"GO:2000629","negative regulation of miRNA metabolic process",0,1.07232882882767,0.626553669218945
"GO:0021602","cranial nerve morphogenesis",0,-1.07327642479079,0.660634316792302
"GO:0014855","striated muscle cell proliferation",0,-1.08008883517706,0.627954659909385
"GO:0032414","positive regulation of ion transmembrane transporter activity",0,1.09577363546456,0.60670907904354
"GO:0002292","T cell differentiation involved in immune response",0,-1.06518549804895,0.628392920005882
"GO:1902806","regulation of cell cycle G1/S phase transition",0,-1.07085518508886,0.603765527055998
"GO:0097553","calcium ion transmembrane import into cytosol",0,1.0789623665347,0.534853099073856
"GO:0009301","snRNA transcription",0,-1.08657121281128,0.646041719222591
"GO:0006873","intracellular monoatomic ion homeostasis",0,1.08106332027945,0.400031302586727
"GO:0006289","nucleotide-excision repair",0,-1.07946946124804,0.605535011470986
"GO:0051957","positive regulation of amino acid transport",0,-1.0862143094054,0.647290849084715
"GO:0008154","actin polymerization or depolymerization",0,1.07289416634182,0.541489536859695
"GO:0002377","immunoglobulin production",0,1.06681500532828,0.58635226411663
"GO:0098869","cellular oxidant detoxification",0,1.06643860063617,0.58635226411663
"GO:0019218","regulation of steroid metabolic process",0,-1.06595524706865,0.626930593353792
"GO:0050804","modulation of chemical synaptic transmission",0,-1.06553967003846,0.575021665147594
"GO:0099177","regulation of trans-synaptic signaling",0,-1.06553967003846,0.575021665147594
"GO:0070286","axonemal dynein complex assembly",0,-1.0873162964249,0.650207695055707
"GO:0070371","ERK1 and ERK2 cascade",0,1.08202269635978,0.502465813095792
"GO:0010613","positive regulation of cardiac muscle hypertrophy",0,-1.07665502735544,0.646441603302723
"GO:0014742","positive regulation of muscle hypertrophy",0,-1.07665502735544,0.646441603302723
"GO:0072329","monocarboxylic acid catabolic process",0,-1.08266002713522,0.592427988606731
"GO:0010463","mesenchymal cell proliferation",0,1.07882366527231,0.633084527710078
"GO:0001706","endoderm formation",0,1.07497578357104,0.598216728516137
"GO:0170035","L-amino acid catabolic process",0,1.05104783648838,0.613246915286927
"GO:0002824","positive regulation of adaptive immune response based on somatic recombination of immune receptors built from immunoglobulin superfamily domains",0,1.0767962228399,0.566250289956111
"GO:0021954","central nervous system neuron development",0,-1.07536640462368,0.635217610680223
"GO:0006509","membrane protein ectodomain proteolysis",0,1.07512516988668,0.60956684412648
"GO:0140966","piRNA-mediated heterochromatin formation",0,1.07709196573285,0.654260396347436
"GO:0044060","regulation of endocrine process",0,1.09654612623151,0.582067779644281
"GO:2000060","positive regulation of ubiquitin-dependent protein catabolic process",0,-1.07816636847368,0.609824057124287
"GO:0045026","plasma membrane fusion",0,-1.08242716707894,0.650812555216954
"GO:1900076","regulation of cellular response to insulin stimulus",0,-1.07461246844928,0.627514210431148
"GO:0006360","transcription by RNA polymerase I",0,-1.08300580864968,0.621348998071396
"GO:0006270","DNA replication initiation",0,-1.076641315154,0.641839072296462
"GO:0051952","regulation of amine transport",0,1.09192509558925,0.559956818054271
"GO:0051898","negative regulation of phosphatidylinositol 3-kinase/protein kinase B signal transduction",0,1.0638487631624,0.616871968411574
"GO:0010614","negative regulation of cardiac muscle hypertrophy",0,1.06849511085258,0.629279668861892
"GO:0101023","vascular endothelial cell proliferation",0,1.08927495141976,0.613316426996741
"GO:0071709","membrane assembly",0,-1.05643389819214,0.649307855054499
"GO:0006275","regulation of DNA replication",0,-1.07666316466958,0.606329859613128
"GO:0045761","regulation of adenylate cyclase activity",0,1.06549847027403,0.631466925551584
"GO:0014850","response to muscle activity",0,1.06054467112433,0.652152356747926
"GO:0030073","insulin secretion",0,1.07896691981227,0.529441949311034
"GO:0070269","pyroptotic inflammatory response",0,1.07850026319156,0.600736239999142
"GO:0006084","acetyl-CoA metabolic process",0,-1.07008168812629,0.640522675263377
"GO:0051338","regulation of transferase activity",0,1.08556204930211,0.473058309864675
"GO:0033619","membrane protein proteolysis",0,1.07668678336429,0.578662029440983
"GO:0006739","NADP+ metabolic process",0,-1.074479135677,0.646488877064596
"GO:0032700","negative regulation of interleukin-17 production",0,1.09126637779287,0.643713204249025
"GO:0046148","pigment biosynthetic process",0,-1.06709994279973,0.638199175321795
"GO:0046839","phospholipid dephosphorylation",0,-1.06847865303809,0.656952745986207
"GO:0150118","negative regulation of cell-substrate junction organization",0,1.1038387662374,0.620270607873346
"GO:0048705","skeletal system morphogenesis",0,1.08063374795189,0.548821160194866
"GO:0034109","homotypic cell-cell adhesion",0,1.06710975182751,0.588782220567387
"GO:0017156","calcium-ion regulated exocytosis",0,-1.07202324812986,0.628093554802407
"GO:0007190","activation of adenylate cyclase activity",0,1.07247259376672,0.659565636806916
"GO:0006949","syncytium formation",0,1.0762720203597,0.578158664003893
"GO:1903514","release of sequestered calcium ion into cytosol by endoplasmic reticulum",0,-1.05232142433656,0.666092303709765
"GO:0045824","negative regulation of innate immune response",0,1.06360437315366,0.59501183631054
"GO:0034329","cell junction assembly",0,1.08684411917761,0.397314055579804
"GO:0007096","regulation of exit from mitosis",0,1.06041879869578,0.673586333073088
"GO:0031398","positive regulation of protein ubiquitination",0,-1.07281040333005,0.619541257711185
"GO:0022617","extracellular matrix disassembly",0,1.08641325539305,0.57190688848341
"GO:1902459","positive regulation of stem cell population maintenance",0,-1.08328003156365,0.622428430767055
"GO:0022408","negative regulation of cell-cell adhesion",0,1.08869283748713,0.50334627099378
"GO:0006829","zinc ion transport",0,1.06322871872596,0.634024522551846
"GO:0048499","synaptic vesicle membrane organization",0,-1.08269232654471,0.631495281018084
"GO:0044091","membrane biogenesis",0,-1.06820749652123,0.638032332288123
"GO:0032006","regulation of TOR signaling",0,-1.07342502041786,0.609711202886273
"GO:0050856","regulation of T cell receptor signaling pathway",0,-1.07737032370844,0.627112827358844
"GO:0060252","positive regulation of glial cell proliferation",0,1.06992822008846,0.660671271004417
"GO:0002823","negative regulation of adaptive immune response based on somatic recombination of immune receptors built from immunoglobulin superfamily domains",0,1.05876912687129,0.619941924653422
"GO:0070098","chemokine-mediated signaling pathway",0,1.05723061881219,0.600197990669478
"GO:0141084","inflammasome-mediated signaling pathway",0,1.06546145632948,0.608963782039065
"GO:0070509","calcium ion import",0,1.06926002513711,0.595828538108826
"GO:0035672","oligopeptide transmembrane transport",0,-1.0598352116305,0.676572353560842
"GO:0009163","nucleoside biosynthetic process",0,-1.07340307691677,0.67500526426419
"GO:0034404","nucleobase-containing small molecule biosynthetic process",0,-1.07340307691677,0.67500526426419
"GO:0060261","positive regulation of transcription initiation by RNA polymerase II",0,-1.07504897723275,0.629159508511197
"GO:0031348","negative regulation of defense response",0,1.06531755730772,0.527567647153336
"GO:0009119","ribonucleoside metabolic process",0,-1.07346478375441,0.66259646019334
"GO:0015697","quaternary ammonium group transport",0,-1.07338969182054,0.66259646019334
"GO:0042985","negative regulation of amyloid precursor protein biosynthetic process",0,1.06698459609248,0.703970687681263
"GO:2000846","regulation of corticosteroid hormone secretion",0,1.03095707269707,0.694553457412284
"GO:0060295","regulation of cilium movement involved in cell motility",0,1.0769969685762,0.622250814911229
"GO:1902019","regulation of cilium-dependent cell motility",0,1.0769969685762,0.622250814911229
"GO:0002826","negative regulation of T-helper 1 type immune response",0,1.05649046223938,0.673627005402353
"GO:0001889","liver development",0,1.08429986331624,0.561771041907033
"GO:0045581","negative regulation of T cell differentiation",0,-1.06387521265524,0.64009057205517
"GO:2000377","regulation of reactive oxygen species metabolic process",0,1.0790442015654,0.544736394180589
"GO:0035821","modulation of process of another organism",0,1.07438513883704,0.554231709174691
"GO:1902230","negative regulation of intrinsic apoptotic signaling pathway in response to DNA damage",0,1.08027863153417,0.626586889357171
"GO:0098856","intestinal lipid absorption",0,-1.05695358943336,0.678573618607994
"GO:0007063","regulation of sister chromatid cohesion",0,-1.0661055761465,0.68707765910313
"GO:0046620","regulation of organ growth",0,-1.04684149377261,0.658795310770655
"GO:0051281","positive regulation of release of sequestered calcium ion into cytosol",0,1.05594237264321,0.644265930867344
"GO:1901606","alpha-amino acid catabolic process",0,1.07803257375597,0.563967502050367
"GO:0006384","transcription initiation at RNA polymerase III promoter",0,-1.06114523291707,0.665336566109035
"GO:0000388","spliceosome conformational change to release U4 (or U4atac) and U1 (or U11)",0,-1.05759979367509,0.660219753182978
"GO:2000463","positive regulation of excitatory postsynaptic potential",0,-1.05736768357562,0.660219753182978
"GO:0051177","meiotic sister chromatid cohesion",0,1.06480847145078,0.664035658412571
"GO:0035930","corticosteroid hormone secretion",0,1.0630397106299,0.662175968960434
"GO:0032495","response to muramyl dipeptide",0,1.0281050129808,0.696058397264104
"GO:0055023","positive regulation of cardiac muscle tissue growth",0,-1.05608744371207,0.676417316099003
"GO:0001522","pseudouridine synthesis",0,-1.05509991080742,0.680938997570678
"GO:0003151","outflow tract morphogenesis",0,1.07941202449003,0.583179355710796
"GO:0007041","lysosomal transport",0,-1.06500334288374,0.621777764044497
"GO:2000819","regulation of nucleotide-excision repair",0,1.06468392179271,0.633660986414599
"GO:0120032","regulation of plasma membrane bounded cell projection assembly",0,-1.06702058844168,0.60336821778306
"GO:0043516","regulation of DNA damage response, signal transduction by p53 class mediator",0,-1.05607715071512,0.662052670211894
"GO:0021517","ventral spinal cord development",0,1.06161446026639,0.663238650678441
"GO:0007034","vacuolar transport",0,-1.06459843532044,0.6141046016802
"GO:0021983","pituitary gland development",0,1.06141909142624,0.663238650678441
"GO:1903350","response to dopamine",0,1.02930563645693,0.652115764903849
"GO:1903351","cellular response to dopamine",0,1.02930563645693,0.652115764903849
"GO:0010881","regulation of cardiac muscle contraction by regulation of the release of sequestered calcium ion",0,-1.05341873153121,0.683093801562139
"GO:0016072","rRNA metabolic process",0,-1.06234894341845,0.608625189449746
"GO:0046496","nicotinamide nucleotide metabolic process",0,-1.05847033114739,0.630466289572956
"GO:0060996","dendritic spine development",0,-1.0611403437756,0.634495249581398
"GO:0099622","cardiac muscle cell membrane repolarization",0,-1.07628525209991,0.639598472221604
"GO:0097401","synaptic vesicle lumen acidification",0,-1.05234787705647,0.683093801562139
"GO:0034198","cellular response to amino acid starvation",0,-1.06042301421895,0.650626283905344
"GO:0070316","regulation of G0 to G1 transition",0,-1.06172621728714,0.659302219732025
"GO:0006766","vitamin metabolic process",0,1.05376179533369,0.639291998845219
"GO:0090148","membrane fission",0,-1.07365487109515,0.631997586827681
"GO:0002313","mature B cell differentiation involved in immune response",0,1.03524055300685,0.664887397912559
"GO:0010876","lipid localization",0,1.05942893000689,0.513022687990911
"GO:0043434","response to peptide hormone",0,1.05381513628794,0.522525586045177
"GO:0070252","actin-mediated cell contraction",0,1.06272326788204,0.56811649107768
"GO:0023061","signal release",0,1.05078706536782,0.527430715894652
"GO:0050685","positive regulation of mRNA processing",0,-1.06388052480279,0.677645262978801
"GO:0141005","transposable element silencing by heterochromatin formation",0,1.09074901322668,0.631807352034495
"GO:0150077","regulation of neuroinflammatory response",0,1.06901080812418,0.62766740631524
"GO:0046033","AMP metabolic process",0,-1.05160050085272,0.681400531401484
"GO:0030168","platelet activation",0,1.06722598868181,0.555632429118774
"GO:2001242","regulation of intrinsic apoptotic signaling pathway",0,-1.05881109301285,0.630735263798645
"GO:0033629","negative regulation of cell adhesion mediated by integrin",0,1.05942566242312,0.665943521968567
"GO:2000045","regulation of G1/S transition of mitotic cell cycle",0,-1.05893813112979,0.623502057050851
"GO:0050801","monoatomic ion homeostasis",0,1.04591458794648,0.545288089185166
"GO:0046328","regulation of JNK cascade",0,-1.06111172925772,0.624740350449194
"GO:0021761","limbic system development",0,-1.05176672151835,0.652591390284132
"GO:0048511","rhythmic process",0,-1.05544683788539,0.620206628072991
"GO:0006665","sphingolipid metabolic process",0,-1.05785250559406,0.631404430688858
"GO:0008090","retrograde axonal transport",0,-1.04953256926803,0.685398493819247
"GO:0030262","apoptotic nuclear changes",0,1.07174367657987,0.634293395957546
"GO:0045580","regulation of T cell differentiation",0,1.05799840980384,0.558021122116294
"GO:0035358","regulation of peroxisome proliferator activated receptor signaling pathway",0,-1.04896317247102,0.685948164142228
"GO:0045324","late endosome to vacuole transport",0,-1.05716216971652,0.663242836485859
"GO:0060070","canonical Wnt signaling pathway",0,-1.0544692462078,0.621942294990411
"GO:0042327","positive regulation of phosphorylation",0,1.0597049159798,0.540706678836965
"GO:0044058","regulation of digestive system process",0,1.0629393892407,0.632601802393057
"GO:0060491","regulation of cell projection assembly",0,-1.06505842779239,0.610059724761156
"GO:0032760","positive regulation of tumor necrosis factor production",0,1.04266579042599,0.619716378254473
"GO:0090330","regulation of platelet aggregation",0,1.05754959218061,0.641142021286976
"GO:0046128","purine ribonucleoside metabolic process",0,-1.06016643610677,0.682919630345448
"GO:0002861","regulation of inflammatory response to antigenic stimulus",0,-1.05584478850121,0.664153797478813
"GO:0033209","tumor necrosis factor-mediated signaling pathway",0,1.03701882248487,0.620055100498862
"GO:0061448","connective tissue development",0,1.0551200126128,0.565650881337081
"GO:0043467","regulation of generation of precursor metabolites and energy",0,-1.05682054804224,0.636656117723085
"GO:0071398","cellular response to fatty acid",0,-1.05785675042076,0.653908735117178
"GO:0043302","positive regulation of leukocyte degranulation",0,1.06830762023982,0.640939830868706
"GO:0014910","regulation of smooth muscle cell migration",0,-1.04222835460656,0.667197727726198
"GO:0060348","bone development",0,1.04906262041491,0.600499182694293
"GO:0006913","nucleocytoplasmic transport",0,-1.05161086110341,0.628626920210545
"GO:0051169","nuclear transport",0,-1.05161086110341,0.628626920210545
"GO:0006007","glucose catabolic process",0,-1.04591495499957,0.685663867851156
"GO:0000393","spliceosomal conformational changes to generate catalytic conformation",0,-1.05533930548552,0.660485145406698
"GO:0099505","regulation of presynaptic membrane potential",0,-1.05887694260421,0.662836068591592
"GO:0071498","cellular response to fluid shear stress",0,-1.0564801864162,0.654661562853299
"GO:0009185","ribonucleoside diphosphate metabolic process",0,-1.04611404156314,0.649359836468995
"GO:0046173","polyol biosynthetic process",0,1.05622129577656,0.615068835387645
"GO:0046626","regulation of insulin receptor signaling pathway",0,-1.02595457267674,0.684252252539201
"GO:0009219","pyrimidine deoxyribonucleotide metabolic process",0,-1.04321899237656,0.682571433120866
"GO:0032743","positive regulation of interleukin-2 production",0,-1.05120801801827,0.662300134664005
"GO:0031623","receptor internalization",0,-1.05718431345992,0.634394899900448
"GO:0090090","negative regulation of canonical Wnt signaling pathway",0,-1.05033955328253,0.642634692846923
"GO:0007040","lysosome organization",0,-1.0516079099913,0.645893520136884
"GO:0080171","lytic vacuole organization",0,-1.0516079099913,0.645893520136884
"GO:1903557","positive regulation of tumor necrosis factor superfamily cytokine production",0,1.04070496991154,0.612391934102224
"GO:0001541","ovarian follicle development",0,1.05958888983983,0.639807940372089
"GO:0071880","adenylate cyclase-activating adrenergic receptor signaling pathway",0,1.04290347481158,0.674551338705408
"GO:0007507","heart development",0,1.05169375840779,0.537039519105712
"GO:0010989","negative regulation of low-density lipoprotein particle clearance",0,-1.05161460803485,0.700023457613036
"GO:0048525","negative regulation of viral process",0,1.04970428014569,0.623438089995881
"GO:1901568","fatty acid derivative metabolic process",0,-1.04241421772153,0.666632275969339
"GO:0051294","establishment of spindle orientation",0,-1.05426801781063,0.666987426133552
"GO:0021854","hypothalamus development",0,-1.05459333393208,0.681395457244523
"GO:0051988","regulation of attachment of spindle microtubules to kinetochore",0,-1.03852722528431,0.689447915640538
"GO:0000387","spliceosomal snRNP assembly",0,-1.04740128596311,0.66247622968401
"GO:0042398","modified amino acid biosynthetic process",0,-1.05153960716498,0.656503478538278
"GO:0042983","amyloid precursor protein biosynthetic process",0,1.03825031482197,0.690039498634236
"GO:0042984","regulation of amyloid precursor protein biosynthetic process",0,1.03825031482197,0.690039498634236
"GO:0006940","regulation of smooth muscle contraction",0,1.03720056121464,0.647822640879699
"GO:0051261","protein depolymerization",0,-1.05026504868537,0.64419330726608
"GO:1990000","amyloid fibril formation",0,1.04649251304112,0.64638613389341
"GO:0071772","response to BMP",0,1.0416219788003,0.615120310022145
"GO:0071773","cellular response to BMP stimulus",0,1.0416219788003,0.615120310022145
"GO:0110020","regulation of actomyosin structure organization",0,1.05470211379953,0.592664128888666
"GO:0007035","vacuolar acidification",0,-1.04789349406724,0.674229465231
"GO:0042573","retinoic acid metabolic process",0,1.03782705243922,0.664151100173474
"GO:0048025","negative regulation of mRNA splicing, via spliceosome",0,1.01156272880896,0.711010935925606
"GO:0030038","contractile actin filament bundle assembly",0,1.05095093501044,0.60437568492999
"GO:0043149","stress fiber assembly",0,1.05095093501044,0.60437568492999
"GO:0071634","regulation of transforming growth factor beta production",0,1.05727254047769,0.637992463203893
"GO:0033275","actin-myosin filament sliding",0,1.04545307782161,0.678457160250357
"GO:0072079","nephron tubule formation",0,-1.05073542563885,0.690863968193349
"GO:0051642","centrosome localization",0,-1.05067242553997,0.690863968193349
"GO:0061842","microtubule organizing center localization",0,-1.05067242553997,0.690863968193349
"GO:0099171","presynaptic modulation of chemical synaptic transmission",0,-1.03949974328165,0.675256871728548
"GO:0043403","skeletal muscle tissue regeneration",0,1.05989265909797,0.64793171190423
"GO:0000244","spliceosomal tri-snRNP complex assembly",0,-1.03916493285567,0.685961759477555
"GO:0097120","receptor localization to synapse",0,-1.04500926094923,0.659390478115041
"GO:0045778","positive regulation of ossification",0,1.02955040881952,0.654484660645493
"GO:0009132","nucleoside diphosphate metabolic process",0,-1.04448745676634,0.657415681354512
"GO:0001893","maternal placenta development",0,-1.05388431024468,0.684437237880263
"GO:0071577","zinc ion transmembrane transport",0,1.0560624381914,0.637992463203893
"GO:0001738","morphogenesis of a polarized epithelium",0,1.0457235093534,0.668542658724369
"GO:0032874","positive regulation of stress-activated MAPK cascade",0,-1.03712670795131,0.697562993490312
"GO:0070304","positive regulation of stress-activated protein kinase signaling cascade",0,-1.03712670795131,0.697562993490312
"GO:1903829","positive regulation of protein localization",0,-1.03761961164348,0.64019586936075
"GO:0097400","interleukin-17-mediated signaling pathway",0,1.04402295380667,0.680057520964179
"GO:0046337","phosphatidylethanolamine metabolic process",0,-1.03022689243797,0.699827855380329
"GO:0016311","dephosphorylation",0,-1.04013786563515,0.65469645523459
"GO:1902807","negative regulation of cell cycle G1/S phase transition",0,1.01178238553056,0.680331302080571
"GO:0003007","heart morphogenesis",0,1.04760208008828,0.57026538435513
"GO:0097194","execution phase of apoptosis",0,1.04573676517241,0.629255576387861
"GO:0010640","regulation of platelet-derived growth factor receptor signaling pathway",0,1.04421920668296,0.66967953799083
"GO:0050805","negative regulation of synaptic transmission",0,1.04027663680428,0.636276418794554
"GO:0030813","positive regulation of nucleotide catabolic process",0,1.04207619079142,0.68104404488445
"GO:0033123","positive regulation of purine nucleotide catabolic process",0,1.04207619079142,0.68104404488445
"GO:0045821","positive regulation of glycolytic process",0,1.04207619079142,0.68104404488445
"GO:0014819","regulation of skeletal muscle contraction",0,1.05800692360552,0.657784371436092
"GO:0006367","transcription initiation at RNA polymerase II promoter",0,-1.0464023142245,0.642801804310301
"GO:0140253","cell-cell fusion",0,1.04703908245823,0.622762794397208
"GO:0006813","potassium ion transport",0,-1.04426647147508,0.639376242208575
"GO:2001234","negative regulation of apoptotic signaling pathway",0,-1.04050032188025,0.655986914673484
"GO:0045620","negative regulation of lymphocyte differentiation",0,-1.0484749734658,0.664346328824063
"GO:0050881","musculoskeletal movement",0,1.03837041961831,0.639353007305308
"GO:0055088","lipid homeostasis",0,1.05529586778048,0.566016290588215
"GO:0030902","hindbrain development",0,-1.04337363823947,0.656583261257673
"GO:0002347","response to tumor cell",0,1.05540628655398,0.631371427822593
"GO:0071425","hematopoietic stem cell proliferation",0,-1.04704200371999,0.688314059874525
"GO:0099172","presynapse organization",0,-1.02303884118682,0.687156473419195
"GO:0070884","regulation of calcineurin-NFAT signaling cascade",0,1.03450589189329,0.660066774839786
"GO:0106056","regulation of calcineurin-mediated signaling",0,1.03450589189329,0.660066774839786
"GO:0046856","phosphatidylinositol dephosphorylation",0,-1.04897687987184,0.680044322364997
"GO:0043406","positive regulation of MAP kinase activity",0,-1.03131519522055,0.696965741408658
"GO:0045740","positive regulation of DNA replication",0,1.04713871394014,0.648565097479888
"GO:1901077","regulation of relaxation of muscle",0,1.0054269096099,0.714892094405526
"GO:0051412","response to corticosterone",0,1.03027266141641,0.697389532448211
"GO:0014808","release of sequestered calcium ion into cytosol by sarcoplasmic reticulum",0,-1.04031309081492,0.681329190667648
"GO:0055080","monoatomic cation homeostasis",0,1.03928825987867,0.555747691798929
"GO:0072171","mesonephric tubule morphogenesis",0,1.02402525876078,0.665516194687879
"GO:0045217","cell-cell junction maintenance",0,1.0390843915332,0.681702967712579
"GO:0044774","mitotic DNA integrity checkpoint signaling",0,-1.03899999461593,0.670808664813348
"GO:0042273","ribosomal large subunit biogenesis",0,-1.03749775789209,0.672021043516142
"GO:0018958","phenol-containing compound metabolic process",0,-1.04422435741791,0.655358751397096
"GO:0048469","cell maturation",0,1.04455121707537,0.607786550054454
"GO:0042325","regulation of phosphorylation",0,1.04356852505285,0.550709563197733
"GO:0050879","multicellular organismal movement",0,1.03490399238449,0.652239418292149
"GO:0010663","positive regulation of striated muscle cell apoptotic process",0,-1.04111361422407,0.707881274550766
"GO:0010666","positive regulation of cardiac muscle cell apoptotic process",0,-1.04111361422407,0.707881274550766
"GO:2001259","positive regulation of cation channel activity",0,1.00369524962128,0.715701927007238
"GO:0043549","regulation of kinase activity",0,1.03946100425664,0.59290779941618
"GO:0006857","oligopeptide transport",0,-1.04452449587236,0.690750533862195
"GO:0097062","dendritic spine maintenance",0,-1.02362380672661,0.704326894527208
"GO:0010818","T cell chemotaxis",0,1.03836613324803,0.674531648146921
"GO:0050768","negative regulation of neurogenesis",0,-1.02511136029287,0.682532359032951
"GO:0032205","negative regulation of telomere maintenance",0,-1.03777943525403,0.682601079527713
"GO:0000768","syncytium formation by plasma membrane fusion",0,1.0535625903761,0.618543529560886
"GO:0032616","interleukin-13 production",0,1.02661087091815,0.675216831602144
"GO:0032656","regulation of interleukin-13 production",0,1.02661087091815,0.675216831602144
"GO:0010562","positive regulation of phosphorus metabolic process",0,1.03814441731858,0.579520161091973
"GO:0045937","positive regulation of phosphate metabolic process",0,1.03814441731858,0.579520161091973
"GO:1990542","mitochondrial transmembrane transport",0,-1.02749429774852,0.701466751310409
"GO:0050680","negative regulation of epithelial cell proliferation",0,1.03169135393477,0.640846604843154
"GO:0002862","negative regulation of inflammatory response to antigenic stimulus",0,-1.02805019502718,0.701470906264481
"GO:0006622","protein targeting to lysosome",0,-1.03800030710276,0.684402754094981
"GO:0090049","regulation of cell migration involved in sprouting angiogenesis",0,1.03000512960368,0.665900999279173
"GO:0140367","antibacterial innate immune response",0,1.05396226966533,0.679358629384583
"GO:0030316","osteoclast differentiation",0,1.02429732411126,0.646982741111188
"GO:0070201","regulation of establishment of protein localization",0,-1.03830517816243,0.647324086903282
"GO:0072111","cell proliferation involved in kidney development",0,-1.02759716503661,0.709558082523031
"GO:0035883","enteroendocrine cell differentiation",0,-1.02676472464504,0.701546109253133
"GO:0042026","protein refolding",0,-1.03426468206811,0.689445881832008
"GO:0009994","oocyte differentiation",0,-1.02921889992108,0.691182132505445
"GO:0033013","tetrapyrrole metabolic process",0,-1.02360938587153,0.688672786623465
"GO:0090257","regulation of muscle system process",0,1.03978690982796,0.580267436073072
"GO:0009264","deoxyribonucleotide catabolic process",0,-1.03620394929565,0.686548619495627
"GO:0046386","deoxyribose phosphate catabolic process",0,-1.03620394929565,0.686548619495627
"GO:0045540","regulation of cholesterol biosynthetic process",0,-1.02580443164455,0.702132174768412
"GO:0106118","regulation of sterol biosynthetic process",0,-1.02580443164455,0.702132174768412
"GO:0033559","unsaturated fatty acid metabolic process",0,1.02902962069604,0.646147322163319
"GO:0090594","inflammatory response to wounding",0,1.03542772269072,0.676256708200852
"GO:0090101","negative regulation of transmembrane receptor protein serine/threonine kinase signaling pathway",0,1.00681664586008,0.675720586133594
"GO:0010721","negative regulation of cell development",0,-1.02509303220497,0.672269612455415
"GO:0045165","cell fate commitment",0,1.0221917382712,0.634507329878071
"GO:0034405","response to fluid shear stress",0,-1.03212863704079,0.678378814711443
"GO:2000177","regulation of neural precursor cell proliferation",0,1.037934034342,0.6398653266421
"GO:0070849","response to epidermal growth factor",0,1.03060356035389,0.655295051264525
"GO:0035966","response to topologically incorrect protein",0,-1.02954206004179,0.672241956656735
"GO:0046631","alpha-beta T cell activation",0,1.05241647789396,0.576853924212018
"GO:0002335","mature B cell differentiation",0,1.02754938664438,0.670878385324163
"GO:0051496","positive regulation of stress fiber assembly",0,1.0227762659785,0.666298078543475
"GO:0055078","sodium ion homeostasis",0,1.0529683378313,0.635050998008876
"GO:0007127","meiosis I",0,1.02503571166299,0.647207342420679
"GO:0003159","morphogenesis of an endothelium",0,1.04810457595974,0.670756322663054
"GO:0061154","endothelial tube morphogenesis",0,1.04810457595974,0.670756322663054
"GO:0051147","regulation of muscle cell differentiation",0,1.03520331316834,0.619671440015679
"GO:0052372","modulation by symbiont of entry into host",0,-1.02504289098886,0.710542707351054
"GO:1903320","regulation of protein modification by small protein conjugation or removal",0,-1.03316737972764,0.658050485870358
"GO:0002534","cytokine production involved in inflammatory response",0,1.02011426519706,0.665619410915689
"GO:1900015","regulation of cytokine production involved in inflammatory response",0,1.02011426519706,0.665619410915689
"GO:0006869","lipid transport",0,1.01884923336444,0.633896639576317
"GO:1904063","negative regulation of cation transmembrane transport",0,-1.01388354540858,0.702192694257571
"GO:0009101","glycoprotein biosynthetic process",0,-1.02715850528494,0.669260155490036
"GO:0060384","innervation",0,-1.02289698762523,0.712994366021734
"GO:0008544","epidermis development",0,1.04259255766675,0.562164487057081
"GO:0070227","lymphocyte apoptotic process",0,1.03460871154676,0.644609107673766
"GO:0002821","positive regulation of adaptive immune response",0,1.0313022985544,0.634369679607752
"GO:0072538","T-helper 17 type immune response",0,-1.0296589060676,0.679863208664497
"GO:0071869","response to catecholamine",0,1.02741757546928,0.65595170583466
"GO:0071870","cellular response to catecholamine stimulus",0,1.02741757546928,0.65595170583466
"GO:1901532","regulation of hematopoietic progenitor cell differentiation",0,-1.02365731964555,0.698389612134922
"GO:0000290","deadenylation-dependent decapping of nuclear-transcribed mRNA",0,-1.02156982073842,0.713179149412206
"GO:0086004","regulation of cardiac muscle cell contraction",0,1.02318400578764,0.678117738243925
"GO:2000811","negative regulation of anoikis",0,1.0228116582268,0.689812330010926
"GO:0006004","fucose metabolic process",0,1.01981777768435,0.706232547863494
"GO:0010996","response to auditory stimulus",0,1.03131562024622,0.670575813501005
"GO:0050731","positive regulation of peptidyl-tyrosine phosphorylation",0,1.02660174231839,0.657718830357204
"GO:0034114","regulation of heterotypic cell-cell adhesion",0,-1.01965778904657,0.706910557614106
"GO:0032623","interleukin-2 production",0,1.04806127113049,0.63117245710807
"GO:0032663","regulation of interleukin-2 production",0,1.04806127113049,0.63117245710807
"GO:0006635","fatty acid beta-oxidation",0,-1.03675740096757,0.669785921079758
"GO:0045834","positive regulation of lipid metabolic process",0,1.04134360213065,0.609098666176063
"GO:0090382","phagosome maturation",0,-1.02932148989123,0.69975750351931
"GO:0009636","response to toxic substance",0,1.02177561761819,0.628619077228302
"GO:0040029","epigenetic regulation of gene expression",0,1.04404506309235,0.566147801587204
"GO:0060395","SMAD protein signal transduction",0,1.04477394262993,0.625128950396045
"GO:1901861","regulation of muscle tissue development",0,1.03710660936105,0.664458761145126
"GO:1903672","positive regulation of sprouting angiogenesis",0,1.05720488491388,0.661343730449223
"GO:0009314","response to radiation",0,-1.025888602007,0.673195684848946
"GO:0008625","extrinsic apoptotic signaling pathway via death domain receptors",0,1.04421070229368,0.621303775956184
"GO:0071347","cellular response to interleukin-1",0,1.01413058463069,0.674697977393803
"GO:0051154","negative regulation of striated muscle cell differentiation",0,1.01775907231735,0.685685175178825
"GO:1901222","regulation of non-canonical NF-kappaB signal transduction",0,1.01395348262193,0.676569692267601
"GO:0042278","purine nucleoside metabolic process",0,-1.01762810255306,0.71693841230405
"GO:0071616","acyl-CoA biosynthetic process",0,-1.03371787607165,0.678454086808235
"GO:1904706","negative regulation of vascular associated smooth muscle cell proliferation",0,1.05607599454363,0.665465029205749
"GO:0007585","respiratory gaseous exchange by respiratory system",0,-1.02776200793584,0.694446521199381
"GO:0048599","oocyte development",0,-1.0265157120718,0.694666957883422
"GO:0006874","intracellular calcium ion homeostasis",0,1.02442791039366,0.63122421793814
"GO:0140627","ubiquitin-dependent protein catabolic process via the C-end degron rule pathway",0,-1.02241404067697,0.71181269269521
"GO:0030837","negative regulation of actin filament polymerization",0,0.993259811130132,0.707169629300972
"GO:0000395","mRNA 5'-splice site recognition",0,1.03186381785713,0.74559094275665
"GO:0043269","regulation of monoatomic ion transport",0,1.02344312386296,0.613699503534543
"GO:0031333","negative regulation of protein-containing complex assembly",0,-1.02050731232447,0.690140920584757
"GO:0031669","cellular response to nutrient levels",0,1.02246485116732,0.634113852825568
"GO:0035710","CD4-positive, alpha-beta T cell activation",0,1.0267256137441,0.637579476032554
"GO:0034694","response to prostaglandin",0,1.03480462473587,0.662665514954625
"GO:0001676","long-chain fatty acid metabolic process",0,-1.02639943401303,0.674942840153723
"GO:0071676","negative regulation of mononuclear cell migration",0,-1.01440473707823,0.708994748531379
"GO:0000245","spliceosomal complex assembly",0,1.02105053670399,0.669185257654641
"GO:0050654","chondroitin sulfate proteoglycan metabolic process",0,1.01755661951475,0.680194802096723
"GO:1905515","non-motile cilium assembly",0,-1.03622456223847,0.680353039112475
"GO:0009266","response to temperature stimulus",0,-1.03009772508405,0.671701394172468
"GO:0017157","regulation of exocytosis",0,-1.01361573862981,0.697692954009669
"GO:1901224","positive regulation of non-canonical NF-kappaB signal transduction",0,0.99124744264517,0.708241291813959
"GO:0030858","positive regulation of epithelial cell differentiation",0,1.02631911048754,0.65523010523639
"GO:0099565","chemical synaptic transmission, postsynaptic",0,-1.01630504531292,0.690890839753932
"GO:1901989","positive regulation of cell cycle phase transition",0,-1.03134924322306,0.67957175319537
"GO:0003352","regulation of cilium movement",0,0.99830349578986,0.706642706642191
"GO:0045666","positive regulation of neuron differentiation",0,-0.996300644749009,0.716353062668851
"GO:0042158","lipoprotein biosynthetic process",0,-1.02557923902767,0.685021821558466
"GO:0036315","cellular response to sterol",0,-1.01415005702129,0.712990831418447
"GO:0097191","extrinsic apoptotic signaling pathway",0,1.00853611266161,0.661506620199783
"GO:0006688","glycosphingolipid biosynthetic process",0,-1.02465726459529,0.687576281934259
"GO:0090263","positive regulation of canonical Wnt signaling pathway",0,-1.02594275655271,0.68214933470091
"GO:0061028","establishment of endothelial barrier",0,1.01754939852308,0.667388906556174
"GO:0043303","mast cell degranulation",0,1.0351558268929,0.653913788653182
"GO:0007130","synaptonemal complex assembly",0,1.00339841765468,0.727360336201069
"GO:0070193","synaptonemal complex organization",0,1.00339841765468,0.727360336201069
"GO:0034103","regulation of tissue remodeling",0,1.02555875950964,0.653286107556104
"GO:0015914","phospholipid transport",0,-1.00791744631838,0.708607512130818
"GO:0070296","sarcoplasmic reticulum calcium ion transport",0,-1.01905042051026,0.696731518229731
"GO:0032535","regulation of cellular component size",0,1.01745714277069,0.647861248142862
"GO:0045913","positive regulation of carbohydrate metabolic process",0,1.02187706241753,0.663401052479326
"GO:0030178","negative regulation of Wnt signaling pathway",0,-1.01989603997518,0.687318801192525
"GO:0048662","negative regulation of smooth muscle cell proliferation",0,1.01590678571924,0.667388906556174
"GO:0046889","positive regulation of lipid biosynthetic process",0,1.0099864506527,0.678321457650044
"GO:0072524","pyridine-containing compound metabolic process",0,-1.0250497248274,0.680548688765306
"GO:0006352","DNA-templated transcription initiation",0,-1.01610168881251,0.688196824377248
"GO:0060339","negative regulation of type I interferon-mediated signaling pathway",0,-1.01081166040673,0.722200821135023
"GO:0001932","regulation of protein phosphorylation",0,1.00856966456437,0.671243125089911
"GO:0048745","smooth muscle tissue development",0,1.0337088563335,0.684478335551794
"GO:1905039","carboxylic acid transmembrane transport",0,-1.01891514752311,0.688727434373069
"GO:0035025","positive regulation of Rho protein signal transduction",0,1.01017908987747,0.689942953947942
"GO:0045444","fat cell differentiation",0,-1.01752694378312,0.688126192441478
"GO:0007269","neurotransmitter secretion",0,-1.02418557644686,0.682388592990424
"GO:0099643","signal release from synapse",0,-1.02418557644686,0.682388592990424
"GO:0050927","positive regulation of positive chemotaxis",0,1.00483909443922,0.702921122787809
"GO:0002448","mast cell mediated immunity",0,1.01680202976971,0.681624696351378
"GO:1904294","positive regulation of ERAD pathway",0,-1.02235820270985,0.716565686526932
"GO:0006936","muscle contraction",0,1.02441028294616,0.602773487565238
"GO:0046835","carbohydrate phosphorylation",0,-1.00828063327137,0.71752873766499
"GO:0090050","positive regulation of cell migration involved in sprouting angiogenesis",0,1.03100714084697,0.675139696888498
"GO:0006865","amino acid transport",0,-1.02236431406528,0.681725215085311
"GO:0006516","glycoprotein catabolic process",0,1.0160332603969,0.684425034307141
"GO:0120255","olefinic compound biosynthetic process",0,1.02771511491568,0.669300748212145
"GO:0045981","positive regulation of nucleotide metabolic process",0,-1.01062302328076,0.711838420186734
"GO:1900544","positive regulation of purine nucleotide metabolic process",0,-1.01062302328076,0.711838420186734
"GO:0042440","pigment metabolic process",0,-1.01702759182051,0.696339148679238
"GO:0071827","plasma lipoprotein particle organization",0,1.01422686771108,0.676135204299956
"GO:0006700","C21-steroid hormone biosynthetic process",0,1.01768021523123,0.695545000805492
"GO:0042088","T-helper 1 type immune response",0,-1.0051094401443,0.712849014034593
"GO:0034063","stress granule assembly",0,-1.02878527302029,0.684915666635127
"GO:1901873","regulation of post-translational protein modification",0,-1.01647006556256,0.692563423376518
"GO:0060338","regulation of type I interferon-mediated signaling pathway",0,-1.03026125192045,0.685889381615533
"GO:0019370","leukotriene biosynthetic process",0,1.03046642349899,0.687997932895685
"GO:0031468","nuclear membrane reassembly",0,-1.00606647743901,0.720909808567292
"GO:0010804","negative regulation of tumor necrosis factor-mediated signaling pathway",0,-1.0141115690329,0.712184903927326
"GO:0002021","response to dietary excess",0,-1.00737173404097,0.725071958569491
"GO:1902042","negative regulation of extrinsic apoptotic signaling pathway via death domain receptors",0,1.01589543659354,0.689049260496931
"GO:1902017","regulation of cilium assembly",0,-1.0143324300192,0.703259282438093
"GO:0032288","myelin assembly",0,-1.01950950245077,0.719471825868082
"GO:0048821","erythrocyte development",0,1.0248772584968,0.677507548187819
"GO:1901798","positive regulation of signal transduction by p53 class mediator",0,-1.02748890627416,0.685837881353627
"GO:0021549","cerebellum development",0,-0.989173464075645,0.725264076510939
"GO:0043393","regulation of protein binding",0,-1.00835193179844,0.712931997771156
"GO:0019233","sensory perception of pain",0,-0.989068951891471,0.725264076510939
"GO:0110154","RNA decapping",0,-1.01541163729682,0.712899170139059
"GO:0120163","negative regulation of cold-induced thermogenesis",0,0.998874102140995,0.695454775236864
"GO:0097581","lamellipodium organization",0,1.01493912472685,0.677875427564953
"GO:0045446","endothelial cell differentiation",0,1.02669132285084,0.648995714220388
"GO:0048762","mesenchymal cell differentiation",0,-1.00858307706978,0.702599383924593
"GO:0036498","IRE1-mediated unfolded protein response",0,1.01413710961277,0.696060757631043
"GO:0097699","vascular endothelial cell response to fluid shear stress",0,-1.01184220837172,0.713517128253518
"GO:0043409","negative regulation of MAPK cascade",0,-1.01387906689407,0.697107208844405
"GO:0045840","positive regulation of mitotic nuclear division",0,-1.00891189329155,0.708585132087146
"GO:0002244","hematopoietic progenitor cell differentiation",0,-1.01441234621262,0.698206169696061
"GO:1901889","negative regulation of cell junction assembly",0,1.02201023598921,0.68885444897728
"GO:0031048","regulatory ncRNA-mediated heterochromatin formation",0,1.00151194438404,0.703999575595507
"GO:0050686","negative regulation of mRNA processing",0,1.02618981148227,0.691392083423146
"GO:0099054","presynapse assembly",0,1.0075617670706,0.682911126124058
"GO:1900221","regulation of amyloid-beta clearance",0,-1.01705074057135,0.716920446096706
"GO:0032869","cellular response to insulin stimulus",0,-1.01653501385884,0.691851213337393
"GO:0032366","intracellular sterol transport",0,-1.01091856529788,0.709581742660625
"GO:0032367","intracellular cholesterol transport",0,-1.01091856529788,0.709581742660625
"GO:0072673","lamellipodium morphogenesis",0,1.01142915508125,0.712491948726599
"GO:1900026","positive regulation of substrate adhesion-dependent cell spreading",0,-1.00420307161915,0.71479272157582
"GO:0071243","cellular response to arsenic-containing substance",0,-1.01850896476011,0.71656041166755
"GO:0051960","regulation of nervous system development",0,-1.01691782768487,0.687584187228481
"GO:0044773","mitotic DNA damage checkpoint signaling",0,-1.01016411460038,0.702578396223863
"GO:0021795","cerebral cortex cell migration",0,1.01031885662649,0.701472485505777
"GO:0022037","metencephalon development",0,-1.00872376300631,0.707911718546676
"GO:0051302","regulation of cell division",0,-1.01301456711623,0.698186458160251
"GO:0060260","regulation of transcription initiation by RNA polymerase II",0,-1.00874392963295,0.705841340653951
"GO:0048641","regulation of skeletal muscle tissue development",0,0.975529438385111,0.739061714350389
"GO:0050728","negative regulation of inflammatory response",0,1.01163432018138,0.660692360112567
"GO:0090140","regulation of mitochondrial fission",0,-1.00963195892257,0.718874484540039
"GO:0006706","steroid catabolic process",0,-0.999930652323337,0.723731937069682
"GO:0033344","cholesterol efflux",0,0.979634129762164,0.723018257959132
"GO:0001755","neural crest cell migration",0,1.0075715732542,0.691242688457407
"GO:0090497","mesenchymal cell migration",0,1.0075715732542,0.691242688457407
"GO:1903421","regulation of synaptic vesicle recycling",0,-0.999232143355674,0.726995252654409
"GO:0034134","toll-like receptor 2 signaling pathway",0,0.974711714553142,0.739764972676438
"GO:0003179","heart valve morphogenesis",0,0.998924316629977,0.699781518844105
"GO:0060021","roof of mouth development",0,1.0177677999475,0.692514264418537
"GO:0051168","nuclear export",0,-1.00620478454086,0.7090349024163
"GO:1901317","regulation of flagellated sperm motility",0,1.00733883796327,0.708028110083215
"GO:0085020","protein K6-linked ubiquitination",0,-1.01220862550791,0.725356289698019
"GO:0007200","phospholipase C-activating G protein-coupled receptor signaling pathway",0,1.0100890528114,0.664585357405583
"GO:0006997","nucleus organization",0,-1.00128353605006,0.712955540539914
"GO:0043410","positive regulation of MAPK cascade",0,1.00492940378873,0.673725243478617
"GO:0051047","positive regulation of secretion",0,1.0060342695891,0.672283256491344
"GO:0038203","TORC2 signaling",0,-1.01321412217318,0.720417463842084
"GO:0045786","negative regulation of cell cycle",0,-1.00810793091674,0.703651729822436
"GO:1902882","regulation of response to oxidative stress",0,-1.01535644579695,0.715611568266545
"GO:0009812","flavonoid metabolic process",0,1.00926270051553,0.74332015079805
"GO:0141085","regulation of inflammasome-mediated signaling pathway",0,0.991397147826795,0.702988765516242
"GO:0032228","regulation of synaptic transmission, GABAergic",0,-1.00702204714267,0.712805484877421
"GO:0070268","cornification",0,-1.01521978398271,0.731353192279259
"GO:0007157","heterophilic cell-cell adhesion",0,1.0204172450835,0.6682083732734
"GO:0014909","smooth muscle cell migration",0,-1.00984663106284,0.708955117258007
"GO:0051961","negative regulation of nervous system development",0,-1.01329947828225,0.69810889600267
"GO:2000401","regulation of lymphocyte migration",0,0.977028464590867,0.725123054057669
"GO:0007498","mesoderm development",0,1.00754398931575,0.682173040077704
"GO:0002456","T cell mediated immunity",0,0.988247917949102,0.710274228443181
"GO:0046823","negative regulation of nucleocytoplasmic transport",0,1.01945513973579,0.685905440605095
"GO:0070918","regulatory ncRNA processing",0,0.976665378821426,0.726123953683513
"GO:0006590","thyroid hormone generation",0,-1.01148040040327,0.723314057438973
"GO:0003012","muscle system process",0,1.00084620562862,0.690911504047405
"GO:0009084","L-glutamine family amino acid biosynthetic process",0,-1.0020059580974,0.72895465968806
"GO:0015721","bile acid and bile salt transport",0,-0.998364907304241,0.72465959770516
"GO:0045453","bone resorption",0,-1.00157634107465,0.713507913230022
"GO:0070228","regulation of lymphocyte apoptotic process",0,1.00831048004103,0.682426999574921
"GO:0046479","glycosphingolipid catabolic process",0,-0.997130116823621,0.732782481621811
"GO:0046825","regulation of protein export from nucleus",0,0.995673120520868,0.70307178199024
"GO:0042795","snRNA transcription by RNA polymerase II",0,-1.00830903937434,0.729513253063851
"GO:1903580","positive regulation of ATP metabolic process",0,-1.00505817331614,0.717132795400859
"GO:0035337","fatty-acyl-CoA metabolic process",0,-0.986084909512902,0.73407943694365
"GO:0007168","receptor guanylyl cyclase signaling pathway",0,1.01824127683971,0.695131360999126
"GO:0010001","glial cell differentiation",0,0.996991687660358,0.705373722758036
"GO:0071027","nuclear RNA surveillance",0,0.994820424905542,0.705352770135332
"GO:0016114","terpenoid biosynthetic process",0,-0.994372899821419,0.728205040624355
"GO:1902751","positive regulation of cell cycle G2/M phase transition",0,-0.994242420165308,0.728902060196351
"GO:0043244","regulation of protein-containing complex disassembly",0,-1.00148073561082,0.717726552621974
"GO:1901136","carbohydrate derivative catabolic process",0,0.995201272977313,0.696938845670002
"GO:0032482","Rab protein signal transduction",0,0.989707836455678,0.719321627190285
"GO:0006576","biogenic amine metabolic process",0,-1.00995520525804,0.70361977324757
"GO:0003161","cardiac conduction system development",0,-1.01489268146135,0.701808824165443
"GO:0008344","adult locomotory behavior",0,0.98937197815131,0.719321627190285
"GO:0016540","protein autoprocessing",0,-0.988522451523644,0.73386039677403
"GO:0045943","positive regulation of transcription by RNA polymerase I",0,-0.995938852440323,0.724709329378713
"GO:0060973","cell migration involved in heart development",0,1.01666320242194,0.695605578685668
"GO:0050769","positive regulation of neurogenesis",0,-0.993077337781649,0.728757789246326
"GO:0019229","regulation of vasoconstriction",0,0.987485386768611,0.705988849615505
"GO:1903715","regulation of aerobic respiration",0,-0.987823519074246,0.734307037884671
"GO:0010042","response to manganese ion",0,-1.00670412874933,0.733658681464077
"GO:1900864","mitochondrial RNA modification",0,-1.0093608966756,0.724723571056466
"GO:0044089","positive regulation of cellular component biogenesis",0,-1.00322122319706,0.71530435347196
"GO:0060419","heart growth",0,-1.00372768901565,0.71713702789639
"GO:0006821","chloride transport",0,-0.990559055977276,0.732097334280625
"GO:0000041","transition metal ion transport",0,0.990987175299712,0.711651542802712
"GO:0035929","steroid hormone secretion",0,0.989844652973634,0.713471563448166
"GO:0009158","ribonucleoside monophosphate catabolic process",0,-1.00840251941557,0.726723467594667
"GO:0099560","synaptic membrane adhesion",0,-1.00124668993994,0.720724216478061
"GO:0042770","signal transduction in response to DNA damage",0,-0.99225369948622,0.728776743641229
"GO:0071675","regulation of mononuclear cell migration",0,1.00803776481188,0.67825943031771
"GO:0006814","sodium ion transport",0,-1.00235502114843,0.715258186643976
"GO:0043162","ubiquitin-dependent protein catabolic process via the multivesicular body sorting pathway",0,-1.00161925265028,0.717830440572706
"GO:0009755","hormone-mediated signaling pathway",0,-0.996595550715026,0.723821427659078
"GO:1902993","positive regulation of amyloid precursor protein catabolic process",0,-0.990522976361442,0.732759206879291
"GO:0016079","synaptic vesicle exocytosis",0,-0.999338627802694,0.721714691225592
"GO:0009713","catechol-containing compound biosynthetic process",0,-1.00402336348934,0.727075649888168
"GO:0042423","catecholamine biosynthetic process",0,-1.00402336348934,0.727075649888168
"GO:0072666","establishment of protein localization to vacuole",0,-1.00581981086827,0.711102345491155
"GO:1904062","regulation of monoatomic cation transmembrane transport",0,-0.989503655009153,0.738138077180613
"GO:0010927","cellular component assembly involved in morphogenesis",0,1.00957232324545,0.680093163490075
"GO:0032989","cellular anatomical entity morphogenesis",0,1.00957232324545,0.680093163490075
"GO:0032607","interferon-alpha production",0,0.974119037175548,0.732260918918675
"GO:0032647","regulation of interferon-alpha production",0,0.974119037175548,0.732260918918675
"GO:2000144","positive regulation of DNA-templated transcription initiation",0,-0.991756499810585,0.720010042367066
"GO:0019377","glycolipid catabolic process",0,-1.00542766040179,0.722817699520997
"GO:0043500","muscle adaptation",0,0.991628017512584,0.708964709726207
"GO:0010592","positive regulation of lamellipodium assembly",0,0.986316296905887,0.718148522865117
"GO:0006308","DNA catabolic process",0,-0.994711618672946,0.727756175377198
"GO:0070059","intrinsic apoptotic signaling pathway in response to endoplasmic reticulum stress",0,0.986436377279592,0.71592650203805
"GO:0009223","pyrimidine deoxyribonucleotide catabolic process",0,-0.987866265704604,0.741546469006725
"GO:0034308","primary alcohol metabolic process",0,-0.997663889058403,0.71793089437756
"GO:0045721","negative regulation of gluconeogenesis",0,-1.00106458778552,0.737644065266648
"GO:0030203","glycosaminoglycan metabolic process",0,1.0138019117083,0.676418886850907
"GO:0006895","Golgi to endosome transport",0,-1.0035403648047,0.729091066262117
"GO:0030501","positive regulation of bone mineralization",0,0.992279990440916,0.71433288870663
"GO:0002028","regulation of sodium ion transport",0,0.984089879788251,0.718965089479371
"GO:0090313","regulation of protein targeting to membrane",0,0.988388835646395,0.726246972967385
"GO:1903533","regulation of protein targeting",0,0.988388835646395,0.726246972967385
"GO:0032881","regulation of polysaccharide metabolic process",0,-1.0091496803931,0.707596431355907
"GO:0014013","regulation of gliogenesis",0,0.995742390707045,0.707138337746915
"GO:0070229","negative regulation of lymphocyte apoptotic process",0,0.981457486385894,0.728067977733914
"GO:0098926","postsynaptic signal transduction",0,-0.98913999069376,0.722874142802093
"GO:0042594","response to starvation",0,-0.987642901032436,0.740166613918794
"GO:0030431","sleep",0,1.00309914805667,0.701619700754114
"GO:0007009","plasma membrane organization",0,-0.999382662698271,0.717455413740235
"GO:0141188","nucleic acid catabolic process",0,-0.984812360703233,0.748598870602628
"GO:0035774","positive regulation of insulin secretion involved in cellular response to glucose stimulus",0,1.00241439217339,0.69849723533747
"GO:0090277","positive regulation of peptide hormone secretion",0,1.00443789578878,0.685745365748746
"GO:1904377","positive regulation of protein localization to cell periphery",0,-0.992059772733203,0.725157082552103
"GO:0044092","negative regulation of molecular function",0,0.979717888576629,0.739758147354168
"GO:0006678","glucosylceramide metabolic process",0,-0.99738132232672,0.740935884148055
"GO:0045069","regulation of viral genome replication",0,1.00907701196429,0.677309849277136
"GO:0001953","negative regulation of cell-matrix adhesion",0,0.998328546020048,0.708252818319849
"GO:0022412","cellular process involved in reproduction in multicellular organism",0,-0.992470844819446,0.731706663803898
"GO:0032271","regulation of protein polymerization",0,-0.992854531040845,0.725317610774394
"GO:1990849","vacuolar localization",0,0.991279049077518,0.709470952295428
"GO:0007281","germ cell development",0,-0.984805162587987,0.742970361522196
"GO:2000738","positive regulation of stem cell differentiation",0,0.976825923829631,0.732249172819669
"GO:0006937","regulation of muscle contraction",0,0.985474357043822,0.716435032447386
"GO:0120034","positive regulation of plasma membrane bounded cell projection assembly",0,-0.990377745313654,0.731291281287971
"GO:0007219","Notch signaling pathway",0,-0.994027103488877,0.725975009024367
"GO:0006730","one-carbon metabolic process",0,-0.98230447946499,0.742705640961122
"GO:0045930","negative regulation of mitotic cell cycle",0,-0.989100158456019,0.736144027812756
"GO:0002793","positive regulation of peptide secretion",0,0.996781697304347,0.698142404557495
"GO:1901658","glycosyl compound catabolic process",0,0.987902654092482,0.724148825293358
"GO:0022411","cellular component disassembly",0,-0.985057437067251,0.753165024399955
"GO:0035270","endocrine system development",0,0.978045401297707,0.726149529519959
"GO:0044782","cilium organization",0,-0.990394392854233,0.737615759591769
"GO:1900273","positive regulation of long-term synaptic potentiation",0,1.00183041060079,0.704132875165714
"GO:0090316","positive regulation of intracellular protein transport",0,-0.990516178849677,0.726319365584142
"GO:0015695","organic cation transport",0,0.988085305781701,0.711062655163896
"GO:0046655","folic acid metabolic process",0,-0.988851334675881,0.750576236873259
"GO:0060632","regulation of microtubule-based movement",0,-0.986927051048517,0.732552263743188
"GO:0007163","establishment or maintenance of cell polarity",0,0.987952173178473,0.722385841587986
"GO:1905477","positive regulation of protein localization to membrane",0,-0.989891796811276,0.727208581527476
"GO:0010744","positive regulation of macrophage derived foam cell differentiation",0,0.974809910439292,0.734562216742357
"GO:1904357","negative regulation of telomere maintenance via telomere lengthening",0,-0.995665404778792,0.729254758805835
"GO:0055123","digestive system development",0,-0.98747002338824,0.732214095280787
"GO:0002832","negative regulation of response to biotic stimulus",0,0.995021158628462,0.700311487004138
"GO:0016556","mRNA modification",0,-0.988052570488865,0.734539980715214
"GO:2000677","regulation of transcription regulatory region DNA binding",0,-0.995352757090494,0.736746497018968
"GO:0046605","regulation of centrosome cycle",0,-0.984048784590465,0.732176322628745
"GO:0014904","myotube cell development",0,-0.979599619288492,0.745597786398394
"GO:0043124","negative regulation of canonical NF-kappaB signal transduction",0,-0.987701234011863,0.73177668616844
"GO:0032891","negative regulation of organic acid transport",0,0.973471119596534,0.736027999947079
"GO:0019320","hexose catabolic process",0,-0.998520894217545,0.718806917638926
"GO:0086011","membrane repolarization during action potential",0,-0.979712195402994,0.74283741685152
"GO:1902236","negative regulation of endoplasmic reticulum stress-induced intrinsic apoptotic signaling pathway",0,-0.990177753732241,0.744170171188215
"GO:0045471","response to ethanol",0,-0.993863467734641,0.727328006313306
"GO:0042692","muscle cell differentiation",0,0.992906490718383,0.710107190454401
"GO:1903729","regulation of plasma membrane organization",0,1.00011452387522,0.715236037826487
"GO:0007613","memory",0,0.998315992723483,0.700715424852977
"GO:0009125","nucleoside monophosphate catabolic process",0,-0.990791471553404,0.739050203737668
"GO:0034377","plasma lipoprotein particle assembly",0,-0.98572006499345,0.735569454581309
"GO:0006817","phosphate ion transport",0,0.974537744249006,0.73221747810563
"GO:1903038","negative regulation of leukocyte cell-cell adhesion",0,0.992642288989526,0.710641011983126
"GO:0031023","microtubule organizing center organization",0,-0.990780450870167,0.729393019601016
"GO:0003353","positive regulation of cilium movement",0,1.00115757531089,0.722324215954826
"GO:1902093","positive regulation of flagellated sperm motility",0,1.00115757531089,0.722324215954826
"GO:2000155","positive regulation of cilium-dependent cell motility",0,1.00115757531089,0.722324215954826
"GO:0048565","digestive tract development",0,-0.984130352512732,0.735629379213995
"GO:0050708","regulation of protein secretion",0,0.97870199128297,0.749258984054846
"GO:0042552","myelination",0,-0.978686984980327,0.743425610051493
"GO:2000736","regulation of stem cell differentiation",0,-0.977531645601756,0.7405356661045
"GO:0061042","vascular wound healing",0,0.976993125647668,0.733301865275032
"GO:0009166","nucleotide catabolic process",0,-0.984117484785042,0.739971203563085
"GO:1900746","regulation of vascular endothelial growth factor signaling pathway",0,0.983884179878716,0.719225680196674
"GO:1902476","chloride transmembrane transport",0,-0.982037710319441,0.742345042133238
"GO:0009880","embryonic pattern specification",0,-0.986707166902098,0.73032956493201
"GO:0045591","positive regulation of regulatory T cell differentiation",0,0.982403483792584,0.729312332823445
"GO:0045667","regulation of osteoblast differentiation",0,0.995169924049686,0.703163893778625
"GO:0000578","embryonic axis specification",0,-0.98360904158118,0.737860878304554
"GO:0034765","regulation of monoatomic ion transmembrane transport",0,-0.981253240736236,0.749112409922458
"GO:0019080","viral gene expression",0,-0.967923777016334,0.751198137617911
"GO:0050868","negative regulation of T cell activation",0,0.989707246101915,0.714153404032883
"GO:0098739","import across plasma membrane",0,-0.987067957544615,0.744625770693409
"GO:0022898","regulation of transmembrane transporter activity",0,0.991170082260827,0.704523295110386
"GO:0001649","osteoblast differentiation",0,0.99684705689528,0.700655172575021
"GO:0007064","mitotic sister chromatid cohesion",0,-0.967639589112956,0.75271808845528
"GO:0043903","regulation of biological process involved in symbiotic interaction",0,-0.982216271482481,0.74045116801944
"GO:2001233","regulation of apoptotic signaling pathway",0,-0.976938199598858,0.75927723791947
"GO:0050926","regulation of positive chemotaxis",0,0.993823035439541,0.712993228073406
"GO:0005513","detection of calcium ion",0,-0.985658091668558,0.750649410643861
"GO:0010717","regulation of epithelial to mesenchymal transition",0,0.991091805191976,0.71052796326691
"GO:0043101","purine-containing compound salvage",0,-0.972243538133013,0.754507242828632
"GO:0008299","isoprenoid biosynthetic process",0,-0.973908550045475,0.748689784829795
"GO:1903078","positive regulation of protein localization to plasma membrane",0,-0.981680916937755,0.737904335795099
"GO:0035725","sodium ion transmembrane transport",0,-0.982295244359363,0.745040603472404
"GO:0031112","positive regulation of microtubule polymerization or depolymerization",0,-0.98049542633629,0.741911402535939
"GO:0051882","mitochondrial depolarization",0,-0.98488681282575,0.743428318726219
"GO:0045542","positive regulation of cholesterol biosynthetic process",0,-0.987131911072546,0.74286169744782
"GO:0106120","positive regulation of sterol biosynthetic process",0,-0.987131911072546,0.74286169744782
"GO:0170041","non-proteinogenic amino acid metabolic process",0,1.00081180624054,0.697524034827826
"GO:0042462","eye photoreceptor cell development",0,1.00795998579788,0.700450455826249
"GO:0050920","regulation of chemotaxis",0,0.9941111577906,0.70958359047667
"GO:0060263","regulation of respiratory burst",0,0.945716403002541,0.764139436317965
"GO:0048806","genitalia development",0,-0.971283279057086,0.753170165412655
"GO:0038179","neurotrophin signaling pathway",0,-0.972033683457637,0.74746265497603
"GO:0070534","protein K63-linked ubiquitination",0,-0.9637764363863,0.753960119884181
"GO:0002285","lymphocyte activation involved in immune response",0,0.954359805721817,0.793519875611262
"GO:0042471","ear morphogenesis",0,0.962817463169586,0.741398474555951
"GO:0071825","protein-lipid complex organization",0,0.980772744395605,0.727553036142615
"GO:0032272","negative regulation of protein polymerization",0,0.995679536545882,0.705120786285719
"GO:0007272","ensheathment of neurons",0,-0.97902647043,0.737222539807095
"GO:0008366","axon ensheathment",0,-0.97902647043,0.737222539807095
"GO:0034390","smooth muscle cell apoptotic process",0,-0.982570812235509,0.741799363521628
"GO:0001578","microtubule bundle formation",0,-0.971332630167612,0.747466265211648
"GO:0042745","circadian sleep/wake cycle",0,0.966554983378449,0.741421279559103
"GO:0050792","regulation of viral process",0,0.981171326567431,0.73136891081376
"GO:0002437","inflammatory response to antigenic stimulus",0,-0.973803873174515,0.746143829654958
"GO:0010632","regulation of epithelial cell migration",0,-0.978179909975701,0.741727956766727
"GO:0032872","regulation of stress-activated MAPK cascade",0,-0.970367073751003,0.750582238301096
"GO:0070302","regulation of stress-activated protein kinase signaling cascade",0,-0.970367073751003,0.750582238301096
"GO:0001701","in utero embryonic development",0,0.977242999543376,0.730851649369541
"GO:1903747","regulation of protein localization to mitochondrion",0,-0.988268596719835,0.728561912666489
"GO:0010224","response to UV-B",0,-0.980035550594208,0.751362947952477
"GO:0032740","positive regulation of interleukin-17 production",0,0.976218824297305,0.726193822926103
"GO:0090083","regulation of inclusion body assembly",0,-0.967719198688083,0.754841168870951
"GO:0098664","G protein-coupled serotonin receptor signaling pathway",0,0.968923155587686,0.739722140013771
"GO:0071824","protein-DNA complex organization",0,0.966836108371134,0.760766666053609
"GO:0046827","positive regulation of protein export from nucleus",0,0.989053730354018,0.722966397667984
"GO:0003177","pulmonary valve development",0,0.964741250263945,0.741507521974448
"GO:0006402","mRNA catabolic process",0,-0.975199651491377,0.757597738447725
"GO:1905146","lysosomal protein catabolic process",0,-0.982800469273296,0.746783783774686
"GO:0035640","exploration behavior",0,-0.982136654312997,0.747376168565372
"GO:0048741","skeletal muscle fiber development",0,-0.966223374937077,0.757439476296358
"GO:0010985","negative regulation of lipoprotein particle clearance",0,-0.970942080016768,0.752483916547395
"GO:0007286","spermatid development",0,-0.978203022082747,0.744600457912408
"GO:0051402","neuron apoptotic process",0,-0.969320170379547,0.767407984049354
"GO:0045773","positive regulation of axon extension",0,-0.955748784048996,0.763233806528412
"GO:0034260","negative regulation of GTPase activity",0,0.956182011865235,0.757532614545628
"GO:0045995","regulation of embryonic development",0,-0.978533452459251,0.741064683548318
"GO:0006044","N-acetylglucosamine metabolic process",0,-0.96542213457211,0.759038720113823
"GO:0046394","carboxylic acid biosynthetic process",0,0.959288111108635,0.815014404029147
"GO:1901739","regulation of myoblast fusion",0,0.971316795328556,0.730721150791944
"GO:0033157","regulation of intracellular protein transport",0,-0.968775469551009,0.756670583524009
"GO:0017148","negative regulation of translation",0,-0.97141514905352,0.754693411088029
"GO:0042093","T-helper cell differentiation",0,-0.971949461731257,0.749661158257601
"GO:0035720","intraciliary anterograde transport",0,-0.964189794038998,0.759038720113823
"GO:0008209","androgen metabolic process",0,-0.962925249926358,0.759031911848897
"GO:1901264","carbohydrate derivative transport",0,-0.976382858399815,0.744936257805807
"GO:0032465","regulation of cytokinesis",0,-0.979591889539739,0.740715953035165
"GO:0050798","activated T cell proliferation",0,0.968105876667037,0.741418696155223
"GO:0046330","positive regulation of JNK cascade",0,-0.975022327277195,0.748122403018696
"GO:0060271","cilium assembly",0,-0.963546439840554,0.776632440639815
"GO:0043488","regulation of mRNA stability",0,-0.97391660733684,0.750378723598566
"GO:2001236","regulation of extrinsic apoptotic signaling pathway",0,0.963947854915236,0.761273076892832
"GO:0045823","positive regulation of heart contraction",0,0.976230160944196,0.730807270310251
"GO:0035967","cellular response to topologically incorrect protein",0,-0.967526795375344,0.754965912610291
"GO:0008380","RNA splicing",0,-0.975539894215343,0.76892402084718
"GO:0035601","protein deacylation",0,0.97884251814906,0.726587188515039
"GO:0097186","amelogenesis",0,0.936860316438948,0.768123162236311
"GO:0043484","regulation of RNA splicing",0,0.983177796369199,0.729904377367585
"GO:0009953","dorsal/ventral pattern formation",0,-0.981304262071978,0.73367215581397
"GO:0040019","positive regulation of embryonic development",0,-0.961339960751237,0.759953169206573
"GO:2000434","regulation of protein neddylation",0,-0.961751303176366,0.759779406375791
"GO:0009895","negative regulation of catabolic process",0,-0.968400950969762,0.776070728934911
"GO:1905906","regulation of amyloid fibril formation",0,-0.974427321099655,0.752282013348454
"GO:0071625","vocalization behavior",0,0.936151378604649,0.768123162236311
"GO:0035458","cellular response to interferon-beta",0,-0.976553561605818,0.74709481013498
"GO:0042632","cholesterol homeostasis",0,0.974894726445374,0.737896169269757
"GO:0051223","regulation of protein transport",0,-0.975498423369962,0.765949020901674
"GO:0006400","tRNA modification",0,-0.974907268720977,0.748662792863276
"GO:0055092","sterol homeostasis",0,0.979098896624568,0.739504551132574
"GO:0032717","negative regulation of interleukin-8 production",0,0.958678895060498,0.753158144025795
"GO:0044321","response to leptin",0,0.980846309779777,0.727174400902278
"GO:0140112","extracellular vesicle biogenesis",0,-0.958645667840123,0.762476175211605
"GO:0086003","cardiac muscle cell contraction",0,-0.969548350792253,0.746729509818779
"GO:0010171","body morphogenesis",0,0.95752333644515,0.745131292803709
"GO:2001279","regulation of unsaturated fatty acid biosynthetic process",0,0.958338826709668,0.753158144025795
"GO:0060485","mesenchyme development",0,-0.970689344422885,0.765015001243004
"GO:0016054","organic acid catabolic process",0,-0.968424965415646,0.770804619722612
"GO:0046395","carboxylic acid catabolic process",0,-0.968424965415646,0.770804619722612
"GO:0097066","response to thyroid hormone",0,0.965587261305511,0.745931017285812
"GO:0021537","telencephalon development",0,-0.969921789561046,0.758816663910407
"GO:0006401","RNA catabolic process",0,-0.970144766407183,0.769557228563787
"GO:0003333","amino acid transmembrane transport",0,-0.962800655062234,0.7604552871187
"GO:0051224","negative regulation of protein transport",0,0.966359453721714,0.748462381948271
"GO:0006098","pentose-phosphate shunt",0,-0.970299798136173,0.759632869571652
"GO:0030166","proteoglycan biosynthetic process",0,0.965710227635791,0.745534628750638
"GO:0032868","response to insulin",0,-0.966308975177935,0.771615348746099
"GO:0010882","regulation of cardiac muscle contraction by calcium ion signaling",0,-0.970872923028067,0.752532915705364
"GO:1902305","regulation of sodium ion transmembrane transport",0,0.95920368719807,0.748160931034985
"GO:1903524","positive regulation of blood circulation",0,0.97391349804587,0.725260816069786
"GO:0052652","cyclic purine nucleotide metabolic process",0,0.950205297821879,0.756159787885989
"GO:0072530","purine-containing compound transmembrane transport",0,-0.964955312249395,0.752016270131665
"GO:0006984","ER-nucleus signaling pathway",0,-0.974796081319694,0.746521568059598
"GO:0070873","regulation of glycogen metabolic process",0,-0.965460556116077,0.757162568331194
"GO:0071816","tail-anchored membrane protein insertion into ER membrane",0,-0.972134113042027,0.794107706832074
"GO:0034656","nucleobase-containing small molecule catabolic process",0,0.954929766640938,0.755199533537172
"GO:1904705","regulation of vascular associated smooth muscle cell proliferation",0,0.960188445574914,0.748151785267233
"GO:0055070","copper ion homeostasis",0,0.977927266860077,0.735504746508835
"GO:1902106","negative regulation of leukocyte differentiation",0,-0.958710181131443,0.766549533197305
"GO:0097734","extracellular exosome biogenesis",0,-0.950348220210891,0.768199082472574
"GO:0042743","hydrogen peroxide metabolic process",0,-0.966564705138807,0.75089780640881
"GO:0071375","cellular response to peptide hormone stimulus",0,0.971774134453414,0.786109393636106
"GO:0045472","response to ether",0,-0.955678008665614,0.766609497198185
"GO:1990089","response to nerve growth factor",0,-0.958187986670189,0.761394411864048
"GO:0071383","cellular response to steroid hormone stimulus",0,0.962456461866817,0.774929400258308
"GO:2001222","regulation of neuron migration",0,-0.959970999784466,0.76279257934442
"GO:0034105","positive regulation of tissue remodeling",0,0.946353050334082,0.766767377872961
"GO:1901298","regulation of hydrogen peroxide-mediated programmed cell death",0,-0.967879931737925,0.762732934900675
"GO:0006883","intracellular sodium ion homeostasis",0,0.940030299809167,0.763602136218244
"GO:0072109","glomerular mesangium development",0,-0.966831138259654,0.761799838534802
"GO:1903265","positive regulation of tumor necrosis factor-mediated signaling pathway",0,0.978854255426323,0.742599391631146
"GO:0046503","glycerolipid catabolic process",0,-0.966973171598762,0.752371216673982
"GO:2001237","negative regulation of extrinsic apoptotic signaling pathway",0,-0.973635890805378,0.745002000044494
"GO:0034112","positive regulation of homotypic cell-cell adhesion",0,-0.967747299838919,0.756036792747839
"GO:0044241","lipid digestion",0,-0.969220789432984,0.758600798799968
"GO:0032273","positive regulation of protein polymerization",0,-0.961253061680018,0.761372098275711
"GO:0031338","regulation of vesicle fusion",0,-0.955184242587192,0.764155200768192
"GO:0030177","positive regulation of Wnt signaling pathway",0,-0.964897406114576,0.764796332867024
"GO:0035303","regulation of dephosphorylation",0,0.960188322495967,0.751810835801037
"GO:2000404","regulation of T cell migration",0,0.954468948111755,0.748706632754184
"GO:0044093","positive regulation of molecular function",0,0.975435819866878,0.781447526020883
"GO:0097028","dendritic cell differentiation",0,0.954008766687241,0.748751697270657
"GO:0046006","regulation of activated T cell proliferation",0,0.969351593325111,0.729754524228878
"GO:0061687","detoxification of inorganic compound",0,0.973397585329744,0.734239765778633
"GO:1903020","positive regulation of glycoprotein metabolic process",0,-0.957780700196005,0.765214398579995
"GO:0006743","ubiquinone metabolic process",0,-0.966076781792101,0.756547915416107
"GO:0034145","positive regulation of toll-like receptor 4 signaling pathway",0,0.951200684143943,0.758164409836022
"GO:0071867","response to monoamine",0,0.963149845184189,0.746380993181012
"GO:0071868","cellular response to monoamine stimulus",0,0.963149845184189,0.746380993181012
"GO:2000001","regulation of DNA damage checkpoint",0,-0.951978623652771,0.769129666308626
"GO:0042403","thyroid hormone metabolic process",0,-0.951240185436111,0.769647340625267
"GO:0045932","negative regulation of muscle contraction",0,-0.952380570908606,0.76789292678158
"GO:0048384","retinoic acid receptor signaling pathway",0,-0.960924614648064,0.7586523103859
"GO:0035435","phosphate ion transmembrane transport",0,-0.966785396689926,0.760269537061346
"GO:0090132","epithelium migration",0,0.947779817175995,0.775223335198713
"GO:0045603","positive regulation of endothelial cell differentiation",0,0.956502960379086,0.762833437968925
"GO:1900424","regulation of defense response to bacterium",0,0.926397423050093,0.772926684123354
"GO:0048857","neural nucleus development",0,-0.958168109441137,0.763475932490321
"GO:0051607","defense response to virus",0,-0.959687970755613,0.785586919451829
"GO:0035592","establishment of protein localization to extracellular region",0,0.956397908244404,0.815482810736007
"GO:0022410","circadian sleep/wake cycle process",0,0.958169113064382,0.746027450182566
"GO:0097305","response to alcohol",0,-0.949553495236877,0.800531400646681
"GO:0065005","protein-lipid complex assembly",0,-0.948671084205195,0.770793362859292
"GO:0050802","circadian sleep/wake cycle, sleep",0,0.944548135676026,0.761756506485398
"GO:1990874","vascular associated smooth muscle cell proliferation",0,0.959642016188061,0.748142055478567
"GO:0007339","binding of sperm to zona pellucida",0,0.957321246175324,0.746027450182566
"GO:0006310","DNA recombination",0,-0.959872866401412,0.780530299502234
"GO:0044090","positive regulation of vacuole organization",0,-0.947355466466958,0.7719013920483
"GO:0051494","negative regulation of cytoskeleton organization",0,0.955820260268878,0.780459794967107
"GO:0043045","epigenetic programming of gene expression",0,-0.964102759959089,0.763172314026589
"GO:1901879","regulation of protein depolymerization",0,-0.955802505901119,0.764440507402582
"GO:0016053","organic acid biosynthetic process",0,0.966313423843144,0.782627403231455
"GO:0042749","regulation of circadian sleep/wake cycle",0,0.956734692176273,0.74736260244593
"GO:1901740","negative regulation of myoblast fusion",0,0.949351823220807,0.755199700869934
"GO:0045600","positive regulation of fat cell differentiation",0,-0.963268776921323,0.759983842629643
"GO:0051928","positive regulation of calcium ion transport",0,0.95066040012936,0.778599131095507
"GO:0045859","regulation of protein kinase activity",0,0.953791022948036,0.805257869533777
"GO:0071248","cellular response to metal ion",0,-0.951462354693716,0.782368069795178
"GO:0035418","protein localization to synapse",0,0.943641397811731,0.778233696200485
"GO:1990090","cellular response to nerve growth factor stimulus",0,-0.954099718499693,0.765154312489923
"GO:0090042","tubulin deacetylation",0,0.938725156902811,0.772805970939584
"GO:0009187","cyclic nucleotide metabolic process",0,0.976422772213196,0.725233720792756
"GO:0021545","cranial nerve development",0,-0.968548120762835,0.748666194758469
"GO:1902004","positive regulation of amyloid-beta formation",0,-0.941703148904338,0.774019235885953
"GO:0051865","protein autoubiquitination",0,-0.949319465739387,0.769934084833806
"GO:0072595","maintenance of protein localization in organelle",0,-0.955067646649712,0.761524647026026
"GO:0050892","intestinal absorption",0,-0.938068610888734,0.778436150040133
"GO:0061013","regulation of mRNA catabolic process",0,-0.954145695169955,0.783771289343037
"GO:0050954","sensory perception of mechanical stimulus",0,0.94853331289564,0.79278070534572
"GO:0045292","mRNA cis splicing, via spliceosome",0,0.967587261821635,0.739947436072584
"GO:0034058","endosomal vesicle fusion",0,-0.962502678617429,0.763708584588022
"GO:0038166","angiotensin-activated signaling pathway",0,-0.946754669097196,0.772806016920091
"GO:1902692","regulation of neuroblast proliferation",0,0.968322340042244,0.745685084984991
"GO:0005980","glycogen catabolic process",0,-0.95304205302151,0.764972926322094
"GO:0060306","regulation of membrane repolarization",0,-0.954583280532523,0.761524647026026
"GO:0016055","Wnt signaling pathway",0,-0.958364481171745,0.798344924872313
"GO:0051279","regulation of release of sequestered calcium ion into cytosol",0,-0.961202316680246,0.758738662373869
"GO:0098868","bone growth",0,0.982181009106909,0.723198972378006
"GO:0043271","negative regulation of monoatomic ion transport",0,-0.955248039038906,0.766548196754368
"GO:1902932","positive regulation of alcohol biosynthetic process",0,0.930540386934052,0.770277323399639
"GO:0070935","3'-UTR-mediated mRNA stabilization",0,0.94035969111167,0.763598231630701
"GO:0033138","positive regulation of peptidyl-serine phosphorylation",0,0.98083904098454,0.725110249881358
"GO:0010955","negative regulation of protein processing",0,0.920462868227058,0.778768395961311
"GO:0045665","negative regulation of neuron differentiation",0,0.945650290109747,0.760093818986653
"GO:0043525","positive regulation of neuron apoptotic process",0,-0.951383649075483,0.768416628193781
"GO:0071692","protein localization to extracellular region",0,0.950715388389312,0.838637725842499
"GO:0009251","glucan catabolic process",0,-0.948444808084131,0.770769205729145
"GO:0016601","Rac protein signal transduction",0,-0.946229403249379,0.776154301314005
"GO:0141137","positive regulation of gene expression, epigenetic",0,0.921562172721663,0.791155054273673
"GO:0000305","response to oxygen radical",0,0.951221074564657,0.751687831009488
"GO:0015804","neutral amino acid transport",0,-0.948038566242803,0.768443108980102
"GO:0045910","negative regulation of DNA recombination",0,-0.94881668509995,0.76645427516747
"GO:0007216","G protein-coupled glutamate receptor signaling pathway",0,0.918296509071453,0.782168887282351
"GO:0035235","ionotropic glutamate receptor signaling pathway",0,0.942095773077003,0.757930621650223
"GO:0060333","type II interferon-mediated signaling pathway",0,0.951814574480891,0.75677201605315
"GO:0090209","negative regulation of triglyceride metabolic process",0,0.942789192039211,0.770526493778899
"GO:0034644","cellular response to UV",0,-0.954339609353382,0.767461156757399
"GO:1904950","negative regulation of establishment of protein localization",0,0.940913883175733,0.796026613601751
"GO:0006760","folic acid-containing compound metabolic process",0,-0.957429062471068,0.764875635001975
"GO:1900027","regulation of ruffle assembly",0,-0.948163348524469,0.767546366390811
"GO:0051057","positive regulation of small GTPase mediated signal transduction",0,0.938394721970863,0.790028358514601
"GO:0062012","regulation of small molecule metabolic process",0,-0.954160654325168,0.793450658574654
"GO:0070206","protein trimerization",0,0.950162843679059,0.756617985483332
"GO:0051546","keratinocyte migration",0,-0.942140502887178,0.776652651830045
"GO:0001823","mesonephros development",0,0.939130764215835,0.783698896324291
"GO:0008585","female gonad development",0,0.935537978593451,0.776977169445829
"GO:0110156","mRNA methylguanosine-cap decapping",0,-0.942256781993481,0.777664714388574
"GO:0006493","protein O-linked glycosylation",0,0.942292699587449,0.80571634135688
"GO:0090068","positive regulation of cell cycle process",0,-0.957119081818689,0.783141322629816
"GO:0051336","regulation of hydrolase activity",0,0.949372946476018,0.795703293275637
"GO:0031529","ruffle organization",0,0.95065917014513,0.755586750503843
"GO:0034763","negative regulation of transmembrane transport",0,-0.948387681402473,0.776822475237047
"GO:0050858","negative regulation of antigen receptor-mediated signaling pathway",0,-0.948055053518352,0.777409542504561
"GO:0097009","energy homeostasis",0,-0.924230395217445,0.795146539130375
"GO:1902570","protein localization to nucleolus",0,-0.940387006927196,0.777402191088852
"GO:0050918","positive chemotaxis",0,0.938909100038323,0.776728101174257
"GO:0000027","ribosomal large subunit assembly",0,-0.940790940849003,0.77790818243228
"GO:0051385","response to mineralocorticoid",0,0.940987990070381,0.765290141097133
"GO:0032729","positive regulation of type II interferon production",0,-0.952157386453247,0.768319403598119
"GO:0010968","regulation of microtubule nucleation",0,-0.955637554022938,0.772986201828465
"GO:0051588","regulation of neurotransmitter transport",0,-0.947535769148011,0.781408488973039
"GO:0044380","protein localization to cytoskeleton",0,-0.935801762259826,0.790237082330546
"GO:0060048","cardiac muscle contraction",0,-0.946418921558375,0.786189614035199
"GO:0098732","macromolecule deacylation",0,0.940557630899336,0.762797511268904
"GO:1904036","negative regulation of epithelial cell apoptotic process",0,0.959609391542968,0.750969888192378
"GO:0043921","host-mediated perturbation of viral transcription",0,-0.942337376322808,0.775352280173464
"GO:0030007","intracellular potassium ion homeostasis",0,0.958193043957852,0.745650802451821
"GO:0042059","negative regulation of epidermal growth factor receptor signaling pathway",0,0.939377696061604,0.762797511268904
"GO:0045787","positive regulation of cell cycle",0,-0.937996104280029,0.817904567033844
"GO:0009191","ribonucleoside diphosphate catabolic process",0,-0.939343503161091,0.786291910031633
"GO:0002714","positive regulation of B cell mediated immunity",0,0.938041076759851,0.764705742462877
"GO:0002891","positive regulation of immunoglobulin mediated immune response",0,0.938041076759851,0.764705742462877
"GO:1990806","ligand-gated ion channel signaling pathway",0,0.949740256795705,0.759798815682368
"GO:0048659","smooth muscle cell proliferation",0,0.918198569379788,0.851045412206247
"GO:0010611","regulation of cardiac muscle hypertrophy",0,-0.927373012705041,0.792483867412138
"GO:0062009","secondary palate development",0,0.95711233795394,0.751382804225749
"GO:0032801","receptor catabolic process",0,0.921093049879963,0.779884873382754
"GO:0002115","store-operated calcium entry",0,0.943847074253614,0.760794639499613
"GO:0034143","regulation of toll-like receptor 4 signaling pathway",0,0.944684523560507,0.763043971827795
"GO:0048515","spermatid differentiation",0,-0.948121827597587,0.789506637466887
"GO:0019082","viral protein processing",0,-0.936856469058293,0.778303633366885
"GO:0008593","regulation of Notch signaling pathway",0,-0.939248014445282,0.789263819031945
"GO:0006359","regulation of transcription by RNA polymerase III",0,-0.939170456035794,0.777701615559004
"GO:0009798","axis specification",0,-0.942445556413187,0.7738811185832
"GO:0046461","neutral lipid catabolic process",0,0.940348056685266,0.76975716693341
"GO:0046464","acylglycerol catabolic process",0,0.940348056685266,0.76975716693341
"GO:0021675","nerve development",0,0.944347864653045,0.771159157178094
"GO:0010560","positive regulation of glycoprotein biosynthetic process",0,-0.941981490465374,0.786459468697913
"GO:0034067","protein localization to Golgi apparatus",0,-0.941473148249795,0.772425129259843
"GO:0043487","regulation of RNA stability",0,-0.947846525241081,0.790866186126732
"GO:2000142","regulation of DNA-templated transcription initiation",0,-0.942513533557022,0.780645009524757
"GO:0006109","regulation of carbohydrate metabolic process",0,-0.937551572505024,0.803145481059681
"GO:0010631","epithelial cell migration",0,0.952699763783713,0.771428941394905
"GO:0045071","negative regulation of viral genome replication",0,0.925499810400727,0.783342842176463
"GO:0030148","sphingolipid biosynthetic process",0,-0.94037779502026,0.790465955788004
"GO:0140861","DNA repair-dependent chromatin remodeling",0,0.952261890051057,0.753641515573856
"GO:0000303","response to superoxide",0,0.95203376963271,0.753641515573856
"GO:0060421","positive regulation of heart growth",0,-0.931122061468996,0.785402987529982
"GO:0160240","RNA polymerase II transcription initiation surveillance",0,0.907833493126972,0.789117472757351
"GO:0009416","response to light stimulus",0,-0.944876662055076,0.805755074687452
"GO:1904491","protein localization to ciliary transition zone",0,-0.930924610749273,0.782448450886123
"GO:0006090","pyruvate metabolic process",0,-0.952948248690959,0.771135168290553
"GO:1902369","negative regulation of RNA catabolic process",0,-0.940298006966585,0.783106268578652
"GO:0098727","maintenance of cell number",0,-0.935144505788316,0.795886506130058
"GO:0009134","nucleoside diphosphate catabolic process",0,-0.939276526642613,0.786350759551573
"GO:0007224","smoothened signaling pathway",0,-0.937171112309469,0.791550121397207
"GO:0034587","piRNA processing",0,-0.944831228622539,0.777688200680529
"GO:0009267","cellular response to starvation",0,-0.940559971821443,0.795000154306437
"GO:1902683","regulation of receptor localization to synapse",0,0.91481647031098,0.786270325659901
"GO:0060976","coronary vasculature development",0,0.930653190765846,0.773818038350597
"GO:0045132","meiotic chromosome segregation",0,0.949777956961844,0.757098004230477
"GO:0045686","negative regulation of glial cell differentiation",0,-0.934086306324678,0.78220166319545
"GO:0035176","social behavior",0,0.942392235952511,0.764306864240399
"GO:0051924","regulation of calcium ion transport",0,0.924177775663179,0.864521629142009
"GO:0000096","sulfur amino acid metabolic process",0,0.928149694428359,0.7689062862402
"GO:1905606","regulation of presynapse assembly",0,0.945731075873626,0.758983649217102
"GO:1903169","regulation of calcium ion transmembrane transport",0,-0.92640115432927,0.816710976279751
"GO:0009306","protein secretion",0,0.95188645953982,0.835392782693811
"GO:0032609","type II interferon production",0,-0.937288421728439,0.793096134410846
"GO:0032649","regulation of type II interferon production",0,-0.937288421728439,0.793096134410846
"GO:0019827","stem cell population maintenance",0,-0.93678386305251,0.793444634323256
"GO:0051149","positive regulation of muscle cell differentiation",0,0.937121200635375,0.783582707409713
"GO:0097501","stress response to metal ion",0,0.961447827433949,0.744037417083617
"GO:0035627","ceramide transport",0,0.949561184151643,0.762795763720679
"GO:0014902","myotube differentiation",0,0.944365908269181,0.78773624839552
"GO:0071025","RNA surveillance",0,0.939329455127985,0.765906358361497
"GO:0050667","homocysteine metabolic process",0,0.949028530688623,0.762795763720679
"GO:0009100","glycoprotein metabolic process",0,-0.936641288223981,0.829522104297242
"GO:0007416","synapse assembly",0,-0.932922127256039,0.82519086904785
"GO:1901185","negative regulation of ERBB signaling pathway",0,0.941310401938429,0.762686676791369
"GO:0033198","response to ATP",0,0.942243476247294,0.761939814749893
"GO:0046622","positive regulation of organ growth",0,-0.929314858091857,0.785100236511824
"GO:0006633","fatty acid biosynthetic process",0,0.932105426019335,0.848004506643244
"GO:0042789","mRNA transcription by RNA polymerase II",0,-0.935060977258168,0.781574365095864
"GO:0099174","regulation of presynapse organization",0,0.926658039837902,0.778270932169144
"GO:0031579","membrane raft organization",0,0.922332258429357,0.777027767751407
"GO:0007098","centrosome cycle",0,-0.936011389951475,0.799943169827537
"GO:0045668","negative regulation of osteoblast differentiation",0,0.925002132605117,0.780245894995354
"GO:0046653","tetrahydrofolate metabolic process",0,-0.924447188347939,0.793680889069718
"GO:0009299","mRNA transcription",0,-0.930385465691713,0.789485990659224
"GO:0051984","positive regulation of chromosome segregation",0,-0.929896727021368,0.785219237015628
"GO:1902373","negative regulation of mRNA catabolic process",0,-0.931081759339583,0.792981566711156
"GO:1902253","regulation of intrinsic apoptotic signaling pathway by p53 class mediator",0,-0.922329409755078,0.791095089510754
"GO:2000352","negative regulation of endothelial cell apoptotic process",0,0.908948606193883,0.792865597654967
"GO:0051051","negative regulation of transport",0,-0.930734867087464,0.840712078350131
"GO:0010715","regulation of extracellular matrix disassembly",0,0.943029736991115,0.759404801819825
"GO:0032147","activation of protein kinase activity",0,-0.942248872941708,0.7776031050122
"GO:0006986","response to unfolded protein",0,-0.934245979530911,0.803130985815187
"GO:0007549","sex-chromosome dosage compensation",0,0.899045725253587,0.798314312027661
"GO:0048660","regulation of smooth muscle cell proliferation",0,0.913381330922646,0.853450283271828
"GO:0060337","type I interferon-mediated signaling pathway",0,-0.926582871304412,0.799820225106782
"GO:0045663","positive regulation of myoblast differentiation",0,-0.932732243054171,0.782034859665335
"GO:0006790","sulfur compound metabolic process",0,-0.927423678035068,0.832989554900135
"GO:0043153","entrainment of circadian clock by photoperiod",0,0.919970017310424,0.778690714110448
"GO:0046849","bone remodeling",0,-0.924126350519022,0.800810027006328
"GO:0098656","monoatomic anion transmembrane transport",0,-0.92941767471625,0.808892423505881
"GO:0031644","regulation of nervous system process",0,0.929366170880454,0.816677618308259
"GO:0002828","regulation of type 2 immune response",0,0.918772901348716,0.780064157303771
"GO:0001911","negative regulation of leukocyte mediated cytotoxicity",0,0.940795423274773,0.762631903534831
"GO:0045191","regulation of isotype switching",0,-0.921275812215903,0.797197377491597
"GO:0097212","lysosomal membrane organization",0,-0.933708948034772,0.782148511370702
"GO:0060998","regulation of dendritic spine development",0,-0.927872674401382,0.794923905385273
"GO:0035051","cardiocyte differentiation",0,-0.928183493249266,0.80832664693303
"GO:0048709","oligodendrocyte differentiation",0,-0.927902650124297,0.795807394515044
"GO:0046545","development of primary female sexual characteristics",0,0.936853697595866,0.775291592830226
"GO:1903707","negative regulation of hemopoiesis",0,-0.942229724134581,0.786543122812217
"GO:1902894","negative regulation of miRNA transcription",0,0.905405730533124,0.795553983480517
"GO:0031103","axon regeneration",0,-0.928058805688584,0.788386823456064
"GO:0046677","response to antibiotic",0,-0.927650733765446,0.786305189922779
"GO:0001954","positive regulation of cell-matrix adhesion",0,0.92962896248526,0.791516970869247
"GO:0031396","regulation of protein ubiquitination",0,-0.924937392368238,0.815937196424158
"GO:0051926","negative regulation of calcium ion transport",0,0.920868736737285,0.789591495897608
"GO:0031400","negative regulation of protein modification process",0,0.92265132364927,0.871265155888114
"GO:0006568","L-tryptophan metabolic process",0,0.926961459153605,0.776246118012373
"GO:0071478","cellular response to radiation",0,-0.926741053640417,0.814780551632903
"GO:0042246","tissue regeneration",0,0.897420434851199,0.819305353351178
"GO:0002524","hypersensitivity",0,0.94193396860896,0.767504702247899
"GO:0015807","L-amino acid transport",0,-0.930344053784963,0.79673574188933
"GO:0051101","regulation of DNA binding",0,0.934522562299355,0.769821070132762
"GO:0060967","negative regulation of gene silencing by regulatory ncRNA",0,-0.926505040179998,0.795392057995126
"GO:0035743","CD4-positive, alpha-beta T cell cytokine production",0,-0.918236426362547,0.794513276715723
"GO:1903532","positive regulation of secretion by cell",0,-0.927934418162458,0.830969844939367
"GO:0099150","regulation of postsynaptic specialization assembly",0,0.924790290788891,0.777471038721635
"GO:0000272","polysaccharide catabolic process",0,-0.926377026785358,0.789650582530341
"GO:2000402","negative regulation of lymphocyte migration",0,0.918432056780528,0.791448905716512
"GO:0006406","mRNA export from nucleus",0,-0.928498006751209,0.790369438354917
"GO:0002686","negative regulation of leukocyte migration",0,-0.909069881512651,0.804675918008207
"GO:0010811","positive regulation of cell-substrate adhesion",0,0.913578343797029,0.84781646437424
"GO:0043954","cellular component maintenance",0,0.927917639815917,0.802332672529072
"GO:0002637","regulation of immunoglobulin production",0,0.910488404901686,0.804369441643076
"GO:1904177","regulation of adipose tissue development",0,-0.924711745289354,0.791791004214814
"GO:0071044","histone mRNA catabolic process",0,0.917624524461253,0.782415208272485
"GO:0098754","detoxification",0,0.923167205528532,0.851836389617133
"GO:0046470","phosphatidylcholine metabolic process",0,-0.917704585160673,0.808053700257077
"GO:0030162","regulation of proteolysis",0,-0.931608514152579,0.803665455221248
"GO:0003228","atrial cardiac muscle tissue development",0,0.916719319836003,0.783745260272454
"GO:0006677","glycosylceramide metabolic process",0,-0.90956396847768,0.803144881959609
"GO:0072331","signal transduction by p53 class mediator",0,-0.925668444962817,0.814366037386117
"GO:0002753","cytoplasmic pattern recognition receptor signaling pathway",0,0.926204243732803,0.854858264991759
"GO:0051446","positive regulation of meiotic cell cycle",0,-0.925933332909054,0.791447070248549
"GO:1901096","regulation of autophagosome maturation",0,-0.922069144004749,0.798025823942976
"GO:0070498","interleukin-1-mediated signaling pathway",0,-0.932719215790926,0.785749833455213
"GO:0120316","sperm flagellum assembly",0,0.92087073493536,0.781288824865413
"GO:0022616","DNA strand elongation",0,0.917604166211573,0.79519687204769
"GO:0034144","negative regulation of toll-like receptor 4 signaling pathway",0,0.913400220494794,0.793521456830033
"GO:0016486","peptide hormone processing",0,0.926178769511578,0.78083526646062
"GO:0141156","cAMP/PKA signal transduction",0,0.937141346827809,0.781382901555574
"GO:0071482","cellular response to light stimulus",0,-0.924272919368236,0.805966095577802
"GO:0007631","feeding behavior",0,0.932402094781691,0.805110439639214
"GO:0015871","choline transport",0,0.889093423121016,0.811556318451014
"GO:0032986","protein-DNA complex disassembly",0,0.913804861462275,0.787640800441356
"GO:0150078","positive regulation of neuroinflammatory response",0,0.920663304610674,0.781891351225659
"GO:0072698","protein localization to microtubule cytoskeleton",0,-0.9294806133879,0.791517561295784
"GO:0106070","regulation of adenylate cyclase-activating G protein-coupled receptor signaling pathway",0,-0.906807180016811,0.806605197068599
"GO:0045332","phospholipid translocation",0,-0.915747459371088,0.802885768476853
"GO:0051298","centrosome duplication",0,0.920945086927899,0.798059544176277
"GO:0060055","angiogenesis involved in wound healing",0,0.91977661712129,0.776943211261577
"GO:0033238","regulation of amine metabolic process",0,0.932436192468694,0.771741428432651
"GO:0009451","RNA modification",0,-0.920881341664597,0.824358685498567
"GO:0072089","stem cell proliferation",0,0.908770237717633,0.81196363784188
"GO:0019395","fatty acid oxidation",0,-0.922256167015198,0.80810695470339
"GO:0042104","positive regulation of activated T cell proliferation",0,0.930462521102756,0.767039302510254
"GO:0034381","plasma lipoprotein particle clearance",0,0.914625362482789,0.805358067788985
"GO:0035024","negative regulation of Rho protein signal transduction",0,0.886509600365938,0.81279548340366
"GO:0007265","Ras protein signal transduction",0,-0.93159967670054,0.797219134432675
"GO:0035265","organ growth",0,-0.91387154491754,0.818784317230779
"GO:0035357","peroxisome proliferator activated receptor signaling pathway",0,-0.915551010233766,0.797905001121906
"GO:0044819","mitotic G1/S transition checkpoint signaling",0,0.917307421127114,0.786202932609094
"GO:0061014","positive regulation of mRNA catabolic process",0,0.926694376072729,0.822575706505579
"GO:0099170","postsynaptic modulation of chemical synaptic transmission",0,-0.910458932904449,0.803590898275012
"GO:0035456","response to interferon-beta",0,-0.910390539244305,0.801493831614231
"GO:0042053","regulation of dopamine metabolic process",0,-0.919796455928279,0.794291921613601
"GO:0042069","regulation of catecholamine metabolic process",0,-0.919796455928279,0.794291921613601
"GO:0001776","leukocyte homeostasis",0,-0.915522806854255,0.812865650156446
"GO:0009411","response to UV",0,-0.917363299363463,0.818422594653675
"GO:0032387","negative regulation of intracellular transport",0,-0.926844727725865,0.789021232687139
"GO:0051703","biological process involved in intraspecies interaction between organisms",0,0.923648913572132,0.781956322808278
"GO:0006520","amino acid metabolic process",0,-0.903036505737901,0.862368623549044
"GO:0050852","T cell receptor signaling pathway",0,-0.922199199600403,0.818184977024798
"GO:0072583","clathrin-dependent endocytosis",0,-0.91211886583426,0.801772481475335
"GO:0099072","regulation of postsynaptic membrane neurotransmitter receptor levels",0,-0.912396218134199,0.823851208384827
"GO:0002097","tRNA wobble base modification",0,-0.907094289845218,0.802852954223099
"GO:0045187","regulation of circadian sleep/wake cycle, sleep",0,0.940856914899038,0.763728096819492
"GO:0051289","protein homotetramerization",0,-0.913307841491991,0.813719645365522
"GO:0014912","negative regulation of smooth muscle cell migration",0,0.901257112285792,0.804015829747172
"GO:0021846","cell proliferation in forebrain",0,0.91222664321364,0.788965729063781
"GO:0010988","regulation of low-density lipoprotein particle clearance",0,-0.918252098181596,0.793159222417755
"GO:0046473","phosphatidic acid metabolic process",0,-0.896724962680704,0.817857535273028
"GO:0006584","catecholamine metabolic process",0,-0.915552767252198,0.799459832791371
"GO:0009712","catechol-containing compound metabolic process",0,-0.915552767252198,0.799459832791371
"GO:0001881","receptor recycling",0,-0.911653296948945,0.80058113929542
"GO:2000042","negative regulation of double-strand break repair via homologous recombination",0,-0.919656093316835,0.797494623959372
"GO:0051962","positive regulation of nervous system development",0,-0.91352638762381,0.847184986977954
"GO:0010273","detoxification of copper ion",0,0.91263160718064,0.788386062290457
"GO:1990169","stress response to copper ion",0,0.91263160718064,0.788386062290457
"GO:0032692","negative regulation of interleukin-1 production",0,0.915366854039332,0.794411960470081
"GO:0098900","regulation of action potential",0,-0.914619815522328,0.809993382392973
"GO:0060079","excitatory postsynaptic potential",0,-0.908288133043219,0.824033897027016
"GO:0097006","regulation of plasma lipoprotein particle levels",0,0.923341542974728,0.82120819816078
"GO:0007632","visual behavior",0,-0.908139880223592,0.801419282153218
"GO:0030512","negative regulation of transforming growth factor beta receptor signaling pathway",0,0.922958946972171,0.822339497501772
"GO:0031102","neuron projection regeneration",0,-0.912567404547758,0.804444413375529
"GO:0019058","viral life cycle",0,0.915593213353312,0.903765186998424
"GO:0006858","extracellular transport",0,-0.907357653411389,0.805784550617587
"GO:0048308","organelle inheritance",0,-0.917035710727707,0.798558300818812
"GO:0048313","Golgi inheritance",0,-0.917035710727707,0.798558300818812
"GO:1901661","quinone metabolic process",0,-0.896984614628348,0.814253508777395
"GO:1903306","negative regulation of regulated secretory pathway",0,0.922602484796875,0.782877740061141
"GO:0043457","regulation of cellular respiration",0,-0.903662907048645,0.807775905252847
"GO:0044403","biological process involved in symbiotic interaction",0,-0.912706234782595,0.837664754357631
"GO:0060759","regulation of response to cytokine stimulus",0,-0.912699262958633,0.837664754357631
"GO:0045907","positive regulation of vasoconstriction",0,0.917702275412961,0.781190416112868
"GO:0140632","canonical inflammasome complex assembly",0,0.880090247249154,0.848598427571104
"GO:2000831","regulation of steroid hormone secretion",0,0.895928245306701,0.8093136369069
"GO:0048255","mRNA stabilization",0,-0.907662071944711,0.809107408177708
"GO:0006071","glycerol metabolic process",0,-0.912582702675637,0.798946163117983
"GO:0010755","regulation of plasminogen activation",0,-0.900376141665802,0.81276277485624
"GO:0051966","regulation of synaptic transmission, glutamatergic",0,-0.906112837074992,0.814575083321514
"GO:0034392","negative regulation of smooth muscle cell apoptotic process",0,-0.911276804352608,0.806329398408206
"GO:0043502","regulation of muscle adaptation",0,-0.9059884870456,0.824860723126292
"GO:0030838","positive regulation of actin filament polymerization",0,0.909072008003971,0.803647460496522
"GO:1903046","meiotic cell cycle process",0,0.905832105395735,0.873429454408844
"GO:0043116","negative regulation of vascular permeability",0,-0.897499018151106,0.810174123750717
"GO:0048520","positive regulation of behavior",0,0.883388624367184,0.821625029093124
"GO:0050779","RNA destabilization",0,-0.905380999282991,0.830755589058564
"GO:1902254","negative regulation of intrinsic apoptotic signaling pathway by p53 class mediator",0,-0.91210514033027,0.802244522170274
"GO:0048678","response to axon injury",0,-0.899106264093975,0.827156952852089
"GO:0007274","neuromuscular synaptic transmission",0,-0.896038243018688,0.814198313860135
"GO:0060350","endochondral bone morphogenesis",0,0.905589600041746,0.798012162563829
"GO:1902117","positive regulation of organelle assembly",0,-0.909074565510347,0.815216313893091
"GO:0034138","toll-like receptor 3 signaling pathway",0,0.904312406895763,0.78757792102445
"GO:0007610","behavior",0,-0.899819562562776,0.887675018616883
"GO:0003231","cardiac ventricle development",0,0.908837595389779,0.845335376288226
"GO:0033119","negative regulation of RNA splicing",0,0.929405881185319,0.774658783900465
"GO:0050820","positive regulation of coagulation",0,0.880758601571442,0.823140046031696
"GO:0031648","protein destabilization",0,0.904054464105963,0.815755024543279
"GO:0035036","sperm-egg recognition",0,0.902272056088677,0.801193091679166
"GO:0072523","purine-containing compound catabolic process",0,-0.908858737334086,0.836834444840318
"GO:0015711","organic anion transport",0,-0.902398263184788,0.886398859034466
"GO:1901890","positive regulation of cell junction assembly",0,0.896680504876891,0.864916993216518
"GO:0003300","cardiac muscle hypertrophy",0,-0.900785870254117,0.821940511543875
"GO:0002286","T cell activation involved in immune response",0,-0.904148691892293,0.833404706082275
"GO:0060544","regulation of necroptotic process",0,-0.897913075410742,0.814079220681863
"GO:0032511","late endosome to vacuole transport via multivesicular body sorting pathway",0,-0.892952207558418,0.816606316185812
"GO:0070527","platelet aggregation",0,0.91460747282475,0.818172732019243
"GO:0032011","ARF protein signal transduction",0,-0.888301373158298,0.819509695626496
"GO:0032012","regulation of ARF protein signal transduction",0,-0.888301373158298,0.819509695626496
"GO:0033144","negative regulation of intracellular steroid hormone receptor signaling pathway",0,0.906445816056408,0.803399053315761
"GO:0042472","inner ear morphogenesis",0,0.904058504750997,0.808982392748709
"GO:0070875","positive regulation of glycogen metabolic process",0,0.894295925134558,0.805281302045684
"GO:0051445","regulation of meiotic cell cycle",0,-0.899135864527251,0.821193932247468
"GO:0098698","postsynaptic specialization assembly",0,-0.901799785379302,0.812489596484025
"GO:0045815","transcription initiation-coupled chromatin remodeling",0,0.896461616850181,0.832353997833428
"GO:0044282","small molecule catabolic process",0,-0.906002699380266,0.872389747937537
"GO:1905314","semi-lunar valve development",0,0.87180681251457,0.857800652816392
"GO:0043489","RNA stabilization",0,-0.891422058399225,0.835970526272386
"GO:0046364","monosaccharide biosynthetic process",0,-0.896228125715791,0.835621285661214
"GO:0045762","positive regulation of adenylate cyclase activity",0,0.92604027700809,0.776483371161095
"GO:0002704","negative regulation of leukocyte mediated immunity",0,0.895602502744862,0.83441203489762
"GO:1903828","negative regulation of protein localization",0,-0.902440734535496,0.85404578525911
"GO:0090504","epiboly",0,0.904470828660052,0.804536451359265
"GO:0010038","response to metal ion",0,-0.900255534214988,0.874291483792741
"GO:0140448","signaling receptor ligand precursor processing",0,0.892910897414352,0.82327629403761
"GO:0021695","cerebellar cortex development",0,-0.89955644065686,0.811541351391241
"GO:0018105","peptidyl-serine phosphorylation",0,-0.899958141896173,0.826029769220211
"GO:0018209","peptidyl-serine modification",0,-0.899958141896173,0.826029769220211
"GO:1902307","positive regulation of sodium ion transmembrane transport",0,0.892410835320979,0.805750800485968
"GO:0010634","positive regulation of epithelial cell migration",0,0.897295411037697,0.82361666981842
"GO:0001919","regulation of receptor recycling",0,0.892049844065174,0.807347914683789
"GO:0061157","mRNA destabilization",0,-0.905843499513481,0.831474113883021
"GO:0003229","ventricular cardiac muscle tissue development",0,0.888558111526002,0.840915896479599
"GO:0046320","regulation of fatty acid oxidation",0,0.875935796376433,0.830262653693174
"GO:0043523","regulation of neuron apoptotic process",0,-0.901115060960004,0.855603533152088
"GO:0031116","positive regulation of microtubule polymerization",0,-0.904322293162245,0.807043080095759
"GO:1902916","positive regulation of protein polyubiquitination",0,0.888178462332443,0.810368495796807
"GO:0090110","COPII-coated vesicle cargo loading",0,-0.901215510297654,0.808184297296554
"GO:0034620","cellular response to unfolded protein",0,-0.890210328161198,0.843077790334996
"GO:1904752","regulation of vascular associated smooth muscle cell migration",0,0.886459689990403,0.813174274345771
"GO:0140029","exocytic process",0,-0.897709965766177,0.831958360923797
"GO:0001991","regulation of systemic arterial blood pressure by circulatory renin-angiotensin",0,0.883869517289436,0.818784317230779
"GO:0009048","dosage compensation by inactivation of X chromosome",0,0.896230518311424,0.804394280459285
"GO:0095500","acetylcholine receptor signaling pathway",0,-0.898094492663861,0.818104793898911
"GO:2000786","positive regulation of autophagosome assembly",0,-0.900634302132792,0.808599258036764
"GO:0032486","Rap protein signal transduction",0,0.894573178105407,0.803067568217277
"GO:0003206","cardiac chamber morphogenesis",0,-0.899224669829556,0.832614614725642
"GO:0030900","forebrain development",0,-0.894808176663837,0.869515957132005
"GO:0046824","positive regulation of nucleocytoplasmic transport",0,0.891377845224549,0.837338954958324
"GO:0016264","gap junction assembly",0,-0.886538363632301,0.819832781640765
"GO:0031018","endocrine pancreas development",0,-0.88791780103512,0.823869608322721
"GO:0007271","synaptic transmission, cholinergic",0,0.886519214573584,0.82504855892842
"GO:0042307","positive regulation of protein import into nucleus",0,-0.903438031303697,0.812963679928887
"GO:1903305","regulation of regulated secretory pathway",0,-0.899855383150592,0.841448776637166
"GO:0014743","regulation of muscle hypertrophy",0,-0.89816914239672,0.829530100883917
"GO:0032091","negative regulation of protein binding",0,-0.896841797330649,0.812104902996655
"GO:0150116","regulation of cell-substrate junction organization",0,0.906896137313498,0.835126638037864
"GO:0032469","endoplasmic reticulum calcium ion homeostasis",0,0.91790615538355,0.784262572223358
"GO:0086005","ventricular cardiac muscle cell action potential",0,-0.875679292924839,0.835684285019694
"GO:0001325","formation of extrachromosomal circular DNA",0,-0.891313339788112,0.82014816292572
"GO:0090656","t-circle formation",0,-0.891313339788112,0.82014816292572
"GO:0090737","telomere maintenance via telomere trimming",0,-0.891313339788112,0.82014816292572
"GO:0008334","histone mRNA metabolic process",0,0.881456471826713,0.814782142039961
"GO:0032481","positive regulation of type I interferon production",0,0.883686412357737,0.871929625417277
"GO:0034122","negative regulation of toll-like receptor signaling pathway",0,-0.897806421848316,0.81581383737314
"GO:0097107","postsynaptic density assembly",0,-0.889087844864583,0.820551641621707
"GO:0043328","protein transport to vacuole involved in ubiquitin-dependent protein catabolic process via the multivesicular body sorting pathway",0,-0.89390830939212,0.815110763546801
"GO:0080154","regulation of fertilization",0,-0.890634239310662,0.82014816292572
"GO:0051492","regulation of stress fiber assembly",0,0.901842788562681,0.858313954308633
"GO:0060993","kidney morphogenesis",0,-0.8922735396368,0.83364093036243
"GO:0033002","muscle cell proliferation",0,-0.881210738874583,0.876567358146822
"GO:1904427","positive regulation of calcium ion transmembrane transport",0,-0.88421391653769,0.842069127174207
"GO:0002312","B cell activation involved in immune response",0,0.889605126974148,0.865281472357054
"GO:0060999","positive regulation of dendritic spine development",0,-0.890882366218291,0.823846441350041
"GO:0035331","negative regulation of hippo signaling",0,0.915184531524925,0.787210283149837
"GO:0042310","vasoconstriction",0,0.891566287158898,0.85564267517786
"GO:2000781","positive regulation of double-strand break repair",0,-0.898657195822603,0.831293846732238
"GO:0019319","hexose biosynthetic process",0,-0.894100359178993,0.839153387137785
"GO:0050688","regulation of defense response to virus",0,-0.883359866123144,0.836933515629733
"GO:0031424","keratinization",0,0.901632854166756,0.836693976279283
"GO:0030522","intracellular receptor signaling pathway",0,-0.894139553837457,0.889169114160014
"GO:1904861","excitatory synapse assembly",0,-0.887676333696412,0.82376409522861
"GO:0006488","dolichol-linked oligosaccharide biosynthetic process",0,-0.892567364344413,0.816533232364204
"GO:0014897","striated muscle hypertrophy",0,-0.883878241044103,0.849729066023497
"GO:1904738","vascular associated smooth muscle cell migration",0,0.895591957385664,0.810563839459926
"GO:0090520","sphingolipid mediated signaling pathway",0,-0.880321191070145,0.828814454504927
"GO:0062013","positive regulation of small molecule metabolic process",0,0.899546568097084,0.891764857799951
"GO:0015918","sterol transport",0,-0.884095987582821,0.855817172633663
"GO:0015800","acidic amino acid transport",0,-0.88920954651488,0.836790862181013
"GO:0006195","purine nucleotide catabolic process",0,-0.88753846320038,0.853833001560654
"GO:0051963","regulation of synapse assembly",0,-0.894388386606408,0.8558585617472
"GO:0035022","positive regulation of Rac protein signal transduction",0,-0.886117088592075,0.825980794799828
"GO:0035767","endothelial cell chemotaxis",0,0.886950647732284,0.820032583802763
"GO:0006820","monoatomic anion transport",0,-0.892216298642015,0.862059082496677
"GO:0001956","positive regulation of neurotransmitter secretion",0,0.89795974530591,0.80081825124751
"GO:0046782","regulation of viral transcription",0,0.873546435876281,0.827804746249898
"GO:0051701","biological process involved in interaction with host",0,-0.892734254866135,0.856258732268978
"GO:2001138","regulation of phospholipid transport",0,-0.882119270203347,0.825564554014699
"GO:2001140","positive regulation of phospholipid transport",0,-0.882119270203347,0.825564554014699
"GO:0090205","positive regulation of cholesterol metabolic process",0,-0.875859896616519,0.830689578633728
"GO:0060428","lung epithelium development",0,-0.876769467610651,0.827943884403409
"GO:0006740","NADPH regeneration",0,-0.876653803987347,0.827943884403409
"GO:0055075","potassium ion homeostasis",0,0.87792724317683,0.830346251849566
"GO:0045123","cellular extravasation",0,0.896760046942941,0.84187130215636
"GO:0007076","mitotic chromosome condensation",0,-0.888327966678738,0.819249288127238
"GO:0007601","visual perception",0,-0.891093146284787,0.871117581321457
"GO:0032024","positive regulation of insulin secretion",0,0.871957132023862,0.885696895995182
"GO:0051153","regulation of striated muscle cell differentiation",0,-0.876484828439294,0.851889256092536
"GO:1900024","regulation of substrate adhesion-dependent cell spreading",0,-0.879706060710513,0.841689994642069
"GO:0003208","cardiac ventricle morphogenesis",0,-0.880576293764654,0.843691678984381
"GO:0007143","female meiotic nuclear division",0,-0.881705919887725,0.82657307714654
"GO:1901607","alpha-amino acid biosynthetic process",0,-0.87635610261198,0.843826167114485
"GO:0046596","regulation of viral entry into host cell",0,-0.884748777319992,0.822353551479397
"GO:0034391","regulation of smooth muscle cell apoptotic process",0,-0.87773531937071,0.8308607798717
"GO:0030330","DNA damage response, signal transduction by p53 class mediator",0,0.882151582207861,0.860289804181753
"GO:0071377","cellular response to glucagon stimulus",0,-0.86819297983641,0.83533620064784
"GO:0050806","positive regulation of synaptic transmission",0,-0.879596682662772,0.867385320348929
"GO:0007187","G protein-coupled receptor signaling pathway, coupled to cyclic nucleotide second messenger",0,0.881626872784964,0.853399335825832
"GO:1902904","negative regulation of supramolecular fiber organization",0,-0.885030407401708,0.865271383271624
"GO:0030149","sphingolipid catabolic process",0,-0.876692418866961,0.838731049905112
"GO:0003180","aortic valve morphogenesis",0,-0.883104455927659,0.833008747901253
"GO:0000288","nuclear-transcribed mRNA catabolic process, deadenylation-dependent decay",0,0.871228039251141,0.875137223417945
"GO:1903313","positive regulation of mRNA metabolic process",0,-0.877016588782759,0.862907735680992
"GO:0021953","central nervous system neuron differentiation",0,-0.882792632997236,0.860489503891289
"GO:0048608","reproductive structure development",0,0.873471523630796,0.930983837712683
"GO:0046339","diacylglycerol metabolic process",0,-0.886222632343451,0.822539155433131
"GO:0097707","ferroptosis",0,-0.87320040673267,0.838888604653492
"GO:0009648","photoperiodism",0,0.871148302617504,0.831524449227233
"GO:0070542","response to fatty acid",0,-0.856349837574778,0.864588255237412
"GO:0006898","receptor-mediated endocytosis",0,-0.883073256928206,0.889735377746475
"GO:0015698","inorganic anion transport",0,-0.885103029697988,0.868179862936455
"GO:0015849","organic acid transport",0,-0.878716115916836,0.900308899368252
"GO:0046942","carboxylic acid transport",0,-0.878716115916836,0.900308899368252
"GO:0042558","pteridine-containing compound metabolic process",0,-0.872313184244952,0.838041866044096
"GO:0021872","forebrain generation of neurons",0,0.876624523071044,0.850241652332622
"GO:0019083","viral transcription",0,0.879226279232668,0.82884848062405
"GO:0042461","photoreceptor cell development",0,0.879118217424339,0.82884848062405
"GO:0043524","negative regulation of neuron apoptotic process",0,0.86519480988824,0.921754090267058
"GO:0061436","establishment of skin barrier",0,0.865975262105331,0.832129906402042
"GO:0051781","positive regulation of cell division",0,-0.866810156954439,0.868918777216286
"GO:1901888","regulation of cell junction assembly",0,-0.874505665239484,0.896922234341599
"GO:0120009","intermembrane lipid transfer",0,-0.871524808580415,0.843165524841918
"GO:2000773","negative regulation of cellular senescence",0,0.875982168089527,0.821531353149294
"GO:1902001","fatty acid transmembrane transport",0,0.86496227564869,0.833762447135031
"GO:0007413","axonal fasciculation",0,-0.869628692054676,0.836468731790794
"GO:0106030","neuron projection fasciculation",0,-0.869628692054676,0.836468731790794
"GO:0061337","cardiac conduction",0,-0.876071046967171,0.862709548641163
"GO:0046546","development of primary male sexual characteristics",0,-0.863135041802523,0.865056222466352
"GO:0039531","regulation of cytoplasmic pattern recognition receptor signaling pathway",0,-0.87251358690832,0.8740162526709
"GO:2000209","regulation of anoikis",0,0.866532137017013,0.829697868029824
"GO:0045939","negative regulation of steroid metabolic process",0,0.887365411832939,0.815428548311723
"GO:0046514","ceramide catabolic process",0,-0.867196287396817,0.836526789837257
"GO:0061458","reproductive system development",0,0.874237539198958,0.933171512651159
"GO:0002675","positive regulation of acute inflammatory response",0,0.886174711396327,0.815428719351975
"GO:0010288","response to lead ion",0,0.868526231251379,0.828015838113682
"GO:0009303","rRNA transcription",0,-0.874365785393321,0.83653051883889
"GO:0008361","regulation of cell size",0,-0.870320244131416,0.87799595577753
"GO:1903312","negative regulation of mRNA metabolic process",0,-0.868526269774583,0.863373011063556
"GO:2000369","regulation of clathrin-dependent endocytosis",0,-0.880819603356651,0.826293856606241
"GO:0043122","regulation of canonical NF-kappaB signal transduction",0,-0.878905765370188,0.900491885285687
"GO:0042058","regulation of epidermal growth factor receptor signaling pathway",0,-0.867450378436548,0.860356703619104
"GO:0035162","embryonic hemopoiesis",0,0.885344865147538,0.807672881228255
"GO:0042490","mechanoreceptor differentiation",0,-0.873286697179643,0.833176020804667
"GO:0009154","purine ribonucleotide catabolic process",0,-0.871732046502456,0.868229770296692
"GO:0050953","sensory perception of light stimulus",0,-0.869922869632079,0.893436586796155
"GO:0045616","regulation of keratinocyte differentiation",0,0.864530579082998,0.836995637110896
"GO:0071379","cellular response to prostaglandin stimulus",0,-0.864773052269351,0.838559198277244
"GO:0019369","arachidonate metabolic process",0,0.868234175267173,0.870542724543747
"GO:0110075","regulation of ferroptosis",0,-0.872304500211954,0.83432137913266
"GO:0000722","telomere maintenance via recombination",0,-0.874893539414485,0.830885775258333
"GO:0044319","wound healing, spreading of cells",0,0.864941253580871,0.84940102991954
"GO:0090505","epiboly involved in wound healing",0,0.864941253580871,0.84940102991954
"GO:0002200","somatic diversification of immune receptors",0,0.868531039904861,0.86272728138289
"GO:0030301","cholesterol transport",0,-0.876485943058718,0.867186079983798
"GO:0042157","lipoprotein metabolic process",0,0.871329288992855,0.883486306028549
"GO:0032232","negative regulation of actin filament bundle assembly",0,0.863208348786022,0.837068300752544
"GO:0140115","export across plasma membrane",0,0.860274374957253,0.900195544583791
"GO:0006094","gluconeogenesis",0,-0.870200262471032,0.857027840658725
"GO:0000079","regulation of cyclin-dependent protein serine/threonine kinase activity",0,-0.871799276820465,0.83947715269273
"GO:0010830","regulation of myotube differentiation",0,0.87866513712683,0.830746898488515
"GO:0002708","positive regulation of lymphocyte mediated immunity",0,0.879074678964613,0.891049872290496
"GO:0009311","oligosaccharide metabolic process",0,-0.869483802451438,0.85036603317669
"GO:0046632","alpha-beta T cell differentiation",0,-0.865820659785003,0.880596540628376
"GO:0001959","regulation of cytokine-mediated signaling pathway",0,-0.86916704407499,0.884911033451402
"GO:0002711","positive regulation of T cell mediated immunity",0,0.870184690338848,0.866861074114733
"GO:0051146","striated muscle cell differentiation",0,-0.869603377493666,0.896380080645076
"GO:1900747","negative regulation of vascular endothelial growth factor signaling pathway",0,0.8828962686982,0.812949023661986
"GO:0001845","phagolysosome assembly",0,-0.868603083785211,0.833146768685673
"GO:0042167","heme catabolic process",0,0.852168035501334,0.839994587439758
"GO:0046149","pigment catabolic process",0,0.852168035501334,0.839994587439758
"GO:1900407","regulation of cellular response to oxidative stress",0,-0.870677665115647,0.833554275865372
"GO:0070886","positive regulation of calcineurin-NFAT signaling cascade",0,-0.859841642929427,0.840362887983319
"GO:0106058","positive regulation of calcineurin-mediated signaling",0,-0.859841642929427,0.840362887983319
"GO:0008584","male gonad development",0,-0.870840277848288,0.860510303476408
"GO:0003298","physiological muscle hypertrophy",0,0.860481785595737,0.835042139454359
"GO:0003301","physiological cardiac muscle hypertrophy",0,0.860481785595737,0.835042139454359
"GO:0061049","cell growth involved in cardiac muscle cell development",0,0.860481785595737,0.835042139454359
"GO:0051560","mitochondrial calcium ion homeostasis",0,-0.863703442402742,0.838565472495078
"GO:0009582","detection of abiotic stimulus",0,-0.868265906833388,0.876288950653807
"GO:0010959","regulation of metal ion transport",0,-0.868080484756995,0.912406492986605
"GO:0032372","negative regulation of sterol transport",0,0.866243813831672,0.826287990832638
"GO:0032375","negative regulation of cholesterol transport",0,0.866243813831672,0.826287990832638
"GO:0090398","cellular senescence",0,-0.862387477450964,0.86756691675011
"GO:0016101","diterpenoid metabolic process",0,-0.860407644976269,0.871103461999023
"GO:0048524","positive regulation of viral process",0,-0.865424415723908,0.853404999457497
"GO:0003085","negative regulation of systemic arterial blood pressure",0,-0.853090423350669,0.84847134894825
"GO:0003209","cardiac atrium morphogenesis",0,0.876628847168062,0.825374332189366
"GO:0002082","regulation of oxidative phosphorylation",0,-0.868608289914739,0.834378967368397
"GO:0021879","forebrain neuron differentiation",0,0.858854676445085,0.859228176368178
"GO:0002323","natural killer cell activation involved in immune response",0,0.855561962928225,0.840660371591137
"GO:1903311","regulation of mRNA metabolic process",0,-0.859210532650474,0.913305393481701
"GO:0003376","sphingosine-1-phosphate receptor signaling pathway",0,-0.871008754053396,0.834076035988133
"GO:0097320","plasma membrane tubulation",0,0.862738920663747,0.832763724700508
"GO:0031340","positive regulation of vesicle fusion",0,-0.855706362521272,0.843853576141314
"GO:0030261","chromosome condensation",0,0.858008463627254,0.848572904483049
"GO:0001657","ureteric bud development",0,0.864141100617079,0.888747350872224
"GO:0010812","negative regulation of cell-substrate adhesion",0,0.865899740011547,0.876753137824889
"GO:0002921","negative regulation of humoral immune response",0,0.833935582291657,0.85083477236688
"GO:0051156","glucose 6-phosphate metabolic process",0,-0.863472531545459,0.841240478285769
"GO:0071354","cellular response to interleukin-6",0,0.868251220906687,0.843920407657438
"GO:0043650","dicarboxylic acid biosynthetic process",0,0.862944804952929,0.828902819286387
"GO:0014014","negative regulation of gliogenesis",0,0.854819223828581,0.850144992451731
"GO:0006704","glucocorticoid biosynthetic process",0,0.856374459223002,0.83677592033299
"GO:0043367","CD4-positive, alpha-beta T cell differentiation",0,-0.863468885973903,0.874644806216397
"GO:0001890","placenta development",0,-0.867544236655494,0.854967650442848
"GO:0006805","xenobiotic metabolic process",0,0.868327127610522,0.921272476607493
"GO:0140894","endolysosomal toll-like receptor signaling pathway",0,0.858831471122861,0.875985616295921
"GO:0051954","positive regulation of amine transport",0,0.856042914699457,0.851579513600316
"GO:1903307","positive regulation of regulated secretory pathway",0,-0.854716693703786,0.859862113767826
"GO:0045687","positive regulation of glial cell differentiation",0,0.862414334082127,0.846521282454707
"GO:0032633","interleukin-4 production",0,0.861148464778337,0.844049780014671
"GO:0032673","regulation of interleukin-4 production",0,0.861148464778337,0.844049780014671
"GO:0043171","peptide catabolic process",0,-0.853766379528803,0.845858466142812
"GO:0045070","positive regulation of viral genome replication",0,0.84029004988534,0.863350614326612
"GO:0019226","transmission of nerve impulse",0,-0.855947613029686,0.86255791223196
"GO:0009948","anterior/posterior axis specification",0,-0.855081907123398,0.853165923995902
"GO:0034110","regulation of homotypic cell-cell adhesion",0,0.865480240643445,0.846392690963722
"GO:0072163","mesonephric epithelium development",0,0.862896727429195,0.886406190432694
"GO:0072164","mesonephric tubule development",0,0.862896727429195,0.886406190432694
"GO:0060411","cardiac septum morphogenesis",0,0.835028392028306,0.895839105427401
"GO:0051497","negative regulation of stress fiber assembly",0,-0.858463939709727,0.847353572846424
"GO:0097193","intrinsic apoptotic signaling pathway",0,-0.856714793744289,0.918336600184794
"GO:0036159","inner dynein arm assembly",0,0.860694093820328,0.846207366869825
"GO:0098901","regulation of cardiac muscle cell action potential",0,-0.858995061522864,0.848162948158202
"GO:0031342","negative regulation of cell killing",0,-0.855107417717738,0.851292956122826
"GO:0001754","eye photoreceptor cell differentiation",0,0.850657732762881,0.851597857063493
"GO:0014896","muscle hypertrophy",0,-0.868013746508484,0.860971794281152
"GO:0014812","muscle cell migration",0,-0.849502419175804,0.877153031621939
"GO:0060675","ureteric bud morphogenesis",0,0.859250006190357,0.869179405132313
"GO:0086013","membrane repolarization during cardiac muscle cell action potential",0,-0.849476706427195,0.850151163772817
"GO:1901381","positive regulation of potassium ion transmembrane transport",0,-0.848856932744598,0.848896765352586
"GO:0050714","positive regulation of protein secretion",0,-0.854251122742515,0.895059466698731
"GO:0001675","acrosome assembly",0,0.881748461205097,0.820301946747144
"GO:0007611","learning or memory",0,-0.855682803085304,0.901242798462075
"GO:0034440","lipid oxidation",0,-0.861623319559056,0.881033616989925
"GO:0006779","porphyrin-containing compound biosynthetic process",0,-0.860962552689035,0.845854729444965
"GO:0033014","tetrapyrrole biosynthetic process",0,-0.860962552689035,0.845854729444965
"GO:0170033","L-amino acid metabolic process",0,-0.856333519925798,0.893387963110488
"GO:0045664","regulation of neuron differentiation",0,-0.854038590139202,0.887601860783167
"GO:0050873","brown fat cell differentiation",0,-0.854206513625867,0.855430065357901
"GO:0018205","peptidyl-lysine modification",0,0.865062736283837,0.90591141957351
"GO:0043368","positive T cell selection",0,0.849086125483705,0.871178253272803
"GO:0045742","positive regulation of epidermal growth factor receptor signaling pathway",0,0.847115588188073,0.85342083673045
"GO:0110076","negative regulation of ferroptosis",0,-0.859355098758341,0.841063060585249
"GO:0006110","regulation of glycolytic process",0,0.853109875911872,0.875450588858642
"GO:0030811","regulation of nucleotide catabolic process",0,0.853109875911872,0.875450588858642
"GO:0033121","regulation of purine nucleotide catabolic process",0,0.853109875911872,0.875450588858642
"GO:0030194","positive regulation of blood coagulation",0,0.855268222478386,0.852276919425195
"GO:1900048","positive regulation of hemostasis",0,0.855268222478386,0.852276919425195
"GO:0030100","regulation of endocytosis",0,-0.856719498307695,0.921461306655725
"GO:0042698","ovulation cycle",0,0.827058043459985,0.904029538004076
"GO:0003281","ventricular septum development",0,0.844537654045015,0.882601459153708
"GO:0042448","progesterone metabolic process",0,-0.860087233544551,0.843048505309662
"GO:0045598","regulation of fat cell differentiation",0,-0.858010362657481,0.884158646822051
"GO:0065004","protein-DNA complex assembly",0,0.859362501560582,0.930680792079694
"GO:0035335","peptidyl-tyrosine dephosphorylation",0,-0.845542252092765,0.853404999457497
"GO:0019318","hexose metabolic process",0,-0.857021857478985,0.903888035272767
"GO:0042326","negative regulation of phosphorylation",0,0.852797647857444,0.931133662672533
"GO:0007249","canonical NF-kappaB signal transduction",0,-0.853675583468876,0.926364911588841
"GO:0009952","anterior/posterior pattern specification",0,0.847551889690125,0.924302462905155
"GO:0045747","positive regulation of Notch signaling pathway",0,0.857221663019379,0.856313261272465
"GO:1904889","regulation of excitatory synapse assembly",0,0.846074907332667,0.845502470347347
"GO:0006836","neurotransmitter transport",0,-0.853032376348148,0.908365524987532
"GO:0043276","anoikis",0,0.860301742929147,0.850411617635704
"GO:0002474","antigen processing and presentation of peptide antigen via MHC class I",0,0.844277859345007,0.85740336559017
"GO:0051349","positive regulation of lyase activity",0,0.862917472545196,0.83505268150668
"GO:0006111","regulation of gluconeogenesis",0,-0.850514545672973,0.859977163416656
"GO:0006631","fatty acid metabolic process",0,-0.853017645891741,0.930376481625547
"GO:0051480","regulation of cytosolic calcium ion concentration",0,0.870239618219763,0.855805493547885
"GO:0048385","regulation of retinoic acid receptor signaling pathway",0,-0.858149980556567,0.843483300316308
"GO:0060402","calcium ion transport into cytosol",0,0.843923737178301,0.85740336559017
"GO:0032897","negative regulation of viral transcription",0,0.86304887059902,0.830003496353524
"GO:0006887","exocytosis",0,-0.858088389760463,0.921832164473653
"GO:0021762","substantia nigra development",0,-0.835598037696512,0.871014723468858
"GO:0051953","negative regulation of amine transport",0,0.850992519417552,0.844527212339357
"GO:0003176","aortic valve development",0,0.847316385230134,0.882943663504044
"GO:0033151","V(D)J recombination",0,0.864734208099982,0.828565125155218
"GO:0000966","RNA 5'-end processing",0,-0.844570043316727,0.859853717576498
"GO:0009581","detection of external stimulus",0,-0.848687893824192,0.891990274679628
"GO:0014856","skeletal muscle cell proliferation",0,0.821235812497204,0.858956927575633
"GO:0099151","regulation of postsynaptic density assembly",0,0.850315990950522,0.839118100380386
"GO:0016202","regulation of striated muscle tissue development",0,0.840330689262942,0.853610783045704
"GO:0043043","peptide biosynthetic process",0,0.860384808230413,0.837574793208149
"GO:0046822","regulation of nucleocytoplasmic transport",0,0.858395309854583,0.916774101006713
"GO:0032735","positive regulation of interleukin-12 production",0,0.857657982219847,0.854251779789861
"GO:0009261","ribonucleotide catabolic process",0,-0.852431000335986,0.892481558524528
"GO:0016180","snRNA processing",0,0.856670131534977,0.855637566044075
"GO:0030325","adrenal gland development",0,-0.841375203128577,0.856956312808495
"GO:0022010","central nervous system myelination",0,-0.852188057034379,0.849315973423603
"GO:0032291","axon ensheathment in central nervous system",0,-0.852188057034379,0.849315973423603
"GO:0032528","microvillus organization",0,0.846734707085064,0.848497349213097
"GO:0097421","liver regeneration",0,0.838414778586124,0.854718413409576
"GO:0071294","cellular response to zinc ion",0,-0.840888185991417,0.859256923737691
"GO:0070207","protein homotrimerization",0,0.861327032654967,0.829796880737654
"GO:0060037","pharyngeal system development",0,0.835030616713012,0.859642287212587
"GO:0032753","positive regulation of interleukin-4 production",0,0.84636908576876,0.851781058658598
"GO:1900745","positive regulation of p38MAPK cascade",0,0.853770068287828,0.854626472867596
"GO:0033363","secretory granule organization",0,-0.836074245848023,0.884376352644396
"GO:0006835","dicarboxylic acid transport",0,-0.846123554887795,0.88726043388779
"GO:0044272","sulfur compound biosynthetic process",0,-0.840703098148049,0.90009735867762
"GO:1902018","negative regulation of cilium assembly",0,-0.838669515145001,0.860659737391423
"GO:0030010","establishment of cell polarity",0,-0.846416392209126,0.889854740923383
"GO:0010906","regulation of glucose metabolic process",0,-0.844263404798294,0.880392145322868
"GO:0034383","low-density lipoprotein particle clearance",0,-0.84510276147699,0.857773645689153
"GO:0006312","mitotic recombination",0,-0.836729331090512,0.860989565766007
"GO:0034341","response to type II interferon",0,-0.845586594554896,0.890949945539356
"GO:0042402","biogenic amine catabolic process",0,0.844674033922756,0.845310464118483
"GO:0007215","glutamate receptor signaling pathway",0,-0.843830278818447,0.873835608828651
"GO:1901570","fatty acid derivative biosynthetic process",0,-0.837291921219294,0.874964027197353
"GO:0045124","regulation of bone resorption",0,-0.842429024875001,0.866153938023634
"GO:0006006","glucose metabolic process",0,-0.841382266188228,0.91208887343542
"GO:1901605","alpha-amino acid metabolic process",0,-0.842484862612742,0.915821350620827
"GO:0030219","megakaryocyte differentiation",0,0.837701530811958,0.88020951252436
"GO:0046661","male sex differentiation",0,-0.847553322297286,0.88478097729695
"GO:0002719","negative regulation of cytokine production involved in immune response",0,0.844493261923111,0.861322420942835
"GO:0008333","endosome to lysosome transport",0,-0.821663164517067,0.892449586516608
"GO:0001523","retinoid metabolic process",0,0.832579324680981,0.930108578460751
"GO:0003205","cardiac chamber development",0,-0.846105865243482,0.894509606756727
"GO:0042491","inner ear auditory receptor cell differentiation",0,0.836219961236863,0.843937655113442
"GO:0006942","regulation of striated muscle contraction",0,0.843587003515443,0.933666633379641
"GO:0009395","phospholipid catabolic process",0,-0.837765839570343,0.875504087329398
"GO:0045454","cell redox homeostasis",0,-0.827135418318318,0.877257567002043
"GO:0007173","epidermal growth factor receptor signaling pathway",0,-0.843375106025862,0.897275899617739
"GO:0000266","mitochondrial fission",0,-0.846467467184432,0.855989104395657
"GO:0007622","rhythmic behavior",0,0.85296800594309,0.864104025495763
"GO:1900087","positive regulation of G1/S transition of mitotic cell cycle",0,-0.826476717060429,0.877257567002043
"GO:0048512","circadian behavior",0,0.857045085169459,0.866181685344321
"GO:0014044","Schwann cell development",0,-0.847891964231591,0.853301978445808
"GO:2001244","positive regulation of intrinsic apoptotic signaling pathway",0,0.842442634734609,0.884760763436859
"GO:0000377","RNA splicing, via transesterification reactions with bulged adenosine as nucleophile",0,-0.836371733571675,0.93580937668506
"GO:0000398","mRNA splicing, via spliceosome",0,-0.836371733571675,0.93580937668506
"GO:0098693","regulation of synaptic vesicle cycle",0,0.831801474477182,0.850491553410093
"GO:0014037","Schwann cell differentiation",0,-0.838504651456395,0.862633487550525
"GO:0033081","regulation of T cell differentiation in thymus",0,-0.844582206071138,0.853419515023773
"GO:0060412","ventricular septum morphogenesis",0,0.833282945126238,0.88037440556204
"GO:0055006","cardiac cell development",0,0.840404945847964,0.904471328300905
"GO:0050854","regulation of antigen receptor-mediated signaling pathway",0,-0.844031212958276,0.880263525491451
"GO:0006369","termination of RNA polymerase II transcription",0,0.824442905805475,0.861026895373637
"GO:0072028","nephron morphogenesis",0,-0.829212795302473,0.890307973822567
"GO:0072088","nephron epithelium morphogenesis",0,-0.829212795302473,0.890307973822567
"GO:0035313","wound healing, spreading of epidermal cells",0,-0.830658997829158,0.86376363167559
"GO:0050922","negative regulation of chemotaxis",0,0.831415503582574,0.874973102984257
"GO:0033233","regulation of protein sumoylation",0,-0.83241444896339,0.864059850172863
"GO:0030032","lamellipodium assembly",0,0.835877378859808,0.90105008755882
"GO:0019731","antibacterial humoral response",0,0.825867453234726,0.912392905279523
"GO:0072525","pyridine-containing compound biosynthetic process",0,0.832085054948357,0.855371896252497
"GO:0006654","phosphatidic acid biosynthetic process",0,-0.83239447722496,0.870936193579514
"GO:0007140","male meiotic nuclear division",0,-0.832360060526105,0.870936193579514
"GO:0015740","C4-dicarboxylate transport",0,0.817822134861897,0.883593370470867
"GO:0031998","regulation of fatty acid beta-oxidation",0,0.838144125258121,0.850965335207293
"GO:0016082","synaptic vesicle priming",0,0.845439041364973,0.861740579888214
"GO:0000375","RNA splicing, via transesterification reactions",0,-0.832024410455421,0.93729400592384
"GO:0033135","regulation of peptidyl-serine phosphorylation",0,0.838204141181369,0.864965237169682
"GO:0033674","positive regulation of kinase activity",0,-0.831324517062596,0.908907642712303
"GO:0002710","negative regulation of T cell mediated immunity",0,-0.841131449176701,0.860741853707704
"GO:0045048","protein insertion into ER membrane",0,-0.83402557470981,0.858671910533453
"GO:0062207","regulation of pattern recognition receptor signaling pathway",0,-0.8426899928372,0.914841392531475
"GO:1904707","positive regulation of vascular associated smooth muscle cell proliferation",0,0.843882188422567,0.865934946592751
"GO:0043123","positive regulation of canonical NF-kappaB signal transduction",0,-0.835209176021127,0.931541669455599
"GO:1902065","response to L-glutamate",0,-0.829448376296461,0.864806847138033
"GO:0097300","programmed necrotic cell death",0,-0.844463425765718,0.871585517473135
"GO:0021884","forebrain neuron development",0,-0.827670027931952,0.865935124073326
"GO:0031503","protein-containing complex localization",0,0.849758924270628,0.903295180788846
"GO:0046530","photoreceptor cell differentiation",0,0.838583332748512,0.877710895706817
"GO:0009308","amine metabolic process",0,-0.834476548555192,0.887301729559454
"GO:0032274","gonadotropin secretion",0,0.846402343415641,0.850369921591438
"GO:0055119","relaxation of cardiac muscle",0,0.828542815356066,0.85902713788487
"GO:0034755","iron ion transmembrane transport",0,0.845202130379659,0.850167393705907
"GO:0140888","interferon-mediated signaling pathway",0,-0.834191280964372,0.8951886353643
"GO:0006023","aminoglycan biosynthetic process",0,-0.845684743982527,0.860221414756888
"GO:0032728","positive regulation of interferon-beta production",0,0.828201070248343,0.890145985736869
"GO:0032350","regulation of hormone metabolic process",0,-0.844914134457329,0.860701422879555
"GO:0062098","regulation of programmed necrotic cell death",0,-0.833064227831586,0.865564042700122
"GO:0031401","positive regulation of protein modification process",0,-0.833562133544457,0.946532347385211
"GO:0098586","cellular response to virus",0,-0.827973175036641,0.891314873287572
"GO:1903426","regulation of reactive oxygen species biosynthetic process",0,0.844157842994528,0.877202802242099
"GO:0030901","midbrain development",0,-0.837113788722508,0.885842184806982
"GO:1903318","negative regulation of protein maturation",0,0.831287126964245,0.86276162373789
"GO:1905144","response to acetylcholine",0,0.850230253768767,0.876304028763272
"GO:0002438","acute inflammatory response to antigenic stimulus",0,0.820725493136477,0.869158029948257
"GO:0033673","negative regulation of kinase activity",0,0.822150235986418,0.92701531075543
"GO:0051235","maintenance of location",0,0.829004492154393,0.902764902062496
"GO:0051651","maintenance of location in cell",0,0.829004492154393,0.902764902062496
"GO:0003279","cardiac septum development",0,-0.823737630316271,0.898155748722116
"GO:0070071","proton-transporting two-sector ATPase complex assembly",0,-0.850222698642202,0.853838996154715
"GO:0043243","positive regulation of protein-containing complex disassembly",0,-0.832457515779141,0.870579539112228
"GO:0048477","oogenesis",0,-0.828337074012307,0.885147564502519
"GO:0048015","phosphatidylinositol-mediated signaling",0,-0.836737898713962,0.864483520773365
"GO:0061333","renal tubule morphogenesis",0,-0.815229495254815,0.894974026326578
"GO:0015812","gamma-aminobutyric acid transport",0,-0.832776029756029,0.857526636253313
"GO:0046471","phosphatidylglycerol metabolic process",0,0.837681306386817,0.871223460241421
"GO:0043405","regulation of MAP kinase activity",0,-0.824219854524542,0.890966885447074
"GO:0035825","homologous recombination",0,0.826567707878269,0.907016178335794
"GO:0009404","toxin metabolic process",0,0.829307928700813,0.854335463534542
"GO:0045860","positive regulation of protein kinase activity",0,-0.827807106245056,0.90684771201167
"GO:0014003","oligodendrocyte development",0,-0.82570735456439,0.873492860225476
"GO:0097091","synaptic vesicle clustering",0,0.800535619341467,0.872864901690553
"GO:0060538","skeletal muscle organ development",0,-0.830121833251939,0.895046963958818
"GO:0008589","regulation of smoothened signaling pathway",0,-0.83316272457277,0.888473824944491
"GO:0034314","Arp2/3 complex-mediated actin nucleation",0,-0.822787936018516,0.877673336384433
"GO:1901623","regulation of lymphocyte chemotaxis",0,0.827312740925987,0.863835635664619
"GO:0032736","positive regulation of interleukin-13 production",0,0.822454974845389,0.864780336892232
"GO:0061351","neural precursor cell proliferation",0,-0.81745483377626,0.914014911057722
"GO:0046660","female sex differentiation",0,0.828892932951814,0.922642356200998
"GO:0071875","adrenergic receptor signaling pathway",0,0.807871991932718,0.890549465130838
"GO:0048634","regulation of muscle organ development",0,0.827637216337695,0.877846155544373
"GO:1901186","positive regulation of ERBB signaling pathway",0,0.835173045599926,0.875028359438373
"GO:0016032","viral process",0,-0.828014968019175,0.956504380390767
"GO:0045739","positive regulation of DNA repair",0,-0.829795982978331,0.909310599551769
"GO:0120178","steroid hormone biosynthetic process",0,-0.83655568505685,0.877245588874042
"GO:0060392","negative regulation of SMAD protein signal transduction",0,0.836960905391793,0.856827927165405
"GO:0000463","maturation of LSU-rRNA from tricistronic rRNA transcript (SSU-rRNA, 5.8S rRNA, LSU-rRNA)",0,-0.829983962759698,0.862783319647658
"GO:0071901","negative regulation of protein serine/threonine kinase activity",0,0.820063805027524,0.885482225957097
"GO:0072078","nephron tubule morphogenesis",0,-0.822893034510818,0.889922294157846
"GO:0042417","dopamine metabolic process",0,-0.826364133308456,0.874366205100607
"GO:0051180","vitamin transport",0,-0.820237731497474,0.888440158309126
"GO:0001556","oocyte maturation",0,-0.818126732056588,0.870374150848944
"GO:0048013","ephrin receptor signaling pathway",0,-0.830531285787166,0.881597372188402
"GO:0051345","positive regulation of hydrolase activity",0,-0.824084954138303,0.90594532394214
"GO:0048710","regulation of astrocyte differentiation",0,0.822817718155541,0.866703729925035
"GO:0043242","negative regulation of protein-containing complex disassembly",0,-0.81537668166123,0.904695425081795
"GO:0061036","positive regulation of cartilage development",0,0.813443415964711,0.877575645431026
"GO:0008207","C21-steroid hormone metabolic process",0,0.819486293480504,0.895520975299584
"GO:0030812","negative regulation of nucleotide catabolic process",0,-0.825202066680802,0.862708937594864
"GO:0033122","negative regulation of purine nucleotide catabolic process",0,-0.825202066680802,0.862708937594864
"GO:0045820","negative regulation of glycolytic process",0,-0.825202066680802,0.862708937594864
"GO:0010765","positive regulation of sodium ion transport",0,0.816451552143138,0.887031235659624
"GO:0033762","response to glucagon",0,-0.818276315984758,0.878066251259074
"GO:0031124","mRNA 3'-end processing",0,-0.823192684130879,0.881175983439988
"GO:0002837","regulation of immune response to tumor cell",0,-0.813318593469214,0.876774268324619
"GO:0042267","natural killer cell mediated cytotoxicity",0,0.821703167161004,0.925583200015917
"GO:0031281","positive regulation of cyclase activity",0,-0.827082557634498,0.87036161197218
"GO:0050982","detection of mechanical stimulus",0,-0.83071486553938,0.880100389774845
"GO:0048538","thymus development",0,0.82096921392239,0.862504673707526
"GO:0045648","positive regulation of erythrocyte differentiation",0,-0.813078328918139,0.876774268324619
"GO:0071397","cellular response to cholesterol",0,0.834136485212997,0.851516091493091
"GO:0043085","positive regulation of catalytic activity",0,-0.822288027404202,0.948705333714378
"GO:0042092","type 2 immune response",0,-0.819716765023324,0.87780143015236
"GO:1901223","negative regulation of non-canonical NF-kappaB signal transduction",0,0.812540819441043,0.886121506942517
"GO:1905874","regulation of postsynaptic density organization",0,0.843727805333704,0.853228196591476
"GO:0048701","embryonic cranial skeleton morphogenesis",0,0.81998931165119,0.864397541817251
"GO:1900016","negative regulation of cytokine production involved in inflammatory response",0,-0.814118896808572,0.88473886857723
"GO:0014706","striated muscle tissue development",0,-0.819001505079975,0.949593851075223
"GO:0045661","regulation of myoblast differentiation",0,0.8096626648119,0.936728139617136
"GO:0034349","glial cell apoptotic process",0,0.791131619089627,0.878204707033957
"GO:0002931","response to ischemia",0,-0.818185255117957,0.889795850206397
"GO:0051099","positive regulation of binding",0,-0.818576587681051,0.878415651234703
"GO:0046850","regulation of bone remodeling",0,-0.812474383915929,0.894013002713756
"GO:0045056","transcytosis",0,-0.806997302168672,0.879161478337224
"GO:0008406","gonad development",0,-0.821689737515442,0.921808982556238
"GO:0042908","xenobiotic transport",0,-0.81673847995471,0.890718654027355
"GO:0006517","protein deglycosylation",0,-0.821754563333206,0.867939333322342
"GO:0003081","regulation of systemic arterial blood pressure by renin-angiotensin",0,0.798084904241703,0.897340728236348
"GO:0042181","ketone biosynthetic process",0,0.814848579017459,0.91842095027542
"GO:0048169","regulation of long-term neuronal synaptic plasticity",0,-0.81095860037413,0.875202408157173
"GO:0036158","outer dynein arm assembly",0,0.809373391283924,0.863479399762792
"GO:0007292","female gamete generation",0,-0.816613703491015,0.910252714962023
"GO:0010803","regulation of tumor necrosis factor-mediated signaling pathway",0,-0.822428880974486,0.893562662522932
"GO:0038066","p38MAPK cascade",0,-0.812356564941692,0.894488989737626
"GO:0030521","androgen receptor signaling pathway",0,-0.819135028325555,0.884515648761602
"GO:1902742","apoptotic process involved in development",0,0.828362730379101,0.85873171554871
"GO:1990748","cellular detoxification",0,-0.81102000159314,0.92728365918902
"GO:0003283","atrial septum development",0,-0.820612871080315,0.869081517242615
"GO:0046365","monosaccharide catabolic process",0,-0.814876373752894,0.891048684961873
"GO:2000243","positive regulation of reproductive process",0,0.80794172688377,0.932522269544504
"GO:0007517","muscle organ development",0,-0.81952244935999,0.945782118723539
"GO:0045137","development of primary sexual characteristics",0,-0.820759063948446,0.921938554459844
"GO:0007519","skeletal muscle tissue development",0,-0.814826091780665,0.904382611302194
"GO:0097106","postsynaptic density organization",0,-0.809434830141593,0.894771788958399
"GO:1900151","regulation of nuclear-transcribed mRNA catabolic process, deadenylation-dependent decay",0,0.809800454197674,0.874770291661038
"GO:0046324","regulation of D-glucose import across plasma membrane",0,-0.812063140938256,0.889208551465577
"GO:0071902","positive regulation of protein serine/threonine kinase activity",0,-0.810175093681911,0.888610501060757
"GO:0010893","positive regulation of steroid biosynthetic process",0,-0.809715664859271,0.887006673368832
"GO:2000403","positive regulation of lymphocyte migration",0,0.822180930373988,0.888358613931123
"GO:0048147","negative regulation of fibroblast proliferation",0,-0.808881765158044,0.878602686166814
"GO:0032507","maintenance of protein location in cell",0,-0.808742056197632,0.894771788958399
"GO:0045185","maintenance of protein location",0,-0.808742056197632,0.894771788958399
"GO:0005996","monosaccharide metabolic process",0,-0.819919169040062,0.940498658817977
"GO:0010591","regulation of lamellipodium assembly",0,0.809721696367415,0.896559439307159
"GO:1901880","negative regulation of protein depolymerization",0,-0.820522630528808,0.896417015583628
"GO:0070266","necroptotic process",0,-0.825941429288346,0.878174887428884
"GO:0006577","amino-acid betaine metabolic process",0,-0.807708890551183,0.879522962724142
"GO:0001952","regulation of cell-matrix adhesion",0,-0.808826784031164,0.928901643740824
"GO:0044409","symbiont entry into host",0,-0.80870773222507,0.929139918787872
"GO:0060765","regulation of androgen receptor signaling pathway",0,-0.818412588226491,0.88058453545301
"GO:0030968","endoplasmic reticulum unfolded protein response",0,-0.814627011484577,0.912475765541737
"GO:0010522","regulation of calcium ion transport into cytosol",0,0.813011670885407,0.872154455787477
"GO:0042445","hormone metabolic process",0,-0.811407950995637,0.95001368718025
"GO:0060291","long-term synaptic potentiation",0,-0.817275948409953,0.904328499532918
"GO:0000956","nuclear-transcribed mRNA catabolic process",0,-0.81479542869478,0.92521386284564
"GO:0050890","cognition",0,-0.809843097679579,0.953123188380524
"GO:0043087","regulation of GTPase activity",0,-0.814200166563168,0.91973525968597
"GO:0060149","negative regulation of post-transcriptional gene silencing",0,-0.830463115544409,0.864201474547777
"GO:0060965","negative regulation of miRNA-mediated gene silencing",0,-0.830463115544409,0.864201474547777
"GO:1900369","negative regulation of post-transcriptional gene silencing by regulatory ncRNA",0,-0.830463115544409,0.864201474547777
"GO:0048167","regulation of synaptic plasticity",0,-0.803431370550145,0.947178155886751
"GO:0060340","positive regulation of type I interferon-mediated signaling pathway",0,-0.818557217230727,0.867134338763782
"GO:0002712","regulation of B cell mediated immunity",0,0.806870009024713,0.891763420713876
"GO:0002889","regulation of immunoglobulin mediated immune response",0,0.806870009024713,0.891763420713876
"GO:0035542","regulation of SNARE complex assembly",0,0.803758128652449,0.869271696757479
"GO:0010248","establishment or maintenance of transmembrane electrochemical gradient",0,0.810770714195941,0.875109984927239
"GO:0048268","clathrin coat assembly",0,0.800593210491178,0.887158089230893
"GO:0003230","cardiac atrium development",0,0.792004340346644,0.903261761495669
"GO:1900101","regulation of endoplasmic reticulum unfolded protein response",0,0.816169949707423,0.891732163646681
"GO:0006941","striated muscle contraction",0,-0.814684445397955,0.952769580461051
"GO:0097623","potassium ion export across plasma membrane",0,-0.803136450754161,0.880748944838398
"GO:0015810","aspartate transmembrane transport",0,0.834430542889493,0.861539708047695
"GO:0008543","fibroblast growth factor receptor signaling pathway",0,0.825021294436784,0.923264988989296
"GO:0140013","meiotic nuclear division",0,0.809048383012116,0.973871053415954
"GO:0043112","receptor metabolic process",0,0.823770166104175,0.923669715886649
"GO:0046949","fatty-acyl-CoA biosynthetic process",0,-0.815230228331769,0.88049359416849
"GO:0055013","cardiac muscle cell development",0,-0.78819154684304,0.921234815161756
"GO:0006469","negative regulation of protein kinase activity",0,0.816420031808093,0.925730078644083
"GO:0036376","sodium ion export across plasma membrane",0,0.797657704920285,0.88920398905506
"GO:0039702","viral budding via host ESCRT complex",0,-0.797019863932935,0.886329985771688
"GO:0051044","positive regulation of membrane protein ectodomain proteolysis",0,0.800423591414163,0.871098733890204
"GO:0072091","regulation of stem cell proliferation",0,-0.81250028185674,0.88396233771829
"GO:0014829","vascular associated smooth muscle contraction",0,0.807093281316341,0.877788862026883
"GO:0070863","positive regulation of protein exit from endoplasmic reticulum",0,-0.81113811512434,0.871945341165835
"GO:0090075","relaxation of muscle",0,-0.809139793041714,0.886886750514521
"GO:0002709","regulation of T cell mediated immunity",0,0.817175958082825,0.953386259396737
"GO:0006778","porphyrin-containing compound metabolic process",0,-0.801253273740933,0.900282666887628
"GO:0071895","odontoblast differentiation",0,-0.812814427451618,0.871803818395146
"GO:0007520","myoblast fusion",0,0.794478348886357,0.941164941875912
"GO:0050857","positive regulation of antigen receptor-mediated signaling pathway",0,0.829683041107448,0.863808097131018
"GO:0006749","glutathione metabolic process",0,0.82349296901265,0.899424813453666
"GO:0010810","regulation of cell-substrate adhesion",0,-0.807932603421974,0.948441874102538
"GO:0002639","positive regulation of immunoglobulin production",0,0.807726372767175,0.903237607785115
"GO:0009649","entrainment of circadian clock",0,0.805794196094967,0.889964640494957
"GO:0042572","retinol metabolic process",0,-0.79977062515627,0.903416785525144
"GO:0060352","cell adhesion molecule production",0,0.796471208814104,0.87292381713147
"GO:0097237","cellular response to toxic substance",0,-0.805183330836454,0.931827203186433
"GO:0002227","innate immune response in mucosa",0,0.801907921329373,0.869805651535367
"GO:0071539","protein localization to centrosome",0,-0.805251377503788,0.890014311979586
"GO:0070374","positive regulation of ERK1 and ERK2 cascade",0,-0.797185630357421,0.952609818978912
"GO:1901184","regulation of ERBB signaling pathway",0,-0.803074056670686,0.915035777081473
"GO:1902914","regulation of protein polyubiquitination",0,0.794609146715438,0.890602823405604
"GO:0010043","response to zinc ion",0,-0.802028571763259,0.900460441941788
"GO:0048663","neuron fate commitment",0,0.802790545320996,0.884731328992962
"GO:0008542","visual learning",0,-0.794254166263466,0.886909682533785
"GO:1904044","response to aldosterone",0,-0.795543939573864,0.883964915728803
"GO:0021700","developmental maturation",0,-0.802088084032828,0.958566836757219
"GO:0042446","hormone biosynthetic process",0,-0.801648919676945,0.912826230140333
"GO:0034501","protein localization to kinetochore",0,0.794158167609212,0.873430305552377
"GO:1903083","protein localization to condensed chromosome",0,0.794158167609212,0.873430305552377
"GO:0045945","positive regulation of transcription by RNA polymerase III",0,-0.806748254367665,0.877190700329014
"GO:0090183","regulation of kidney development",0,0.794429218356747,0.912970922323808
"GO:1903900","regulation of viral life cycle",0,-0.80505038144399,0.927139961427512
"GO:0030212","hyaluronan metabolic process",0,0.808267790060452,0.896806825167143
"GO:0062014","negative regulation of small molecule metabolic process",0,-0.801172713617926,0.924883880183368
"GO:0090130","tissue migration",0,-0.796543896552741,0.929091565604965
"GO:0034315","regulation of Arp2/3 complex-mediated actin nucleation",0,-0.79225473259986,0.888095563455608
"GO:0021587","cerebellum morphogenesis",0,-0.787671922783628,0.891123530140132
"GO:0046931","pore complex assembly",0,-0.805240013623132,0.878012540782473
"GO:1904263","positive regulation of TORC1 signaling",0,-0.808617063607063,0.894473240261789
"GO:0099623","regulation of cardiac muscle cell membrane repolarization",0,-0.79159551021717,0.891379837913805
"GO:0006787","porphyrin-containing compound catabolic process",0,0.811170091887216,0.864181402308366
"GO:0033015","tetrapyrrole catabolic process",0,0.811170091887216,0.864181402308366
"GO:0006699","bile acid biosynthetic process",0,-0.783493220341362,0.905639767482133
"GO:0043547","positive regulation of GTPase activity",0,-0.796543095827421,0.920349138335684
"GO:0007141","male meiosis I",0,-0.790529047340237,0.887318363095549
"GO:0030575","nuclear body organization",0,0.788919446680048,0.878518186234559
"GO:0046777","protein autophosphorylation",0,-0.791393336925121,0.939730445824728
"GO:0070372","regulation of ERK1 and ERK2 cascade",0,-0.794100567481804,0.96919337228525
"GO:0007612","learning",0,-0.796240724421921,0.929501562939394
"GO:0007548","sex differentiation",0,-0.792892373928288,0.954276552193225
"GO:0099084","postsynaptic specialization organization",0,-0.80179143427028,0.902301060781778
"GO:0039694","viral RNA genome replication",0,0.785076626777914,0.897227505738532
"GO:0090128","regulation of synapse maturation",0,-0.788042952502697,0.892517502955674
"GO:0018193","peptidyl-amino acid modification",0,-0.789704953156305,0.9847258043414
"GO:0034695","response to prostaglandin E",0,0.79517535581765,0.889633148064064
"GO:0010458","exit from mitosis",0,-0.795180945521224,0.88805806896366
"GO:0021575","hindbrain morphogenesis",0,-0.78858899984409,0.890488561464353
"GO:0048679","regulation of axon regeneration",0,-0.797537978785772,0.879829167551132
"GO:0051055","negative regulation of lipid biosynthetic process",0,0.785469795564294,0.936084643318346
"GO:0035088","establishment or maintenance of apical/basal cell polarity",0,0.788000850513954,0.909589003308914
"GO:0061245","establishment or maintenance of bipolar cell polarity",0,0.788000850513954,0.909589003308914
"GO:0099116","tRNA 5'-end processing",0,-0.790559798286661,0.882070471232904
"GO:0097178","ruffle assembly",0,-0.792399622732619,0.895126461081276
"GO:0006518","peptide metabolic process",0,-0.777786853379865,0.922170856600512
"GO:2000178","negative regulation of neural precursor cell proliferation",0,-0.794345493556499,0.880828879385111
"GO:0008210","estrogen metabolic process",0,0.785464440224631,0.911033030237271
"GO:0038095","Fc-epsilon receptor signaling pathway",0,-0.7966888715467,0.889825555808383
"GO:0043691","reverse cholesterol transport",0,0.789429317592203,0.888385503620823
"GO:0051938","L-glutamate import",0,-0.799830502070665,0.892059202100474
"GO:0040014","regulation of multicellular organism growth",0,0.813425710439976,0.87763242841221
"GO:0055002","striated muscle cell development",0,-0.797690840184104,0.940174397865829
"GO:0060563","neuroepithelial cell differentiation",0,-0.795576810656033,0.890294475460768
"GO:0045445","myoblast differentiation",0,-0.795427925630975,0.927983591638548
"GO:0010824","regulation of centrosome duplication",0,-0.798339085760914,0.904348243756008
"GO:0070570","regulation of neuron projection regeneration",0,-0.794947553173774,0.881130063677335
"GO:0034104","negative regulation of tissue remodeling",0,-0.782553844803161,0.892932052207717
"GO:0048661","positive regulation of smooth muscle cell proliferation",0,-0.793435418026586,0.925422819437166
"GO:0046718","symbiont entry into host cell",0,-0.786852480660423,0.944875823332009
"GO:0060612","adipose tissue development",0,-0.787027137870723,0.914053271193094
"GO:0031054","pre-miRNA processing",0,0.780457246492049,0.879534441592007
"GO:0032418","lysosome localization",0,-0.787699716543936,0.924983443960132
"GO:0000470","maturation of LSU-rRNA",0,-0.788329491426358,0.892458607557615
"GO:0042634","regulation of hair cycle",0,0.777200796030758,0.904119301945657
"GO:0021696","cerebellar cortex morphogenesis",0,-0.791861357133958,0.88531788640122
"GO:0099633","protein localization to postsynaptic specialization membrane",0,0.784845932981744,0.924984118700483
"GO:0099645","neurotransmitter receptor localization to postsynaptic specialization membrane",0,0.784845932981744,0.924984118700483
"GO:0034163","regulation of toll-like receptor 9 signaling pathway",0,-0.781176141503364,0.892684669969643
"GO:0009135","purine nucleoside diphosphate metabolic process",0,-0.795098772323532,0.930787410317153
"GO:0009179","purine ribonucleoside diphosphate metabolic process",0,-0.795098772323532,0.930787410317153
"GO:0016925","protein sumoylation",0,-0.788263518885533,0.92365790196747
"GO:0045671","negative regulation of osteoclast differentiation",0,0.778612516359374,0.905947647125355
"GO:0050851","antigen receptor-mediated signaling pathway",0,-0.795630586341841,0.957943228799229
"GO:0006536","glutamate metabolic process",0,0.776256239283692,0.904654148314349
"GO:0032885","regulation of polysaccharide biosynthetic process",0,-0.788067774420607,0.900811436947599
"GO:0032252","secretory granule localization",0,-0.779657816910392,0.894146820925171
"GO:0032253","dense core granule localization",0,-0.779657816910392,0.894146820925171
"GO:0034311","diol metabolic process",0,0.793553273465786,0.894582591293849
"GO:0051893","regulation of focal adhesion assembly",0,-0.781210103143975,0.929179299744201
"GO:0090109","regulation of cell-substrate junction assembly",0,-0.781210103143975,0.929179299744201
"GO:0061684","chaperone-mediated autophagy",0,-0.792014225216769,0.883297603455564
"GO:1905288","vascular associated smooth muscle cell apoptotic process",0,-0.792218040943704,0.881231473506986
"GO:1905459","regulation of vascular associated smooth muscle cell apoptotic process",0,-0.792218040943704,0.881231473506986
"GO:0006855","xenobiotic transmembrane transport",0,-0.77930715209293,0.893828680259388
"GO:0010507","negative regulation of autophagy",0,0.778933905790731,0.970052623751338
"GO:0035249","synaptic transmission, glutamatergic",0,-0.785597525669543,0.933739894923029
"GO:1902475","L-alpha-amino acid transmembrane transport",0,-0.790438319459993,0.919987273376588
"GO:0002011","morphogenesis of an epithelial sheet",0,0.786276753780367,0.931889316319056
"GO:0001941","postsynaptic membrane organization",0,-0.779484263259008,0.904169849194737
"GO:0006684","sphingomyelin metabolic process",0,-0.777787661944967,0.894772885233528
"GO:0032328","alanine transport",0,-0.778117713639635,0.893828680259388
"GO:0006570","tyrosine metabolic process",0,0.776180441425722,0.886712609600054
"GO:1902644","tertiary alcohol metabolic process",0,-0.776383769609314,0.902716520383126
"GO:0045830","positive regulation of isotype switching",0,-0.787462658310235,0.887781943848934
"GO:0050691","regulation of defense response to virus by host",0,0.7900249305691,0.915958169353165
"GO:0019364","pyridine nucleotide catabolic process",0,-0.771358896774623,0.939209416331896
"GO:0044546","NLRP3 inflammasome complex assembly",0,0.800118247580198,0.922935042994457
"GO:0060391","positive regulation of SMAD protein signal transduction",0,0.781605456892929,0.935259913002719
"GO:0055010","ventricular cardiac muscle tissue morphogenesis",0,0.777206273257589,0.927577715354005
"GO:0071071","regulation of phospholipid biosynthetic process",0,-0.787081456277759,0.889091704426868
"GO:0097035","regulation of membrane lipid distribution",0,-0.780019414439541,0.917645276644927
"GO:0006096","glycolytic process",0,-0.779406520730159,0.936481173371346
"GO:0006081","aldehyde metabolic process",0,-0.781546603192635,0.930618617073984
"GO:0032352","positive regulation of hormone metabolic process",0,-0.775899628776167,0.894749767854308
"GO:0098696","regulation of neurotransmitter receptor localization to postsynaptic specialization membrane",0,0.804995351084097,0.883249474931262
"GO:0042306","regulation of protein import into nucleus",0,-0.789439089685734,0.91307815916286
"GO:0050655","dermatan sulfate proteoglycan metabolic process",0,-0.774630850538634,0.895941369248804
"GO:1901874","negative regulation of post-translational protein modification",0,0.7816283185358,0.956952102551091
"GO:0090279","regulation of calcium ion import",0,0.774986708975359,0.933273891511102
"GO:0006636","unsaturated fatty acid biosynthetic process",0,-0.779292654188301,0.919973473459124
"GO:0035020","regulation of Rac protein signal transduction",0,-0.779685427023066,0.903965118269403
"GO:0060537","muscle tissue development",0,-0.78338791995763,0.980226453515582
"GO:0120254","olefinic compound metabolic process",0,-0.770871039954932,0.972118195015851
"GO:0055001","muscle cell development",0,-0.782986370683561,0.954530829853502
"GO:0015867","ATP transport",0,-0.771935402413773,0.897171035589422
"GO:0045779","negative regulation of bone resorption",0,-0.784610164787517,0.887061957218013
"GO:0006541","glutamine metabolic process",0,0.790939662658677,0.878546018168382
"GO:0090051","negative regulation of cell migration involved in sprouting angiogenesis",0,0.78893153315505,0.889779090695838
"GO:0019751","polyol metabolic process",0,-0.777962640178765,0.943059336318113
"GO:1904646","cellular response to amyloid-beta",0,-0.779635905959857,0.912754219006273
"GO:1904645","response to amyloid-beta",0,-0.775033094678666,0.925847710070768
"GO:0031016","pancreas development",0,-0.775995685415097,0.92424193965742
"GO:0043255","regulation of carbohydrate biosynthetic process",0,-0.784657337350606,0.933171515104923
"GO:0032682","negative regulation of chemokine production",0,0.770308516963679,0.901318399659681
"GO:0090280","positive regulation of calcium ion import",0,-0.776006459593202,0.898136762807668
"GO:0018022","peptidyl-lysine methylation",0,-0.768903717519647,0.890813716291744
"GO:2000810","regulation of bicellular tight junction assembly",0,-0.78124669578273,0.89896147777261
"GO:0030199","collagen fibril organization",0,-0.780225212358931,0.924778981392274
"GO:0000132","establishment of mitotic spindle orientation",0,-0.76712082191917,0.905719703675195
"GO:0035795","negative regulation of mitochondrial membrane permeability",0,-0.775581130566134,0.891667927538174
"GO:0045940","positive regulation of steroid metabolic process",0,-0.773111366998198,0.91659226092723
"GO:0072526","pyridine-containing compound catabolic process",0,-0.772882442551513,0.944516629871453
"GO:1900037","regulation of cellular response to hypoxia",0,-0.762495460081121,0.904114545748851
"GO:0007189","adenylate cyclase-activating G protein-coupled receptor signaling pathway",0,-0.773394751525068,0.974942863149534
"GO:1901836","regulation of transcription of nucleolar large rRNA by RNA polymerase I",0,0.770579188190671,0.885017223014195
"GO:0003184","pulmonary valve morphogenesis",0,-0.760268486292779,0.904933176225011
"GO:0000425","pexophagy",0,-0.774904234130208,0.89152959961587
"GO:0030242","autophagy of peroxisome",0,-0.774904234130208,0.89152959961587
"GO:0072330","monocarboxylic acid biosynthetic process",0,-0.767072699394345,0.981872760715031
"GO:0031099","regeneration",0,-0.767132872948058,0.966144133702372
"GO:0019068","virion assembly",0,0.765367407308416,0.9312126166823
"GO:0009137","purine nucleoside diphosphate catabolic process",0,-0.758641692415759,0.950485718733145
"GO:0009181","purine ribonucleoside diphosphate catabolic process",0,-0.758641692415759,0.950485718733145
"GO:1903321","negative regulation of protein modification by small protein conjugation or removal",0,0.781463569488936,0.958667341073248
"GO:0060914","heart formation",0,0.792422645584652,0.892109152460062
"GO:0010464","regulation of mesenchymal cell proliferation",0,0.769996794611228,0.893282171529254
"GO:0009072","aromatic amino acid metabolic process",0,0.767035522964091,0.938938482703904
"GO:0045880","positive regulation of smoothened signaling pathway",0,0.762725862567964,0.925163343430508
"GO:0030879","mammary gland development",0,-0.764436278374922,0.940525882419281
"GO:0046851","negative regulation of bone remodeling",0,-0.773260515956662,0.894904898514657
"GO:0141161","regulation of cAMP/PKA signal transduction",0,-0.767494622351743,0.930129683363354
"GO:0042168","heme metabolic process",0,0.782804398064079,0.933924635388348
"GO:1900225","regulation of NLRP3 inflammasome complex assembly",0,0.778514384107659,0.932458300388763
"GO:0046580","negative regulation of Ras protein signal transduction",0,0.790568998009452,0.892393895388767
"GO:0090370","negative regulation of cholesterol efflux",0,-0.75390697360527,0.897427607267909
"GO:0002230","positive regulation of defense response to virus by host",0,0.768203104041477,0.920255539843116
"GO:0046325","negative regulation of D-glucose import across plasma membrane",0,-0.768127833717906,0.893244244302803
"GO:0035864","response to potassium ion",0,0.765959331401185,0.90319527577975
"GO:0035269","protein O-linked glycosylation via mannose",0,-0.767881095548081,0.893244244302803
"GO:0006623","protein targeting to vacuole",0,0.776905973000129,0.933646240418856
"GO:0150117","positive regulation of cell-substrate junction organization",0,-0.766294969610691,0.915503782080794
"GO:0031638","zymogen activation",0,-0.761742775526341,0.93699236153761
"GO:0031294","lymphocyte costimulation",0,-0.762902794220303,0.925286059278114
"GO:0008206","bile acid metabolic process",0,-0.775007677999047,0.92037762494532
"GO:1905564","positive regulation of vascular endothelial cell proliferation",0,-0.768506503547693,0.893757577224131
"GO:0046628","positive regulation of insulin receptor signaling pathway",0,-0.75403987985846,0.908676025332765
"GO:0002369","T cell cytokine production",0,-0.767167788474061,0.921743777265784
"GO:0002724","regulation of T cell cytokine production",0,-0.767167788474061,0.921743777265784
"GO:0036314","response to sterol",0,-0.7574746033116,0.916300906655034
"GO:0051457","maintenance of protein location in nucleus",0,0.763400317709012,0.90526914316928
"GO:2000774","positive regulation of cellular senescence",0,0.757874606709549,0.891750557448602
"GO:0141162","negative regulation of cAMP/PKA signal transduction",0,-0.767669764210872,0.913310773768498
"GO:0045879","negative regulation of smoothened signaling pathway",0,-0.756675285892619,0.916786978982221
"GO:0032211","negative regulation of telomere maintenance via telomerase",0,0.758046066660605,0.912454149342753
"GO:0002707","negative regulation of lymphocyte mediated immunity",0,-0.770813352814451,0.925422120180987
"GO:0072567","chemokine (C-X-C motif) ligand 2 production",0,0.775783330364982,0.88768970303748
"GO:2000341","regulation of chemokine (C-X-C motif) ligand 2 production",0,0.775783330364982,0.88768970303748
"GO:0021536","diencephalon development",0,0.757455965600244,0.943328504516696
"GO:0032608","interferon-beta production",0,0.760127696067896,0.962617664030759
"GO:0032648","regulation of interferon-beta production",0,0.760127696067896,0.962617664030759
"GO:0009151","purine deoxyribonucleotide metabolic process",0,-0.756196728789543,0.907368510075265
"GO:1901569","fatty acid derivative catabolic process",0,-0.759723692182921,0.899334652427031
"GO:1903409","reactive oxygen species biosynthetic process",0,-0.757383725118068,0.935472588517845
"GO:1905145","cellular response to acetylcholine",0,-0.755254611129523,0.933641640618317
"GO:0060074","synapse maturation",0,-0.759789834878531,0.922596619838259
"GO:0006024","glycosaminoglycan biosynthetic process",0,-0.755583085538751,0.920187608735756
"GO:0046164","alcohol catabolic process",0,0.765096506867484,0.932512331083927
"GO:0055008","cardiac muscle tissue morphogenesis",0,-0.75756634073835,0.931147706639584
"GO:0048738","cardiac muscle tissue development",0,-0.759039617505775,0.979832966820301
"GO:0043388","positive regulation of DNA binding",0,-0.763616813137514,0.900892818666986
"GO:0031100","animal organ regeneration",0,-0.758303978003245,0.93629959145674
"GO:0043647","inositol phosphate metabolic process",0,-0.745398575597982,0.930116774949383
"GO:0048240","sperm capacitation",0,-0.756419912279467,0.915437585649399
"GO:0002834","regulation of response to tumor cell",0,-0.75641775341964,0.915437585649399
"GO:2001235","positive regulation of apoptotic signaling pathway",0,-0.754797967634923,0.96362674556407
"GO:0036303","lymph vessel morphogenesis",0,-0.762682734926952,0.900218481493263
"GO:0048286","lung alveolus development",0,-0.762279102045386,0.900218481493263
"GO:0030202","heparin proteoglycan metabolic process",0,0.730683165508113,0.921712103528431
"GO:0032634","interleukin-5 production",0,0.766503706008696,0.903392183794252
"GO:0032674","regulation of interleukin-5 production",0,0.766503706008696,0.903392183794252
"GO:0015701","bicarbonate transport",0,-0.756807255430358,0.921432745165534
"GO:0034204","lipid translocation",0,-0.764535081513533,0.926896171609952
"GO:0031295","T cell costimulation",0,-0.757313313312983,0.927937951087178
"GO:0010563","negative regulation of phosphorus metabolic process",0,-0.754340408665991,0.975226870621668
"GO:0045936","negative regulation of phosphate metabolic process",0,-0.754340408665991,0.975226870621668
"GO:0007617","mating behavior",0,-0.746975088083914,0.917323152880003
"GO:0071900","regulation of protein serine/threonine kinase activity",0,-0.758333086527882,0.962379526517927
"GO:0045669","positive regulation of osteoblast differentiation",0,-0.752560437475002,0.938591957417555
"GO:0045722","positive regulation of gluconeogenesis",0,-0.757769049522555,0.903925545506047
"GO:0002726","positive regulation of T cell cytokine production",0,-0.751466576676595,0.918223920584323
"GO:0046755","viral budding",0,-0.744241051739245,0.919831329863349
"GO:0006611","protein export from nucleus",0,-0.75702674666014,0.934278477761609
"GO:0022011","myelination in peripheral nervous system",0,0.743876615648195,0.905066490155924
"GO:0032292","peripheral nervous system axon ensheathment",0,0.743876615648195,0.905066490155924
"GO:0070373","negative regulation of ERK1 and ERK2 cascade",0,-0.753285678704188,0.941121705007455
"GO:0048713","regulation of oligodendrocyte differentiation",0,-0.744098534812107,0.925166572739887
"GO:2001032","regulation of double-strand break repair via nonhomologous end joining",0,0.761241268663186,0.905524443107452
"GO:0051602","response to electrical stimulus",0,0.745535601403766,0.939688848690878
"GO:0006783","heme biosynthetic process",0,-0.743133987627959,0.925297932900383
"GO:0010984","regulation of lipoprotein particle clearance",0,-0.755791935994637,0.913379706209276
"GO:0006356","regulation of transcription by RNA polymerase I",0,-0.748740945930842,0.930878629565057
"GO:0000460","maturation of 5.8S rRNA",0,-0.759622272790188,0.922684624257017
"GO:0055117","regulation of cardiac muscle contraction",0,-0.748593825388057,0.96093249568115
"GO:0046321","positive regulation of fatty acid oxidation",0,-0.746699962724463,0.905199838379343
"GO:0002295","T-helper cell lineage commitment",0,-0.752642818431601,0.922960229616187
"GO:0060211","regulation of nuclear-transcribed mRNA poly(A) tail shortening",0,0.735636782608669,0.91146269544153
"GO:0072348","sulfur compound transport",0,-0.750829713373554,0.951775918711156
"GO:0045684","positive regulation of epidermis development",0,-0.74062727157117,0.919912528007419
"GO:0006337","nucleosome disassembly",0,0.758489466759718,0.906076656574236
"GO:0051100","negative regulation of binding",0,-0.748924469468021,0.92651889716522
"GO:0016445","somatic diversification of immunoglobulins",0,0.763582734472666,0.950231374651589
"GO:0043268","positive regulation of potassium ion transport",0,0.742149347482986,0.94168458402678
"GO:0031397","negative regulation of protein ubiquitination",0,0.742803097040847,0.975892064413894
"GO:0001824","blastocyst development",0,-0.734990702415444,0.921283400563055
"GO:0016338","calcium-independent cell-cell adhesion",0,-0.745225159642281,0.918174504450845
"GO:0022602","ovulation cycle process",0,-0.746107947374159,0.928941670986443
"GO:0044788","host-mediated perturbation of viral process",0,0.746857685327954,0.980602286452092
"GO:1903170","negative regulation of calcium ion transmembrane transport",0,-0.748323868809158,0.925940468880567
"GO:0010092","specification of animal organ identity",0,-0.738202406252296,0.920307080806701
"GO:0045599","negative regulation of fat cell differentiation",0,-0.74605790118629,0.934223976498207
"GO:0019079","viral genome replication",0,-0.740885274504504,0.970658369032329
"GO:0072540","T-helper 17 cell lineage commitment",0,-0.74197976451359,0.923706247759758
"GO:1900078","positive regulation of cellular response to insulin stimulus",0,-0.737708140785776,0.921019990072083
"GO:0043369","CD4-positive or CD8-positive, alpha-beta T cell lineage commitment",0,-0.737602368954405,0.929838760700231
"GO:1903055","positive regulation of extracellular matrix organization",0,0.743516532335205,0.932805075518519
"GO:0098704","carbohydrate import across plasma membrane",0,-0.741116018701969,0.954225114242188
"GO:0098708","D-glucose import across plasma membrane",0,-0.741116018701969,0.954225114242188
"GO:0140271","hexose import across plasma membrane",0,-0.741116018701969,0.954225114242188
"GO:0070841","inclusion body assembly",0,-0.734949029005422,0.928996307063397
"GO:0002363","alpha-beta T cell lineage commitment",0,-0.736596515922467,0.930220581806913
"GO:0015813","L-glutamate transmembrane transport",0,-0.741914052475126,0.928082242427397
"GO:0042559","pteridine-containing compound biosynthetic process",0,-0.738598633548106,0.910446841738423
"GO:0010907","positive regulation of glucose metabolic process",0,0.754491519343808,0.951644688939892
"GO:0033194","response to hydroperoxide",0,0.740962714641591,0.909840023396125
"GO:0035336","long-chain fatty-acyl-CoA metabolic process",0,-0.734274331003472,0.922167136371403
"GO:0002360","T cell lineage commitment",0,-0.73963020498881,0.93251425186248
"GO:0010310","regulation of hydrogen peroxide metabolic process",0,-0.733168627940661,0.921756720710371
"GO:1902930","regulation of alcohol biosynthetic process",0,-0.747794702735992,0.935973470707929
"GO:0043373","CD4-positive, alpha-beta T cell lineage commitment",0,-0.731963042404738,0.935354963018193
"GO:1905508","protein localization to microtubule organizing center",0,-0.736637811304476,0.935423459651254
"GO:0048644","muscle organ morphogenesis",0,-0.728037689850116,0.958695622151387
"GO:0060415","muscle tissue morphogenesis",0,-0.728037689850116,0.958695622151387
"GO:0036507","protein demannosylation",0,-0.735874374060113,0.909503640616661
"GO:0036508","protein alpha-1,2-demannosylation",0,-0.735874374060113,0.909503640616661
"GO:0042149","cellular response to glucose starvation",0,0.734358057081742,0.966534831005401
"GO:0060546","negative regulation of necroptotic process",0,-0.739131261062704,0.914055216684554
"GO:0045618","positive regulation of keratinocyte differentiation",0,-0.732789381873591,0.915061038661168
"GO:1900029","positive regulation of ruffle assembly",0,-0.737379208743667,0.912859086545436
"GO:1900181","negative regulation of protein localization to nucleus",0,0.716514268784174,0.959511288080875
"GO:0045104","intermediate filament cytoskeleton organization",0,-0.735103403490103,0.970450756089056
"GO:0035264","multicellular organism growth",0,0.733417217287188,0.944412546275049
"GO:0048668","collateral sprouting",0,-0.72702207663745,0.924740039457646
"GO:0043201","response to L-leucine",0,-0.736420442008064,0.91515971417871
"GO:0050746","regulation of lipoprotein metabolic process",0,0.726607629923192,0.911794329252298
"GO:2000772","regulation of cellular senescence",0,-0.740550048958549,0.931224317967973
"GO:0046599","regulation of centriole replication",0,0.726592215108017,0.931617478051927
"GO:0045103","intermediate filament-based process",0,-0.727551802658857,0.97484783112613
"GO:0042574","retinal metabolic process",0,0.705517598578743,0.932040386767446
"GO:0031440","regulation of mRNA 3'-end processing",0,-0.735960227626286,0.916300017858889
"GO:0010453","regulation of cell fate commitment",0,-0.739898802724318,0.932385329114047
"GO:0051098","regulation of binding",0,-0.733903439508356,0.966561548679071
"GO:0062237","protein localization to postsynapse",0,-0.736503182335507,0.947934863061153
"GO:0042269","regulation of natural killer cell mediated cytotoxicity",0,-0.724100410945702,0.94877057724391
"GO:0035338","long-chain fatty-acyl-CoA biosynthetic process",0,-0.733861334088444,0.919259204148364
"GO:0051058","negative regulation of small GTPase mediated signal transduction",0,0.730037717107616,0.974087530870622
"GO:0003351","epithelial cilium movement involved in extracellular fluid movement",0,-0.729014983114544,0.91529600668409
"GO:0044320","cellular response to leptin stimulus",0,-0.731717016329781,0.92089230815202
"GO:0090317","negative regulation of intracellular protein transport",0,-0.725987588779941,0.931643211086254
"GO:0045606","positive regulation of epidermal cell differentiation",0,-0.731307024897004,0.92089230815202
"GO:0031123","RNA 3'-end processing",0,-0.73040286388088,0.970594755126332
"GO:0170039","proteinogenic amino acid metabolic process",0,-0.729512444552231,0.987253043465361
"GO:0035493","SNARE complex assembly",0,-0.718737849268074,0.932183954844715
"GO:0008652","amino acid biosynthetic process",0,-0.724713289507428,0.964952655604281
"GO:0000731","DNA synthesis involved in DNA repair",0,0.700591296794774,0.932535217975292
"GO:0046031","ADP metabolic process",0,-0.725143265337524,0.972770064763962
"GO:0000479","endonucleolytic cleavage of tricistronic rRNA transcript (SSU-rRNA, 5.8S rRNA, LSU-rRNA)",0,0.744336766990756,0.925371842959517
"GO:0140588","chromatin looping",0,-0.724097173785484,0.917284038285578
"GO:0032371","regulation of sterol transport",0,-0.71847998877422,0.965991148078746
"GO:0032374","regulation of cholesterol transport",0,-0.71847998877422,0.965991148078746
"GO:0031639","plasminogen activation",0,-0.716105239941984,0.938207252198129
"GO:1903725","regulation of phospholipid metabolic process",0,-0.730946052757254,0.935837372910252
"GO:0002065","columnar/cuboidal epithelial cell differentiation",0,-0.717213116974496,0.96636110552308
"GO:0001510","RNA methylation",0,-0.723433188198152,0.962582439142415
"GO:0046032","ADP catabolic process",0,-0.729222476991501,0.97013763611469
"GO:0000097","sulfur amino acid biosynthetic process",0,-0.723496975733599,0.921400440790612
"GO:0016048","detection of temperature stimulus",0,-0.714050591074831,0.931530799189504
"GO:0005979","regulation of glycogen biosynthetic process",0,-0.713265196958284,0.938948951841158
"GO:0010962","regulation of glucan biosynthetic process",0,-0.713265196958284,0.938948951841158
"GO:0034162","toll-like receptor 9 signaling pathway",0,0.71900145109067,0.955399668806562
"GO:0006491","N-glycan processing",0,0.707091516531095,0.947504142851309
"GO:0043470","regulation of carbohydrate catabolic process",0,-0.714023076554922,0.963245031418029
"GO:0043331","response to dsRNA",0,0.711443080746014,0.963091781936174
"GO:0003214","cardiac left ventricle morphogenesis",0,-0.721275563163756,0.925228440574065
"GO:0007603","phototransduction, visible light",0,0.715828947853156,0.923977340606951
"GO:2000406","positive regulation of T cell migration",0,0.710402916767749,0.961328391266393
"GO:1900006","positive regulation of dendrite development",0,0.714196518572449,0.924839356484037
"GO:0035272","exocrine system development",0,0.71400622280028,0.924839356484037
"GO:0036499","PERK-mediated unfolded protein response",0,-0.7185170524601,0.933533120987055
"GO:0060390","regulation of SMAD protein signal transduction",0,-0.717978262234966,0.96923227740082
"GO:1900102","negative regulation of endoplasmic reticulum unfolded protein response",0,0.707860328173485,0.939993313565074
"GO:0016052","carbohydrate catabolic process",0,-0.710127671306989,0.995902391171908
"GO:0061050","regulation of cell growth involved in cardiac muscle cell development",0,-0.710124880008941,0.925683503778684
"GO:1904894","positive regulation of receptor signaling pathway via STAT",0,0.727955107681325,0.970708700422409
"GO:0032008","positive regulation of TOR signaling",0,-0.712980115476221,0.969962399104517
"GO:0009583","detection of light stimulus",0,-0.715531233268788,0.963097380394827
"GO:1902808","positive regulation of cell cycle G1/S phase transition",0,-0.718379987817234,0.956354563124386
"GO:0045685","regulation of glial cell differentiation",0,-0.703393636224845,0.965312109134986
"GO:0006929","substrate-dependent cell migration",0,-0.69790109317876,0.941642148329564
"GO:0098703","calcium ion import across plasma membrane",0,-0.705949829955738,0.958332848655799
"GO:1902656","calcium ion import into cytosol",0,-0.705949829955738,0.958332848655799
"GO:0050862","positive regulation of T cell receptor signaling pathway",0,0.705995468090896,0.929596798695134
"GO:0098915","membrane repolarization during ventricular cardiac muscle cell action potential",0,-0.700068494690063,0.93611006585204
"GO:0007210","serotonin receptor signaling pathway",0,-0.700011195354936,0.93611006585204
"GO:0007289","spermatid nucleus differentiation",0,-0.699989444482263,0.93611006585204
"GO:0050996","positive regulation of lipid catabolic process",0,-0.704121641684139,0.944465684245831
"GO:0009584","detection of visible light",0,-0.702539691909297,0.949419315460354
"GO:0003148","outflow tract septum morphogenesis",0,-0.698207420945816,0.943658312537154
"GO:0032966","negative regulation of collagen biosynthetic process",0,0.696306772069091,0.932130939726871
"GO:0034121","regulation of toll-like receptor signaling pathway",0,-0.697237888189125,0.951692331205714
"GO:0042744","hydrogen peroxide catabolic process",0,0.711053179329992,0.949184050488087
"GO:0072574","hepatocyte proliferation",0,0.677346501631211,0.946866280934183
"GO:0030949","positive regulation of vascular endothelial growth factor receptor signaling pathway",0,0.712277231557204,0.921441582586972
"GO:0008298","intracellular mRNA localization",0,0.700868733000103,0.932936283154098
"GO:0000466","maturation of 5.8S rRNA from tricistronic rRNA transcript (SSU-rRNA, 5.8S rRNA, LSU-rRNA)",0,-0.701034008409391,0.950394767305708
"GO:0016073","snRNA metabolic process",0,0.701695863997138,0.986597447357677
"GO:0170044","non-proteinogenic amino acid catabolic process",0,-0.701785982127586,0.931144659300747
"GO:0043651","linoleic acid metabolic process",0,0.693968149729814,0.946133983891944
"GO:0000729","DNA double-strand break processing",0,-0.701429449428235,0.931321890020481
"GO:0016075","rRNA catabolic process",0,0.697737319019006,0.944139627973578
"GO:1903539","protein localization to postsynaptic membrane",0,-0.697333483507684,0.970387924041306
"GO:0046184","aldehyde biosynthetic process",0,-0.701363404477898,0.934430932341435
"GO:0070102","interleukin-6-mediated signaling pathway",0,-0.687165953851493,0.947495402530436
"GO:0032488","Cdc42 protein signal transduction",0,0.697064273523912,0.935474663844266
"GO:1905898","positive regulation of response to endoplasmic reticulum stress",0,-0.69508162614344,0.96270466206951
"GO:1990822","basic amino acid transmembrane transport",0,-0.699635585350684,0.936197890269675
"GO:0010713","negative regulation of collagen metabolic process",0,0.693498344311071,0.936145514489072
"GO:0017121","plasma membrane phospholipid scrambling",0,0.682887495717851,0.958674813306197
"GO:0010469","regulation of signaling receptor activity",0,-0.69068307719191,0.965282656525503
"GO:0007405","neuroblast proliferation",0,-0.691425026952725,0.961652305841379
"GO:0090025","regulation of monocyte chemotaxis",0,0.692133390461034,0.965285265731305
"GO:0034309","primary alcohol biosynthetic process",0,0.700296218506571,0.941755318284503
"GO:0031269","pseudopodium assembly",0,-0.689053809699617,0.933519883430339
"GO:1903727","positive regulation of phospholipid metabolic process",0,0.687859008631459,0.949768425935428
"GO:0001945","lymph vessel development",0,-0.676777765338388,0.953398142732647
"GO:1902047","polyamine transmembrane transport",0,-0.684273872775666,0.939027746790319
"GO:0000462","maturation of SSU-rRNA from tricistronic rRNA transcript (SSU-rRNA, 5.8S rRNA, LSU-rRNA)",0,0.678533773477399,0.968618757640393
"GO:1900744","regulation of p38MAPK cascade",0,-0.6945781666003,0.962418812538105
"GO:0031573","mitotic intra-S DNA damage checkpoint signaling",0,-0.690278531230992,0.93956938457641
"GO:0016266","protein O-linked glycosylation via N-acetyl-galactosamine",0,0.679219639636618,0.980518932057741
"GO:0045109","intermediate filament organization",0,-0.683774530883493,0.986195944004467
"GO:0089718","amino acid import across plasma membrane",0,-0.681586276269677,0.976697937526409
"GO:1905244","regulation of modification of synaptic structure",0,0.681827855067642,0.953638518493084
"GO:0046427","positive regulation of receptor signaling pathway via JAK-STAT",0,0.695253466663429,0.980035322733992
"GO:0046068","cGMP metabolic process",0,-0.672007092197071,0.956187365404369
"GO:0071391","cellular response to estrogen stimulus",0,-0.685883401076785,0.941084023184129
"GO:0031268","pseudopodium organization",0,-0.683334757563025,0.938383624826354
"GO:0030947","regulation of vascular endothelial growth factor receptor signaling pathway",0,-0.680201279307721,0.964746264064639
"GO:0002706","regulation of lymphocyte mediated immunity",0,-0.681040228742168,0.998900412609074
"GO:1905709","negative regulation of membrane permeability",0,-0.67947514699496,0.939801158865125
"GO:0031053","primary miRNA processing",0,-0.680748032647074,0.944567128260529
"GO:0050810","regulation of steroid biosynthetic process",0,-0.674721180653706,0.98985614940945
"GO:2001224","positive regulation of neuron migration",0,-0.67784896219268,0.940732821528275
"GO:0001933","negative regulation of protein phosphorylation",0,-0.680945404581968,0.993869402743916
"GO:0061180","mammary gland epithelium development",0,-0.671303047761986,0.964784383024432
"GO:0006999","nuclear pore organization",0,0.666168597543459,0.948471275354359
"GO:0015846","polyamine transport",0,-0.67678439979491,0.947786825611926
"GO:0035082","axoneme assembly",0,-0.673106609757371,0.975834533762038
"GO:0034312","diol biosynthetic process",0,0.666330917365361,0.960861113877273
"GO:0071359","cellular response to dsRNA",0,0.66350770741956,0.949011314679583
"GO:0050965","detection of temperature stimulus involved in sensory perception of pain",0,-0.664453111310562,0.954816310160403
"GO:1903523","negative regulation of blood circulation",0,-0.664000333610719,0.957611803621351
"GO:0046326","positive regulation of D-glucose import across plasma membrane",0,0.669615260610415,0.972702166494924
"GO:0006206","pyrimidine nucleobase metabolic process",0,-0.66607502205174,0.947580807975537
"GO:0060795","cell fate commitment involved in formation of primary germ layer",0,-0.663159392586518,0.959709854989956
"GO:0038092","nodal signaling pathway",0,0.655494977709336,0.952858780673394
"GO:0043543","protein acylation",0,-0.662626833017638,0.984289315175727
"GO:0070897","transcription preinitiation complex assembly",0,-0.669307001600886,0.990117763188389
"GO:0045197","establishment or maintenance of epithelial cell apical/basal polarity",0,-0.663056169513071,0.968690686154672
"GO:0006670","sphingosine metabolic process",0,-0.670754823135445,0.950900524882591
"GO:0031645","negative regulation of nervous system process",0,-0.669644360708501,0.951996462000865
"GO:0002715","regulation of natural killer cell mediated immunity",0,-0.658508887117789,0.983325990228302
"GO:0050961","detection of temperature stimulus involved in sensory perception",0,-0.667159500422688,0.953074778767649
"GO:0043923","host-mediated activation of viral transcription",0,0.66234482653541,0.962829798895357
"GO:0001709","cell fate determination",0,-0.653354501632221,0.964822984072165
"GO:0046578","regulation of Ras protein signal transduction",0,0.658719116294892,0.99358132040739
"GO:0018126","protein hydroxylation",0,-0.655352791519811,0.937978395735742
"GO:0033120","positive regulation of RNA splicing",0,0.680209782466995,0.956249625188573
"GO:0003356","regulation of cilium beat frequency",0,0.655037175553707,0.945009170406393
"GO:0046519","sphingoid metabolic process",0,-0.654950055295669,0.958513084182357
"GO:0035914","skeletal muscle cell differentiation",0,-0.65230011892118,0.968404402571578
"GO:1904754","positive regulation of vascular associated smooth muscle cell migration",0,-0.662455514838846,0.955333432066784
"GO:0051894","positive regulation of focal adhesion assembly",0,-0.652223824314407,0.970112360636663
"GO:0016447","somatic recombination of immunoglobulin gene segments",0,-0.65504825600348,0.981474006288253
"GO:0043330","response to exogenous dsRNA",0,0.646737247665661,0.983482928743352
"GO:0060966","regulation of gene silencing by regulatory ncRNA",0,-0.651929602002251,0.97542103316025
"GO:2000279","negative regulation of DNA biosynthetic process",0,-0.645088904528158,0.971680792221932
"GO:1901881","positive regulation of protein depolymerization",0,-0.655267893402924,0.959358581613058
"GO:0060259","regulation of feeding behavior",0,-0.656842211408924,0.976483891620355
"GO:0050650","chondroitin sulfate proteoglycan biosynthetic process",0,-0.641338125019119,0.96880056411707
"GO:0070431","nucleotide-binding oligomerization domain containing 2 signaling pathway",0,0.635285028083544,0.959889658447665
"GO:0002418","immune response to tumor cell",0,-0.647876273853963,0.974721459118539
"GO:0050951","sensory perception of temperature stimulus",0,-0.648676413119266,0.96891038807834
"GO:0016078","tRNA decay",0,0.642832419234869,0.970104628950549
"GO:0034638","phosphatidylcholine catabolic process",0,0.652050263867017,0.963323642089293
"GO:2000737","negative regulation of stem cell differentiation",0,-0.637322544477144,0.965230826021419
"GO:0002717","positive regulation of natural killer cell mediated immunity",0,-0.639751234790497,0.97742194218162
"GO:2001014","regulation of skeletal muscle cell differentiation",0,-0.646002410268999,0.962893298711291
"GO:0045954","positive regulation of natural killer cell mediated cytotoxicity",0,-0.63944909561392,0.973511754494967
"GO:0010457","centriole-centriole cohesion",0,0.632750132079963,0.962770296086482
"GO:0046579","positive regulation of Ras protein signal transduction",0,-0.633889891431408,0.969707651955353
"GO:0019184","nonribosomal peptide biosynthetic process",0,0.638764863021093,0.963762447108378
"GO:0042430","indole-containing compound metabolic process",0,-0.637441023192347,0.973803795223308
"GO:0007288","sperm axoneme assembly",0,-0.635151229005197,0.960496662111081
"GO:0007602","phototransduction",0,0.632609366047982,0.993517175837966
"GO:0019430","removal of superoxide radicals",0,-0.626249166194448,0.971866733085682
"GO:0071450","cellular response to oxygen radical",0,-0.626249166194448,0.971866733085682
"GO:0071451","cellular response to superoxide",0,-0.626249166194448,0.971866733085682
"GO:0071360","cellular response to exogenous dsRNA",0,0.624025205003023,0.964760344392388
"GO:0002689","negative regulation of leukocyte chemotaxis",0,-0.63256045070323,0.960505238311422
"GO:1900226","negative regulation of NLRP3 inflammasome complex assembly",0,-0.634309827597088,0.958513446403237
"GO:0070231","T cell apoptotic process",0,-0.625759424193987,0.984434649739849
"GO:0010894","negative regulation of steroid biosynthetic process",0,0.64782352620429,0.971004826702087
"GO:0002204","somatic recombination of immunoglobulin genes involved in immune response",0,-0.623099990910367,0.983718824239259
"GO:0002208","somatic diversification of immunoglobulins involved in immune response",0,-0.623099990910367,0.983718824239259
"GO:0045190","isotype switching",0,-0.623099990910367,0.983718824239259
"GO:0006309","apoptotic DNA fragmentation",0,-0.632025287730669,0.96701485783457
"GO:0090206","negative regulation of cholesterol metabolic process",0,-0.620443399886502,0.948624599913678
"GO:0099638","endosome to plasma membrane protein transport",0,-0.625951702042548,0.960963699252873
"GO:0046512","sphingosine biosynthetic process",0,0.634998967682734,0.960613870056317
"GO:0046520","sphingoid biosynthetic process",0,0.634998967682734,0.960613870056317
"GO:0015802","basic amino acid transport",0,0.640801523603934,0.973661164848963
"GO:1902931","negative regulation of alcohol biosynthetic process",0,-0.62310713716786,0.959733183992574
"GO:0035092","sperm DNA condensation",0,-0.616312798547658,0.969344571502969
"GO:1902235","regulation of endoplasmic reticulum stress-induced intrinsic apoptotic signaling pathway",0,-0.617933683028569,0.985633458356352
"GO:0140131","positive regulation of lymphocyte chemotaxis",0,-0.616783379189447,0.9681551749214
"GO:0002756","MyD88-independent toll-like receptor signaling pathway",0,-0.617822381516767,0.970004508700261
"GO:0044793","host-mediated suppression of viral proces",0,0.6124789590434,0.971660930310351
"GO:0032413","negative regulation of ion transmembrane transporter activity",0,-0.605359338281578,0.975714937124572
"GO:0044790","suppression of viral release by host",0,0.588613797605725,0.980239990294226
"GO:0019985","translesion synthesis",0,-0.597404978834334,0.98393774083741
"GO:0090592","DNA synthesis involved in DNA replication",0,-0.601709469290646,0.984189780768958
"GO:0006907","pinocytosis",0,-0.596923296686605,0.982124281228915
"GO:0062099","negative regulation of programmed necrotic cell death",0,-0.60463871947477,0.974777991839211
"GO:1903897","regulation of PERK-mediated unfolded protein response",0,0.607583289380107,0.97897664720405
"GO:0002716","negative regulation of natural killer cell mediated immunity",0,-0.601668642232937,0.975836564176609
"GO:0045953","negative regulation of natural killer cell mediated cytotoxicity",0,-0.601668642232937,0.975836564176609
"GO:1905209","positive regulation of cardiocyte differentiation",0,-0.600201367065635,0.97212910801136
"GO:0032410","negative regulation of transporter activity",0,-0.596965634345739,0.976777402405902
"GO:0055091","phospholipid homeostasis",0,0.599004819687822,0.979873532064181
"GO:0048714","positive regulation of oligodendrocyte differentiation",0,-0.587413055329529,0.976982263985235
"GO:0002381","immunoglobulin production involved in immunoglobulin-mediated immune response",0,-0.587835308593353,0.993196187278615
"GO:0034497","protein localization to phagophore assembly site",0,-0.583043090669676,0.977585667398803
"GO:0070232","regulation of T cell apoptotic process",0,-0.578018707167331,0.987318800212602
"GO:0009214","cyclic nucleotide catabolic process",0,0.560973853378597,0.98652597802671
"GO:0090311","regulation of protein deacetylation",0,-0.580514597268307,0.971748838060474
"GO:1904948","midbrain dopaminergic neuron differentiation",0,0.576707679650411,0.988612400730334
"GO:0007158","neuron cell-cell adhesion",0,-0.572359146953723,0.985058218673732
"GO:1904380","endoplasmic reticulum mannose trimming",0,-0.577961359438955,0.971997520937931
"GO:0060147","regulation of post-transcriptional gene silencing",0,-0.581242676770503,0.98742804951962
"GO:0060964","regulation of miRNA-mediated gene silencing",0,-0.581242676770503,0.98742804951962
"GO:1900368","regulation of post-transcriptional gene silencing by regulatory ncRNA",0,-0.581242676770503,0.98742804951962
"GO:0035279","miRNA-mediated gene silencing by mRNA destabilization",0,-0.581062548353634,0.956534554967875
"GO:0090208","positive regulation of triglyceride metabolic process",0,-0.565606175821728,0.986261786808423
"GO:0043555","regulation of translation in response to stress",0,0.585084417212901,0.990250486936902
"GO:0051923","sulfation",0,-0.566262694225305,0.980958997041627
"GO:0071542","dopaminergic neuron differentiation",0,-0.568170733284822,0.994974769373303
"GO:0035872","nucleotide-binding domain, leucine rich repeat containing receptor signaling pathway",0,-0.560689906936487,0.991756259694569
"GO:0141163","positive regulation of cAMP/PKA signal transduction",0,0.561754517825502,0.990958401997432
"GO:0035315","hair cell differentiation",0,-0.555257468429942,0.992455138226491
"GO:0071459","protein localization to chromosome, centromeric region",0,0.552077468813561,0.985355887650725
"GO:0090630","activation of GTPase activity",0,0.537029877274452,0.992687123073307
"GO:0030488","tRNA methylation",0,-0.543482485256764,0.996881924226467
"GO:2000291","regulation of myoblast proliferation",0,0.534406959789012,0.97812773037105
"GO:1903894","regulation of IRE1-mediated unfolded protein response",0,-0.539811941036965,0.989550791867397
"GO:0090103","cochlea morphogenesis",0,-0.538610485774529,0.980243639203012
"GO:0002562","somatic diversification of immune receptors via germline recombination within a single locus",0,-0.53679173394426,1
"GO:0016444","somatic cell DNA recombination",0,-0.53679173394426,1
"GO:0050908","detection of light stimulus involved in visual perception",0,-0.525203862435625,0.989041416225954
"GO:0050962","detection of light stimulus involved in sensory perception",0,-0.525203862435625,0.989041416225954
"GO:0002320","lymphoid progenitor cell differentiation",0,-0.517912782707845,0.99340183694923
"GO:0051930","regulation of sensory perception of pain",0,0.526553559152097,0.989160302579107
"GO:0051931","regulation of sensory perception",0,0.526553559152097,0.989160302579107
"GO:0034310","primary alcohol catabolic process",0,0.498959295656709,0.996076388766342
"GO:0045822","negative regulation of heart contraction",0,-0.498640112681371,0.99508625918015
"GO:1900118","negative regulation of execution phase of apoptosis",0,-0.417236814359121,0.994319974442637
"GO:2001023","regulation of response to drug",0,0.375754759869736,0.998401692234248
"GO:0061644","protein localization to CENP-A containing chromatin",0,-0.957970052946248,0.775650582382914
NA,NA,0,NA,NA
