"ID","Description","seed_fraction","median_NES","median_p.adjust"
"GO:2000146","negative regulation of cell motility",1,1.86116491762663,0.0137397252801002
"GO:0030336","negative regulation of cell migration",1,1.86658060703581,0.0131969376295407
"GO:0040013","negative regulation of locomotion",1,1.83508916833333,0.0156460462003268
"GO:0019216","regulation of lipid metabolic process",1,1.81107396692338,0.0239456034426805
"GO:0051051","negative regulation of transport",1,1.75591490754574,0.0320293810699146
"GO:0051851","host-mediated perturbation of symbiont process",0.7,1.95483081974851,0.0456232503242811
"GO:1905953","negative regulation of lipid localization",0.55,1.96890971816689,0.04834931702515
"GO:0046890","regulation of lipid biosynthetic process",0.55,1.84994821049175,0.0481619346852466
"GO:0030100","regulation of endocytosis",0.55,1.74635950827994,0.0484181986615024
"GO:0035821","modulation of process of another organism",0.4,1.92203783641477,0.0528157994256395
"GO:0048659","smooth muscle cell proliferation",0.4,1.89004624165396,0.0575464721970591
"GO:0048662","negative regulation of smooth muscle cell proliferation",0.25,1.95348119787204,0.0736579609907563
"GO:0065005","protein-lipid complex assembly",0.25,1.91786822011863,0.0665374375281103
"GO:0048660","regulation of smooth muscle cell proliferation",0.25,1.89146720649867,0.0602098711635403
"GO:0034381","plasma lipoprotein particle clearance",0.2,1.93111396724734,0.0792434584990195
"GO:0034377","plasma lipoprotein particle assembly",0.2,1.89525025536513,0.0915042434180053
"GO:0051055","negative regulation of lipid biosynthetic process",0.1,1.88732753482772,0.107118196026919
"GO:0019915","lipid storage",0.1,1.91582400550268,0.0926171791333054
"GO:0019217","regulation of fatty acid metabolic process",0.1,1.88634604362332,0.0778027328294398
"GO:0045744","negative regulation of G protein-coupled receptor signaling pathway",0.1,1.89314952288168,0.0889427167018734
"GO:0097006","regulation of plasma lipoprotein particle levels",0.1,1.88143259125477,0.0934307093624256
"GO:0010565","regulation of ketone metabolic process",0.1,1.83630325330636,0.0861077128779721
"GO:0060996","dendritic spine development",0.1,1.88184552148246,0.0862733645538095
"GO:0010985","negative regulation of lipoprotein particle clearance",0.1,1.78358829453779,0.0717745686783599
"GO:0050866","negative regulation of cell activation",0.1,1.77720983490825,0.0898201861145493
"GO:0050670","regulation of lymphocyte proliferation",0.1,1.75565178437284,0.0977900077414161
"GO:0070663","regulation of leukocyte proliferation",0.1,1.75262278349238,0.0846542436833567
"GO:0042180","ketone metabolic process",0.1,1.71829966261526,0.106787457262961
"GO:0090207","regulation of triglyceride metabolic process",0.05,1.88676142829719,0.0985637386684107
"GO:0032369","negative regulation of lipid transport",0.05,1.88674077741104,0.100620100353705
"GO:0042157","lipoprotein metabolic process",0.05,1.8581870028591,0.104195940521808
"GO:0140467","integrated stress response signaling",0.05,1.88597769812067,0.0975716518590603
"GO:0045601","regulation of endothelial cell differentiation",0.05,1.88480014511917,0.109081399681088
"GO:0032637","interleukin-8 production",0.05,1.82962347518871,0.109268178135381
"GO:0032677","regulation of interleukin-8 production",0.05,1.82962347518871,0.109268178135381
"GO:0170062","nutrient storage",0.05,1.7966980919498,0.138104561619143
"GO:0048259","regulation of receptor-mediated endocytosis",0.05,1.78157145447942,0.113101591807571
"GO:0033002","muscle cell proliferation",0.05,1.75780897362206,0.100952928398198
"GO:0016358","dendrite development",0.05,1.73995994203522,0.100546781860134
"GO:0007162","negative regulation of cell adhesion",0.05,1.69349241191007,0.0928507686031236
"GO:0099173","postsynapse organization",0.05,1.66184066625899,0.105135968913965
"GO:0007018","microtubule-based movement",0.05,-1.42319736002421,0.0986304629164003
"GO:0042304","regulation of fatty acid biosynthetic process",0,1.8535041626027,0.129047640196357
"GO:0010984","regulation of lipoprotein particle clearance",0,1.82793327007279,0.118617495531557
"GO:0044794","host-mediated activation of viral process",0,1.85945601387889,0.116574256796667
"GO:0070741","response to interleukin-6",0,1.80043584065264,0.15032400185359
"GO:0045922","negative regulation of fatty acid metabolic process",0,1.81238429485011,0.129073363009432
"GO:0033344","cholesterol efflux",0,1.86199663574802,0.122352311426173
"GO:0048008","platelet-derived growth factor receptor signaling pathway",0,1.84741280755538,0.125858274152577
"GO:0032757","positive regulation of interleukin-8 production",0,1.83450720257404,0.130793086542959
"GO:0010866","regulation of triglyceride biosynthetic process",0,1.8141677708106,0.098375554074488
"GO:2000773","negative regulation of cellular senescence",0,1.81401243138409,0.098375554074488
"GO:0048261","negative regulation of receptor-mediated endocytosis",0,1.82121873072219,0.120199030428846
"GO:0010883","regulation of lipid storage",0,1.81338227387041,0.159428075306872
"GO:0150146","cell junction disassembly",0,1.78110402422492,0.156290393633397
"GO:0010640","regulation of platelet-derived growth factor receptor signaling pathway",0,1.80546191299989,0.118899391954611
"GO:0055090","acylglycerol homeostasis",0,1.80782244710516,0.160239211040906
"GO:0060998","regulation of dendritic spine development",0,1.80792917580487,0.15215614770084
"GO:0006956","complement activation",0,1.79237147729973,0.156910908998812
"GO:0062014","negative regulation of small molecule metabolic process",0,1.80303474802521,0.119263855818106
"GO:0035455","response to interferon-alpha",0,1.79810140683513,0.107591812553467
"GO:0046688","response to copper ion",0,1.81611154277166,0.13640210956884
"GO:0071827","plasma lipoprotein particle organization",0,1.7851330629541,0.159263645471271
"GO:0010596","negative regulation of endothelial cell migration",0,1.78961200832777,0.161757164984696
"GO:0045806","negative regulation of endocytosis",0,1.8306784428969,0.133584786499243
"GO:2000106","regulation of leukocyte apoptotic process",0,1.79566092423578,0.139711210931333
"GO:0035313","wound healing, spreading of epidermal cells",0,1.78150800595422,0.14092831154984
"GO:0070228","regulation of lymphocyte apoptotic process",0,1.75420936036244,0.163399644464397
"GO:0032371","regulation of sterol transport",0,1.76927844505012,0.163787410987953
"GO:0032374","regulation of cholesterol transport",0,1.76927844505012,0.163787410987953
"GO:0006040","amino sugar metabolic process",0,1.79437067068079,0.158531473721328
"GO:0071280","cellular response to copper ion",0,1.77389144202678,0.143406989987383
"GO:0008361","regulation of cell size",0,1.77678315907492,0.106809718250732
"GO:0032944","regulation of mononuclear cell proliferation",0,1.76016143258565,0.0944634398028076
"GO:0034368","protein-lipid complex remodeling",0,1.74277794860377,0.16821864656711
"GO:0034369","plasma lipoprotein particle remodeling",0,1.74277794860377,0.16821864656711
"GO:0022010","central nervous system myelination",0,1.77238269505348,0.134187057548452
"GO:0032291","axon ensheathment in central nervous system",0,1.77238269505348,0.134187057548452
"GO:0051345","positive regulation of hydrolase activity",0,1.77176018323195,0.134000528143764
"GO:0071825","protein-lipid complex organization",0,1.79108370587988,0.168714046488699
"GO:1904705","regulation of vascular associated smooth muscle cell proliferation",0,1.77633054956547,0.155183344850206
"GO:0014003","oligodendrocyte development",0,1.74806429074876,0.163399644464397
"GO:0043547","positive regulation of GTPase activity",0,1.77314320768708,0.159867297522106
"GO:0070664","negative regulation of leukocyte proliferation",0,1.73633288172222,0.164166225384467
"GO:0008277","regulation of G protein-coupled receptor signaling pathway",0,1.77335381709686,0.110455125201668
"GO:0030449","regulation of complement activation",0,1.78676436392105,0.15304796548095
"GO:2000134","negative regulation of G1/S transition of mitotic cell cycle",0,1.76018743170732,0.168688641896233
"GO:1905952","regulation of lipid localization",0,1.77040799605225,0.101783745161337
"GO:0042098","T cell proliferation",0,1.72590885567583,0.109397862639462
"GO:0044788","host-mediated perturbation of viral process",0,1.761670973575,0.153840416339873
"GO:0051336","regulation of hydrolase activity",0,1.77038901933468,0.101938283034536
"GO:0050868","negative regulation of T cell activation",0,1.72271839052024,0.141842092949078
"GO:0046889","positive regulation of lipid biosynthetic process",0,1.75716704567894,0.13629125598317
"GO:0002920","regulation of humoral immune response",0,1.71990266236087,0.17016832252802
"GO:0045833","negative regulation of lipid metabolic process",0,1.73624715881283,0.151076958609095
"GO:0070328","triglyceride homeostasis",0,1.79733354474905,0.163896865101555
"GO:1902807","negative regulation of cell cycle G1/S phase transition",0,1.73632165929737,0.173716451824177
"GO:1990874","vascular associated smooth muscle cell proliferation",0,1.77952294785415,0.163069962561884
"GO:0071320","cellular response to cAMP",0,1.75858541479487,0.170908734748524
"GO:0033555","multicellular organismal response to stress",0,1.74776541411926,0.183730884082918
"GO:0090504","epiboly",0,1.76122117183197,0.165514502294335
"GO:0050771","negative regulation of axonogenesis",0,1.76043740578033,0.165514502294335
"GO:0030324","lung development",0,1.75730216373217,0.146018888359413
"GO:0016264","gap junction assembly",0,1.75352314324139,0.140231995581366
"GO:0046597","host-mediated suppression of symbiont invasion",0,1.73062182633893,0.178519315605273
"GO:0001935","endothelial cell proliferation",0,1.73800377201527,0.123868060150882
"GO:0030277","maintenance of gastrointestinal epithelium",0,1.72918691921164,0.178519315605273
"GO:0045197","establishment or maintenance of epithelial cell apical/basal polarity",0,1.73618411167499,0.173526162557052
"GO:0060999","positive regulation of dendritic spine development",0,1.73716717473907,0.173280970577751
"GO:0014741","negative regulation of muscle hypertrophy",0,1.71431228545607,0.171383625727515
"GO:0070374","positive regulation of ERK1 and ERK2 cascade",0,1.71926948762485,0.112616590750643
"GO:0045717","negative regulation of fatty acid biosynthetic process",0,1.74781217681255,0.147289160487281
"GO:0098883","synapse pruning",0,1.72590600011407,0.166247099045415
"GO:0010885","regulation of cholesterol storage",0,1.75086931245131,0.160292212153284
"GO:0042129","regulation of T cell proliferation",0,1.73840830533892,0.116787998290051
"GO:0002526","acute inflammatory response",0,1.72442015178459,0.162472919734026
"GO:0071887","leukocyte apoptotic process",0,1.73844378310612,0.159116978699481
"GO:0034341","response to type II interferon",0,1.68842926885443,0.16824897191822
"GO:0034367","protein-containing complex remodeling",0,1.73502873164087,0.173669292503897
"GO:0002695","negative regulation of leukocyte activation",0,1.71108392100101,0.114012135407367
"GO:0044319","wound healing, spreading of cells",0,1.73506723221039,0.178651882095971
"GO:0090505","epiboly involved in wound healing",0,1.73506723221039,0.178651882095971
"GO:0032372","negative regulation of sterol transport",0,1.74551121632761,0.110803675401936
"GO:0032375","negative regulation of cholesterol transport",0,1.74551121632761,0.110803675401936
"GO:0030323","respiratory tube development",0,1.76809740000801,0.159663232643435
"GO:0003091","renal water homeostasis",0,1.73325877496643,0.178758926107445
"GO:0097061","dendritic spine organization",0,1.74215234039753,0.15868345991444
"GO:0002011","morphogenesis of an epithelial sheet",0,1.74269616421825,0.175500969094991
"GO:0050891","multicellular organismal-level water homeostasis",0,1.72763070536945,0.175165432760992
"GO:0044091","membrane biogenesis",0,1.71991210921303,0.174967238509049
"GO:0006833","water transport",0,1.70901049679523,0.174425481258661
"GO:0051250","negative regulation of lymphocyte activation",0,1.71699129095469,0.13563054264375
"GO:0006958","complement activation, classical pathway",0,1.69614853727622,0.181263682809574
"GO:0014912","negative regulation of smooth muscle cell migration",0,1.71406661217924,0.182120720705382
"GO:0035088","establishment or maintenance of apical/basal cell polarity",0,1.72710091165602,0.180016180341237
"GO:0061245","establishment or maintenance of bipolar cell polarity",0,1.72710091165602,0.180016180341237
"GO:0097242","amyloid-beta clearance",0,1.68269182295224,0.187790900266588
"GO:0030301","cholesterol transport",0,1.73300591894237,0.146291058821617
"GO:2000107","negative regulation of leukocyte apoptotic process",0,1.72513101550819,0.178876443497518
"GO:0045667","regulation of osteoblast differentiation",0,1.71643491519506,0.160231066955171
"GO:1902004","positive regulation of amyloid-beta formation",0,1.71941269915806,0.165949422151702
"GO:1904861","excitatory synapse assembly",0,1.72684738438029,0.176844372094082
"GO:0072089","stem cell proliferation",0,1.70765260134891,0.184224527699724
"GO:0106027","neuron projection organization",0,1.69808651011632,0.177382901466894
"GO:0090209","negative regulation of triglyceride metabolic process",0,1.72659116785172,0.127429849828679
"GO:0060541","respiratory system development",0,1.71620513391877,0.167728532724102
"GO:0043087","regulation of GTPase activity",0,1.71839633788131,0.153033443373027
"GO:0007263","nitric oxide mediated signal transduction",0,1.69591720243045,0.184340057682068
"GO:1903038","negative regulation of leukocyte cell-cell adhesion",0,1.67799719115448,0.156639737461673
"GO:0043114","regulation of vascular permeability",0,1.70551266326397,0.203782466795197
"GO:0032368","regulation of lipid transport",0,1.66925932363728,0.165949422151702
"GO:0048146","positive regulation of fibroblast proliferation",0,1.71863836923356,0.179797407606938
"GO:0015914","phospholipid transport",0,1.70365570600169,0.161563181896146
"GO:0043243","positive regulation of protein-containing complex disassembly",0,-1.69764603640613,0.1010819170789
"GO:1904706","negative regulation of vascular associated smooth muscle cell proliferation",0,1.69165992343514,0.201162132074022
"GO:1901889","negative regulation of cell junction assembly",0,1.71494986397992,0.179797407606938
"GO:0051043","regulation of membrane protein ectodomain proteolysis",0,1.69827159950699,0.18723579475282
"GO:0010563","negative regulation of phosphorus metabolic process",0,1.68475489070573,0.156398358855318
"GO:0045936","negative regulation of phosphate metabolic process",0,1.68475489070573,0.156398358855318
"GO:2000648","positive regulation of stem cell proliferation",0,1.68996776051568,0.201162132074022
"GO:0015918","sterol transport",0,1.7274143736811,0.15160559554607
"GO:2000772","regulation of cellular senescence",0,1.67775545868846,0.209183623728576
"GO:0010669","epithelial structure maintenance",0,1.69218266456693,0.187184191895145
"GO:0051546","keratinocyte migration",0,1.70322507617326,0.169857170317642
"GO:0071709","membrane assembly",0,1.7210028353231,0.178445619773033
"GO:0035456","response to interferon-beta",0,1.66674052023457,0.19543845933405
"GO:1901550","regulation of endothelial cell development",0,1.70727985260331,0.181617335188574
"GO:1903140","regulation of establishment of endothelial barrier",0,1.70727985260331,0.181617335188574
"GO:0150078","positive regulation of neuroinflammatory response",0,1.69933475894533,0.17075790064321
"GO:0051895","negative regulation of focal adhesion assembly",0,1.67890886678898,0.188341124781651
"GO:0090280","positive regulation of calcium ion import",0,1.67697987257567,0.200373545272597
"GO:1904018","positive regulation of vasculature development",0,1.67244661063038,0.135222551174292
"GO:0006953","acute-phase response",0,1.7047914244698,0.184604029207374
"GO:0001936","regulation of endothelial cell proliferation",0,1.71376643047833,0.158823049607182
"GO:0048144","fibroblast proliferation",0,1.68679119666949,0.187374301326579
"GO:0010878","cholesterol storage",0,1.67763578456421,0.188341124781651
"GO:0045766","positive regulation of angiogenesis",0,1.66777522792415,0.143434228702402
"GO:0061448","connective tissue development",0,1.69582274778059,0.107304687215515
"GO:0043116","negative regulation of vascular permeability",0,1.70249286044337,0.184958697168954
"GO:0072091","regulation of stem cell proliferation",0,1.70279147623579,0.186653266428332
"GO:0071294","cellular response to zinc ion",0,1.69821921446314,0.200388574686626
"GO:0042130","negative regulation of T cell proliferation",0,1.68187885581215,0.194777304904059
"GO:1902993","positive regulation of amyloid precursor protein catabolic process",0,1.67001495258809,0.200816226585545
"GO:0150118","negative regulation of cell-substrate junction organization",0,1.69490667234912,0.201195752700324
"GO:0051926","negative regulation of calcium ion transport",0,1.66350557608516,0.216407395193652
"GO:0061387","regulation of extent of cell growth",0,1.69751919248166,0.168322617137352
"GO:0097107","postsynaptic density assembly",0,1.67725371956865,0.195279539094807
"GO:0006957","complement activation, alternative pathway",0,1.68869646879371,0.173491514336632
"GO:0002455","humoral immune response mediated by circulating immunoglobulin",0,1.69367601157486,0.183412439899654
"GO:0061082","myeloid leukocyte cytokine production",0,1.66637196308951,0.200816226585545
"GO:0048145","regulation of fibroblast proliferation",0,1.71534944089502,0.164889496359419
"GO:0034375","high-density lipoprotein particle remodeling",0,1.6717132306384,0.211728597704322
"GO:0090398","cellular senescence",0,1.71146484086551,0.168533071646311
"GO:0140962","multicellular organismal-level chemical homeostasis",0,1.68062324108281,0.176735522481615
"GO:0071276","cellular response to cadmium ion",0,1.66550440925068,0.193432621712827
"GO:0071549","cellular response to dexamethasone stimulus",0,1.69165180727536,0.187379454976361
"GO:0035332","positive regulation of hippo signaling",0,1.69196869176364,0.162981104522125
"GO:0032945","negative regulation of mononuclear cell proliferation",0,1.67874103838569,0.189400883693035
"GO:0032801","receptor catabolic process",0,1.66588594838137,0.189400883693035
"GO:1900221","regulation of amyloid-beta clearance",0,1.68668715761159,0.188206536198874
"GO:0006638","neutral lipid metabolic process",0,1.66585608954711,0.165509544481636
"GO:0006639","acylglycerol metabolic process",0,1.66585608954711,0.165509544481636
"GO:0051591","response to cAMP",0,1.68393599277361,0.172954997524113
"GO:0010884","positive regulation of lipid storage",0,1.67408906800627,0.178330821355693
"GO:0042552","myelination",0,1.66577291022083,0.176097218520583
"GO:0034638","phosphatidylcholine catabolic process",0,1.67998344119296,0.173491514336632
"GO:0050672","negative regulation of lymphocyte proliferation",0,1.66200037554453,0.193049282071234
"GO:0010812","negative regulation of cell-substrate adhesion",0,1.64920603008309,0.205329665454619
"GO:0045765","regulation of angiogenesis",0,1.64511876254288,0.109719109098936
"GO:0045069","regulation of viral genome replication",0,1.62858920453675,0.216567655890178
"GO:0030225","macrophage differentiation",0,1.65828114594689,0.211851008662973
"GO:1903900","regulation of viral life cycle",0,1.66022589013594,0.177442430355324
"GO:0046475","glycerophospholipid catabolic process",0,1.66593512646882,0.202185022825901
"GO:0070227","lymphocyte apoptotic process",0,1.68282786451398,0.200289517164719
"GO:0006641","triglyceride metabolic process",0,1.69572630741969,0.169003767584141
"GO:2001138","regulation of phospholipid transport",0,1.65880757603843,0.174588887062062
"GO:2001140","positive regulation of phospholipid transport",0,1.65880757603843,0.174588887062062
"GO:0019083","viral transcription",0,1.67337770364166,0.203496116631575
"GO:0051216","cartilage development",0,1.65598074255298,0.172797793586437
"GO:0007272","ensheathment of neurons",0,1.63792087181708,0.182377325673035
"GO:0008366","axon ensheathment",0,1.63792087181708,0.182377325673035
"GO:1903725","regulation of phospholipid metabolic process",0,1.65758101224985,0.192757297186939
"GO:1901888","regulation of cell junction assembly",0,1.64658672921062,0.10415203495624
"GO:0021782","glial cell development",0,1.6417831473432,0.197671144581685
"GO:0045933","positive regulation of muscle contraction",0,-1.66281721356324,0.108827189678122
"GO:0019068","virion assembly",0,1.62804959210931,0.226178218628741
"GO:0061081","positive regulation of myeloid leukocyte cytokine production involved in immune response",0,1.66064169210994,0.179400429060459
"GO:0071385","cellular response to glucocorticoid stimulus",0,1.64361493343448,0.228610887262712
"GO:0070661","leukocyte proliferation",0,1.62647057966587,0.118338432538559
"GO:0097106","postsynaptic density organization",0,1.6472160949385,0.214361922666182
"GO:0097062","dendritic spine maintenance",0,1.66143393514248,0.216994995941978
"GO:0001837","epithelial to mesenchymal transition",0,1.64395357318576,0.159972415441705
"GO:0072224","metanephric glomerulus development",0,1.66109080432172,0.173491514336632
"GO:0010614","negative regulation of cardiac muscle hypertrophy",0,1.64013934300076,0.201103342935959
"GO:0046621","negative regulation of organ growth",0,1.63799193714504,0.238414451305852
"GO:0071384","cellular response to corticosteroid stimulus",0,1.66728893136374,0.206429501253788
"GO:0045807","positive regulation of endocytosis",0,1.60836976900783,0.177111401947443
"GO:0007586","digestion",0,1.61535422150159,0.193781830844724
"GO:0007611","learning or memory",0,1.65225902125609,0.146018621694944
"GO:0030516","regulation of axon extension",0,1.66460357827795,0.19506908624622
"GO:0048675","axon extension",0,1.63003032038397,0.1990872580297
"GO:0030890","positive regulation of B cell proliferation",0,1.65122129135864,0.19525261572708
"GO:0060349","bone morphogenesis",0,1.65396223113581,0.200538261208464
"GO:0051928","positive regulation of calcium ion transport",0,1.62867617037939,0.1990872580297
"GO:0051965","positive regulation of synapse assembly",0,1.63429905613681,0.224074305726911
"GO:0050890","cognition",0,1.64716259560984,0.122568396678544
"GO:0032570","response to progesterone",0,1.64261281233477,0.226740568648494
"GO:0050792","regulation of viral process",0,1.60366674537307,0.17626273976484
"GO:0034384","high-density lipoprotein particle clearance",0,1.62145185900479,0.192206498708773
"GO:0022600","digestive system process",0,1.63592927574065,0.18726690757042
"GO:0003161","cardiac conduction system development",0,1.64614375816519,0.195873726597544
"GO:0046782","regulation of viral transcription",0,1.6452107565345,0.226245650627443
"GO:0009395","phospholipid catabolic process",0,1.62605668231248,0.237066124903214
"GO:0043030","regulation of macrophage activation",0,1.63010574386014,0.225747686406744
"GO:0050878","regulation of body fluid levels",0,1.63683159090745,0.0979530835017544
"GO:0030888","regulation of B cell proliferation",0,1.6296218003276,0.207889398762095
"GO:0048705","skeletal system morphogenesis",0,1.62780762751177,0.183825904045243
"GO:0035633","maintenance of blood-brain barrier",0,1.63439551749468,0.219557511218812
"GO:0051969","regulation of transmission of nerve impulse",0,-1.61967873452744,0.138108004353231
"GO:0050995","negative regulation of lipid catabolic process",0,1.62767766011048,0.236984130576649
"GO:0046651","lymphocyte proliferation",0,1.63762972439926,0.124305209472901
"GO:0019755","one-carbon compound transport",0,1.61870436395004,0.219957277881597
"GO:0010874","regulation of cholesterol efflux",0,1.62347255668661,0.225229233025777
"GO:0090077","foam cell differentiation",0,1.59093256346812,0.252850218831296
"GO:0010896","regulation of triglyceride catabolic process",0,1.64069740880618,0.181983587122779
"GO:0010977","negative regulation of neuron projection development",0,1.61729125704558,0.193813065429741
"GO:0061577","calcium ion transmembrane transport via high voltage-gated calcium channel",0,-1.62291127957707,0.146464337485408
"GO:0019724","B cell mediated immunity",0,1.61655100044585,0.193813065429741
"GO:0000212","meiotic spindle organization",0,1.6405215087551,0.190597515274855
"GO:0035265","organ growth",0,1.65932459438791,0.178068728111428
"GO:0001941","postsynaptic membrane organization",0,1.63605097138599,0.203884614820841
"GO:1901342","regulation of vasculature development",0,1.63862449636504,0.113935798545313
"GO:0006898","receptor-mediated endocytosis",0,1.61296592591086,0.124411432984702
"GO:1903589","positive regulation of blood vessel endothelial cell proliferation involved in sprouting angiogenesis",0,1.60899936158706,0.200790218208116
"GO:0060795","cell fate commitment involved in formation of primary germ layer",0,1.60999952368617,0.227449944561284
"GO:0050770","regulation of axonogenesis",0,1.62147115103004,0.196899378294105
"GO:0031345","negative regulation of cell projection organization",0,1.61008761566848,0.163469674858151
"GO:0045071","negative regulation of viral genome replication",0,1.63797421256944,0.204170927169735
"GO:0002698","negative regulation of immune effector process",0,1.61745541111422,0.19272744935895
"GO:0043537","negative regulation of blood vessel endothelial cell migration",0,1.62415837200675,0.228954107872409
"GO:0150115","cell-substrate junction organization",0,1.57986565504117,0.216043770907278
"GO:0045669","positive regulation of osteoblast differentiation",0,1.6282407373852,0.22274122728692
"GO:0070229","negative regulation of lymphocyte apoptotic process",0,1.61249883049189,0.261993834593024
"GO:0090130","tissue migration",0,1.5996388848264,0.206712225102149
"GO:0032943","mononuclear cell proliferation",0,1.62790405608246,0.140376414111819
"GO:0032897","negative regulation of viral transcription",0,1.61015821339316,0.225520007333067
"GO:0060402","calcium ion transport into cytosol",0,-1.59985610106206,0.154577552474719
"GO:0001953","negative regulation of cell-matrix adhesion",0,1.62346508768627,0.225391763968634
"GO:0001938","positive regulation of endothelial cell proliferation",0,1.62382961723731,0.21687167965949
"GO:0002792","negative regulation of peptide secretion",0,1.61311962102311,0.232604813722857
"GO:0035988","chondrocyte proliferation",0,1.63260507795494,0.195775118820439
"GO:0042542","response to hydrogen peroxide",0,1.59084894027365,0.227662264626672
"GO:0002689","negative regulation of leukocyte chemotaxis",0,1.61462283690126,0.199700830582264
"GO:1904754","positive regulation of vascular associated smooth muscle cell migration",0,1.60550551439576,0.229258229617297
"GO:0046683","response to organophosphorus",0,1.58557952645548,0.207766857670479
"GO:0002548","monocyte chemotaxis",0,1.61233461108512,0.249735197447713
"GO:0042044","fluid transport",0,1.60698725703681,0.225794847422473
"GO:0006882","intracellular zinc ion homeostasis",0,1.61790528160613,0.235526201858603
"GO:0051044","positive regulation of membrane protein ectodomain proteolysis",0,1.61055898346179,0.202521145422896
"GO:0099068","postsynapse assembly",0,1.586581664183,0.222259241667827
"GO:0070232","regulation of T cell apoptotic process",0,1.59718350045799,0.247033812621905
"GO:0060324","face development",0,1.59683437867108,0.26784585197122
"GO:1903587","regulation of blood vessel endothelial cell proliferation involved in sprouting angiogenesis",0,1.596910106234,0.238207740608165
"GO:0002090","regulation of receptor internalization",0,1.58681865949978,0.233621355220374
"GO:0048709","oligodendrocyte differentiation",0,1.63270350741614,0.217064269767212
"GO:0071496","cellular response to external stimulus",0,1.58176819100432,0.219886413014694
"GO:0065004","protein-DNA complex assembly",0,1.61924587846667,0.172105595543056
"GO:0001894","tissue homeostasis",0,1.59986149618262,0.157399637338194
"GO:0060249","anatomical structure homeostasis",0,1.59986149618262,0.157399637338194
"GO:0030852","regulation of granulocyte differentiation",0,1.62242792450856,0.205384064283538
"GO:0099172","presynapse organization",0,1.58562437527558,0.246782284271836
"GO:0038092","nodal signaling pathway",0,-1.60985747542419,0.146228998143153
"GO:0048041","focal adhesion assembly",0,1.58109467478898,0.228704649307613
"GO:1902950","regulation of dendritic spine maintenance",0,1.60405359452467,0.20489332860906
"GO:0035329","hippo signaling",0,1.61547753539873,0.23122474377283
"GO:0048589","developmental growth",0,1.56902529256146,0.117397279692059
"GO:0014909","smooth muscle cell migration",0,1.56774133110809,0.250286799325235
"GO:0001881","receptor recycling",0,-1.57341469805095,0.16821864656711
"GO:0014904","myotube cell development",0,-1.60904653200301,0.15304796548095
"GO:0003171","atrioventricular valve development",0,1.62535707020245,0.230200573646103
"GO:0010719","negative regulation of epithelial to mesenchymal transition",0,1.63438620897669,0.240594483629963
"GO:0097501","stress response to metal ion",0,1.6047719533413,0.216500148092724
"GO:0001649","osteoblast differentiation",0,1.6068957305534,0.166868870952184
"GO:0010742","macrophage derived foam cell differentiation",0,1.59951693680536,0.231864986023606
"GO:0030856","regulation of epithelial cell differentiation",0,1.61925173744453,0.197359749928808
"GO:0002921","negative regulation of humoral immune response",0,1.61146909613209,0.231421801838799
"GO:0010717","regulation of epithelial to mesenchymal transition",0,1.55686961174199,0.238374021362794
"GO:0097091","synaptic vesicle clustering",0,1.58821903547905,0.246845676449435
"GO:0090132","epithelium migration",0,1.59932724907543,0.209042115867161
"GO:0034242","negative regulation of syncytium formation by plasma membrane fusion",0,1.61086053858597,0.217158817850329
"GO:0062012","regulation of small molecule metabolic process",0,1.59163432025654,0.123788200521532
"GO:2000232","regulation of rRNA processing",0,-1.59206559307667,0.163736442167893
"GO:1900271","regulation of long-term synaptic potentiation",0,1.59734012814658,0.243088069183049
"GO:0030149","sphingolipid catabolic process",0,-1.60655639083746,0.155520015356232
"GO:0060350","endochondral bone morphogenesis",0,1.60875850007692,0.242189771584346
"GO:0010631","epithelial cell migration",0,1.59950830828575,0.231760384306837
"GO:0060074","synapse maturation",0,1.55728552232066,0.315720209434748
"GO:0036151","phosphatidylcholine acyl-chain remodeling",0,1.59291419715207,0.205669685712056
"GO:0030851","granulocyte differentiation",0,1.64470907582829,0.217018688274291
"GO:0070555","response to interleukin-1",0,1.58797064022494,0.2087414384227
"GO:0002573","myeloid leukocyte differentiation",0,1.59280241087475,0.16045643238621
"GO:0015669","gas transport",0,1.58331731258239,0.251182974243495
"GO:0003170","heart valve development",0,1.61384330891842,0.223120910493456
"GO:0099054","presynapse assembly",0,1.60253435978139,0.234709064028306
"GO:0043542","endothelial cell migration",0,1.57704965903136,0.152165334308519
"GO:0051048","negative regulation of secretion",0,1.57085973005646,0.194809965410206
"GO:0007507","heart development",0,1.57524876309137,0.105639805880006
"GO:0090279","regulation of calcium ion import",0,1.58972660427178,0.247372415964249
"GO:1901740","negative regulation of myoblast fusion",0,1.58839840271924,0.238616920444008
"GO:0048640","negative regulation of developmental growth",0,1.55162907882014,0.261760086491517
"GO:0160049","negative regulation of cGAS/STING signaling pathway",0,-1.59201920353299,0.144079936625302
"GO:0055094","response to lipoprotein particle",0,1.57953556252921,0.257813963606132
"GO:1902514","regulation of calcium ion transmembrane transport via high voltage-gated calcium channel",0,-1.58940143363654,0.162142097539691
"GO:0046686","response to cadmium ion",0,1.58730588501595,0.238616920444008
"GO:0002031","G protein-coupled receptor internalization",0,1.58535367848778,0.216349198997447
"GO:0007163","establishment or maintenance of cell polarity",0,1.60783267014441,0.154533630389376
"GO:0021955","central nervous system neuron axonogenesis",0,1.57704858211669,0.281755533983783
"GO:0060976","coronary vasculature development",0,1.57677023093149,0.281755533983783
"GO:0021954","central nervous system neuron development",0,1.58145624023681,0.255708980702887
"GO:0001667","ameboidal-type cell migration",0,1.60268407158658,0.166257594772324
"GO:0002029","desensitization of G protein-coupled receptor signaling pathway",0,1.57525823618285,0.257154940762058
"GO:0022401","negative adaptation of signaling pathway",0,1.57525823618285,0.257154940762058
"GO:0023058","adaptation of signaling pathway",0,1.57525823618285,0.257154940762058
"GO:0048521","negative regulation of behavior",0,-1.58944112468143,0.146582259867476
"GO:0034063","stress granule assembly",0,-1.57442153491229,0.176960198308519
"GO:0071260","cellular response to mechanical stimulus",0,1.58100029681098,0.23641307690772
"GO:0000302","response to reactive oxygen species",0,1.5781501402962,0.171385499563931
"GO:0016064","immunoglobulin mediated immune response",0,1.57412051289285,0.220387165829676
"GO:0030099","myeloid cell differentiation",0,1.56867059917734,0.127280793789881
"GO:0002323","natural killer cell activation involved in immune response",0,-1.58167842443565,0.165445131082343
"GO:0001783","B cell apoptotic process",0,1.59477142481991,0.243262157403497
"GO:0007044","cell-substrate junction assembly",0,1.56541402412391,0.221094675466234
"GO:0055089","fatty acid homeostasis",0,1.59383977237429,0.202727839453064
"GO:0048638","regulation of developmental growth",0,1.57156789174764,0.172787001468492
"GO:0022408","negative regulation of cell-cell adhesion",0,1.58814389451352,0.17637839458937
"GO:1902003","regulation of amyloid-beta formation",0,1.59005405017528,0.236097760775733
"GO:0032526","response to retinoic acid",0,1.56313091442926,0.223505983925414
"GO:0061045","negative regulation of wound healing",0,1.59948787099023,0.232604702535568
"GO:1903531","negative regulation of secretion by cell",0,1.5934594213322,0.194821376079142
"GO:0014074","response to purine-containing compound",0,1.59266051717833,0.195557512561919
"GO:0071216","cellular response to biotic stimulus",0,1.58437418508356,0.15868345991444
"GO:0001911","negative regulation of leukocyte mediated cytotoxicity",0,1.6015216243636,0.244510617332027
"GO:0060425","lung morphogenesis",0,1.56457128857618,0.268141623016163
"GO:0002468","dendritic cell antigen processing and presentation",0,1.58705039287709,0.237997095990908
"GO:0072348","sulfur compound transport",0,1.57004030395493,0.240540402763436
"GO:0010594","regulation of endothelial cell migration",0,1.56548378686862,0.179551487346141
"GO:0045834","positive regulation of lipid metabolic process",0,1.56841620715827,0.19205632191263
"GO:1902931","negative regulation of alcohol biosynthetic process",0,1.59150027964227,0.199310217192118
"GO:0050918","positive chemotaxis",0,1.53476932060595,0.279329973625893
"GO:0090370","negative regulation of cholesterol efflux",0,1.58261432091964,0.142050142952975
"GO:0003158","endothelium development",0,1.53512636705938,0.227616628611618
"GO:0002091","negative regulation of receptor internalization",0,1.56778923969572,0.228199381062206
"GO:0032602","chemokine production",0,1.54405141119708,0.252087176385032
"GO:0032642","regulation of chemokine production",0,1.54405141119708,0.252087176385032
"GO:0071402","cellular response to lipoprotein particle stimulus",0,1.56822036155859,0.251889376942977
"GO:0090559","regulation of membrane permeability",0,1.53198108337766,0.279530551497327
"GO:0032753","positive regulation of interleukin-4 production",0,1.55266259513152,0.322845939088438
"GO:0060560","developmental growth involved in morphogenesis",0,1.54514253256732,0.186624320827559
"GO:0071824","protein-DNA complex organization",0,1.57146582860337,0.187688030503186
"GO:0015748","organophosphate ester transport",0,1.57725268042145,0.175430450661568
"GO:0072677","eosinophil migration",0,1.5491900652114,0.295286922355703
"GO:0002761","regulation of myeloid leukocyte differentiation",0,1.56007232219651,0.215754540364814
"GO:1904752","regulation of vascular associated smooth muscle cell migration",0,1.57670695227937,0.273215009541315
"GO:0045722","positive regulation of gluconeogenesis",0,1.56863501584805,0.259925525561597
"GO:0019079","viral genome replication",0,1.5530466884478,0.22776855278134
"GO:1902100","negative regulation of metaphase/anaphase transition of cell cycle",0,-1.53930063144985,0.172512848645268
"GO:1905819","negative regulation of chromosome separation",0,-1.53930063144985,0.172512848645268
"GO:0150116","regulation of cell-substrate junction organization",0,1.53802006864651,0.269306470392101
"GO:0050994","regulation of lipid catabolic process",0,1.55742182331846,0.256783215265664
"GO:0001503","ossification",0,1.54856170213433,0.138988535486888
"GO:0034446","substrate adhesion-dependent cell spreading",0,1.55105546103162,0.235903676985886
"GO:0048661","positive regulation of smooth muscle cell proliferation",0,1.53676579928356,0.260117206699041
"GO:0048588","developmental cell growth",0,1.55404400340005,0.188696315456211
"GO:0006633","fatty acid biosynthetic process",0,1.56362913920692,0.182880981197131
"GO:0002043","blood vessel endothelial cell proliferation involved in sprouting angiogenesis",0,1.57194426750191,0.278648909300589
"GO:0031342","negative regulation of cell killing",0,1.53161960145263,0.301968317750204
"GO:0007193","adenylate cyclase-inhibiting G protein-coupled receptor signaling pathway",0,1.55914869478246,0.219223348532169
"GO:0007616","long-term memory",0,1.55083313933875,0.27257065594981
"GO:0071356","cellular response to tumor necrosis factor",0,1.56339113512582,0.180948158786355
"GO:0010273","detoxification of copper ion",0,1.56951666826731,0.252909680503087
"GO:1990169","stress response to copper ion",0,1.56951666826731,0.252909680503087
"GO:0014910","regulation of smooth muscle cell migration",0,1.53985247061573,0.275293666831426
"GO:0048525","negative regulation of viral process",0,1.55353170677032,0.230052959046649
"GO:0031960","response to corticosteroid",0,1.52397775439472,0.22282240423247
"GO:0045939","negative regulation of steroid metabolic process",0,1.54074399163275,0.333236795396931
"GO:0051961","negative regulation of nervous system development",0,1.55152833935577,0.220505666068819
"GO:0060323","head morphogenesis",0,1.56421116512317,0.28492820379284
"GO:0015908","fatty acid transport",0,1.55431794579248,0.225202216535932
"GO:0046717","acid secretion",0,-1.53311860514245,0.188021062684148
"GO:0002064","epithelial cell development",0,1.52311778401401,0.224954724230092
"GO:1902991","regulation of amyloid precursor protein catabolic process",0,1.53135802908509,0.3274354600594
"GO:0045446","endothelial cell differentiation",0,1.58212673155997,0.217544115691453
"GO:0010875","positive regulation of cholesterol efflux",0,1.56164326555775,0.284526846521518
"GO:0071214","cellular response to abiotic stimulus",0,1.55045043605268,0.146094833562411
"GO:0104004","cellular response to environmental stimulus",0,1.55045043605268,0.146094833562411
"GO:0099022","vesicle tethering",0,-1.56371010632085,0.16821864656711
"GO:0001570","vasculogenesis",0,1.55778702066151,0.286701115194721
"GO:0048762","mesenchymal cell differentiation",0,1.54577043217982,0.169430494064491
"GO:0032330","regulation of chondrocyte differentiation",0,1.55756987151597,0.268497493379245
"GO:0045540","regulation of cholesterol biosynthetic process",0,1.54535484129305,0.306939965840669
"GO:0106118","regulation of sterol biosynthetic process",0,1.54535484129305,0.306939965840669
"GO:0061687","detoxification of inorganic compound",0,1.53803249764804,0.326761126315797
"GO:0006509","membrane protein ectodomain proteolysis",0,1.53541224431285,0.32168551646558
"GO:0032488","Cdc42 protein signal transduction",0,1.55941303870378,0.269249103970196
"GO:1904738","vascular associated smooth muscle cell migration",0,1.57050833086447,0.273762207458035
"GO:0015919","peroxisomal membrane transport",0,-1.54180875019581,0.182656043709587
"GO:0043574","peroxisomal transport",0,-1.54180875019581,0.182656043709587
"GO:1990138","neuron projection extension",0,1.52755779863861,0.208424960037264
"GO:0043270","positive regulation of monoatomic ion transport",0,1.53704204070275,0.191250481984072
"GO:0051898","negative regulation of phosphatidylinositol 3-kinase/protein kinase B signal transduction",0,1.52277841447438,0.31020107937713
"GO:0120034","positive regulation of plasma membrane bounded cell projection assembly",0,-1.50622382707721,0.16821864656711
"GO:0001885","endothelial cell development",0,1.54411416997107,0.284488617552627
"GO:1902358","sulfate transmembrane transport",0,1.54179002507308,0.252028186500677
"GO:0060997","dendritic spine morphogenesis",0,1.54033332340161,0.267882286591317
"GO:0002027","regulation of heart rate",0,-1.531113228098,0.157248652381345
"GO:0018105","peptidyl-serine phosphorylation",0,1.53805089333435,0.270630943763182
"GO:0010632","regulation of epithelial cell migration",0,1.54005230046296,0.268387728173753
"GO:0045940","positive regulation of steroid metabolic process",0,1.53751790020429,0.29840168788039
"GO:0060485","mesenchyme development",0,1.55516916354212,0.150799316163205
"GO:1905906","regulation of amyloid fibril formation",0,1.55403873653254,0.243294206045331
"GO:0001937","negative regulation of endothelial cell proliferation",0,1.52349942461413,0.33209602943395
"GO:0070371","ERK1 and ERK2 cascade",0,1.56014803017802,0.146204494817515
"GO:1902412","regulation of mitotic cytokinesis",0,-1.53376019290432,0.187272013035608
"GO:0010715","regulation of extracellular matrix disassembly",0,1.53233066651546,0.329727360899729
"GO:0045668","negative regulation of osteoblast differentiation",0,1.55317968961205,0.257382871179165
"GO:1903975","regulation of glial cell migration",0,1.55389933540892,0.281646924900627
"GO:0050768","negative regulation of neurogenesis",0,1.51672195633604,0.251452229375489
"GO:0090205","positive regulation of cholesterol metabolic process",0,1.53077910962239,0.329793828860311
"GO:0032535","regulation of cellular component size",0,1.52877231830922,0.153418399455627
"GO:0090206","negative regulation of cholesterol metabolic process",0,1.55135196425635,0.179689387668849
"GO:0043518","negative regulation of DNA damage response, signal transduction by p53 class mediator",0,1.55183896440978,0.28465680378101
"GO:1905818","regulation of chromosome separation",0,-1.50637375422192,0.168233887181799
"GO:0048545","response to steroid hormone",0,1.5278184238362,0.159978274775075
"GO:0014812","muscle cell migration",0,1.57121615395705,0.243127185867949
"GO:1904707","positive regulation of vascular associated smooth muscle cell proliferation",0,1.53781373036019,0.287172033055551
"GO:0046470","phosphatidylcholine metabolic process",0,1.54536990750017,0.245303242254464
"GO:0018209","peptidyl-serine modification",0,1.54084412099707,0.265197773044774
"GO:0045649","regulation of macrophage differentiation",0,1.54620537631546,0.30017319468959
"GO:0048813","dendrite morphogenesis",0,1.5385168034346,0.230961470219979
"GO:0061437","renal system vasculature development",0,1.52851181153309,0.328173718077998
"GO:0061440","kidney vasculature development",0,1.52851181153309,0.328173718077998
"GO:0045598","regulation of fat cell differentiation",0,1.54481085688183,0.235959577470926
"GO:1903054","negative regulation of extracellular matrix organization",0,1.5461531528766,0.248031760692728
"GO:0010837","regulation of keratinocyte proliferation",0,1.50950935098216,0.328468211251048
"GO:0032228","regulation of synaptic transmission, GABAergic",0,-1.52610417991699,0.19282368724046
"GO:2000060","positive regulation of ubiquitin-dependent protein catabolic process",0,1.51338948195056,0.283908315265484
"GO:0001913","T cell mediated cytotoxicity",0,1.52362733260691,0.327094786848181
"GO:0043113","receptor clustering",0,1.55361451221375,0.29047354663473
"GO:0072012","glomerulus vasculature development",0,1.52850850093038,0.309723412084116
"GO:0002274","myeloid leukocyte activation",0,1.50994550905432,0.185034844599673
"GO:0043123","positive regulation of canonical NF-kappaB signal transduction",0,1.54052307785702,0.165949422151702
"GO:0009173","pyrimidine ribonucleoside monophosphate metabolic process",0,-1.53502627912358,0.185686258770732
"GO:1901881","positive regulation of protein depolymerization",0,-1.53709790495281,0.181915051845051
"GO:0060337","type I interferon-mediated signaling pathway",0,1.54471286324839,0.246546249051628
"GO:0045026","plasma membrane fusion",0,-1.52474609886498,0.193633939366591
"GO:0002763","positive regulation of myeloid leukocyte differentiation",0,1.53234748193073,0.31601223222868
"GO:0070231","T cell apoptotic process",0,1.50637271840474,0.329151297512549
"GO:0001947","heart looping",0,1.51265537737506,0.335912896386174
"GO:0007342","fusion of sperm to egg plasma membrane involved in single fertilization",0,-1.52010524667701,0.194901390000799
"GO:0003044","regulation of systemic arterial blood pressure mediated by a chemical signal",0,-1.51245132859776,0.182601285459442
"GO:0006935","chemotaxis",0,1.51920671610612,0.129190054015933
"GO:0042330","taxis",0,1.51920671610612,0.129190054015933
"GO:0071453","cellular response to oxygen levels",0,1.53536837567178,0.195926629494197
"GO:0033135","regulation of peptidyl-serine phosphorylation",0,1.57890581533406,0.270109734304108
"GO:0048741","skeletal muscle fiber development",0,-1.52313330757013,0.195692967248105
"GO:0046049","UMP metabolic process",0,-1.53232022639176,0.188788099144791
"GO:0060325","face morphogenesis",0,1.53476401603793,0.305433399395164
"GO:0014896","muscle hypertrophy",0,1.50749912778186,0.311668762493896
"GO:1903170","negative regulation of calcium ion transmembrane transport",0,1.52164738818732,0.330302134566109
"GO:0071222","cellular response to lipopolysaccharide",0,1.5257414567874,0.18624470947681
"GO:0048738","cardiac muscle tissue development",0,1.51417742633285,0.198617131570809
"GO:0010743","regulation of macrophage derived foam cell differentiation",0,1.54063556915422,0.319808278050632
"GO:0045600","positive regulation of fat cell differentiation",0,1.50661644151308,0.331016851993934
"GO:0019098","reproductive behavior",0,1.55167699499919,0.295929370739247
"GO:0015850","organic hydroxy compound transport",0,1.52585922521633,0.17650520126007
"GO:0071548","response to dexamethasone",0,1.53038468193567,0.32356689369816
"GO:0001501","skeletal system development",0,1.51277870218382,0.155520015356232
"GO:0010965","regulation of mitotic sister chromatid separation",0,-1.52680018067729,0.164253905226045
"GO:0051784","negative regulation of nuclear division",0,-1.52542554802473,0.172090254246555
"GO:0019080","viral gene expression",0,1.498956321884,0.307527999982382
"GO:1902430","negative regulation of amyloid-beta formation",0,1.51463486607082,0.33015510163629
"GO:0040008","regulation of growth",0,1.52820975165649,0.112870735946551
"GO:0010894","negative regulation of steroid biosynthetic process",0,1.53345336114473,0.325683491458649
"GO:0007063","regulation of sister chromatid cohesion",0,-1.50639527994088,0.203733401938027
"GO:0051893","regulation of focal adhesion assembly",0,1.52288068454894,0.26475347796264
"GO:0090109","regulation of cell-substrate junction assembly",0,1.52288068454894,0.26475347796264
"GO:0033046","negative regulation of sister chromatid segregation",0,-1.52506525578078,0.17637839458937
"GO:0033048","negative regulation of mitotic sister chromatid segregation",0,-1.52506525578078,0.17637839458937
"GO:0045841","negative regulation of mitotic metaphase/anaphase transition",0,-1.52506525578078,0.17637839458937
"GO:2000816","negative regulation of mitotic sister chromatid separation",0,-1.52506525578078,0.17637839458937
"GO:0071219","cellular response to molecule of bacterial origin",0,1.52191796434212,0.19384651173947
"GO:0016558","protein import into peroxisome matrix",0,-1.52542977745446,0.187738806507377
"GO:0044743","protein transmembrane import into intracellular organelle",0,-1.52542977745446,0.187738806507377
"GO:0031392","regulation of prostaglandin biosynthetic process",0,1.50184597024506,0.332310584474377
"GO:0007143","female meiotic nuclear division",0,1.53304290416437,0.325615219443346
"GO:0070372","regulation of ERK1 and ERK2 cascade",0,1.54444959963402,0.168327496179577
"GO:1903035","negative regulation of response to wounding",0,1.51962417189284,0.249099278720785
"GO:0036294","cellular response to decreased oxygen levels",0,1.50157491638828,0.233249761771577
"GO:0031589","cell-substrate adhesion",0,1.50449341325959,0.158999925528872
"GO:0032332","positive regulation of chondrocyte differentiation",0,1.50817499120677,0.335893971734155
"GO:0032941","secretion by tissue",0,1.51053677317128,0.336420638860448
"GO:0071456","cellular response to hypoxia",0,1.51066439101572,0.235407726334715
"GO:0010544","negative regulation of platelet activation",0,1.52922133433786,0.325615219443346
"GO:0061684","chaperone-mediated autophagy",0,1.51532050878752,0.297504064185985
"GO:0006692","prostanoid metabolic process",0,1.52734018324173,0.330812789201366
"GO:0140888","interferon-mediated signaling pathway",0,1.50695133051292,0.274513296818514
"GO:0001562","response to protozoan",0,1.52690090153998,0.292680541139351
"GO:0042832","defense response to protozoan",0,1.52690090153998,0.292680541139351
"GO:0014897","striated muscle hypertrophy",0,1.51219314657117,0.290942253585884
"GO:0014888","striated muscle adaptation",0,1.51968914432758,0.328002491098385
"GO:0036344","platelet morphogenesis",0,1.52042783198532,0.329076230819874
"GO:0008625","extrinsic apoptotic signaling pathway via death domain receptors",0,1.53450876367818,0.280585405562078
"GO:0031577","spindle checkpoint signaling",0,-1.49974628095685,0.189742199985292
"GO:0034612","response to tumor necrosis factor",0,1.53052295338212,0.196645122884429
"GO:0032905","transforming growth factor beta1 production",0,1.50310537566019,0.333560015665044
"GO:0043502","regulation of muscle adaptation",0,1.4910561300642,0.319763065436111
"GO:0010644","cell communication by electrical coupling",0,1.50537963646141,0.338500494848057
"GO:0045777","positive regulation of blood pressure",0,-1.52597655071224,0.192993142829047
"GO:0007094","mitotic spindle assembly checkpoint signaling",0,-1.50995798652946,0.186196915599371
"GO:0071173","spindle assembly checkpoint signaling",0,-1.50995798652946,0.186196915599371
"GO:0071174","mitotic spindle checkpoint signaling",0,-1.50995798652946,0.186196915599371
"GO:0018022","peptidyl-lysine methylation",0,-1.48128484928312,0.21441385331633
"GO:0051963","regulation of synapse assembly",0,1.49107017246445,0.226723162870447
"GO:1905954","positive regulation of lipid localization",0,1.5015358552193,0.289880502923652
"GO:0021762","substantia nigra development",0,1.47591390375776,0.355534795012351
"GO:0003073","regulation of systemic arterial blood pressure",0,-1.47919679647914,0.18260226316058
"GO:0006959","humoral immune response",0,1.49802607177338,0.18195434032231
"GO:0051249","regulation of lymphocyte activation",0,1.51091810662657,0.129105184091086
"GO:0051960","regulation of nervous system development",0,1.51168542980156,0.159188585862646
"GO:0044058","regulation of digestive system process",0,1.5120566604263,0.331016851993934
"GO:0006693","prostaglandin metabolic process",0,1.54115551752403,0.314611268846445
"GO:0042063","gliogenesis",0,1.51710010365044,0.171955743146983
"GO:0051306","mitotic sister chromatid separation",0,-1.49767418121451,0.177159409126323
"GO:1903706","regulation of hemopoiesis",0,1.48956604959346,0.160517577584323
"GO:0090181","regulation of cholesterol metabolic process",0,1.54037222969562,0.315224622801243
"GO:0007589","body fluid secretion",0,1.52876056044903,0.315986401771848
"GO:0051304","chromosome separation",0,-1.53266933848122,0.158774560097833
"GO:0007274","neuromuscular synaptic transmission",0,1.49221890106598,0.347572737365496
"GO:0090083","regulation of inclusion body assembly",0,1.51100917586324,0.332310584474377
"GO:0099518","vesicle cytoskeletal trafficking",0,-1.4872087679954,0.199831567791511
"GO:0019377","glycolipid catabolic process",0,-1.51459954229511,0.203508790543186
"GO:1902775","mitochondrial large ribosomal subunit assembly",0,-1.48674474486509,0.214101167607816
"GO:0045061","thymic T cell selection",0,-1.49498527079427,0.221587231099849
"GO:0043117","positive regulation of vascular permeability",0,1.51723261396362,0.328264259217543
"GO:0014743","regulation of muscle hypertrophy",0,1.50214196792446,0.323932571281505
"GO:0019228","neuronal action potential",0,-1.5198936288019,0.195120503640021
"GO:0032722","positive regulation of chemokine production",0,1.53447548199011,0.262490787468665
"GO:0043122","regulation of canonical NF-kappaB signal transduction",0,1.50629681353601,0.158999925528872
"GO:0051896","regulation of phosphatidylinositol 3-kinase/protein kinase B signal transduction",0,1.49969598108977,0.182986309269307
"GO:0097479","synaptic vesicle localization",0,1.52566073896253,0.316503318271527
"GO:0015810","aspartate transmembrane transport",0,1.5086718510754,0.333214812534546
"GO:0002686","negative regulation of leukocyte migration",0,1.48478068440056,0.340355109530902
"GO:0010001","glial cell differentiation",0,1.48275377803243,0.230578367717574
"GO:1902992","negative regulation of amyloid precursor protein catabolic process",0,1.51427728872049,0.331912202132822
"GO:0006910","phagocytosis, recognition",0,1.48819020194435,0.340516801279954
"GO:0070301","cellular response to hydrogen peroxide",0,1.46796696612095,0.343719642724167
"GO:1905477","positive regulation of protein localization to membrane",0,1.50568705787137,0.306675057293648
"GO:0071732","cellular response to nitric oxide",0,1.5142917627614,0.33512603799585
"GO:1902170","cellular response to reactive nitrogen species",0,1.5142917627614,0.33512603799585
"GO:0150077","regulation of neuroinflammatory response",0,1.5012126838818,0.331712414363647
"GO:0030595","leukocyte chemotaxis",0,1.48654351168571,0.206911170863188
"GO:0071300","cellular response to retinoic acid",0,1.46683532944181,0.343719642724167
"GO:0050729","positive regulation of inflammatory response",0,1.46530021332471,0.243773196215227
"GO:0007043","cell-cell junction assembly",0,1.47109536109414,0.248283890184268
"GO:0042659","regulation of cell fate specification",0,1.505258489389,0.333214812534546
"GO:0042092","type 2 immune response",0,1.49483141327898,0.336755075188988
"GO:0042953","lipoprotein transport",0,1.5046926803136,0.333214812534546
"GO:0003014","renal system process",0,1.46601422392738,0.312915361026625
"GO:0051491","positive regulation of filopodium assembly",0,-1.48912859451509,0.227501650189525
"GO:0010810","regulation of cell-substrate adhesion",0,1.49066348115856,0.198041328600228
"GO:0033619","membrane protein proteolysis",0,1.49607671722182,0.325675962262338
"GO:0010888","negative regulation of lipid storage",0,1.50792976543475,0.336217528373756
"GO:0006631","fatty acid metabolic process",0,1.47530003785684,0.169267581262105
"GO:0060326","cell chemotaxis",0,1.51122378378195,0.173738741031164
"GO:0007566","embryo implantation",0,1.487723343011,0.336210271756592
"GO:0045839","negative regulation of mitotic nuclear division",0,-1.48041233071992,0.192974227051773
"GO:0019432","triglyceride biosynthetic process",0,1.49733716446352,0.333760714707779
"GO:0140115","export across plasma membrane",0,1.5093618930297,0.273118823404961
"GO:1990849","vacuolar localization",0,1.46301711092213,0.330188052835791
"GO:0044872","lipoprotein localization",0,1.48395133404825,0.341902931989018
"GO:0034329","cell junction assembly",0,1.49299791870657,0.121692510911918
"GO:0098698","postsynaptic specialization assembly",0,1.50538712714838,0.326563552010222
"GO:0050435","amyloid-beta metabolic process",0,1.47995458438056,0.334341991015816
"GO:0030901","midbrain development",0,1.4740476733342,0.328774725231485
"GO:0045639","positive regulation of myeloid cell differentiation",0,1.48292086877484,0.281192931305017
"GO:0045926","negative regulation of growth",0,1.51512866212494,0.19209673708605
"GO:0006929","substrate-dependent cell migration",0,1.48195799370393,0.341902931989018
"GO:0001933","negative regulation of protein phosphorylation",0,1.48508972090343,0.302062640360228
"GO:1903978","regulation of microglial cell activation",0,1.50524706255673,0.33353873280008
"GO:0070633","transepithelial transport",0,1.49321763824387,0.335446553447665
"GO:0046636","negative regulation of alpha-beta T cell activation",0,1.48774151209835,0.338555776723337
"GO:0045637","regulation of myeloid cell differentiation",0,1.512663399795,0.220791798093422
"GO:0099084","postsynaptic specialization organization",0,1.47678039254714,0.334341991015816
"GO:0071383","cellular response to steroid hormone stimulus",0,1.47429715967979,0.222954910062746
"GO:0045923","positive regulation of fatty acid metabolic process",0,1.4935339911653,0.333560015665044
"GO:0045954","positive regulation of natural killer cell mediated cytotoxicity",0,-1.48824047442819,0.220596073757708
"GO:0042100","B cell proliferation",0,1.46788660123428,0.33150114980828
"GO:0034370","triglyceride-rich lipoprotein particle remodeling",0,1.48012530271672,0.347915829487474
"GO:0034340","response to type I interferon",0,1.48366376950139,0.268223227394702
"GO:0045732","positive regulation of protein catabolic process",0,1.47110769673494,0.230387100914429
"GO:0042476","odontogenesis",0,1.46331847832944,0.336077582623304
"GO:0001541","ovarian follicle development",0,1.50119661827601,0.338794086894141
"GO:0009223","pyrimidine deoxyribonucleotide catabolic process",0,-1.47827381056897,0.252127491542995
"GO:0046503","glycerolipid catabolic process",0,1.46234179757348,0.336077582623304
"GO:0006890","retrograde vesicle-mediated transport, Golgi to endoplasmic reticulum",0,-1.47089821080179,0.203224257728208
"GO:0072574","hepatocyte proliferation",0,1.49862026125046,0.338529886868222
"GO:0006244","pyrimidine nucleotide catabolic process",0,-1.48379888474256,0.22274559196507
"GO:0007622","rhythmic behavior",0,1.476631038283,0.343162511889579
"GO:0051132","NK T cell activation",0,1.4723692124453,0.34875705588221
"GO:0030220","platelet formation",0,1.49748710928369,0.340035426546665
"GO:0061041","regulation of wound healing",0,1.49437364643497,0.244576829482257
"GO:2001252","positive regulation of chromosome organization",0,-1.47452857357392,0.18374776356937
"GO:0048729","tissue morphogenesis",0,1.49583379191022,0.147288052439394
"GO:0071622","regulation of granulocyte chemotaxis",0,1.47562611085303,0.342770028574726
"GO:0043535","regulation of blood vessel endothelial cell migration",0,1.4400300708298,0.337935296565499
"GO:0047496","vesicle transport along microtubule",0,-1.46209038453661,0.246339179693524
"GO:0030705","cytoskeleton-dependent intracellular transport",0,-1.46676891768763,0.143434121960961
"GO:0090278","negative regulation of peptide hormone secretion",0,1.48556367016575,0.339226276323582
"GO:2000463","positive regulation of excitatory postsynaptic potential",0,1.45774058823532,0.351030330968642
"GO:0046486","glycerolipid metabolic process",0,1.47794589543311,0.157099212298531
"GO:0043691","reverse cholesterol transport",0,1.4925838339076,0.342197805282826
"GO:0022616","DNA strand elongation",0,1.48101869231171,0.337913631059305
"GO:0046620","regulation of organ growth",0,1.4765802128055,0.341320739032494
"GO:0002430","complement receptor mediated signaling pathway",0,1.49101734283544,0.34040305813864
"GO:0010876","lipid localization",0,1.49632109968812,0.144651343276238
"GO:0009218","pyrimidine ribonucleotide metabolic process",0,-1.47612108387576,0.225865739593683
"GO:0072384","organelle transport along microtubule",0,-1.46050517910443,0.19275725150285
"GO:0050857","positive regulation of antigen receptor-mediated signaling pathway",0,1.47100780412927,0.350857993890969
"GO:0050764","regulation of phagocytosis",0,1.45715806449386,0.331527730894677
"GO:0090026","positive regulation of monocyte chemotaxis",0,1.46538458179814,0.350357167008608
"GO:0002009","morphogenesis of an epithelium",0,1.47981286951661,0.171483554226731
"GO:0010543","regulation of platelet activation",0,1.47792655790015,0.339300711032735
"GO:0031663","lipopolysaccharide-mediated signaling pathway",0,1.48620349845393,0.333519726998193
"GO:0072662","protein localization to peroxisome",0,-1.47284828469529,0.262868761297674
"GO:0043923","host-mediated activation of viral transcription",0,1.48739261797823,0.339770635682723
"GO:0007249","canonical NF-kappaB signal transduction",0,1.48101521717083,0.171572218230366
"GO:0034372","very-low-density lipoprotein particle remodeling",0,1.48561064280248,0.343640579675203
"GO:0009083","branched-chain amino acid catabolic process",0,1.46014525607848,0.363543428674188
"GO:0048562","embryonic organ morphogenesis",0,1.46236957043419,0.25851559082612
"GO:0071357","cellular response to type I interferon",0,1.48010616849649,0.255337672643165
"GO:0003228","atrial cardiac muscle tissue development",0,1.46123415328665,0.34778868560643
"GO:0043616","keratinocyte proliferation",0,1.45534130007781,0.346338437490549
"GO:0060391","positive regulation of SMAD protein signal transduction",0,-1.45101639266527,0.261529791706875
"GO:0043500","muscle adaptation",0,1.45237910505721,0.336217724767193
"GO:0001819","positive regulation of cytokine production",0,1.47185984041478,0.127968028347964
"GO:0043534","blood vessel endothelial cell migration",0,1.43914395370924,0.331133739716033
"GO:0008585","female gonad development",0,1.48070745388343,0.337871022827114
"GO:0071731","response to nitric oxide",0,1.45910490138749,0.34778868560643
"GO:0016048","detection of temperature stimulus",0,-1.47341210414801,0.238348253312386
"GO:0032261","purine nucleotide salvage",0,1.45813652613689,0.3480050571099
"GO:0050921","positive regulation of chemotaxis",0,1.46304157436483,0.258343061935857
"GO:1903078","positive regulation of protein localization to plasma membrane",0,1.46764810526655,0.333259164653883
"GO:0001990","regulation of systemic arterial blood pressure by hormone",0,-1.44514760146717,0.267676911549774
"GO:0001991","regulation of systemic arterial blood pressure by circulatory renin-angiotensin",0,-1.46673566821645,0.256073822198028
"GO:0046888","negative regulation of hormone secretion",0,1.4789739168897,0.338368033150842
"GO:0050810","regulation of steroid biosynthetic process",0,1.48823322538332,0.332655787604875
"GO:0050766","positive regulation of phagocytosis",0,1.44816619519413,0.339893899862108
"GO:0070167","regulation of biomineral tissue development",0,1.47198001009939,0.333570401149232
"GO:1903034","regulation of response to wounding",0,1.47191496906428,0.239198421935317
"GO:0055088","lipid homeostasis",0,1.48573526611502,0.231773948551089
"GO:0071677","positive regulation of mononuclear cell migration",0,1.44458640502805,0.334680367381893
"GO:0051224","negative regulation of protein transport",0,1.45774318006555,0.334669742975875
"GO:0061371","determination of heart left/right asymmetry",0,1.47904433233255,0.338989665593961
"GO:1901890","positive regulation of cell junction assembly",0,1.45642168773912,0.329093779972626
"GO:2001135","regulation of endocytic recycling",0,1.45305890702621,0.350541666379968
"GO:0060612","adipose tissue development",0,1.4629585252075,0.342081496769042
"GO:0002460","adaptive immune response based on somatic recombination of immune receptors built from immunoglobulin superfamily domains",0,1.45731840492419,0.192235991631397
"GO:0061668","mitochondrial ribosome assembly",0,-1.46447370673828,0.264937969103118
"GO:0150076","neuroinflammatory response",0,1.48513084210791,0.332052183008542
"GO:0060973","cell migration involved in heart development",0,1.45489654918719,0.363892881775838
"GO:0006026","aminoglycan catabolic process",0,1.47680818671237,0.349553970743921
"GO:0046479","glycosphingolipid catabolic process",0,-1.45330662745112,0.287022083575305
"GO:0048260","positive regulation of receptor-mediated endocytosis",0,1.48258509332268,0.342388595231292
"GO:0050863","regulation of T cell activation",0,1.46611988722667,0.16847835503311
"GO:0062013","positive regulation of small molecule metabolic process",0,1.46914048429131,0.268422013958859
"GO:0086091","regulation of heart rate by cardiac conduction",0,-1.47798267438096,0.222265714132249
"GO:0006869","lipid transport",0,1.44687922149668,0.169662545412072
"GO:0008089","anterograde axonal transport",0,-1.43779922643991,0.294034633665764
"GO:0033209","tumor necrosis factor-mediated signaling pathway",0,1.43547015759535,0.333944243963063
"GO:0050931","pigment cell differentiation",0,-1.45856139192784,0.294492574806563
"GO:0060155","platelet dense granule organization",0,-1.44218199673836,0.299226275884
"GO:0060382","regulation of DNA strand elongation",0,1.47248283777108,0.343316891346411
"GO:0035904","aorta development",0,1.45507149908675,0.348839039508985
"GO:0002931","response to ischemia",0,1.4497375673857,0.350832160413087
"GO:0051985","negative regulation of chromosome segregation",0,-1.4590249106137,0.196317706921356
"GO:1902099","regulation of metaphase/anaphase transition of cell cycle",0,-1.42374085953491,0.208028879864971
"GO:0010522","regulation of calcium ion transport into cytosol",0,-1.4553495500165,0.303059877658164
"GO:0033363","secretory granule organization",0,-1.45714557991602,0.19843207201905
"GO:0048245","eosinophil chemotaxis",0,1.44495824386427,0.354844811712774
"GO:0002062","chondrocyte differentiation",0,1.43527197158603,0.340296315333033
"GO:0050856","regulation of T cell receptor signaling pathway",0,1.43667785178751,0.35008092125013
"GO:0006470","protein dephosphorylation",0,1.46048242779771,0.338445158937305
"GO:1990000","amyloid fibril formation",0,1.46789243882382,0.344985061027188
"GO:0010975","regulation of neuron projection development",0,1.45187665956189,0.166657559041619
"GO:0048167","regulation of synaptic plasticity",0,1.44999617252604,0.248157384019571
"GO:0070988","demethylation",0,-1.45872726263977,0.277903024682104
"GO:0061900","glial cell activation",0,1.4602345395059,0.349282632631182
"GO:0007626","locomotory behavior",0,1.46604126978381,0.332668801326323
"GO:0002697","regulation of immune effector process",0,1.45573782251617,0.180202745227053
"GO:0072663","establishment of protein localization to peroxisome",0,-1.44223180694962,0.31220722635762
"GO:0002836","positive regulation of response to tumor cell",0,-1.45513003968591,0.299218936386277
"GO:0002839","positive regulation of immune response to tumor cell",0,-1.45513003968591,0.299218936386277
"GO:0071604","transforming growth factor beta production",0,1.4644881799893,0.34696289980061
"GO:0044771","meiotic cell cycle phase transition",0,-1.43619226765382,0.326277862468483
"GO:0072207","metanephric epithelium development",0,1.44355796146987,0.364991780456296
"GO:0050864","regulation of B cell activation",0,1.44285614326812,0.332496100773123
"GO:1904044","response to aldosterone",0,1.46253478983995,0.359289352703501
"GO:0019433","triglyceride catabolic process",0,1.41761826747197,0.372264645725527
"GO:1901654","response to ketone",0,1.44288618644111,0.233504021262035
"GO:0042116","macrophage activation",0,1.45089030927978,0.329615124796642
"GO:0031112","positive regulation of microtubule polymerization or depolymerization",0,-1.44228924572632,0.283719878979758
"GO:0051154","negative regulation of striated muscle cell differentiation",0,1.44518482961177,0.360927151793326
"GO:0046461","neutral lipid catabolic process",0,1.44749700522812,0.349455196937093
"GO:0046464","acylglycerol catabolic process",0,1.44749700522812,0.349455196937093
"GO:0051384","response to glucocorticoid",0,1.42316521986183,0.336796797113049
"GO:0030194","positive regulation of blood coagulation",0,1.4620596451652,0.349736098927891
"GO:1900048","positive regulation of hemostasis",0,1.4620596451652,0.349736098927891
"GO:0003081","regulation of systemic arterial blood pressure by renin-angiotensin",0,-1.43055326399164,0.31344099073016
"GO:0030278","regulation of ossification",0,1.40628947494325,0.344012238654286
"GO:0050807","regulation of synapse organization",0,1.43237660651068,0.19666485922861
"GO:0001558","regulation of cell growth",0,1.44910953404059,0.184695403282407
"GO:0001662","behavioral fear response",0,1.45310936910398,0.354331362462402
"GO:0019058","viral life cycle",0,1.4361129902072,0.20486149897229
"GO:0035493","SNARE complex assembly",0,1.43384892295292,0.370210440998964
"GO:0060292","long-term synaptic depression",0,1.47001698603056,0.347306580332968
"GO:0090025","regulation of monocyte chemotaxis",0,1.43939492010136,0.373182385980143
"GO:0043491","phosphatidylinositol 3-kinase/protein kinase B signal transduction",0,1.46847002849656,0.186888417726719
"GO:1990868","response to chemokine",0,1.43053215948951,0.333767404303915
"GO:1990869","cellular response to chemokine",0,1.43053215948951,0.333767404303915
"GO:0044784","metaphase/anaphase transition of cell cycle",0,-1.44024458347601,0.191261034832182
"GO:0070482","response to oxygen levels",0,1.44439850934372,0.182119526897068
"GO:0006479","protein methylation",0,-1.4368914259023,0.295271450018764
"GO:0008213","protein alkylation",0,-1.4368914259023,0.295271450018764
"GO:0045655","regulation of monocyte differentiation",0,1.43566131403907,0.378537522572531
"GO:0086014","atrial cardiac muscle cell action potential",0,1.43553888936823,0.378537522572531
"GO:0086026","atrial cardiac muscle cell to AV node cell signaling",0,1.43553888936823,0.378537522572531
"GO:0086066","atrial cardiac muscle cell to AV node cell communication",0,1.43553888936823,0.378537522572531
"GO:0070841","inclusion body assembly",0,1.43126250242947,0.381207004301492
"GO:0009129","pyrimidine nucleoside monophosphate metabolic process",0,-1.45334282832635,0.297100259912096
"GO:0045880","positive regulation of smoothened signaling pathway",0,1.48998063795993,0.341470039280056
"GO:0070098","chemokine-mediated signaling pathway",0,1.44384891567643,0.339035080488259
"GO:2000191","regulation of fatty acid transport",0,1.44174717398974,0.370896936595216
"GO:0002687","positive regulation of leukocyte migration",0,1.43575075335844,0.314072015687859
"GO:0036293","response to decreased oxygen levels",0,1.43206547212763,0.21147256406854
"GO:0098754","detoxification",0,1.4451618198351,0.294531997325611
"GO:0051281","positive regulation of release of sequestered calcium ion into cytosol",0,1.43601178086473,0.371138979205319
"GO:0002182","cytoplasmic translational elongation",0,-1.42905809267764,0.314107826544099
"GO:0003300","cardiac muscle hypertrophy",0,1.41023021698959,0.355002013388133
"GO:0042596","fear response",0,1.45132133238208,0.354059297235554
"GO:0060412","ventricular septum morphogenesis",0,1.44553574154745,0.3637949268094
"GO:0001666","response to hypoxia",0,1.43740193366704,0.200158835302803
"GO:0046856","phosphatidylinositol dephosphorylation",0,1.42838585085722,0.381968185502422
"GO:0050673","epithelial cell proliferation",0,1.43419142340798,0.192977820150022
"GO:0045444","fat cell differentiation",0,1.43680915228593,0.26276638627231
"GO:0060080","inhibitory postsynaptic potential",0,-1.43744055547292,0.322934852466666
"GO:0000303","response to superoxide",0,1.42775962630643,0.378463790190647
"GO:0007091","metaphase/anaphase transition of mitotic cell cycle",0,-1.40571610506639,0.224502573969391
"GO:0098868","bone growth",0,1.4452133959795,0.365447809103424
"GO:0060348","bone development",0,1.44224462822498,0.318368506462592
"GO:0042326","negative regulation of phosphorylation",0,1.43848405973667,0.326980384847468
"GO:0061036","positive regulation of cartilage development",0,1.43753606462049,0.370896936595216
"GO:0030317","flagellated sperm motility",0,-1.42932957322137,0.18158031132022
"GO:0097722","sperm motility",0,-1.42932957322137,0.18158031132022
"GO:0048512","circadian behavior",0,1.47068417021856,0.34178144620352
"GO:0045723","positive regulation of fatty acid biosynthetic process",0,1.43668152413023,0.371897667913432
"GO:0010721","negative regulation of cell development",0,1.42384574875421,0.239336861695516
"GO:0032616","interleukin-13 production",0,1.46144907039824,0.353543648486249
"GO:0032656","regulation of interleukin-13 production",0,1.46144907039824,0.353543648486249
"GO:0000305","response to oxygen radical",0,1.4244298996482,0.388182407391215
"GO:0007610","behavior",0,1.41737318606217,0.184950591013867
"GO:1904950","negative regulation of establishment of protein localization",0,1.44624693192728,0.330300733460767
"GO:2001169","regulation of ATP biosynthetic process",0,1.43595017984432,0.372477903526844
"GO:0006206","pyrimidine nucleobase metabolic process",0,-1.43907109886664,0.298722397132737
"GO:0010043","response to zinc ion",0,1.44973644095185,0.34696289980061
"GO:0042773","ATP synthesis coupled electron transport",0,-1.4276636820077,0.229709615140331
"GO:0042775","mitochondrial ATP synthesis coupled electron transport",0,-1.4276636820077,0.229709615140331
"GO:0048385","regulation of retinoic acid receptor signaling pathway",0,1.4354005285552,0.372477903526844
"GO:0030813","positive regulation of nucleotide catabolic process",0,-1.42961117791218,0.325844883103502
"GO:0033123","positive regulation of purine nucleotide catabolic process",0,-1.42961117791218,0.325844883103502
"GO:0045821","positive regulation of glycolytic process",0,-1.42961117791218,0.325844883103502
"GO:0010587","miRNA catabolic process",0,1.42306759081981,0.383814693994113
"GO:0002092","positive regulation of receptor internalization",0,1.4818553987577,0.344434034791087
"GO:0007613","memory",0,1.43633124605677,0.339035080488259
"GO:0071478","cellular response to radiation",0,1.43881315440832,0.311378828854755
"GO:0045815","transcription initiation-coupled chromatin remodeling",0,1.42081785257792,0.354404205627246
"GO:1901976","regulation of cell cycle checkpoint",0,-1.43153051650388,0.258980363593319
"GO:0050803","regulation of synapse structure or activity",0,1.41962040546069,0.204417498650551
"GO:0009219","pyrimidine deoxyribonucleotide metabolic process",0,-1.42459984604743,0.327171488723469
"GO:0061035","regulation of cartilage development",0,1.44630188539773,0.3480050571099
"GO:0030307","positive regulation of cell growth",0,1.42999291735673,0.327749103416917
"GO:1903441","protein localization to ciliary membrane",0,-1.42821078827968,0.33240586474734
"GO:0071895","odontoblast differentiation",0,1.42268440025492,0.386806725732406
"GO:0010970","transport along microtubule",0,-1.44223518725424,0.155494399156902
"GO:0051590","positive regulation of neurotransmitter transport",0,-1.4399401912192,0.317523036525615
"GO:0051897","positive regulation of phosphatidylinositol 3-kinase/protein kinase B signal transduction",0,1.41421902648644,0.301710270469937
"GO:0007389","pattern specification process",0,1.42579677990102,0.219134158822789
"GO:0032814","regulation of natural killer cell activation",0,1.44291596064506,0.360500185309135
"GO:0010633","negative regulation of epithelial cell migration",0,1.42129292294381,0.390735321020771
"GO:0051924","regulation of calcium ion transport",0,1.42968114181,0.258110131455946
"GO:0098815","modulation of excitatory postsynaptic potential",0,1.42606358098573,0.365622063406192
"GO:0006740","NADPH regeneration",0,1.4171798141056,0.384244624129119
"GO:0002532","production of molecular mediator involved in inflammatory response",0,1.42997052864004,0.342907037255109
"GO:0050709","negative regulation of protein secretion",0,1.43881085638204,0.352893455863251
"GO:0016049","cell growth",0,1.4220165089726,0.17755936334865
"GO:0002209","behavioral defense response",0,1.41690309878962,0.378960305979837
"GO:0072170","metanephric tubule development",0,1.41663647932781,0.378960305979837
"GO:0072234","metanephric nephron tubule development",0,1.41663647932781,0.378960305979837
"GO:0048568","embryonic organ development",0,1.41463001124339,0.238329436453745
"GO:0090066","regulation of anatomical structure size",0,1.41585229336879,0.178519315605273
"GO:0050728","negative regulation of inflammatory response",0,1.41310568663299,0.313484696377432
"GO:1900026","positive regulation of substrate adhesion-dependent cell spreading",0,1.39447339079209,0.391054553164994
"GO:0060339","negative regulation of type I interferon-mediated signaling pathway",0,-1.41707501198089,0.336748177269807
"GO:0032102","negative regulation of response to external stimulus",0,1.43105043425185,0.19032021531185
"GO:0033047","regulation of mitotic sister chromatid segregation",0,-1.41857800158509,0.234309414480639
"GO:0032633","interleukin-4 production",0,1.47144153461006,0.350542639981851
"GO:0032673","regulation of interleukin-4 production",0,1.47144153461006,0.350542639981851
"GO:0000027","ribosomal large subunit assembly",0,-1.42273142564208,0.335864621726285
"GO:0051932","synaptic transmission, GABAergic",0,-1.4222766331086,0.267542897900528
"GO:0003299","muscle hypertrophy in response to stress",0,1.43625998720885,0.372309453520214
"GO:0014887","cardiac muscle adaptation",0,1.43625998720885,0.372309453520214
"GO:0014898","cardiac muscle hypertrophy in response to stress",0,1.43625998720885,0.372309453520214
"GO:0070897","transcription preinitiation complex assembly",0,1.44318706468836,0.34926341315178
"GO:0034205","amyloid-beta formation",0,1.4145882065829,0.368031205122921
"GO:0051602","response to electrical stimulus",0,1.42752513520038,0.377162932816796
"GO:0032736","positive regulation of interleukin-13 production",0,1.43140169452889,0.371224932676477
"GO:2001279","regulation of unsaturated fatty acid biosynthetic process",0,1.41988490180461,0.386316026615616
"GO:1903671","negative regulation of sprouting angiogenesis",0,1.40787849052121,0.394905367964417
"GO:0043029","T cell homeostasis",0,-1.41325430681044,0.332716595064117
"GO:1902108","regulation of mitochondrial membrane permeability involved in apoptotic process",0,1.42427020907071,0.379155131570756
"GO:0009081","branched-chain amino acid metabolic process",0,1.43240628786626,0.375364343797063
"GO:0021766","hippocampus development",0,1.42071427817366,0.363199368363624
"GO:0009612","response to mechanical stimulus",0,1.4180402688094,0.275435428741592
"GO:0150011","regulation of neuron projection arborization",0,1.43044189557257,0.386502362988736
"GO:0072344","rescue of stalled cytosolic ribosome",0,-1.41498538161229,0.329753885643756
"GO:0008630","intrinsic apoptotic signaling pathway in response to DNA damage",0,1.40716834484485,0.348267591247046
"GO:0045056","transcytosis",0,1.42663472753166,0.377265055713224
"GO:0021761","limbic system development",0,1.41585232820593,0.352378241945902
"GO:1903037","regulation of leukocyte cell-cell adhesion",0,1.42170600739589,0.187457665284901
"GO:0046676","negative regulation of insulin secretion",0,1.46253604979252,0.35457791115346
"GO:0051783","regulation of nuclear division",0,-1.4120566898065,0.194318299371333
"GO:0071103","DNA conformation change",0,1.42243422595477,0.380357246364511
"GO:1904377","positive regulation of protein localization to cell periphery",0,1.41442833744332,0.354427784268948
"GO:1902105","regulation of leukocyte differentiation",0,1.40978040878499,0.206419953094797
"GO:0072376","protein activation cascade",0,1.41179325014075,0.385229278631368
"GO:0060252","positive regulation of glial cell proliferation",0,1.41554241072036,0.386735961891663
"GO:0033045","regulation of sister chromatid segregation",0,-1.41597147775612,0.195489008071204
"GO:0007159","leukocyte cell-cell adhesion",0,1.41602456346794,0.182680403636453
"GO:0051607","defense response to virus",0,1.41203785307591,0.207699451344117
"GO:0043085","positive regulation of catalytic activity",0,1.43325778785381,0.202349704834151
"GO:0002688","regulation of leukocyte chemotaxis",0,1.39008282254944,0.345414541770681
"GO:0043921","host-mediated perturbation of viral transcription",0,1.41056762439771,0.385229278631368
"GO:0002260","lymphocyte homeostasis",0,1.40770617995002,0.36746285031316
"GO:0050679","positive regulation of epithelial cell proliferation",0,1.40356223408786,0.315413268236564
"GO:0007218","neuropeptide signaling pathway",0,-1.40930396661174,0.204684118982462
"GO:0042158","lipoprotein biosynthetic process",0,1.4276193643726,0.358659687993097
"GO:0043931","ossification involved in bone maturation",0,-1.40535044070935,0.346270040125818
"GO:0003382","epithelial cell morphogenesis",0,1.42329096115322,0.381821978126397
"GO:0035050","embryonic heart tube development",0,1.39535711938508,0.379136357143743
"GO:0090022","regulation of neutrophil chemotaxis",0,1.41823525013306,0.382261168430574
"GO:0043101","purine-containing compound salvage",0,1.40119924369453,0.391629273771422
"GO:0009112","nucleobase metabolic process",0,-1.4280250439058,0.310374569163046
"GO:0021575","hindbrain morphogenesis",0,-1.41028055603569,0.337590254156497
"GO:0051123","RNA polymerase II preinitiation complex assembly",0,1.39884071763052,0.373077960199025
"GO:0032373","positive regulation of sterol transport",0,1.41659818761651,0.379884965100883
"GO:0032376","positive regulation of cholesterol transport",0,1.41659818761651,0.379884965100883
"GO:0006334","nucleosome assembly",0,1.4178780791302,0.365169743258847
"GO:0043031","negative regulation of macrophage activation",0,1.42446602024903,0.386571167646561
"GO:0072243","metanephric nephron epithelium development",0,1.4206762207166,0.384426267888596
"GO:0050871","positive regulation of B cell activation",0,1.43204438984512,0.352394293899076
"GO:1900046","regulation of hemostasis",0,1.42947185198763,0.356956872630758
"GO:0016032","viral process",0,1.41068454097993,0.194010410903046
"GO:0051445","regulation of meiotic cell cycle",0,-1.39500497587352,0.311937975022393
"GO:0031664","regulation of lipopolysaccharide-mediated signaling pathway",0,1.38755353641784,0.400503149172433
"GO:0030193","regulation of blood coagulation",0,1.41774832664762,0.351469556101676
"GO:1904036","negative regulation of epithelial cell apoptotic process",0,1.42131771260065,0.380465054331954
"GO:0045987","positive regulation of smooth muscle contraction",0,-1.40027954503354,0.339872437931201
"GO:0035929","steroid hormone secretion",0,-1.40931091972613,0.333291369709244
"GO:1902165","regulation of intrinsic apoptotic signaling pathway in response to DNA damage by p53 class mediator",0,1.42177570734619,0.39231548710451
"GO:1902166","negative regulation of intrinsic apoptotic signaling pathway in response to DNA damage by p53 class mediator",0,1.42177570734619,0.39231548710451
"GO:0060538","skeletal muscle organ development",0,-1.39491592146373,0.242446599533785
"GO:0032288","myelin assembly",0,-1.41098321932406,0.332415906388187
"GO:1902930","regulation of alcohol biosynthetic process",0,1.40466640200533,0.375116572909355
"GO:0015718","monocarboxylic acid transport",0,1.4203572691377,0.301069268345512
"GO:0007519","skeletal muscle tissue development",0,-1.40330821982465,0.232695015628069
"GO:0015909","long-chain fatty acid transport",0,1.42851922462137,0.356334591088048
"GO:1902229","regulation of intrinsic apoptotic signaling pathway in response to DNA damage",0,1.40262516488433,0.386990515639968
"GO:0042551","neuron maturation",0,1.41930594304854,0.375686305078531
"GO:0007599","hemostasis",0,1.39523438378239,0.316695004017256
"GO:0007565","female pregnancy",0,1.39910648291049,0.335980229242429
"GO:0042176","regulation of protein catabolic process",0,1.3965702172466,0.199925276420385
"GO:0046426","negative regulation of receptor signaling pathway via JAK-STAT",0,1.40464795556997,0.390195013042234
"GO:0003143","embryonic heart tube morphogenesis",0,1.41896036371117,0.364616368982902
"GO:0050678","regulation of epithelial cell proliferation",0,1.39817889516762,0.229526698182774
"GO:0048013","ephrin receptor signaling pathway",0,1.406416151739,0.366126664080947
"GO:1902041","regulation of extrinsic apoptotic signaling pathway via death domain receptors",0,1.41502780927123,0.374294460746463
"GO:0050854","regulation of antigen receptor-mediated signaling pathway",0,1.42530498249906,0.349287324574337
"GO:0003007","heart morphogenesis",0,1.4151702484128,0.284635253327052
"GO:0007039","protein catabolic process in the vacuole",0,1.39738202359767,0.407458402636049
"GO:0007596","blood coagulation",0,1.38631039190173,0.297153750158328
"GO:0030502","negative regulation of bone mineralization",0,1.38730196222926,0.41364887801481
"GO:0002922","positive regulation of humoral immune response",0,1.39586355754758,0.41345490933164
"GO:0001963","synaptic transmission, dopaminergic",0,-1.41282598394314,0.336068481854708
"GO:0071474","cellular hyperosmotic response",0,1.39593429940341,0.409774885568604
"GO:0043244","regulation of protein-containing complex disassembly",0,-1.38934935841957,0.210838330881434
"GO:0010232","vascular transport",0,1.40262427565741,0.347423166884786
"GO:0150104","transport across blood-brain barrier",0,1.40262427565741,0.347423166884786
"GO:0050900","leukocyte migration",0,1.38914108000554,0.214005531493427
"GO:0060260","regulation of transcription initiation by RNA polymerase II",0,1.41267867515364,0.35792901857904
"GO:0009311","oligosaccharide metabolic process",0,-1.40341808935258,0.311617932068091
"GO:0051447","negative regulation of meiotic cell cycle",0,-1.39681848545604,0.347920844315826
"GO:0001516","prostaglandin biosynthetic process",0,1.42287719205717,0.373880700206018
"GO:0050974","detection of mechanical stimulus involved in sensory perception",0,-1.3820810355113,0.354024571114405
"GO:0086064","cell communication by electrical coupling involved in cardiac conduction",0,1.38618077443474,0.400040408001382
"GO:0050767","regulation of neurogenesis",0,1.38113559484519,0.258327787347255
"GO:0001952","regulation of cell-matrix adhesion",0,1.42344981581978,0.331692494457332
"GO:0036260","RNA capping",0,-1.39924386089124,0.348109422309743
"GO:0007369","gastrulation",0,1.42219642285951,0.331692494457332
"GO:0065002","intracellular protein transmembrane transport",0,-1.38888558276552,0.338306765229918
"GO:1903902","positive regulation of viral life cycle",0,1.38307524306774,0.400040408001382
"GO:1902230","negative regulation of intrinsic apoptotic signaling pathway in response to DNA damage",0,1.4077708539068,0.387699716140961
"GO:0097529","myeloid leukocyte migration",0,1.41034466784439,0.283748222936495
"GO:0009651","response to salt stress",0,1.40005827673606,0.396407673924607
"GO:1900029","positive regulation of ruffle assembly",0,-1.39898644386236,0.344546617314692
"GO:0072330","monocarboxylic acid biosynthetic process",0,1.38048563142435,0.315999152617863
"GO:0010463","mesenchymal cell proliferation",0,1.39270206389821,0.402425612975429
"GO:0071392","cellular response to estradiol stimulus",0,-1.38644153860016,0.343629698332267
"GO:1904893","negative regulation of receptor signaling pathway via STAT",0,1.38941632724406,0.398188525834082
"GO:0001539","cilium or flagellum-dependent cell motility",0,-1.38084023705521,0.189732473476112
"GO:0060285","cilium-dependent cell motility",0,-1.38084023705521,0.189732473476112
"GO:1902254","negative regulation of intrinsic apoptotic signaling pathway by p53 class mediator",0,1.40440607481365,0.396804351643214
"GO:0002826","negative regulation of T-helper 1 type immune response",0,1.40349347576077,0.409037197899655
"GO:0045747","positive regulation of Notch signaling pathway",0,1.38827530560631,0.395537427844827
"GO:0016137","glycoside metabolic process",0,1.40316667502306,0.40953195173706
"GO:0035987","endodermal cell differentiation",0,1.37523937968764,0.394240487859233
"GO:0002098","tRNA wobble uridine modification",0,-1.39431909556613,0.351706950601014
"GO:0021537","telencephalon development",0,1.39849120686918,0.323005093025359
"GO:0050920","regulation of chemotaxis",0,1.37507752724466,0.335904587408388
"GO:0051983","regulation of chromosome segregation",0,-1.35883661652109,0.226990245054438
"GO:0036465","synaptic vesicle recycling",0,-1.39150001868276,0.270381855483225
"GO:0072529","pyrimidine-containing compound catabolic process",0,-1.3897252603998,0.348087769530312
"GO:0006650","glycerophospholipid metabolic process",0,1.38250724980428,0.228720347639208
"GO:0032790","ribosome disassembly",0,-1.40827583606344,0.324772757925586
"GO:0002690","positive regulation of leukocyte chemotaxis",0,1.38059247622404,0.35764437407344
"GO:0030168","platelet activation",0,1.40435636548289,0.339412663340799
"GO:0002449","lymphocyte mediated immunity",0,1.38426416261626,0.269726664300459
"GO:0006972","hyperosmotic response",0,1.40056412654453,0.397023952305549
"GO:0034142","toll-like receptor 4 signaling pathway",0,1.37396315700406,0.386044035214983
"GO:1902622","regulation of neutrophil migration",0,1.38929339383214,0.39054712888529
"GO:0046902","regulation of mitochondrial membrane permeability",0,1.39770923436955,0.383074622650774
"GO:0001975","response to amphetamine",0,-1.3774552467035,0.368466764473288
"GO:0035278","miRNA-mediated gene silencing by inhibition of translation",0,-1.38088939007068,0.359778106643443
"GO:0007062","sister chromatid cohesion",0,-1.39348583481292,0.325378404498371
"GO:0061564","axon development",0,1.3755495409906,0.209724776794833
"GO:0090103","cochlea morphogenesis",0,1.36945061528879,0.428415733541511
"GO:1901797","negative regulation of signal transduction by p53 class mediator",0,1.39829800131554,0.386632261672238
"GO:0050817","coagulation",0,1.38147271892382,0.323527644568366
"GO:0010611","regulation of cardiac muscle hypertrophy",0,1.37126559418145,0.387807322917442
"GO:0048009","insulin-like growth factor receptor signaling pathway",0,1.39488794144696,0.383725995679689
"GO:0046545","development of primary female sexual characteristics",0,1.40514076724223,0.380833778800882
"GO:0021696","cerebellar cortex morphogenesis",0,-1.37522923751918,0.369372800262118
"GO:1902969","mitotic DNA replication",0,1.375584927344,0.428441269453421
"GO:0015800","acidic amino acid transport",0,1.4120742100021,0.359523687459384
"GO:0009611","response to wounding",0,1.39958158833955,0.179181398138533
"GO:0033559","unsaturated fatty acid metabolic process",0,1.3847331976138,0.356488316448002
"GO:0008228","opsonization",0,1.38797116209143,0.407865709196404
"GO:0006541","glutamine metabolic process",0,1.39519423810381,0.406049288131726
"GO:0072583","clathrin-dependent endocytosis",0,-1.38921804141735,0.323725431223731
"GO:0050765","negative regulation of phagocytosis",0,1.37376505970119,0.4319111263414
"GO:0042698","ovulation cycle",0,1.37828583554985,0.39052487070137
"GO:0007338","single fertilization",0,-1.39359025609649,0.214210305368622
"GO:0030071","regulation of mitotic metaphase/anaphase transition",0,-1.37707953766431,0.253626235905699
"GO:0043410","positive regulation of MAPK cascade",0,1.37965124702297,0.199927306033061
"GO:0006661","phosphatidylinositol biosynthetic process",0,1.39672959159519,0.342904978548243
"GO:0060294","cilium movement involved in cell motility",0,-1.37520965643359,0.205607327632327
"GO:0048511","rhythmic process",0,1.38375162388203,0.261262477636156
"GO:0007409","axonogenesis",0,1.38051663074324,0.222020472692782
"GO:1902916","positive regulation of protein polyubiquitination",0,1.36342804833174,0.439480028934353
"GO:0046785","microtubule polymerization",0,-1.36460379688003,0.300896884967279
"GO:0031623","receptor internalization",0,1.35556396464767,0.364490557141764
"GO:0007064","mitotic sister chromatid cohesion",0,-1.37080366844523,0.360943493582155
"GO:2000142","regulation of DNA-templated transcription initiation",0,1.3798750164637,0.359040008263358
"GO:0030162","regulation of proteolysis",0,1.3773152640772,0.346591546552004
"GO:0002065","columnar/cuboidal epithelial cell differentiation",0,1.37576755936682,0.397414198711929
"GO:0051480","regulation of cytosolic calcium ion concentration",0,-1.37735620576181,0.332656552565362
"GO:0050926","regulation of positive chemotaxis",0,1.36628934143548,0.416774438385078
"GO:0001773","myeloid dendritic cell activation",0,1.37006534650224,0.435803410025544
"GO:0070509","calcium ion import",0,1.40870900026248,0.361354088139109
"GO:0014911","positive regulation of smooth muscle cell migration",0,1.38245161081837,0.403550282512577
"GO:0042060","wound healing",0,1.37560068420561,0.211453382261818
"GO:0070670","response to interleukin-4",0,1.37349722783109,0.415987095228221
"GO:0003281","ventricular septum development",0,1.38372896141596,0.396836291836738
"GO:1903232","melanosome assembly",0,-1.36905288744674,0.378883179817226
"GO:0050818","regulation of coagulation",0,1.39734449633624,0.359431456173158
"GO:0050805","negative regulation of synaptic transmission",0,1.359038708596,0.409661443862295
"GO:0035640","exploration behavior",0,1.38872540261617,0.406764999570173
"GO:0019218","regulation of steroid metabolic process",0,1.37784002321706,0.362995539203216
"GO:0002685","regulation of leukocyte migration",0,1.35412300366949,0.338785819237501
"GO:0098664","G protein-coupled serotonin receptor signaling pathway",0,-1.36826523995466,0.379340152846603
"GO:0003272","endocardial cushion formation",0,1.38823528545006,0.408145020183623
"GO:0051457","maintenance of protein location in nucleus",0,-1.37330525666593,0.372000757353855
"GO:0061028","establishment of endothelial barrier",0,1.3883565987239,0.384160851833325
"GO:2000045","regulation of G1/S transition of mitotic cell cycle",0,1.37807727376938,0.344842330732163
"GO:0009312","oligosaccharide biosynthetic process",0,-1.35718148947875,0.368043411646254
"GO:0050927","positive regulation of positive chemotaxis",0,1.36674039319466,0.425661705863484
"GO:1901223","negative regulation of non-canonical NF-kappaB signal transduction",0,-1.37141120902989,0.364509358359547
"GO:1902806","regulation of cell cycle G1/S phase transition",0,1.36232109348175,0.337895292727387
"GO:0014002","astrocyte development",0,1.38553840894927,0.408353892484665
"GO:1900078","positive regulation of cellular response to insulin stimulus",0,1.36221907247039,0.428222351485757
"GO:0006835","dicarboxylic acid transport",0,1.3921909057493,0.364646793773696
"GO:0007130","synaptonemal complex assembly",0,-1.37556018944591,0.375876343090374
"GO:0070193","synaptonemal complex organization",0,-1.37556018944591,0.375876343090374
"GO:0051968","positive regulation of synaptic transmission, glutamatergic",0,1.41654833466887,0.379668129042349
"GO:0007292","female gamete generation",0,1.37521395493827,0.359272992837012
"GO:0021953","central nervous system neuron differentiation",0,1.36798714363642,0.358997592088801
"GO:0098900","regulation of action potential",0,-1.35698417854262,0.334102197145694
"GO:0001867","complement activation, lectin pathway",0,1.370907759544,0.422658443588645
"GO:0060964","regulation of miRNA-mediated gene silencing",0,1.36713973882986,0.418590796506414
"GO:1900368","regulation of post-transcriptional gene silencing by regulatory ncRNA",0,1.36713973882986,0.418590796506414
"GO:0010612","regulation of cardiac muscle adaptation",0,1.35910679580981,0.447867106060837
"GO:1903242","regulation of cardiac muscle hypertrophy in response to stress",0,1.35910679580981,0.447867106060837
"GO:0051170","import into nucleus",0,1.36490717388095,0.347543812845167
"GO:0048667","cell morphogenesis involved in neuron differentiation",0,1.35950078791389,0.188021837144413
"GO:1902107","positive regulation of leukocyte differentiation",0,1.37007276777411,0.333096197222894
"GO:1903708","positive regulation of hemopoiesis",0,1.37007276777411,0.333096197222894
"GO:0032835","glomerulus development",0,1.37012338954167,0.385120223920631
"GO:0061512","protein localization to cilium",0,-1.37201207136851,0.294228351761519
"GO:0050820","positive regulation of coagulation",0,1.36592199354124,0.418590796506414
"GO:0060760","positive regulation of response to cytokine stimulus",0,1.37934408399558,0.381059558077526
"GO:0030500","regulation of bone mineralization",0,1.36828372709741,0.384276893677298
"GO:0048143","astrocyte activation",0,1.37914198499938,0.416831032472226
"GO:0048857","neural nucleus development",0,1.37609218997991,0.399954587796958
"GO:0009159","deoxyribonucleoside monophosphate catabolic process",0,-1.36685370222946,0.377240979949177
"GO:1990266","neutrophil migration",0,1.36984730415661,0.367302489444132
"GO:0071277","cellular response to calcium ion",0,-1.3605991525712,0.331351164805704
"GO:1900024","regulation of substrate adhesion-dependent cell spreading",0,1.35025432873372,0.412691043270578
"GO:0042771","intrinsic apoptotic signaling pathway in response to DNA damage by p53 class mediator",0,1.37745457707786,0.396367360910056
"GO:0007088","regulation of mitotic nuclear division",0,-1.35445498836821,0.243014284742599
"GO:1903131","mononuclear cell differentiation",0,1.35972131494827,0.209395445773395
"GO:0001961","positive regulation of cytokine-mediated signaling pathway",0,1.3851518680634,0.388222421881915
"GO:0019233","sensory perception of pain",0,-1.35449118288015,0.333509990074677
"GO:0035338","long-chain fatty-acyl-CoA biosynthetic process",0,1.35810413127151,0.441853522706986
"GO:0002534","cytokine production involved in inflammatory response",0,1.36564813256906,0.389373089104922
"GO:1900015","regulation of cytokine production involved in inflammatory response",0,1.36564813256906,0.389373089104922
"GO:0007210","serotonin receptor signaling pathway",0,-1.37060110777318,0.370506168227967
"GO:0009158","ribonucleoside monophosphate catabolic process",0,-1.36288025789447,0.382248984353042
"GO:1902742","apoptotic process involved in development",0,1.37456101532423,0.420671027561849
"GO:0031214","biomineral tissue development",0,1.36361715143376,0.357115867193309
"GO:0030593","neutrophil chemotaxis",0,1.3640632958309,0.384571800049295
"GO:0070206","protein trimerization",0,1.37603578336271,0.417897120127404
"GO:0010971","positive regulation of G2/M transition of mitotic cell cycle",0,-1.36464060279645,0.366938087090575
"GO:0001706","endoderm formation",0,1.37048295891503,0.40217283111136
"GO:0035672","oligopeptide transmembrane transport",0,1.35582056494783,0.445582207081354
"GO:0015740","C4-dicarboxylate transport",0,1.38652588810399,0.405218459457418
"GO:0002704","negative regulation of leukocyte mediated immunity",0,1.35967855638115,0.396527884383176
"GO:0046660","female sex differentiation",0,1.38145596202916,0.381359975148113
"GO:1903897","regulation of PERK-mediated unfolded protein response",0,1.35484403859456,0.445582207081354
"GO:0090023","positive regulation of neutrophil chemotaxis",0,1.35062794111714,0.441268237382073
"GO:0034728","nucleosome organization",0,1.36081596542,0.395202916691268
"GO:0051703","biological process involved in intraspecies interaction between organisms",0,1.34650591450175,0.414244590566496
"GO:0060563","neuroepithelial cell differentiation",0,1.36111600345382,0.422164853646724
"GO:0009566","fertilization",0,-1.35228765589759,0.24996216101739
"GO:0097530","granulocyte migration",0,1.37066242196957,0.350274763225127
"GO:0002286","T cell activation involved in immune response",0,1.37873765808343,0.350499702047714
"GO:0016053","organic acid biosynthetic process",0,1.34720610732197,0.309833562712185
"GO:0072378","blood coagulation, fibrin clot formation",0,1.35938005804608,0.422164853646724
"GO:0006888","endoplasmic reticulum to Golgi vesicle-mediated transport",0,-1.35553737405379,0.243332703494246
"GO:0003012","muscle system process",0,1.35257593421524,0.206219636542012
"GO:1904491","protein localization to ciliary transition zone",0,-1.36823977903087,0.37397135613195
"GO:1901163","regulation of trophoblast cell migration",0,1.36950504345205,0.438942920428736
"GO:1904035","regulation of epithelial cell apoptotic process",0,1.37092417926277,0.404534194148842
"GO:0048854","brain morphogenesis",0,1.36363051673866,0.426352418428435
"GO:0120162","positive regulation of cold-induced thermogenesis",0,1.35403954988369,0.382049960930532
"GO:0060411","cardiac septum morphogenesis",0,1.35457292037131,0.411627631953335
"GO:0071353","cellular response to interleukin-4",0,1.36955267211293,0.419661323126669
"GO:0050727","regulation of inflammatory response",0,1.35492414987402,0.231362551454372
"GO:1905314","semi-lunar valve development",0,1.35543119969659,0.405612373451413
"GO:0006289","nucleotide-excision repair",0,1.35751340825577,0.378365654135833
"GO:0071624","positive regulation of granulocyte chemotaxis",0,1.36879370488285,0.419949010023847
"GO:0021587","cerebellum morphogenesis",0,-1.35025042401852,0.388834267552392
"GO:0003176","aortic valve development",0,1.36853114786834,0.402406393705871
"GO:0032703","negative regulation of interleukin-2 production",0,1.34364874354118,0.442713859210736
"GO:0006111","regulation of gluconeogenesis",0,1.35726414463261,0.408281854646311
"GO:0071470","cellular response to osmotic stress",0,1.35150112777817,0.412660086580658
"GO:0044093","positive regulation of molecular function",0,1.34383740909392,0.268902539293198
"GO:0141137","positive regulation of gene expression, epigenetic",0,1.32322085466327,0.427436372815031
"GO:0046394","carboxylic acid biosynthetic process",0,1.34839446578196,0.291357271499354
"GO:0030007","intracellular potassium ion homeostasis",0,1.36194034020423,0.428798599752699
"GO:0046457","prostanoid biosynthetic process",0,1.39633849134215,0.392399515501584
"GO:0048246","macrophage chemotaxis",0,1.36218562192412,0.407667024800879
"GO:1901317","regulation of flagellated sperm motility",0,-1.35513703347818,0.391991609086555
"GO:0098869","cellular oxidant detoxification",0,1.37778270261302,0.371354109288162
"GO:0072132","mesenchyme morphogenesis",0,1.36192235082845,0.411374735944567
"GO:0043304","regulation of mast cell degranulation",0,1.34410876191063,0.446040848392102
"GO:1904380","endoplasmic reticulum mannose trimming",0,1.33466351115029,0.463995916412092
"GO:0045599","negative regulation of fat cell differentiation",0,1.38122146499916,0.396691257939166
"GO:0003203","endocardial cushion morphogenesis",0,1.34687245539173,0.426088396964742
"GO:0031400","negative regulation of protein modification process",0,1.35798469122215,0.341048926985005
"GO:0060972","left/right pattern formation",0,1.32094728886822,0.416900160711856
"GO:0044703","multi-organism reproductive process",0,1.31946144798972,0.382751171872578
"GO:0032634","interleukin-5 production",0,1.3390305611508,0.448562539100646
"GO:0032674","regulation of interleukin-5 production",0,1.3390305611508,0.448562539100646
"GO:0042472","inner ear morphogenesis",0,1.33363173339479,0.422172032531799
"GO:0034244","negative regulation of transcription elongation by RNA polymerase II",0,-1.35166866624916,0.399748542636088
"GO:1903306","negative regulation of regulated secretory pathway",0,1.3541563914979,0.432267428592047
"GO:0031645","negative regulation of nervous system process",0,-1.35242280034626,0.386750532111634
"GO:0042119","neutrophil activation",0,1.33128119143827,0.422339474339205
"GO:0061158","3'-UTR-mediated mRNA destabilization",0,1.33526077163928,0.44348331828895
"GO:0034331","cell junction maintenance",0,-1.35019725827486,0.348358695444743
"GO:0006584","catecholamine metabolic process",0,-1.32396385562122,0.381031959830688
"GO:0009712","catechol-containing compound metabolic process",0,-1.32396385562122,0.381031959830688
"GO:0043302","positive regulation of leukocyte degranulation",0,-1.34385080988125,0.402229300026284
"GO:0006656","phosphatidylcholine biosynthetic process",0,-1.32905648512961,0.399992821010463
"GO:1903027","regulation of opsonization",0,1.35623508873061,0.448071044110144
"GO:0046628","positive regulation of insulin receptor signaling pathway",0,1.35053616287722,0.434501339956354
"GO:0006884","cell volume homeostasis",0,1.38836841393332,0.395911205150202
"GO:2000831","regulation of steroid hormone secretion",0,-1.33933763029663,0.401432810496143
"GO:0006970","response to osmotic stress",0,1.32603086600604,0.410244902916485
"GO:0003002","regionalization",0,1.34348961561825,0.334923166399811
"GO:0002262","myeloid cell homeostasis",0,1.3439939642941,0.366088526251639
"GO:0007129","homologous chromosome pairing at meiosis",0,-1.32793828109004,0.402726338364595
"GO:0008589","regulation of smoothened signaling pathway",0,1.35216962296097,0.387491970349575
"GO:0044706","multi-multicellular organism process",0,1.34898841090733,0.359697491104228
"GO:0016126","sterol biosynthetic process",0,1.31448243068466,0.432566243368538
"GO:0006119","oxidative phosphorylation",0,-1.32653635942623,0.327911630158345
"GO:0006367","transcription initiation at RNA polymerase II promoter",0,1.35284409536632,0.345705063477383
"GO:0007188","adenylate cyclase-modulating G protein-coupled receptor signaling pathway",0,1.32408993646065,0.335790914150309
"GO:0032274","gonadotropin secretion",0,1.33413203505042,0.465983796984014
"GO:0035930","corticosteroid hormone secretion",0,-1.3390911692088,0.402857400408149
"GO:0071459","protein localization to chromosome, centromeric region",0,-1.33345262742091,0.417406316159155
"GO:0019646","aerobic electron transport chain",0,-1.33267154004177,0.33979414693926
"GO:0006617","SRP-dependent cotranslational protein targeting to membrane, signal sequence recognition",0,-1.32157646390741,0.410855149553954
"GO:0006271","DNA strand elongation involved in DNA replication",0,1.35157710002132,0.4550227007092
"GO:0007416","synapse assembly",0,1.36290097797285,0.318568462437817
"GO:0006695","cholesterol biosynthetic process",0,1.32708537661826,0.422928384728637
"GO:1902653","secondary alcohol biosynthetic process",0,1.32708537661826,0.422928384728637
"GO:0033194","response to hydroperoxide",0,1.3394810008557,0.456171907033215
"GO:0001704","formation of primary germ layer",0,1.31796846899385,0.411129623497416
"GO:1903859","regulation of dendrite extension",0,1.3282159971951,0.451288976169324
"GO:0042574","retinal metabolic process",0,-1.32514223642228,0.423912542084914
"GO:0021987","cerebral cortex development",0,-1.32666643905901,0.332410574412601
"GO:1902253","regulation of intrinsic apoptotic signaling pathway by p53 class mediator",0,1.33824509782547,0.437646095320729
"GO:0006665","sphingolipid metabolic process",0,-1.33764414316951,0.254895715729339
"GO:0022904","respiratory electron transport chain",0,-1.32618555688563,0.33379267761026
"GO:0010720","positive regulation of cell development",0,1.34050401015258,0.249067253778879
"GO:2001044","regulation of integrin-mediated signaling pathway",0,1.33175465444017,0.455700788569911
"GO:0034502","protein localization to chromosome",0,-1.33046876587629,0.336439374576258
"GO:0060261","positive regulation of transcription initiation by RNA polymerase II",0,1.36594908774922,0.39133247946835
"GO:0048641","regulation of skeletal muscle tissue development",0,-1.3428778547639,0.397930821203393
"GO:0042982","amyloid precursor protein metabolic process",0,1.33690554519445,0.405745152760022
"GO:0006220","pyrimidine nucleotide metabolic process",0,-1.34166066763664,0.356312571818025
"GO:0070050","neuron cellular homeostasis",0,-1.34155147169432,0.356312571818025
"GO:0099175","regulation of postsynapse organization",0,1.31253932841508,0.388483775356638
"GO:0006576","biogenic amine metabolic process",0,-1.33000537187324,0.346245588354641
"GO:1905244","regulation of modification of synaptic structure",0,-1.33437049274235,0.409467957703834
"GO:0140353","lipid export from cell",0,-1.35524647162247,0.351284653543136
"GO:2001237","negative regulation of extrinsic apoptotic signaling pathway",0,1.33383193336688,0.409541438058053
"GO:1900016","negative regulation of cytokine production involved in inflammatory response",0,1.33042473701746,0.440693738261689
"GO:0061053","somite development",0,-1.32789014966316,0.389911443253062
"GO:0003197","endocardial cushion development",0,1.34569979775657,0.41718658195099
"GO:1905146","lysosomal protein catabolic process",0,1.3467038100797,0.445594321705696
"GO:0061003","positive regulation of dendritic spine morphogenesis",0,-1.33775740969379,0.408125243689225
"GO:0035330","regulation of hippo signaling",0,1.3369938830946,0.425401040230462
"GO:0070168","negative regulation of biomineral tissue development",0,1.32286232663481,0.458482280215913
"GO:0140861","DNA repair-dependent chromatin remodeling",0,1.33346421670719,0.440507099347823
"GO:0071621","granulocyte chemotaxis",0,1.31927705366985,0.400141697619838
"GO:0002443","leukocyte mediated immunity",0,1.33854988483065,0.265903312436755
"GO:0022407","regulation of cell-cell adhesion",0,1.33726904084078,0.241623501241523
"GO:0007031","peroxisome organization",0,-1.32623040929235,0.397897631966167
"GO:0006644","phospholipid metabolic process",0,1.33290127129267,0.282451884600506
"GO:1905517","macrophage migration",0,1.33819041696927,0.42531769198881
"GO:0061450","trophoblast cell migration",0,1.32501101899781,0.459536878476
"GO:0051261","protein depolymerization",0,-1.31463600322804,0.333010029129909
"GO:0045861","negative regulation of proteolysis",0,1.34949327662467,0.410752819715995
"GO:0090231","regulation of spindle checkpoint",0,-1.32854071164588,0.388075991103744
"GO:0070169","positive regulation of biomineral tissue development",0,1.33595921067853,0.422063957141077
"GO:0071482","cellular response to light stimulus",0,1.3334925348502,0.390866506921147
"GO:2000059","negative regulation of ubiquitin-dependent protein catabolic process",0,-1.33435760803597,0.364807387695405
"GO:0061709","reticulophagy",0,-1.33844863919606,0.407561264259083
"GO:0140896","cGAS/STING signaling pathway",0,-1.32739126091944,0.40310175687332
"GO:0039535","regulation of RIG-I signaling pathway",0,-1.32658528375843,0.416275317904222
"GO:0010634","positive regulation of epithelial cell migration",0,1.32070535805144,0.435477613524045
"GO:0032496","response to lipopolysaccharide",0,1.32463194344912,0.325857156097482
"GO:0010457","centriole-centriole cohesion",0,-1.33320238765788,0.407919085570882
"GO:0001573","ganglioside metabolic process",0,-1.32622226113337,0.403197830720253
"GO:0006606","protein import into nucleus",0,1.30204214425131,0.405700573858532
"GO:2000144","positive regulation of DNA-templated transcription initiation",0,1.35802655355383,0.38527821658766
"GO:0010165","response to X-ray",0,1.31774870212928,0.461516863519894
"GO:1903861","positive regulation of dendrite extension",0,1.32123803212704,0.462564455138943
"GO:0006941","striated muscle contraction",0,1.33194183207464,0.343744249603943
"GO:0042417","dopamine metabolic process",0,-1.32527777472381,0.39293826726082
"GO:0051962","positive regulation of nervous system development",0,1.31063555788309,0.353543648486249
"GO:0033044","regulation of chromosome organization",0,-1.32368617896112,0.208391003456053
"GO:0099509","regulation of presynaptic cytosolic calcium ion concentration",0,-1.33176935895403,0.407919085570882
"GO:0034501","protein localization to kinetochore",0,-1.33156053425793,0.408852289055991
"GO:0046823","negative regulation of nucleocytoplasmic transport",0,1.32590030668022,0.448607943752329
"GO:0048598","embryonic morphogenesis",0,1.32135744239426,0.327894330289001
"GO:0072567","chemokine (C-X-C motif) ligand 2 production",0,1.31880410310489,0.473203587213874
"GO:2000341","regulation of chemokine (C-X-C motif) ligand 2 production",0,1.31880410310489,0.473203587213874
"GO:0036336","dendritic cell migration",0,1.32080832179001,0.44906828989667
"GO:0010171","body morphogenesis",0,1.33838746916568,0.449301363735348
"GO:0007623","circadian rhythm",0,1.30196866680268,0.366596803093521
"GO:0045920","negative regulation of exocytosis",0,1.32024890165312,0.44906828989667
"GO:1903115","regulation of actin filament-based movement",0,1.31671695071743,0.435477613524045
"GO:0036230","granulocyte activation",0,1.32977013686149,0.425526035325404
"GO:0010649","regulation of cell communication by electrical coupling",0,-1.32910507689043,0.414165384011003
"GO:0035176","social behavior",0,1.33608042469132,0.422504120237684
"GO:1901186","positive regulation of ERBB signaling pathway",0,1.30337238202724,0.462392470346505
"GO:0003353","positive regulation of cilium movement",0,-1.29947021315656,0.456706888007558
"GO:1902093","positive regulation of flagellated sperm motility",0,-1.29947021315656,0.456706888007558
"GO:2000155","positive regulation of cilium-dependent cell motility",0,-1.29947021315656,0.456706888007558
"GO:0007492","endoderm development",0,1.30668349207086,0.440757199355153
"GO:0050777","negative regulation of immune response",0,1.32402282941858,0.349297833057552
"GO:0042104","positive regulation of activated T cell proliferation",0,-1.32155560242017,0.426874124816994
"GO:1902624","positive regulation of neutrophil migration",0,1.32826405426867,0.444268853335752
"GO:0002448","mast cell mediated immunity",0,1.32872170975761,0.425761380417032
"GO:0034105","positive regulation of tissue remodeling",0,-1.2981881351518,0.458347542999566
"GO:0001932","regulation of protein phosphorylation",0,1.29349326056075,0.333944243963063
"GO:0007368","determination of left/right symmetry",0,1.34138566652964,0.402095900702851
"GO:0050982","detection of mechanical stimulus",0,-1.31534308890796,0.382814264326071
"GO:0090266","regulation of mitotic cell cycle spindle assembly checkpoint",0,-1.33533201749591,0.394594158075037
"GO:1903504","regulation of mitotic spindle checkpoint",0,-1.33533201749591,0.394594158075037
"GO:2000353","positive regulation of endothelial cell apoptotic process",0,1.31440212647958,0.466337501553673
"GO:0001919","regulation of receptor recycling",0,-1.32940658244434,0.419456563843708
"GO:0071869","response to catecholamine",0,-1.30616165554735,0.37905488672364
"GO:0006022","aminoglycan metabolic process",0,1.33159082604872,0.407423518283617
"GO:0010224","response to UV-B",0,-1.32233679746546,0.423735485393466
"GO:1903028","positive regulation of opsonization",0,1.33153880465339,0.469808624091717
"GO:0046596","regulation of viral entry into host cell",0,1.33002570915306,0.457749025354314
"GO:0001523","retinoid metabolic process",0,1.29548505658777,0.427422414374466
"GO:0006979","response to oxidative stress",0,1.31283319029756,0.31646032060238
"GO:0043330","response to exogenous dsRNA",0,-1.31402905033648,0.403839280078079
"GO:1901879","regulation of protein depolymerization",0,-1.30010344055745,0.357387676388589
"GO:1903307","positive regulation of regulated secretory pathway",0,-1.32930080424915,0.374389116257871
"GO:1902101","positive regulation of metaphase/anaphase transition of cell cycle",0,-1.30658371638207,0.448991390559304
"GO:0010744","positive regulation of macrophage derived foam cell differentiation",0,1.30507148957927,0.473175509194635
"GO:0035022","positive regulation of Rac protein signal transduction",0,1.30379507337445,0.4724174253032
"GO:2000659","regulation of interleukin-1-mediated signaling pathway",0,-1.31877972980585,0.421797534132459
"GO:0003279","cardiac septum development",0,1.3128079843744,0.421654484873029
"GO:0010976","positive regulation of neuron projection development",0,1.29990034539692,0.399282670575189
"GO:0050671","positive regulation of lymphocyte proliferation",0,1.30961590842104,0.399035763109522
"GO:0045216","cell-cell junction organization",0,1.32223199471814,0.361136568677295
"GO:0034219","carbohydrate transmembrane transport",0,1.30679562769995,0.41214590291472
"GO:0006857","oligopeptide transport",0,1.32432711129382,0.461330420426376
"GO:0046631","alpha-beta T cell activation",0,1.31073578582309,0.375476768695883
"GO:0060632","regulation of microtubule-based movement",0,-1.29542911387258,0.407259099974998
"GO:0140895","cell surface toll-like receptor signaling pathway",0,1.30881784004443,0.426497563696521
"GO:1903350","response to dopamine",0,-1.30861267039137,0.387527122499638
"GO:1903351","cellular response to dopamine",0,-1.30861267039137,0.387527122499638
"GO:0048745","smooth muscle tissue development",0,-1.30368344609628,0.450524136886707
"GO:0002237","response to molecule of bacterial origin",0,1.29763986575997,0.340836875450938
"GO:0008203","cholesterol metabolic process",0,1.31051103685136,0.385361720668882
"GO:2000677","regulation of transcription regulatory region DNA binding",0,-1.31396031272376,0.443040095682311
"GO:0051177","meiotic sister chromatid cohesion",0,-1.31374012587876,0.443040095682311
"GO:2000114","regulation of establishment of cell polarity",0,1.32197389566702,0.463902125893991
"GO:0002702","positive regulation of production of molecular mediator of immune response",0,1.31239158390304,0.400288430522057
"GO:0015849","organic acid transport",0,1.31312697951392,0.325795052872725
"GO:0046942","carboxylic acid transport",0,1.31312697951392,0.325795052872725
"GO:0014048","regulation of glutamate secretion",0,-1.29662592531824,0.45566337019684
"GO:0031929","TOR signaling",0,1.30547801261691,0.37575704186339
"GO:0008643","carbohydrate transport",0,1.30275366471911,0.418557754024113
"GO:1903083","protein localization to condensed chromosome",0,-1.31171590099693,0.446409077734437
"GO:0141085","regulation of inflammasome-mediated signaling pathway",0,1.30562468739306,0.439783642075772
"GO:0034143","regulation of toll-like receptor 4 signaling pathway",0,1.35083726490563,0.422839135414406
"GO:0036376","sodium ion export across plasma membrane",0,1.29801629787218,0.479425636500904
"GO:0060135","maternal process involved in female pregnancy",0,1.30281193519253,0.46624923451447
"GO:0045742","positive regulation of epidermal growth factor receptor signaling pathway",0,1.30264848717769,0.46624923451447
"GO:0002577","regulation of antigen processing and presentation",0,1.3162944069157,0.469026337318252
"GO:0046460","neutral lipid biosynthetic process",0,1.33659424853571,0.422357275751759
"GO:0046463","acylglycerol biosynthetic process",0,1.33659424853571,0.422357275751759
"GO:0060147","regulation of post-transcriptional gene silencing",0,1.34903480364311,0.424109315486858
"GO:0030330","DNA damage response, signal transduction by p53 class mediator",0,1.3241331943946,0.416389016894741
"GO:0015816","glycine transport",0,-1.30907543063364,0.449778823355955
"GO:0008298","intracellular mRNA localization",0,1.29815658704308,0.490062564462549
"GO:0043303","mast cell degranulation",0,1.3182090497721,0.434340263309742
"GO:0141087","positive regulation of inflammasome-mediated signaling pathway",0,1.30149077023202,0.466751407686298
"GO:0030316","osteoclast differentiation",0,1.32328955684215,0.409905137857763
"GO:1902018","negative regulation of cilium assembly",0,1.30356090720677,0.472683417070139
"GO:0048268","clathrin coat assembly",0,-1.30202555456918,0.444378705424934
"GO:1904037","positive regulation of epithelial cell apoptotic process",0,-1.28876591066538,0.467189287443037
"GO:0031348","negative regulation of defense response",0,1.30047763318659,0.355292823520796
"GO:0098801","regulation of renal system process",0,1.29364455639186,0.483872084084173
"GO:0060021","roof of mouth development",0,1.31503133129789,0.43887498937681
"GO:0010959","regulation of metal ion transport",0,1.30604713347989,0.338609246567948
"GO:0071870","cellular response to catecholamine stimulus",0,-1.30684153402881,0.392862429454621
"GO:0032006","regulation of TOR signaling",0,1.27816699919957,0.418697769033204
"GO:1904427","positive regulation of calcium ion transmembrane transport",0,1.28575391065907,0.459677751858731
"GO:0051155","positive regulation of striated muscle cell differentiation",0,-1.29599232093464,0.420007933625999
"GO:0060071","Wnt signaling pathway, planar cell polarity pathway",0,1.27279516843694,0.481847560593188
"GO:0009799","specification of symmetry",0,1.28114463229663,0.439896618692374
"GO:0009855","determination of bilateral symmetry",0,1.28114463229663,0.439896618692374
"GO:0140718","facultative heterochromatin formation",0,1.31264307097467,0.483411246529531
"GO:0002699","positive regulation of immune effector process",0,1.28532361212923,0.375747364103514
"GO:0002429","immune response-activating cell surface receptor signaling pathway",0,1.31063078387388,0.329155941835107
"GO:0002040","sprouting angiogenesis",0,1.275981673397,0.42040359845559
"GO:0032946","positive regulation of mononuclear cell proliferation",0,1.30412104146353,0.405179286524847
"GO:0009301","snRNA transcription",0,-1.29257793497006,0.456055491421045
"GO:0090281","negative regulation of calcium ion import",0,-1.27659232394886,0.483593767220123
"GO:0060149","negative regulation of post-transcriptional gene silencing",0,1.28469985593572,0.509966186244939
"GO:0060965","negative regulation of miRNA-mediated gene silencing",0,1.28469985593572,0.509966186244939
"GO:1900369","negative regulation of post-transcriptional gene silencing by regulatory ncRNA",0,1.28469985593572,0.509966186244939
"GO:0071479","cellular response to ionizing radiation",0,1.32708078165111,0.421677996199166
"GO:0002312","B cell activation involved in immune response",0,-1.30029003050583,0.35964368988328
"GO:0043032","positive regulation of macrophage activation",0,1.31195408235514,0.470623971087079
"GO:1904019","epithelial cell apoptotic process",0,1.29172444978515,0.448923360670321
"GO:0071868","cellular response to monoamine stimulus",0,-1.29737902058083,0.396710180718211
"GO:0050922","negative regulation of chemotaxis",0,1.31140523525656,0.453784728626281
"GO:0048515","spermatid differentiation",0,-1.29976693208089,0.299658640960539
"GO:0016101","diterpenoid metabolic process",0,1.27787026300706,0.446967058231567
"GO:0001774","microglial cell activation",0,1.29067546339151,0.452631656893559
"GO:0002269","leukocyte activation involved in inflammatory response",0,1.29067546339151,0.452631656893559
"GO:0050873","brown fat cell differentiation",0,1.31014447737341,0.441120259072728
"GO:0030042","actin filament depolymerization",0,-1.29721215272154,0.390551262821584
"GO:0010038","response to metal ion",0,1.29033112039876,0.346286300526741
"GO:0043112","receptor metabolic process",0,1.30562914750193,0.425684214205721
"GO:0071867","response to monoamine",0,-1.29675860925434,0.393189277622654
"GO:0051930","regulation of sensory perception of pain",0,-1.30022805746665,0.459428601109764
"GO:0051931","regulation of sensory perception",0,-1.30022805746665,0.459428601109764
"GO:0009314","response to radiation",0,1.28412457796032,0.333560015665044
"GO:2000050","regulation of non-canonical Wnt signaling pathway",0,1.30574348794732,0.479051018364007
"GO:0002431","Fc receptor mediated stimulatory signaling pathway",0,1.30839462507689,0.458051805822857
"GO:0050798","activated T cell proliferation",0,-1.31412901616223,0.398208627956281
"GO:0016125","sterol metabolic process",0,1.3062352811359,0.404329143995748
"GO:1901970","positive regulation of mitotic sister chromatid separation",0,-1.30430929006797,0.447116689579242
"GO:0042325","regulation of phosphorylation",0,1.27404784468359,0.339744269663422
"GO:0055017","cardiac muscle tissue growth",0,1.2968188475137,0.439641738391017
"GO:0002768","immune response-regulating cell surface receptor signaling pathway",0,1.29701480392228,0.326423677151575
"GO:0010663","positive regulation of striated muscle cell apoptotic process",0,-1.27110136315636,0.490239203272008
"GO:0010666","positive regulation of cardiac muscle cell apoptotic process",0,-1.27110136315636,0.490239203272008
"GO:0072210","metanephric nephron development",0,1.30436597933804,0.454782740680691
"GO:2000846","regulation of corticosteroid hormone secretion",0,-1.2978111198005,0.460915720558004
"GO:0010332","response to gamma radiation",0,1.30413210929709,0.454782740680691
"GO:0043403","skeletal muscle tissue regeneration",0,-1.29260426457667,0.458035318216136
"GO:0045948","positive regulation of translational initiation",0,-1.29134148976611,0.442000914879989
"GO:0060966","regulation of gene silencing by regulatory ncRNA",0,1.30642675692855,0.458051805822857
"GO:0042053","regulation of dopamine metabolic process",0,-1.29818398170779,0.45415246103798
"GO:0042069","regulation of catecholamine metabolic process",0,-1.29818398170779,0.45415246103798
"GO:0048286","lung alveolus development",0,1.29882098391589,0.484140085609743
"GO:0008593","regulation of Notch signaling pathway",0,1.30473718149611,0.423912305714268
"GO:0141060","disruption of anatomical structure in another organism",0,1.25961824675419,0.449920238831153
"GO:0035336","long-chain fatty-acyl-CoA metabolic process",0,1.28114020881594,0.490871844287404
"GO:0110096","cellular response to aldehyde",0,1.28100593067357,0.49149808082085
"GO:0032507","maintenance of protein location in cell",0,-1.2880956466657,0.408263826261182
"GO:0045185","maintenance of protein location",0,-1.2880956466657,0.408263826261182
"GO:0031629","synaptic vesicle fusion to presynaptic active zone membrane",0,-1.27513448594417,0.460701108353104
"GO:0099500","vesicle fusion to plasma membrane",0,-1.27513448594417,0.460701108353104
"GO:0043173","nucleotide salvage",0,1.31237694482099,0.45508146637878
"GO:0043331","response to dsRNA",0,-1.28287005105153,0.442175005522131
"GO:0046320","regulation of fatty acid oxidation",0,1.33199258910752,0.439299146735689
"GO:0021700","developmental maturation",0,1.30332172490712,0.347149521894397
"GO:0046755","viral budding",0,-1.29863603257502,0.449865052382711
"GO:0050905","neuromuscular process",0,1.27715279719791,0.434664128790474
"GO:0061982","meiosis I cell cycle process",0,-1.280444223575,0.357351765752861
"GO:0032755","positive regulation of interleukin-6 production",0,1.29134443774559,0.439104902212451
"GO:0036499","PERK-mediated unfolded protein response",0,1.27851694482591,0.501836605183414
"GO:0010927","cellular component assembly involved in morphogenesis",0,-1.27364057790806,0.359674151686506
"GO:0032989","cellular anatomical entity morphogenesis",0,-1.27364057790806,0.359674151686506
"GO:0050685","positive regulation of mRNA processing",0,-1.28675322569675,0.464740664097483
"GO:0050867","positive regulation of cell activation",0,1.28115843383919,0.350665383007558
"GO:0002675","positive regulation of acute inflammatory response",0,1.28229770514623,0.491517138798878
"GO:0090090","negative regulation of canonical Wnt signaling pathway",0,1.28507005617246,0.412945657120882
"GO:0015874","norepinephrine transport",0,1.29709983422552,0.485702319272587
"GO:0050795","regulation of behavior",0,1.29939352994105,0.428528529147644
"GO:0006909","phagocytosis",0,1.28423346590887,0.380251600091478
"GO:1902774","late endosome to lysosome transport",0,-1.27838153477703,0.473491740841256
"GO:0006369","termination of RNA polymerase II transcription",0,-1.27308634381928,0.489635743781938
"GO:0043649","dicarboxylic acid catabolic process",0,1.27913335792947,0.503697357196703
"GO:0042987","amyloid precursor protein catabolic process",0,1.26975711192246,0.471173775516951
"GO:0019373","epoxygenase P450 pathway",0,-1.27800627179193,0.474431150772332
"GO:0032438","melanosome organization",0,1.28565721321649,0.468121434337901
"GO:0048753","pigment granule organization",0,1.28565721321649,0.468121434337901
"GO:0016525","negative regulation of angiogenesis",0,1.29057876329565,0.42224714977093
"GO:0010907","positive regulation of glucose metabolic process",0,1.26921160125604,0.473611032569717
"GO:0048483","autonomic nervous system development",0,1.28780865247387,0.474519805301393
"GO:0043277","apoptotic cell clearance",0,1.29286369100373,0.461764480463044
"GO:0009895","negative regulation of catabolic process",0,1.28807391462613,0.339469778611437
"GO:0031113","regulation of microtubule polymerization",0,-1.26633211976894,0.418338904505881
"GO:0050819","negative regulation of coagulation",0,1.28467534982194,0.447550638481521
"GO:0060419","heart growth",0,1.30290900119505,0.447109028949302
"GO:0006516","glycoprotein catabolic process",0,-1.2618699229026,0.448617371605802
"GO:0051279","regulation of release of sequestered calcium ion into cytosol",0,1.28256221216364,0.448690103901945
"GO:0010453","regulation of cell fate commitment",0,1.27907078481486,0.476246265873139
"GO:0033238","regulation of amine metabolic process",0,-1.28481622049299,0.465402507403477
"GO:0046514","ceramide catabolic process",0,-1.27332877071789,0.480150880040742
"GO:0050869","negative regulation of B cell activation",0,1.28089901518216,0.493135670102661
"GO:2000181","negative regulation of blood vessel morphogenesis",0,1.2750789201694,0.441578243874249
"GO:0002752","cell surface pattern recognition receptor signaling pathway",0,1.27907647313927,0.445235500521664
"GO:0071675","regulation of mononuclear cell migration",0,1.25518440140221,0.438489733159718
"GO:0009411","response to UV",0,1.27931554356873,0.40783192834086
"GO:1900180","regulation of protein localization to nucleus",0,1.27649886352125,0.418581491953633
"GO:0070192","chromosome organization involved in meiotic cell cycle",0,-1.26849184889686,0.453910377723202
"GO:0007271","synaptic transmission, cholinergic",0,1.28415895736769,0.480709464930497
"GO:0002220","innate immune response activating cell surface receptor signaling pathway",0,1.2795939270506,0.431957078934914
"GO:0003177","pulmonary valve development",0,1.27769125699607,0.499408163204868
"GO:0046456","icosanoid biosynthetic process",0,1.27936521814015,0.452419246312671
"GO:0009615","response to virus",0,1.27868180155731,0.341097377251762
"GO:0046949","fatty-acyl-CoA biosynthetic process",0,1.26674071136117,0.5134309946595
"GO:0097396","response to interleukin-17",0,1.26635519709981,0.5134309946595
"GO:0097398","cellular response to interleukin-17",0,1.26635519709981,0.5134309946595
"GO:0034644","cellular response to UV",0,1.27533878170113,0.449456050247629
"GO:0034349","glial cell apoptotic process",0,1.2876473041186,0.508446560319535
"GO:0002279","mast cell activation involved in immune response",0,1.28304249894022,0.465231294009363
"GO:0030808","regulation of nucleotide biosynthetic process",0,1.28815016852437,0.487995988157799
"GO:1900371","regulation of purine nucleotide biosynthetic process",0,1.28815016852437,0.487995988157799
"GO:0006044","N-acetylglucosamine metabolic process",0,1.28725439944011,0.508446560319535
"GO:0043269","regulation of monoatomic ion transport",0,1.28946902650761,0.32913159545244
"GO:0060586","multicellular organismal-level iron ion homeostasis",0,1.28702154199767,0.508796958740974
"GO:0032878","regulation of establishment or maintenance of cell polarity",0,1.28518352998322,0.493019453587234
"GO:0006352","DNA-templated transcription initiation",0,1.26948948455468,0.386131123376676
"GO:0043271","negative regulation of monoatomic ion transport",0,1.25560009907177,0.465197616321458
"GO:0043368","positive T cell selection",0,-1.25483091459867,0.453991196938156
"GO:1990748","cellular detoxification",0,1.28197810563477,0.422710208259407
"GO:0006739","NADP+ metabolic process",0,1.27188673438251,0.48121608510707
"GO:0030279","negative regulation of ossification",0,1.27167967295654,0.48205858666581
"GO:0160165","CD8-positive, alpha-beta T cell homeostasis",0,-1.26164730724481,0.502715279784813
"GO:0006672","ceramide metabolic process",0,-1.26287830920669,0.385981974134137
"GO:0009125","nucleoside monophosphate catabolic process",0,-1.26917538819215,0.484007483805049
"GO:0032206","positive regulation of telomere maintenance",0,-1.26837101087408,0.402244607878082
"GO:0045927","positive regulation of growth",0,1.25755823855332,0.409938702258236
"GO:0061436","establishment of skin barrier",0,-1.27204381837651,0.463692461662821
"GO:0070059","intrinsic apoptotic signaling pathway in response to endoplasmic reticulum stress",0,1.26164480918616,0.471304196792818
"GO:0034067","protein localization to Golgi apparatus",0,-1.27401640350728,0.46133596249741
"GO:1902455","negative regulation of stem cell population maintenance",0,1.2797514793734,0.493887095225545
"GO:0086004","regulation of cardiac muscle cell contraction",0,1.28138551753122,0.466774440713755
"GO:0044089","positive regulation of cellular component biogenesis",0,1.25544833234182,0.333621152808931
"GO:0048714","positive regulation of oligodendrocyte differentiation",0,1.27972885297714,0.515310760209765
"GO:0032816","positive regulation of natural killer cell activation",0,1.26898806206496,0.527304970575977
"GO:0044819","mitotic G1/S transition checkpoint signaling",0,1.27956563311271,0.515310760209765
"GO:0021545","cranial nerve development",0,1.27127038104201,0.476540443616839
"GO:1902652","secondary alcohol metabolic process",0,1.26717681717879,0.425171298521819
"GO:0098927","vesicle-mediated transport between endosomal compartments",0,-1.2525862123782,0.45482068035336
"GO:0046006","regulation of activated T cell proliferation",0,-1.27810842828684,0.444374235005372
"GO:0071346","cellular response to type II interferon",0,1.26954154611903,0.459725526347239
"GO:0090494","dopamine uptake",0,-1.27054221678966,0.482162175539324
"GO:2000058","regulation of ubiquitin-dependent protein catabolic process",0,1.27096839186329,0.42254300471091
"GO:0006687","glycosphingolipid metabolic process",0,-1.27002829613301,0.405730368904368
"GO:0002639","positive regulation of immunoglobulin production",0,1.23892241953503,0.506500789448938
"GO:0007212","G protein-coupled dopamine receptor signaling pathway",0,-1.25156001057092,0.490800006099617
"GO:0002823","negative regulation of adaptive immune response based on somatic recombination of immune receptors built from immunoglobulin superfamily domains",0,1.26689259075721,0.459126560500739
"GO:1900182","positive regulation of protein localization to nucleus",0,1.2677133782831,0.45240796311166
"GO:0051642","centrosome localization",0,-1.26406449059394,0.485930606467949
"GO:0061842","microtubule organizing center localization",0,-1.26406449059394,0.485930606467949
"GO:0007093","mitotic cell cycle checkpoint signaling",0,-1.2572882579939,0.363163691410323
"GO:0002407","dendritic cell chemotaxis",0,1.26501265798516,0.51552756670228
"GO:0002720","positive regulation of cytokine production involved in immune response",0,1.26970097069998,0.46083854244741
"GO:0044380","protein localization to cytoskeleton",0,-1.25493472949635,0.418417707002649
"GO:0019226","transmission of nerve impulse",0,-1.26892520397047,0.417625474765083
"GO:0002696","positive regulation of leukocyte activation",0,1.25689364583637,0.370434595367248
"GO:0001675","acrosome assembly",0,-1.26255946134972,0.475354649463465
"GO:0015813","L-glutamate transmembrane transport",0,1.30493820597563,0.460753387875189
"GO:0000819","sister chromatid segregation",0,-1.25577335347962,0.319779546234864
"GO:0008406","gonad development",0,1.26038137296612,0.433326045316413
"GO:0045332","phospholipid translocation",0,-1.27041907941333,0.420767798233558
"GO:0031667","response to nutrient levels",0,1.26208455718147,0.335261264106511
"GO:1901343","negative regulation of vasculature development",0,1.26165370182926,0.439102325983701
"GO:0000079","regulation of cyclin-dependent protein serine/threonine kinase activity",0,-1.2765774328313,0.448698781890296
"GO:0001708","cell fate specification",0,1.26991527637446,0.455057772756962
"GO:0010811","positive regulation of cell-substrate adhesion",0,1.26128838012236,0.437672764683439
"GO:0072599","establishment of protein localization to endoplasmic reticulum",0,-1.24131356732198,0.468025995361452
"GO:1905820","positive regulation of chromosome separation",0,-1.25929650361892,0.458178714920082
"GO:0045603","positive regulation of endothelial cell differentiation",0,1.27894305710469,0.523332066734816
"GO:0043248","proteasome assembly",0,-1.24809918833551,0.518351377530552
"GO:0002700","regulation of production of molecular mediator of immune response",0,1.24512676654378,0.449776908545523
"GO:0051225","spindle assembly",0,1.25452083583706,0.445833254052066
"GO:0042430","indole-containing compound metabolic process",0,-1.24494228605122,0.49626256035689
"GO:0048599","oocyte development",0,-1.25451520438674,0.466711519367263
"GO:0007286","spermatid development",0,-1.25950151345199,0.340159288173204
"GO:0034144","negative regulation of toll-like receptor 4 signaling pathway",0,1.24507476038493,0.54805152689593
"GO:0006450","regulation of translational fidelity",0,-1.23627031511302,0.539716010398638
"GO:0031640","killing of cells of another organism",0,1.26552031600552,0.439533888515291
"GO:0141061","disruption of cell in another organism",0,1.26552031600552,0.439533888515291
"GO:0002862","negative regulation of inflammatory response to antigenic stimulus",0,1.2807468783841,0.484963882147524
"GO:0043276","anoikis",0,-1.25702820510304,0.460011860149122
"GO:0045672","positive regulation of osteoclast differentiation",0,1.2482401736549,0.528134383850986
"GO:0030195","negative regulation of blood coagulation",0,1.26417154547208,0.480347228860455
"GO:1900047","negative regulation of hemostasis",0,1.26417154547208,0.480347228860455
"GO:0006620","post-translational protein targeting to endoplasmic reticulum membrane",0,-1.25517527890859,0.500410039510248
"GO:0002446","neutrophil mediated immunity",0,-1.25100649568221,0.476489794977019
"GO:0034101","erythrocyte homeostasis",0,1.26326452536931,0.439971217411308
"GO:0090257","regulation of muscle system process",0,1.26305161043923,0.394834053242655
"GO:0034764","positive regulation of transmembrane transport",0,1.24435859633939,0.432912071409085
"GO:2001251","negative regulation of chromosome organization",0,-1.25270223368096,0.38828287898383
"GO:0032370","positive regulation of lipid transport",0,1.23889069002078,0.483492226357997
"GO:0043094","metabolic compound salvage",0,1.26580543094495,0.48017229724221
"GO:0031424","keratinization",0,-1.24155790496942,0.459735157334505
"GO:1904376","negative regulation of protein localization to cell periphery",0,-1.24894255073058,0.471531790363577
"GO:0071347","cellular response to interleukin-1",0,1.25893199736806,0.453422867270141
"GO:0052547","regulation of peptidase activity",0,1.24432334599346,0.533194156547039
"GO:0045670","regulation of osteoclast differentiation",0,1.23772037574265,0.49238663093863
"GO:0140448","signaling receptor ligand precursor processing",0,1.25565341209128,0.486009620424181
"GO:0043409","negative regulation of MAPK cascade",0,1.22993074075194,0.464804335584425
"GO:0046697","decidualization",0,1.2635954129331,0.528767949934842
"GO:0060390","regulation of SMAD protein signal transduction",0,-1.24580268175464,0.440482631452126
"GO:0048490","anterograde synaptic vesicle transport",0,-1.25506261967202,0.502951693434099
"GO:0099514","synaptic vesicle cytoskeletal transport",0,-1.25506261967202,0.502951693434099
"GO:0099517","synaptic vesicle transport along microtubule",0,-1.25506261967202,0.502951693434099
"GO:0030325","adrenal gland development",0,-1.25457811631252,0.502951693434099
"GO:0017121","plasma membrane phospholipid scrambling",0,-1.2367054143355,0.505464770609437
"GO:0042306","regulation of protein import into nucleus",0,1.25225125581053,0.468407977730325
"GO:0051131","chaperone-mediated protein complex assembly",0,-1.24242423519727,0.517580592221736
"GO:0050961","detection of temperature stimulus involved in sensory perception",0,-1.25353294734176,0.507167603746171
"GO:0060967","negative regulation of gene silencing by regulatory ncRNA",0,1.26080101562676,0.531510179374109
"GO:0045017","glycerolipid biosynthetic process",0,1.24340353500417,0.413068634288495
"GO:0010613","positive regulation of cardiac muscle hypertrophy",0,1.27084602801358,0.494355913420858
"GO:0014742","positive regulation of muscle hypertrophy",0,1.27084602801358,0.494355913420858
"GO:0002861","regulation of inflammatory response to antigenic stimulus",0,1.25305371223052,0.502953386995149
"GO:0097237","cellular response to toxic substance",0,1.26350601350739,0.439812569885966
"GO:0018126","protein hydroxylation",0,-1.23095201714692,0.53600549101658
"GO:0002275","myeloid cell activation involved in immune response",0,1.26642647655277,0.450895776137857
"GO:0009798","axis specification",0,1.27409381820305,0.464214678700396
"GO:1903053","regulation of extracellular matrix organization",0,1.24673338221004,0.476754698211839
"GO:0048608","reproductive structure development",0,1.23858738651892,0.443974978174953
"GO:0048488","synaptic vesicle endocytosis",0,-1.2491503179039,0.430561624565933
"GO:0001656","metanephros development",0,1.27610374148462,0.450469728688255
"GO:0003351","epithelial cilium movement involved in extracellular fluid movement",0,1.24753112349824,0.54499935877706
"GO:0002281","macrophage activation involved in immune response",0,1.23815331294056,0.536521792069296
"GO:0060562","epithelial tube morphogenesis",0,1.25723936661078,0.412830004100753
"GO:0097028","dendritic cell differentiation",0,1.2488138365989,0.500617000260732
"GO:0000075","cell cycle checkpoint signaling",0,-1.24195922909286,0.346358145292632
"GO:2000630","positive regulation of miRNA metabolic process",0,1.24716082644984,0.478984551284979
"GO:0006984","ER-nucleus signaling pathway",0,1.25294551181538,0.488636345863798
"GO:1903909","regulation of receptor clustering",0,1.24679370105806,0.54499935877706
"GO:0007160","cell-matrix adhesion",0,1.2499478687509,0.412179701545542
"GO:0055002","striated muscle cell development",0,-1.23762169739641,0.38631434130695
"GO:0030810","positive regulation of nucleotide biosynthetic process",0,1.23167275207471,0.561708711154229
"GO:1900373","positive regulation of purine nucleotide biosynthetic process",0,1.23167275207471,0.561708711154229
"GO:0022618","protein-RNA complex assembly",0,-1.24236380739638,0.340841312121862
"GO:0075523","viral translational frameshifting",0,1.26017426148463,0.564101231911042
"GO:0032388","positive regulation of intracellular transport",0,-1.2177779379898,0.408034195041725
"GO:0048499","synaptic vesicle membrane organization",0,-1.23939797897857,0.48998700678358
"GO:0043516","regulation of DNA damage response, signal transduction by p53 class mediator",0,1.25726840445671,0.490919945757383
"GO:0006636","unsaturated fatty acid biosynthetic process",0,1.2505023638066,0.483528191868429
"GO:0035721","intraciliary retrograde transport",0,-1.24781663222284,0.512683273057411
"GO:0045047","protein targeting to ER",0,-1.26224953001194,0.449122739896033
"GO:0001974","blood vessel remodeling",0,-1.22915087840234,0.515074371347288
"GO:0150052","regulation of postsynapse assembly",0,1.23687262638743,0.498144212458311
"GO:0003341","cilium movement",0,-1.24820233251277,0.350042121591505
"GO:0097400","interleukin-17-mediated signaling pathway",0,1.25483866219136,0.526059159962719
"GO:0072527","pyrimidine-containing compound metabolic process",0,-1.25494877934452,0.422428322357471
"GO:0061458","reproductive system development",0,1.21577708373527,0.463755677550975
"GO:0014706","striated muscle tissue development",0,1.24145060688076,0.405633726018067
"GO:0007127","meiosis I",0,-1.235587124376,0.418153603301183
"GO:0072331","signal transduction by p53 class mediator",0,1.21549311336693,0.470873304159207
"GO:0045842","positive regulation of mitotic metaphase/anaphase transition",0,-1.23560659812437,0.522628187821538
"GO:0001906","cell killing",0,1.24698898079051,0.417262265183855
"GO:0006883","intracellular sodium ion homeostasis",0,1.23931006306259,0.519324158705805
"GO:2000767","positive regulation of cytoplasmic translation",0,-1.2352282555447,0.522628187821538
"GO:0150079","negative regulation of neuroinflammatory response",0,1.25429136973257,0.537762868645097
"GO:0022602","ovulation cycle process",0,1.24649553096148,0.511990243796317
"GO:0045576","mast cell activation",0,1.21448953251704,0.509733622625297
"GO:0003018","vascular process in circulatory system",0,1.23601145045838,0.406135294623506
"GO:0009409","response to cold",0,1.23777150136329,0.520245239853083
"GO:0048806","genitalia development",0,1.23491732422041,0.536620738834541
"GO:0045651","positive regulation of macrophage differentiation",0,1.24021331007409,0.555245996254531
"GO:0046488","phosphatidylinositol metabolic process",0,1.24288599933928,0.447996229213787
"GO:0019985","translesion synthesis",0,1.23887165210385,0.538588922105163
"GO:0021988","olfactory lobe development",0,1.23292804637661,0.539808944276502
"GO:0030178","negative regulation of Wnt signaling pathway",0,1.22222776126399,0.459651199504046
"GO:0070102","interleukin-6-mediated signaling pathway",0,1.24737183602809,0.527205460106532
"GO:2000001","regulation of DNA damage checkpoint",0,-1.23688793322527,0.512784900463038
"GO:0031647","regulation of protein stability",0,1.24313581050475,0.382345280022557
"GO:0099174","regulation of presynapse organization",0,-1.25173669135535,0.480477181588141
"GO:0055092","sterol homeostasis",0,1.22611646128077,0.478496407865877
"GO:0043406","positive regulation of MAP kinase activity",0,-1.22337221252978,0.522417868383361
"GO:0031146","SCF-dependent proteasomal ubiquitin-dependent protein catabolic process",0,-1.23001097753373,0.438014224172744
"GO:0070268","cornification",0,-1.21455041223195,0.569999700441794
"GO:0007548","sex differentiation",0,1.20898351916631,0.471001205476195
"GO:0072698","protein localization to microtubule cytoskeleton",0,-1.22574228953061,0.466292328605173
"GO:0070665","positive regulation of leukocyte proliferation",0,1.22403248431955,0.463913419522788
"GO:0035567","non-canonical Wnt signaling pathway",0,1.2366402114636,0.485784698934358
"GO:0016445","somatic diversification of immunoglobulins",0,-1.23100033104779,0.477232702533544
"GO:1902914","regulation of protein polyubiquitination",0,1.22537245105025,0.546883515851631
"GO:1903829","positive regulation of protein localization",0,1.2493644812347,0.346514359727394
"GO:0050965","detection of temperature stimulus involved in sensory perception of pain",0,-1.2401728811289,0.519221102901561
"GO:0061515","myeloid cell development",0,1.2330777606845,0.503800797786845
"GO:0050852","T cell receptor signaling pathway",0,1.24535908969268,0.44518311999458
"GO:1901655","cellular response to ketone",0,1.22803733120548,0.477727876708856
"GO:0030199","collagen fibril organization",0,1.23373487402481,0.491295068855634
"GO:0035036","sperm-egg recognition",0,-1.23210375032594,0.50250977480488
"GO:0042632","cholesterol homeostasis",0,1.22789817102679,0.477727876708856
"GO:1904064","positive regulation of cation transmembrane transport",0,1.22096409291333,0.480323913459423
"GO:0030167","proteoglycan catabolic process",0,-1.23249890611072,0.515664413331727
"GO:0009264","deoxyribonucleotide catabolic process",0,-1.24758077468982,0.485908545270036
"GO:0046386","deoxyribose phosphate catabolic process",0,-1.24758077468982,0.485908545270036
"GO:1905523","positive regulation of macrophage migration",0,1.25522493530196,0.512238289637359
"GO:0042795","snRNA transcription by RNA polymerase II",0,-1.23656844250523,0.520982661129659
"GO:0001776","leukocyte homeostasis",0,1.20706339278206,0.50870100294949
"GO:0002418","immune response to tumor cell",0,-1.22265310051662,0.50447845682196
"GO:0032456","endocytic recycling",0,1.21446725243751,0.494259300280355
"GO:0002825","regulation of T-helper 1 type immune response",0,1.24093373478933,0.505532616840037
"GO:1905476","negative regulation of protein localization to membrane",0,-1.22081741197622,0.504548665978648
"GO:0140238","presynaptic endocytosis",0,-1.23160123724908,0.438265692913731
"GO:0045048","protein insertion into ER membrane",0,-1.21559505962157,0.529070411432767
"GO:0046849","bone remodeling",0,1.23489344901017,0.484365741472629
"GO:0050858","negative regulation of antigen receptor-mediated signaling pathway",0,1.23567547217624,0.494206793995958
"GO:0021602","cranial nerve morphogenesis",0,1.23559715578144,0.542341110667849
"GO:1901796","regulation of signal transduction by p53 class mediator",0,1.23639918242487,0.46225102106034
"GO:0007602","phototransduction",0,1.23260636267397,0.510823875714184
"GO:1900117","regulation of execution phase of apoptosis",0,1.21981578504319,0.549454177721758
"GO:0007042","lysosomal lumen acidification",0,-1.22169958874364,0.542012347516171
"GO:0030010","establishment of cell polarity",0,1.23227428946978,0.460918798358528
"GO:0015701","bicarbonate transport",0,-1.22727055383315,0.495459779828461
"GO:0042149","cellular response to glucose starvation",0,1.23900455538141,0.502434080254879
"GO:0032924","activin receptor signaling pathway",0,-1.20893775148552,0.50808760791913
"GO:0006817","phosphate ion transport",0,1.22824886167676,0.544079461523366
"GO:0051385","response to mineralocorticoid",0,1.24029901078354,0.513649199568446
"GO:1901679","nucleotide transmembrane transport",0,-1.22669188894055,0.520317783123929
"GO:1900745","positive regulation of p38MAPK cascade",0,1.21777051611796,0.553402435572417
"GO:2000515","negative regulation of CD4-positive, alpha-beta T cell activation",0,1.22684451737766,0.544100604171517
"GO:0046634","regulation of alpha-beta T cell activation",0,1.2537830736535,0.45683412756443
"GO:0002367","cytokine production involved in immune response",0,1.21518396212591,0.487973051634774
"GO:0002718","regulation of cytokine production involved in immune response",0,1.21518396212591,0.487973051634774
"GO:2001057","reactive nitrogen species metabolic process",0,1.20002022636836,0.511528925668577
"GO:0051938","L-glutamate import",0,1.23547710519006,0.511513896276101
"GO:0005977","glycogen metabolic process",0,-1.22060871459613,0.45303972553754
"GO:0035331","negative regulation of hippo signaling",0,1.21553105334442,0.554996550521606
"GO:1990166","protein localization to site of double-strand break",0,-1.21176830904363,0.565218657547268
"GO:0018958","phenol-containing compound metabolic process",0,-1.21450128006751,0.45556488533832
"GO:0006515","protein quality control for misfolded or incompletely synthesized proteins",0,1.22096211156294,0.531181122242076
"GO:0031109","microtubule polymerization or depolymerization",0,-1.22167674846254,0.406082044997486
"GO:0141084","inflammasome-mediated signaling pathway",0,1.20973788734515,0.514563225538197
"GO:0071674","mononuclear cell migration",0,1.21886500429482,0.449056492890902
"GO:0006144","purine nucleobase metabolic process",0,-1.22781289352594,0.531750517532822
"GO:0042113","B cell activation",0,1.22846635773926,0.427524107219
"GO:0002762","negative regulation of myeloid leukocyte differentiation",0,1.21744986058528,0.514556197977256
"GO:0030282","bone mineralization",0,1.24236194931018,0.464896433177348
"GO:0035024","negative regulation of Rho protein signal transduction",0,-1.22251064078475,0.541447948625877
"GO:0060038","cardiac muscle cell proliferation",0,1.20457039670245,0.552282296379686
"GO:0030174","regulation of DNA-templated DNA replication initiation",0,-1.21639520182047,0.550812622170783
"GO:0030217","T cell differentiation",0,1.21749029435003,0.439466218944703
"GO:0036120","cellular response to platelet-derived growth factor stimulus",0,1.21396936695893,0.55728113495431
"GO:0002444","myeloid leukocyte mediated immunity",0,1.22591918195389,0.479852715152797
"GO:0006816","calcium ion transport",0,1.22975936249444,0.38179515817187
"GO:0030900","forebrain development",0,1.23228662454986,0.415656163978473
"GO:0035886","vascular associated smooth muscle cell differentiation",0,1.21228599851389,0.559404929900043
"GO:0001893","maternal placenta development",0,1.23299109443977,0.543136656420656
"GO:0050821","protein stabilization",0,1.21955157911434,0.443851504694528
"GO:0008206","bile acid metabolic process",0,-1.20518719668378,0.518695205608843
"GO:0071360","cellular response to exogenous dsRNA",0,-1.20768409416531,0.570937369524738
"GO:0031632","positive regulation of synaptic vesicle fusion to presynaptic active zone membrane",0,-1.22370802986081,0.54959593910024
"GO:0099502","calcium-dependent activation of synaptic vesicle fusion",0,-1.22370802986081,0.54959593910024
"GO:1901634","positive regulation of synaptic vesicle membrane organization",0,-1.22370802986081,0.54959593910024
"GO:1901880","negative regulation of protein depolymerization",0,-1.23166013813745,0.449232087041942
"GO:0000070","mitotic sister chromatid segregation",0,-1.21685958967664,0.379587281999358
"GO:0046434","organophosphate catabolic process",0,1.21720160583066,0.438560037362128
"GO:0051346","negative regulation of hydrolase activity",0,1.21681773789818,0.54167441187453
"GO:0050482","arachidonate secretion",0,-1.21847671480412,0.53107269141615
"GO:1903963","arachidonate transport",0,-1.21847671480412,0.53107269141615
"GO:0045862","positive regulation of proteolysis",0,1.2235314670396,0.493422732268736
"GO:0086003","cardiac muscle cell contraction",0,1.2203810668329,0.496116107162764
"GO:0044042","glucan metabolic process",0,-1.22093421603225,0.462444613077962
"GO:0007588","excretion",0,1.2124860259768,0.560301432976523
"GO:0032273","positive regulation of protein polymerization",0,-1.21167243552478,0.458112597812707
"GO:0045088","regulation of innate immune response",0,1.23138081740123,0.363863431762279
"GO:0048168","regulation of neuronal synaptic plasticity",0,1.21679397394366,0.516259542249376
"GO:0035458","cellular response to interferon-beta",0,1.22893977081047,0.535845412951518
"GO:1901978","positive regulation of cell cycle checkpoint",0,-1.21580753620115,0.534314721900947
"GO:0098930","axonal transport",0,-1.20487706697062,0.478378001728826
"GO:0070534","protein K63-linked ubiquitination",0,1.2280904132196,0.484902425027453
"GO:0016485","protein processing",0,1.21395243708782,0.453413354383813
"GO:0061136","regulation of proteasomal protein catabolic process",0,1.20571375469137,0.457262500062196
"GO:0006690","icosanoid metabolic process",0,1.19485765243762,0.496912571330346
"GO:0042789","mRNA transcription by RNA polymerase II",0,1.20836543321404,0.525470240858992
"GO:1903707","negative regulation of hemopoiesis",0,1.21414402324451,0.481311433390432
"GO:0045638","negative regulation of myeloid cell differentiation",0,1.21340743403944,0.50701097390506
"GO:0030534","adult behavior",0,1.22208582242973,0.487282279563064
"GO:0045428","regulation of nitric oxide biosynthetic process",0,1.21514342799494,0.502118452935667
"GO:1900864","mitochondrial RNA modification",0,-1.2151827141295,0.550630069936531
"GO:0060828","regulation of canonical Wnt signaling pathway",0,1.19503144373547,0.461553420963081
"GO:0060291","long-term synaptic potentiation",0,1.19564529061717,0.520023166566611
"GO:0001959","regulation of cytokine-mediated signaling pathway",0,1.20951925036765,0.470333885489306
"GO:1903557","positive regulation of tumor necrosis factor superfamily cytokine production",0,1.19139610928013,0.506402604243152
"GO:0010638","positive regulation of organelle organization",0,-1.21392915484894,0.266492660599555
"GO:0009251","glucan catabolic process",0,-1.20843521978867,0.531745871216049
"GO:0051489","regulation of filopodium assembly",0,-1.22403062340214,0.495912228345991
"GO:0060263","regulation of respiratory burst",0,1.21074148226269,0.587490848935327
"GO:0009299","mRNA transcription",0,1.21646602157497,0.523496481237413
"GO:0097186","amelogenesis",0,1.22075207624705,0.568978318079271
"GO:0045137","development of primary sexual characteristics",0,1.22276969541295,0.46982122617933
"GO:0007131","reciprocal meiotic recombination",0,-1.20835604535293,0.496321770355091
"GO:0140527","reciprocal homologous recombination",0,-1.20835604535293,0.496321770355091
"GO:0046839","phospholipid dephosphorylation",0,1.23025646784546,0.53335852245049
"GO:0009416","response to light stimulus",0,1.21058640941461,0.443244023635241
"GO:0006699","bile acid biosynthetic process",0,-1.20393185154804,0.523549061163091
"GO:0032760","positive regulation of tumor necrosis factor production",0,1.20603434594978,0.492150176883281
"GO:1904862","inhibitory synapse assembly",0,1.24844910885704,0.501473461136921
"GO:0070198","protein localization to chromosome, telomeric region",0,-1.21371521872833,0.563199022205648
"GO:0044546","NLRP3 inflammasome complex assembly",0,1.21478832516231,0.526012337997861
"GO:0010586","miRNA metabolic process",0,1.17428347902594,0.534191920825794
"GO:0035914","skeletal muscle cell differentiation",0,-1.22076238905877,0.517307287833361
"GO:0055001","muscle cell development",0,-1.2166828301144,0.410448461123581
"GO:0090100","positive regulation of transmembrane receptor protein serine/threonine kinase signaling pathway",0,-1.1914456810726,0.476240174712666
"GO:0015872","dopamine transport",0,-1.19959837564676,0.537697494075531
"GO:0046209","nitric oxide metabolic process",0,1.2057061956266,0.506504758984502
"GO:2000178","negative regulation of neural precursor cell proliferation",0,1.19960577943649,0.582112778258676
"GO:0006858","extracellular transport",0,1.21682828371212,0.558662448097974
"GO:0006658","phosphatidylserine metabolic process",0,1.21442605344375,0.55929483660889
"GO:0032635","interleukin-6 production",0,1.21787641100582,0.474479712322805
"GO:0032675","regulation of interleukin-6 production",0,1.21787641100582,0.474479712322805
"GO:0046831","regulation of RNA export from nucleus",0,-1.20852238947446,0.570189123655128
"GO:0060537","muscle tissue development",0,1.22486703070178,0.416240174747468
"GO:0060759","regulation of response to cytokine stimulus",0,1.21600658556869,0.466623968663494
"GO:1903020","positive regulation of glycoprotein metabolic process",0,-1.20264105234597,0.566230149185372
"GO:0006614","SRP-dependent cotranslational protein targeting to membrane",0,-1.19711578591158,0.569071475475873
"GO:0019320","hexose catabolic process",0,-1.19877324537524,0.517910704959663
"GO:0048596","embryonic camera-type eye morphogenesis",0,1.21435448327463,0.563578729297474
"GO:0060079","excitatory postsynaptic potential",0,1.19771695687047,0.509661109168141
"GO:0006940","regulation of smooth muscle contraction",0,-1.18937689138654,0.5261611723285
"GO:0032239","regulation of nucleobase-containing compound transport",0,-1.20576320132458,0.561525768237668
"GO:0097193","intrinsic apoptotic signaling pathway",0,1.21176832286896,0.439190585351729
"GO:0086009","membrane repolarization",0,1.20423189561331,0.513856168070453
"GO:0048333","mesodermal cell differentiation",0,1.1968271029505,0.576215699214281
"GO:0034599","cellular response to oxidative stress",0,1.21287589106106,0.454882403135563
"GO:0110076","negative regulation of ferroptosis",0,1.20765126538835,0.569350293831253
"GO:0097401","synaptic vesicle lumen acidification",0,-1.19968305936203,0.571202656619288
"GO:0002755","MyD88-dependent toll-like receptor signaling pathway",0,1.1957727922342,0.576215699214281
"GO:0070252","actin-mediated cell contraction",0,1.20730315812837,0.484886973963141
"GO:0001914","regulation of T cell mediated cytotoxicity",0,1.21203181639074,0.527460209270542
"GO:0098885","modification of postsynaptic actin cytoskeleton",0,-1.19323504994614,0.568947824335607
"GO:0039694","viral RNA genome replication",0,-1.1953613585997,0.564675250226663
"GO:0048872","homeostasis of number of cells",0,1.21375977767374,0.449697290521346
"GO:0046887","positive regulation of hormone secretion",0,-1.17262909308611,0.470309542145567
"GO:0000388","spliceosome conformational change to release U4 (or U4atac) and U1 (or U11)",0,-1.19760938832142,0.535437421137391
"GO:1901799","negative regulation of proteasomal protein catabolic process",0,-1.20575150660985,0.499126692863505
"GO:1905508","protein localization to microtubule organizing center",0,-1.20834964591959,0.514322342520654
"GO:0006112","energy reserve metabolic process",0,-1.1975152977461,0.485209671257112
"GO:0010828","positive regulation of D-glucose transmembrane transport",0,1.1995394791383,0.550256126318342
"GO:0080164","regulation of nitric oxide metabolic process",0,1.19606690765997,0.537604174105603
"GO:0003206","cardiac chamber morphogenesis",0,1.18602084451482,0.516427209608091
"GO:0051209","release of sequestered calcium ion into cytosol",0,1.19417066616388,0.504920044959874
"GO:1903532","positive regulation of secretion by cell",0,-1.18785313125263,0.381560604404115
"GO:0032042","mitochondrial DNA metabolic process",0,1.20738279805685,0.567395056852353
"GO:0062197","cellular response to chemical stress",0,1.19325167154624,0.447309914595318
"GO:0042537","benzene-containing compound metabolic process",0,1.20629319862642,0.577591426851593
"GO:0045577","regulation of B cell differentiation",0,-1.18151844944126,0.573527249956241
"GO:0015711","organic anion transport",0,1.18645061185067,0.42161104513123
"GO:0010595","positive regulation of endothelial cell migration",0,1.20396124496065,0.495231319932359
"GO:0016055","Wnt signaling pathway",0,1.18380473041162,0.430650658570873
"GO:0030834","regulation of actin filament depolymerization",0,-1.18198269541569,0.536043021764046
"GO:0031401","positive regulation of protein modification process",0,1.18295120435518,0.458092354752316
"GO:0035774","positive regulation of insulin secretion involved in cellular response to glucose stimulus",0,-1.20477257281584,0.522890517354391
"GO:0005980","glycogen catabolic process",0,-1.20743631574942,0.537913112795265
"GO:0021952","central nervous system projection neuron axonogenesis",0,-1.19979839398506,0.575978716504069
"GO:0046626","regulation of insulin receptor signaling pathway",0,1.20347267927519,0.519103490393174
"GO:0036507","protein demannosylation",0,1.20642530972962,0.585777327352616
"GO:0036508","protein alpha-1,2-demannosylation",0,1.20642530972962,0.585777327352616
"GO:1904948","midbrain dopaminergic neuron differentiation",0,1.20452982289372,0.579630305360788
"GO:0033059","cellular pigmentation",0,1.21942496509949,0.506330013472612
"GO:0090190","positive regulation of branching involved in ureteric bud morphogenesis",0,-1.1923861597623,0.580263994147864
"GO:0022617","extracellular matrix disassembly",0,1.19163444750124,0.523255543989656
"GO:0048704","embryonic skeletal system morphogenesis",0,1.20498752127905,0.536043021764046
"GO:0010718","positive regulation of epithelial to mesenchymal transition",0,1.20255453537441,0.519103490393174
"GO:0051299","centrosome separation",0,-1.19677672949167,0.586212498836692
"GO:0031440","regulation of mRNA 3'-end processing",0,-1.19641944579098,0.586212498836692
"GO:0016486","peptide hormone processing",0,1.19030289070162,0.561131914517996
"GO:0043247","telomere maintenance in response to DNA damage",0,-1.17849602854179,0.577719520453485
"GO:0071248","cellular response to metal ion",0,1.19612361955075,0.491892249548841
"GO:0051495","positive regulation of cytoskeleton organization",0,-1.18517606941161,0.428914399633986
"GO:0007617","mating behavior",0,-1.20093178161066,0.561684200887684
"GO:0021675","nerve development",0,1.21107755685586,0.516102818161515
"GO:0008088","axo-dendritic transport",0,-1.19440054992553,0.48214263841218
"GO:0016553","base conversion or substitution editing",0,-1.19503422334458,0.578655225121108
"GO:0010659","cardiac muscle cell apoptotic process",0,-1.18625524025538,0.553518941796855
"GO:0000272","polysaccharide catabolic process",0,-1.19018631588743,0.553532565855642
"GO:0030218","erythrocyte differentiation",0,1.15782149502449,0.554669135382474
"GO:0016447","somatic recombination of immunoglobulin gene segments",0,-1.20813546439097,0.514611531942665
"GO:0072595","maintenance of protein localization in organelle",0,-1.20011120002712,0.528165250173275
"GO:0051205","protein insertion into membrane",0,-1.1786022016292,0.514204848602255
"GO:0002828","regulation of type 2 immune response",0,1.2019212439662,0.555545325652635
"GO:0016311","dephosphorylation",0,1.19924052572653,0.490539513444067
"GO:0006613","cotranslational protein targeting to membrane",0,-1.19121749300371,0.566865199373549
"GO:0038203","TORC2 signaling",0,1.18053894875382,0.587006460381432
"GO:1903828","negative regulation of protein localization",0,1.19938147819436,0.471677271670548
"GO:0120161","regulation of cold-induced thermogenesis",0,1.1636300465745,0.524028413236675
"GO:0043555","regulation of translation in response to stress",0,1.18067854358804,0.603221727649388
"GO:0071379","cellular response to prostaglandin stimulus",0,-1.18273908548923,0.589011003874174
"GO:0002793","positive regulation of peptide secretion",0,-1.18643106134123,0.466616490794189
"GO:0072657","protein localization to membrane",0,1.18669215346409,0.42717868498488
"GO:0060840","artery development",0,1.1869058388513,0.525121156862291
"GO:0032418","lysosome localization",0,1.20715611155234,0.513931666509559
"GO:0003231","cardiac ventricle development",0,1.19046206744605,0.514111858871158
"GO:1903672","positive regulation of sprouting angiogenesis",0,-1.18984690016664,0.568952813112218
"GO:0009994","oocyte differentiation",0,-1.19819101050803,0.5303440233246
"GO:0010906","regulation of glucose metabolic process",0,1.16903831943891,0.543169109277221
"GO:0042327","positive regulation of phosphorylation",0,1.17012313885043,0.495004463814029
"GO:0051497","negative regulation of stress fiber assembly",0,-1.1862042011387,0.569339705243645
"GO:0140673","transcription elongation-coupled chromatin remodeling",0,1.19906684867919,0.592750791623947
"GO:0032435","negative regulation of proteasomal ubiquitin-dependent protein catabolic process",0,-1.20422007530246,0.51836302869199
"GO:0007029","endoplasmic reticulum organization",0,-1.18487944257699,0.496870967279693
"GO:0003205","cardiac chamber development",0,1.16627875437098,0.535152216265379
"GO:0042594","response to starvation",0,1.19188958184457,0.480587407077637
"GO:0045931","positive regulation of mitotic cell cycle",0,-1.19131826430651,0.459852692460372
"GO:0010389","regulation of G2/M transition of mitotic cell cycle",0,-1.19353829397807,0.467233221808162
"GO:0008217","regulation of blood pressure",0,-1.18631411288017,0.433424577152462
"GO:0042269","regulation of natural killer cell mediated cytotoxicity",0,-1.17022096665433,0.556489352662896
"GO:1900037","regulation of cellular response to hypoxia",0,-1.18319296965433,0.577908655316643
"GO:0050862","positive regulation of T cell receptor signaling pathway",0,1.17830229356494,0.608136961999947
"GO:0007020","microtubule nucleation",0,-1.18207658362375,0.541076621192634
"GO:0039532","negative regulation of cytoplasmic pattern recognition receptor signaling pathway",0,-1.187926333933,0.511284874588963
"GO:0048066","developmental pigmentation",0,-1.17875189816961,0.56148770767719
"GO:0050829","defense response to Gram-negative bacterium",0,1.16663796345065,0.539414990159426
"GO:0005513","detection of calcium ion",0,-1.17191155374096,0.625891543870707
"GO:0071318","cellular response to ATP",0,1.19344985438232,0.58968396129741
"GO:0090303","positive regulation of wound healing",0,1.18198291195425,0.538022423979369
"GO:1990573","potassium ion import across plasma membrane",0,1.18844786639632,0.548545709832905
"GO:0010257","NADH dehydrogenase complex assembly",0,-1.16865655809225,0.582440255243919
"GO:0032981","mitochondrial respiratory chain complex I assembly",0,-1.16865655809225,0.582440255243919
"GO:0000393","spliceosomal conformational changes to generate catalytic conformation",0,-1.17240527976938,0.570218285514915
"GO:2000774","positive regulation of cellular senescence",0,1.19224581909906,0.591135375717616
"GO:0007178","cell surface receptor protein serine/threonine kinase signaling pathway",0,1.18696557492114,0.450513194587252
"GO:0060037","pharyngeal system development",0,-1.18257233533901,0.575851181306065
"GO:2001234","negative regulation of apoptotic signaling pathway",0,1.19896074121376,0.478543990730805
"GO:0050885","neuromuscular process controlling balance",0,1.19217332803592,0.583983922884415
"GO:0045721","negative regulation of gluconeogenesis",0,1.18151049871321,0.61164909848406
"GO:0002837","regulation of immune response to tumor cell",0,-1.17822057687756,0.563791190351653
"GO:0051251","positive regulation of lymphocyte activation",0,1.18266304271625,0.476897837086884
"GO:0031579","membrane raft organization",0,1.19179360146704,0.568055103228479
"GO:0045947","negative regulation of translational initiation",0,-1.17350445294225,0.584210281892184
"GO:0009394","2'-deoxyribonucleotide metabolic process",0,-1.19122541778417,0.515831655007663
"GO:0090493","catecholamine uptake",0,-1.1783005899713,0.599869180061366
"GO:0046519","sphingoid metabolic process",0,-1.17765279241069,0.599869180061366
"GO:0090068","positive regulation of cell cycle process",0,-1.17243361987648,0.41795903180957
"GO:0043242","negative regulation of protein-containing complex disassembly",0,-1.1778596777223,0.510207065392438
"GO:0010560","positive regulation of glycoprotein biosynthetic process",0,-1.18025520843209,0.604351213883984
"GO:0045143","homologous chromosome segregation",0,-1.17037068046183,0.570661678233541
"GO:0090670","RNA localization to Cajal body",0,-1.17951193935353,0.593621461897553
"GO:0090671","telomerase RNA localization to Cajal body",0,-1.17951193935353,0.593621461897553
"GO:0090672","telomerase RNA localization",0,-1.17951193935353,0.593621461897553
"GO:0090685","RNA localization to nucleus",0,-1.17951193935353,0.593621461897553
"GO:1900017","positive regulation of cytokine production involved in inflammatory response",0,1.17224794209981,0.582400583376783
"GO:0031573","mitotic intra-S DNA damage checkpoint signaling",0,1.18697009786409,0.584661191873963
"GO:2000351","regulation of endothelial cell apoptotic process",0,1.17103446385996,0.555415185197775
"GO:0106106","cold-induced thermogenesis",0,1.1676543548783,0.51995059619256
"GO:0060142","regulation of syncytium formation by plasma membrane fusion",0,1.19229331257412,0.539613247827096
"GO:0034755","iron ion transmembrane transport",0,1.17007765320359,0.600767961262094
"GO:0038179","neurotrophin signaling pathway",0,1.18010472227613,0.57605307328348
"GO:0010562","positive regulation of phosphorus metabolic process",0,1.1647152374319,0.483879541365764
"GO:0045937","positive regulation of phosphate metabolic process",0,1.1647152374319,0.483879541365764
"GO:0046753","non-lytic viral release",0,-1.16205717182788,0.626753116942695
"GO:1903077","negative regulation of protein localization to plasma membrane",0,-1.1728030920729,0.57062178094573
"GO:0050000","chromosome localization",0,-1.17965338259369,0.47536558336822
"GO:0050680","negative regulation of epithelial cell proliferation",0,1.1579101346998,0.55115545459969
"GO:0046629","gamma-delta T cell activation",0,1.18420196686232,0.603235016195066
"GO:0042073","intraciliary transport",0,-1.15926216551318,0.565312258736714
"GO:0043567","regulation of insulin-like growth factor receptor signaling pathway",0,1.16498708102245,0.616489527666974
"GO:1905606","regulation of presynapse assembly",0,-1.17119759140992,0.572304978188592
"GO:1990542","mitochondrial transmembrane transport",0,1.16385882798969,0.606641938089442
"GO:0022412","cellular process involved in reproduction in multicellular organism",0,-1.17811317313974,0.38982463930499
"GO:0044843","cell cycle G1/S phase transition",0,1.15664502407547,0.515028311424651
"GO:0110075","regulation of ferroptosis",0,1.17009092992329,0.585285673433607
"GO:0046321","positive regulation of fatty acid oxidation",0,1.17287302595697,0.619994815444593
"GO:0007224","smoothened signaling pathway",0,1.13947098588046,0.575192056586756
"GO:0097485","neuron projection guidance",0,1.16725826237618,0.496328320715444
"GO:0085020","protein K6-linked ubiquitination",0,-1.17562970820587,0.607822034717919
"GO:0022900","electron transport chain",0,-1.17193425917948,0.490517272254164
"GO:0072337","modified amino acid transport",0,1.14630997770646,0.58837329037328
"GO:0009262","deoxyribonucleotide metabolic process",0,-1.17010876999333,0.555030197013169
"GO:1902895","positive regulation of miRNA transcription",0,1.15731121418946,0.572076451276201
"GO:1900119","positive regulation of execution phase of apoptosis",0,1.17669569230474,0.597016400196142
"GO:0034504","protein localization to nucleus",0,1.18211048981677,0.472765721827665
"GO:0034311","diol metabolic process",0,-1.15693927271659,0.598902550583056
"GO:0010212","response to ionizing radiation",0,1.19192120770166,0.511174352215523
"GO:2000628","regulation of miRNA metabolic process",0,1.15350345812302,0.556579973469825
"GO:0035337","fatty-acyl-CoA metabolic process",0,1.17218577401081,0.578787636449726
"GO:0048846","axon extension involved in axon guidance",0,1.16338109440159,0.615437123385673
"GO:0042475","odontogenesis of dentin-containing tooth",0,1.14299319318323,0.59389240450629
"GO:0007007","inner mitochondrial membrane organization",0,-1.17788134611062,0.557261311084835
"GO:0090592","DNA synthesis involved in DNA replication",0,1.17966171872087,0.584061455183189
"GO:0060070","canonical Wnt signaling pathway",0,1.16592567629386,0.486909130725813
"GO:0045745","positive regulation of G protein-coupled receptor signaling pathway",0,1.16541976772762,0.577846809709531
"GO:0001934","positive regulation of protein phosphorylation",0,1.16552711807668,0.493899529505374
"GO:0140014","mitotic nuclear division",0,-1.17009400394896,0.406310430119086
"GO:1990845","adaptive thermogenesis",0,1.15668711682772,0.518813939803124
"GO:0002440","production of molecular mediator of immune response",0,1.15345215549953,0.529161362733756
"GO:0035883","enteroendocrine cell differentiation",0,-1.16567945740822,0.59670519222122
"GO:0071706","tumor necrosis factor superfamily cytokine production",0,1.16287679152669,0.520499398996116
"GO:1903555","regulation of tumor necrosis factor superfamily cytokine production",0,1.16287679152669,0.520499398996116
"GO:0034497","protein localization to phagophore assembly site",0,1.1604802255851,0.618914011872663
"GO:0006721","terpenoid metabolic process",0,1.16155826490091,0.550866993432341
"GO:0019883","antigen processing and presentation of endogenous antigen",0,1.16344062936853,0.590233751768045
"GO:0042983","amyloid precursor protein biosynthetic process",0,1.16649946635007,0.627753924380699
"GO:0042984","regulation of amyloid precursor protein biosynthetic process",0,1.16649946635007,0.627753924380699
"GO:0002707","negative regulation of lymphocyte mediated immunity",0,1.17451304017213,0.550063055074361
"GO:0048534","hematopoietic or lymphoid organ development",0,1.16724466751048,0.583895102943314
"GO:0009583","detection of light stimulus",0,1.15086716330544,0.577109068092441
"GO:0034767","positive regulation of monoatomic ion transmembrane transport",0,1.14527110927974,0.557749229333585
"GO:0018149","peptide cross-linking",0,-1.16254670191018,0.620510470342221
"GO:0032008","positive regulation of TOR signaling",0,1.1392226091878,0.579692817351587
"GO:0070071","proton-transporting two-sector ATPase complex assembly",0,-1.15554305739302,0.64591152155773
"GO:0007584","response to nutrient",0,1.16942145013529,0.520242795218661
"GO:0030838","positive regulation of actin filament polymerization",0,-1.14792801029468,0.588597306444473
"GO:0035335","peptidyl-tyrosine dephosphorylation",0,1.1685985622716,0.602752156826346
"GO:0042985","negative regulation of amyloid precursor protein biosynthetic process",0,1.16235038272134,0.660416745018113
"GO:0140374","antiviral innate immune response",0,-1.16577903344513,0.534961041008707
"GO:0033280","response to vitamin D",0,1.17165522152145,0.573842559075636
"GO:0000082","G1/S transition of mitotic cell cycle",0,1.15187522938552,0.513018930272239
"GO:0071539","protein localization to centrosome",0,-1.1558728310007,0.592770841711936
"GO:0032640","tumor necrosis factor production",0,1.17922583444342,0.505684609072579
"GO:0032680","regulation of tumor necrosis factor production",0,1.17922583444342,0.505684609072579
"GO:0071359","cellular response to dsRNA",0,-1.16487388264756,0.622347404943704
"GO:0071243","cellular response to arsenic-containing substance",0,1.16196253693809,0.62953686173629
"GO:0007168","receptor guanylyl cyclase signaling pathway",0,-1.16438095061036,0.610121385227048
"GO:0006911","phagocytosis, engulfment",0,1.17107598782521,0.565314945958203
"GO:0048489","synaptic vesicle transport",0,-1.16411191333035,0.568455768992817
"GO:0099558","maintenance of synapse structure",0,-1.15953547171746,0.589088954579776
"GO:0090277","positive regulation of peptide hormone secretion",0,-1.15763137596676,0.511923522619295
"GO:0045980","negative regulation of nucleotide metabolic process",0,1.15552716891556,0.61527923213054
"GO:1900543","negative regulation of purine nucleotide metabolic process",0,1.15552716891556,0.61527923213054
"GO:0007612","learning",0,1.16686190376293,0.527538560176183
"GO:0071404","cellular response to low-density lipoprotein particle stimulus",0,1.19879383364336,0.548142102222491
"GO:0051446","positive regulation of meiotic cell cycle",0,-1.16542873620277,0.618719351285205
"GO:0040020","regulation of meiotic nuclear division",0,-1.15904400415824,0.621474193031522
"GO:0048639","positive regulation of developmental growth",0,1.1406208264765,0.562314278910454
"GO:0014009","glial cell proliferation",0,1.14766098339408,0.587756238821184
"GO:0006829","zinc ion transport",0,-1.15496217286935,0.586346669215585
"GO:0016925","protein sumoylation",0,1.18469379141042,0.541987547154684
"GO:0034766","negative regulation of monoatomic ion transmembrane transport",0,1.13506391804827,0.588610158247016
"GO:0051056","regulation of small GTPase mediated signal transduction",0,1.15365671077662,0.495837839796211
"GO:0031630","regulation of synaptic vesicle fusion to presynaptic active zone membrane",0,-1.15509602652669,0.610930652984069
"GO:1901632","regulation of synaptic vesicle membrane organization",0,-1.15509602652669,0.610930652984069
"GO:0007411","axon guidance",0,1.1697990115139,0.507149617913471
"GO:0002637","regulation of immunoglobulin production",0,1.15717990334689,0.572823092732756
"GO:0006446","regulation of translational initiation",0,-1.18020088284714,0.501352701030437
"GO:0032309","icosanoid secretion",0,-1.16776230152455,0.567630559725576
"GO:0050851","antigen receptor-mediated signaling pathway",0,1.15285353726996,0.519548943718946
"GO:0006304","DNA modification",0,-1.15140513018862,0.613068488567648
"GO:0018200","peptidyl-glutamic acid modification",0,-1.16092647669891,0.627478957585615
"GO:0099550","trans-synaptic signaling, modulating synaptic transmission",0,-1.1660453652872,0.600573922218636
"GO:0034614","cellular response to reactive oxygen species",0,1.13507468306871,0.566044246643141
"GO:0045787","positive regulation of cell cycle",0,-1.15899942779471,0.418250477243264
"GO:0090232","positive regulation of spindle checkpoint",0,-1.15236330145729,0.616442778350805
"GO:0090267","positive regulation of mitotic cell cycle spindle assembly checkpoint",0,-1.15236330145729,0.616442778350805
"GO:0097191","extrinsic apoptotic signaling pathway",0,1.15328444573855,0.522974272580291
"GO:2000819","regulation of nucleotide-excision repair",0,1.16086552522921,0.59495198039691
"GO:0071218","cellular response to misfolded protein",0,1.1662251857354,0.623281867644741
"GO:0006809","nitric oxide biosynthetic process",0,1.15388271827178,0.563121493900835
"GO:0050860","negative regulation of T cell receptor signaling pathway",0,1.16490404849144,0.581025113039157
"GO:0043374","CD8-positive, alpha-beta T cell differentiation",0,-1.16433123729807,0.605414178591853
"GO:0005976","polysaccharide metabolic process",0,-1.14964691814813,0.537065988604714
"GO:0170044","non-proteinogenic amino acid catabolic process",0,-1.15878204855438,0.615037490595629
"GO:0007219","Notch signaling pathway",0,1.17134054778913,0.527012884326059
"GO:0035196","miRNA processing",0,-1.16771485326574,0.562784512299589
"GO:0043254","regulation of protein-containing complex assembly",0,1.15575382306607,0.47747602811449
"GO:0002886","regulation of myeloid leukocyte mediated immunity",0,1.1663808539952,0.572124738916858
"GO:0006670","sphingosine metabolic process",0,-1.15736506698504,0.616496257301252
"GO:1904063","negative regulation of cation transmembrane transport",0,1.16290558253243,0.56047073509327
"GO:0009267","cellular response to starvation",0,1.15211991064579,0.532351546255964
"GO:0006359","regulation of transcription by RNA polymerase III",0,-1.14879635731191,0.600413874215938
"GO:0001738","morphogenesis of a polarized epithelium",0,1.15114670813759,0.605386510641119
"GO:0007264","small GTPase-mediated signal transduction",0,1.13892100645153,0.477921763949489
"GO:1900101","regulation of endoplasmic reticulum unfolded protein response",0,1.16240400632744,0.581200536117738
"GO:0051865","protein autoubiquitination",0,1.17069558303607,0.54830017714434
"GO:0002710","negative regulation of T cell mediated immunity",0,1.14879241141057,0.603440169235271
"GO:0033119","negative regulation of RNA splicing",0,-1.1505656230842,0.599683908009943
"GO:0034383","low-density lipoprotein particle clearance",0,1.14856946780499,0.603440169235271
"GO:0035459","vesicle cargo loading",0,-1.1655479780153,0.578638587987114
"GO:0019882","antigen processing and presentation",0,1.17787128144524,0.530032254979905
"GO:0045229","external encapsulating structure organization",0,1.15006092096436,0.516868338035052
"GO:0035720","intraciliary anterograde transport",0,-1.14471255153011,0.628942824006957
"GO:0043062","extracellular structure organization",0,1.14921696223438,0.516868338035052
"GO:0086069","bundle of His cell to Purkinje myocyte communication",0,-1.15464888047982,0.63194841533799
"GO:1903036","positive regulation of response to wounding",0,1.17799782083153,0.538786960661504
"GO:0032212","positive regulation of telomere maintenance via telomerase",0,-1.14696263485858,0.62473381973976
"GO:0034204","lipid translocation",0,-1.14103422864175,0.578243754085446
"GO:0006401","RNA catabolic process",0,1.14628361553253,0.500888605624285
"GO:0018107","peptidyl-threonine phosphorylation",0,-1.14550470517548,0.604257683888926
"GO:0018210","peptidyl-threonine modification",0,-1.14550470517548,0.604257683888926
"GO:0048524","positive regulation of viral process",0,1.12600961506863,0.597803266470492
"GO:0045727","positive regulation of translation",0,-1.16774010981173,0.486098756100346
"GO:0043627","response to estrogen",0,-1.15086858597689,0.561929071666041
"GO:0141188","nucleic acid catabolic process",0,1.15404266539935,0.485255269024338
"GO:0071577","zinc ion transmembrane transport",0,-1.14796012887715,0.605467060068568
"GO:0006413","translational initiation",0,-1.13865345795596,0.525874335967491
"GO:0048708","astrocyte differentiation",0,1.15387753828425,0.57621385460165
"GO:0097484","dendrite extension",0,1.13091443182185,0.622777310723404
"GO:0009148","pyrimidine nucleoside triphosphate biosynthetic process",0,1.1583359758745,0.630537705895703
"GO:0072593","reactive oxygen species metabolic process",0,1.14890505708269,0.527313307726137
"GO:0030198","extracellular matrix organization",0,1.1576067174402,0.495273263652016
"GO:0007259","cell surface receptor signaling pathway via JAK-STAT",0,1.12698367347974,0.565797031362117
"GO:1904181","positive regulation of membrane depolarization",0,1.14816982549177,0.642641913690043
"GO:0032984","protein-containing complex disassembly",0,-1.14245149761603,0.460498703556707
"GO:0002822","regulation of adaptive immune response based on somatic recombination of immune receptors built from immunoglobulin superfamily domains",0,1.14268901113556,0.54921444468867
"GO:0048247","lymphocyte chemotaxis",0,1.14853026359228,0.599540989425753
"GO:1903076","regulation of protein localization to plasma membrane",0,1.15199424701749,0.542818365938393
"GO:0036119","response to platelet-derived growth factor",0,1.13589228008233,0.630067600801984
"GO:0014855","striated muscle cell proliferation",0,1.15009451903251,0.58305644146589
"GO:0031297","replication fork processing",0,1.14409375403025,0.584478817092213
"GO:0010561","negative regulation of glycoprotein biosynthetic process",0,1.14508807292713,0.647180750538621
"GO:0051017","actin filament bundle assembly",0,1.12951648481706,0.564131435303702
"GO:0061572","actin filament bundle organization",0,1.12951648481706,0.564131435303702
"GO:1903169","regulation of calcium ion transmembrane transport",0,1.16019811883939,0.538275191243544
"GO:0043065","positive regulation of apoptotic process",0,1.14942906039939,0.469953416126052
"GO:0007026","negative regulation of microtubule depolymerization",0,-1.15217399941399,0.617935248732576
"GO:0010592","positive regulation of lamellipodium assembly",0,-1.13737300943187,0.628302299799464
"GO:0034145","positive regulation of toll-like receptor 4 signaling pathway",0,1.14409825975548,0.647760215200513
"GO:0046365","monosaccharide catabolic process",0,-1.13086568179419,0.608180317724247
"GO:0034762","regulation of transmembrane transport",0,1.13893274855639,0.511644704884966
"GO:0072538","T-helper 17 type immune response",0,1.12828686845115,0.595263274359929
"GO:0000387","spliceosomal snRNP assembly",0,-1.14562211895142,0.561084899416639
"GO:0061644","protein localization to CENP-A containing chromatin",0,1.13671116069098,0.634882875112922
"GO:0030258","lipid modification",0,1.14593509393291,0.555495738141926
"GO:0043201","response to L-leucine",0,1.14276943828405,0.648481520477943
"GO:0071816","tail-anchored membrane protein insertion into ER membrane",0,-1.14526496410855,0.643349286988157
"GO:0042742","defense response to bacterium",0,1.16166985004045,0.500620165414795
"GO:0034453","microtubule anchoring",0,-1.15002824424084,0.622191732155865
"GO:0097553","calcium ion transmembrane import into cytosol",0,1.13084821838953,0.553483946721566
"GO:0001912","positive regulation of leukocyte mediated cytotoxicity",0,-1.1298282731102,0.606395707317251
"GO:0035270","endocrine system development",0,-1.13525850402433,0.564931832696536
"GO:1903729","regulation of plasma membrane organization",0,-1.14387323374529,0.632233300893608
"GO:0002200","somatic diversification of immune receptors",0,-1.128148331444,0.610153484092084
"GO:0006027","glycosaminoglycan catabolic process",0,-1.1270844377658,0.639241444216364
"GO:0072006","nephron development",0,1.14030187956727,0.555468893241327
"GO:0045429","positive regulation of nitric oxide biosynthetic process",0,1.15134625919609,0.60403000865476
"GO:0006936","muscle contraction",0,1.14118049588503,0.504520769584476
"GO:0035725","sodium ion transmembrane transport",0,-1.13301412430853,0.504691210153303
"GO:1904062","regulation of monoatomic cation transmembrane transport",0,1.13671525295458,0.533863757408171
"GO:1903019","negative regulation of glycoprotein metabolic process",0,1.14931823089947,0.625440107637138
"GO:0046640","regulation of alpha-beta T cell proliferation",0,1.13607794920782,0.622637075806292
"GO:2000725","regulation of cardiac muscle cell differentiation",0,1.13869041806761,0.651351346047495
"GO:0051693","actin filament capping",0,-1.15447712568161,0.584380716700834
"GO:0061014","positive regulation of mRNA catabolic process",0,1.13748412999773,0.568189759252202
"GO:0071542","dopaminergic neuron differentiation",0,1.11946457182086,0.632261272588037
"GO:0007179","transforming growth factor beta receptor signaling pathway",0,1.14687098722515,0.532548212137899
"GO:2001233","regulation of apoptotic signaling pathway",0,1.13709733540172,0.526464325233923
"GO:1900225","regulation of NLRP3 inflammasome complex assembly",0,1.12928594712011,0.612399761065591
"GO:0060048","cardiac muscle contraction",0,1.13492091269832,0.564658588272752
"GO:0006879","intracellular iron ion homeostasis",0,1.16178069394543,0.559908673831098
"GO:0061013","regulation of mRNA catabolic process",0,1.13004112805994,0.550268173294814
"GO:1901659","glycosyl compound biosynthetic process",0,1.12720322247134,0.650269898858826
"GO:2001238","positive regulation of extrinsic apoptotic signaling pathway",0,-1.14750945413925,0.584940103474771
"GO:0033233","regulation of protein sumoylation",0,1.14317008188649,0.630372401264785
"GO:0031343","positive regulation of cell killing",0,-1.1346599369903,0.587777882302152
"GO:0006694","steroid biosynthetic process",0,1.14284456966071,0.551584847806717
"GO:0002230","positive regulation of defense response to virus by host",0,1.1448387470483,0.61711015036245
"GO:0071480","cellular response to gamma radiation",0,1.1248444365683,0.652287585113018
"GO:0031669","cellular response to nutrient levels",0,1.13299772886643,0.534500403511409
"GO:0051151","negative regulation of smooth muscle cell differentiation",0,-1.12167504281118,0.676693775667632
"GO:0002819","regulation of adaptive immune response",0,1.12059673182508,0.570300135554185
"GO:0031116","positive regulation of microtubule polymerization",0,-1.11963897783449,0.643084896981304
"GO:0031114","regulation of microtubule depolymerization",0,-1.14449095738008,0.611414080179627
"GO:0051145","smooth muscle cell differentiation",0,1.14399040373464,0.601586662967074
"GO:0002320","lymphoid progenitor cell differentiation",0,-1.13087832429018,0.655370370423592
"GO:2000736","regulation of stem cell differentiation",0,1.13206264853053,0.580641342640509
"GO:0002366","leukocyte activation involved in immune response",0,1.12689624652521,0.549441879682981
"GO:0008652","amino acid biosynthetic process",0,1.13550792131498,0.582152529227741
"GO:0031076","embryonic camera-type eye development",0,1.12305269570699,0.652784567907535
"GO:0040019","positive regulation of embryonic development",0,-1.12649807381644,0.646587926767557
"GO:1902475","L-alpha-amino acid transmembrane transport",0,1.1279950098218,0.59117606575298
"GO:0022604","regulation of cell morphogenesis",0,1.11221377402289,0.57551738185668
"GO:0006303","double-strand break repair via nonhomologous end joining",0,-1.1206930961402,0.598620688044048
"GO:0070266","necroptotic process",0,-1.1387594201449,0.601114572787598
"GO:0031124","mRNA 3'-end processing",0,-1.14193120873922,0.595351863423826
"GO:0007080","mitotic metaphase chromosome alignment",0,-1.11822061730661,0.596601361534158
"GO:0071826","protein-RNA complex organization",0,-1.1264634654437,0.503586791489876
"GO:0045165","cell fate commitment",0,1.1348735228236,0.550036422312529
"GO:0072001","renal system development",0,1.11287891938954,0.565829258242026
"GO:0006865","amino acid transport",0,1.12500411645677,0.573397748494856
"GO:0045662","negative regulation of myoblast differentiation",0,1.13741202833683,0.63315121793779
"GO:0042246","tissue regeneration",0,-1.13915106945697,0.589291599922934
"GO:0030111","regulation of Wnt signaling pathway",0,1.1305320077218,0.524257604328842
"GO:0046633","alpha-beta T cell proliferation",0,1.1247530649524,0.625674136231799
"GO:0120033","negative regulation of plasma membrane bounded cell projection assembly",0,1.12227338475741,0.621656445169454
"GO:0043954","cellular component maintenance",0,1.10448331743661,0.624053218890882
"GO:0033146","regulation of intracellular estrogen receptor signaling pathway",0,1.16529886167766,0.585753332412083
"GO:1903236","regulation of leukocyte tethering or rolling",0,-1.13116512008837,0.655339275268192
"GO:0097707","ferroptosis",0,1.16502706852267,0.585753332412083
"GO:0050853","B cell receptor signaling pathway",0,1.12578361297052,0.591612936871774
"GO:1905063","regulation of vascular associated smooth muscle cell differentiation",0,-1.10710080075376,0.693258491689545
"GO:0048193","Golgi vesicle transport",0,-1.12575280028831,0.468073360533146
"GO:0003015","heart process",0,1.12427035928569,0.554470956342404
"GO:0006720","isoprenoid metabolic process",0,1.14730641519529,0.562446743299645
"GO:1902106","negative regulation of leukocyte differentiation",0,1.0988479939912,0.616853056198284
"GO:0070972","protein localization to endoplasmic reticulum",0,-1.12455128077528,0.630304059725633
"GO:0050691","regulation of defense response to virus by host",0,1.12396878334221,0.62389203797273
"GO:0030098","lymphocyte differentiation",0,1.12828112270267,0.521504418332106
"GO:0072577","endothelial cell apoptotic process",0,1.11544088333631,0.611215899491719
"GO:0050804","modulation of chemical synaptic transmission",0,1.11445012917417,0.519621199566098
"GO:0060271","cilium assembly",0,-1.12155112211244,0.476646074903601
"GO:0031054","pre-miRNA processing",0,-1.12946797991538,0.660859536878192
"GO:0043473","pigmentation",0,1.12909123260362,0.581285688249431
"GO:0060675","ureteric bud morphogenesis",0,-1.12741798711676,0.617518233453633
"GO:0042471","ear morphogenesis",0,1.12393027898208,0.614979693078299
"GO:0034765","regulation of monoatomic ion transmembrane transport",0,1.11521333106422,0.564662424792723
"GO:0002428","antigen processing and presentation of peptide antigen via MHC class Ib",0,1.13526700449166,0.655853214015397
"GO:0009127","purine nucleoside monophosphate biosynthetic process",0,1.11581565961924,0.659554962431961
"GO:0050855","regulation of B cell receptor signaling pathway",0,1.1320205278611,0.641494427948175
"GO:0002204","somatic recombination of immunoglobulin genes involved in immune response",0,-1.1216013884638,0.633452124895219
"GO:0002208","somatic diversification of immunoglobulins involved in immune response",0,-1.1216013884638,0.633452124895219
"GO:0045190","isotype switching",0,-1.1216013884638,0.633452124895219
"GO:0008347","glial cell migration",0,1.11130746361609,0.622406853393802
"GO:0015807","L-amino acid transport",0,1.13411961682107,0.579153619272314
"GO:0002263","cell activation involved in immune response",0,1.11668265016149,0.560230277735153
"GO:0032786","positive regulation of DNA-templated transcription, elongation",0,1.12331177346707,0.605228489954744
"GO:0071695","anatomical structure maturation",0,1.1275854660321,0.562932470001572
"GO:0002820","negative regulation of adaptive immune response",0,1.12672914884647,0.592033805997189
"GO:0033500","carbohydrate homeostasis",0,1.12579213577964,0.545989022232767
"GO:0009135","purine nucleoside diphosphate metabolic process",0,1.09437655133115,0.621261326594621
"GO:0009179","purine ribonucleoside diphosphate metabolic process",0,1.09437655133115,0.621261326594621
"GO:0015732","prostaglandin transport",0,1.11717214514135,0.651885553035485
"GO:0070341","fat cell proliferation",0,1.13198887168316,0.649257373801977
"GO:0002244","hematopoietic progenitor cell differentiation",0,1.1230881719228,0.609377015604865
"GO:0046474","glycerophospholipid biosynthetic process",0,1.12240500736558,0.561084652628002
"GO:0008045","motor neuron axon guidance",0,1.13076065688739,0.659790152003366
"GO:0032968","positive regulation of transcription elongation by RNA polymerase II",0,1.10618882183151,0.624770912892241
"GO:1900027","regulation of ruffle assembly",0,-1.11357846776181,0.658460044042262
"GO:0010762","regulation of fibroblast migration",0,1.13093539555179,0.628072379798398
"GO:0045773","positive regulation of axon extension",0,1.11682994130902,0.630667742593221
"GO:0000289","nuclear-transcribed mRNA poly(A) tail shortening",0,1.12339553797941,0.63323977298703
"GO:0120316","sperm flagellum assembly",0,-1.11378711730343,0.643390951801059
"GO:0099177","regulation of trans-synaptic signaling",0,1.11126982487727,0.533437642229124
"GO:0099024","plasma membrane invagination",0,1.10491507352158,0.624770912892241
"GO:0097709","connective tissue replacement",0,-1.10307513178835,0.706580532661511
"GO:2000108","positive regulation of leukocyte apoptotic process",0,1.11327856809443,0.656476746174022
"GO:0001659","temperature homeostasis",0,1.098802491628,0.587246437173165
"GO:0030520","estrogen receptor signaling pathway",0,1.11599667200305,0.619153144787876
"GO:1903588","negative regulation of blood vessel endothelial cell proliferation involved in sprouting angiogenesis",0,-1.11341258809995,0.698040931090477
"GO:0046496","nicotinamide nucleotide metabolic process",0,1.11048973400566,0.579348423036365
"GO:0051058","negative regulation of small GTPase mediated signal transduction",0,-1.11659415179932,0.620625486626015
"GO:0090189","regulation of branching involved in ureteric bud morphogenesis",0,-1.11349127836805,0.658770447804276
"GO:0006402","mRNA catabolic process",0,1.11460440384809,0.557089420461183
"GO:0045730","respiratory burst",0,1.12162718446909,0.634087318603288
"GO:0002834","regulation of response to tumor cell",0,-1.12887891337883,0.628159626764885
"GO:0006939","smooth muscle contraction",0,-1.10323280635452,0.61370390455157
"GO:1904263","positive regulation of TORC1 signaling",0,-1.11969748510597,0.621335047752729
"GO:0071560","cellular response to transforming growth factor beta stimulus",0,1.12018251461402,0.56213058893153
"GO:1905475","regulation of protein localization to membrane",0,1.11590445087578,0.574916203629323
"GO:0006968","cellular defense response",0,1.12137655076038,0.619153163563968
"GO:0043371","negative regulation of CD4-positive, alpha-beta T cell differentiation",0,1.10737983551606,0.665127677079357
"GO:0016233","telomere capping",0,-1.1162848625267,0.661579587147916
"GO:0060993","kidney morphogenesis",0,-1.12565909424488,0.59066456341473
"GO:0031023","microtubule organizing center organization",0,-1.10089644923488,0.59065034022663
"GO:0043370","regulation of CD4-positive, alpha-beta T cell differentiation",0,1.11691968288298,0.614055127156911
"GO:0046339","diacylglycerol metabolic process",0,-1.10889409427953,0.662561836109638
"GO:0051650","establishment of vesicle localization",0,-1.11045675610987,0.547882548282632
"GO:0072078","nephron tubule morphogenesis",0,-1.11850984043605,0.622739193328404
"GO:0055117","regulation of cardiac muscle contraction",0,1.09989334040717,0.616440882684623
"GO:0001822","kidney development",0,1.11798121411658,0.561491093018832
"GO:0006814","sodium ion transport",0,-1.11121521078079,0.52410132029661
"GO:0060307","regulation of ventricular cardiac muscle cell membrane repolarization",0,-1.11009721557012,0.662361543761463
"GO:0016073","snRNA metabolic process",0,-1.11298046430327,0.623599403073118
"GO:0031145","anaphase-promoting complex-dependent catabolic process",0,-1.11489256383118,0.66205218464507
"GO:0071559","response to transforming growth factor beta",0,1.11209527618221,0.569002348527066
"GO:0090713","immunological memory process",0,-1.11653945574362,0.666625165173252
"GO:0046165","alcohol biosynthetic process",0,1.11436875601809,0.58280188131742
"GO:0007498","mesoderm development",0,-1.11463787950149,0.602619148431848
"GO:0099111","microtubule-based transport",0,-1.11258091595017,0.54266230048057
"GO:0141091","transforming growth factor beta receptor superfamily signaling pathway",0,1.10249215081103,0.582781076064483
"GO:0071378","cellular response to growth hormone stimulus",0,-1.11048883370045,0.648878743144602
"GO:0032925","regulation of activin receptor signaling pathway",0,1.10348513448332,0.662568411068756
"GO:0071398","cellular response to fatty acid",0,-1.12123676331025,0.622944695203928
"GO:0072332","intrinsic apoptotic signaling pathway by p53 class mediator",0,1.11057702308747,0.617281357941092
"GO:0008344","adult locomotory behavior",0,-1.1070400560724,0.663856287307282
"GO:0170034","L-amino acid biosynthetic process",0,1.10480220204608,0.64099342036824
"GO:0010324","membrane invagination",0,1.13456241292603,0.59127894646131
"GO:0007413","axonal fasciculation",0,1.12094550117695,0.657155206516393
"GO:0106030","neuron projection fasciculation",0,1.12094550117695,0.657155206516393
"GO:0030048","actin filament-based movement",0,1.09972479339014,0.60902689284606
"GO:0044818","mitotic G2/M transition checkpoint",0,-1.10861949375483,0.634056404781291
"GO:0032604","granulocyte macrophage colony-stimulating factor production",0,1.11049716018509,0.679198552278786
"GO:0032645","regulation of granulocyte macrophage colony-stimulating factor production",0,1.11049716018509,0.679198552278786
"GO:0006301","DNA damage tolerance",0,1.12114172325745,0.637946308572207
"GO:0007266","Rho protein signal transduction",0,1.09872912657527,0.610528057756587
"GO:0044458","motile cilium assembly",0,-1.11586100292943,0.626031662955395
"GO:0018193","peptidyl-amino acid modification",0,1.09458483107323,0.577417686913097
"GO:0002115","store-operated calcium entry",0,1.10289524803121,0.680253698449037
"GO:0090141","positive regulation of mitochondrial fission",0,-1.10184493654786,0.672361713938512
"GO:0034505","tooth mineralization",0,1.10321497844595,0.665299096599174
"GO:0002562","somatic diversification of immune receptors via germline recombination within a single locus",0,-1.12046196301235,0.622831446407788
"GO:0016444","somatic cell DNA recombination",0,-1.12046196301235,0.622831446407788
"GO:0032303","regulation of icosanoid secretion",0,1.10846481029906,0.682572377784271
"GO:0032890","regulation of organic acid transport",0,1.11637532437479,0.615676587926776
"GO:0070269","pyroptotic inflammatory response",0,1.08348604771571,0.662735199064161
"GO:0097720","calcineurin-mediated signaling",0,-1.10602625071531,0.636674712983798
"GO:0090110","COPII-coated vesicle cargo loading",0,-1.10052144474648,0.67278921665112
"GO:0010759","positive regulation of macrophage chemotaxis",0,1.11541081818304,0.659732406662272
"GO:0035023","regulation of Rho protein signal transduction",0,1.12336989284834,0.580185130566792
"GO:0070935","3'-UTR-mediated mRNA stabilization",0,-1.11464505000694,0.661484620282347
"GO:0008037","cell recognition",0,1.12591189732446,0.573102307172203
"GO:0086065","cell communication involved in cardiac conduction",0,1.10420339912857,0.630685335297312
"GO:0044331","cell-cell adhesion mediated by cadherin",0,1.09564335065139,0.630628923285102
"GO:0046471","phosphatidylglycerol metabolic process",0,1.11007220326168,0.647533208957443
"GO:2000402","negative regulation of lymphocyte migration",0,1.11655996017347,0.678275670919201
"GO:0007350","blastoderm segmentation",0,1.11531989115099,0.66425298061394
"GO:0035020","regulation of Rac protein signal transduction",0,1.10855026694759,0.640349307284263
"GO:0048011","neurotrophin TRK receptor signaling pathway",0,1.10975296956857,0.655803765028614
"GO:0021515","cell differentiation in spinal cord",0,1.09884695026869,0.681359163263231
"GO:0110110","positive regulation of animal organ morphogenesis",0,1.11456600710316,0.665484233102925
"GO:0043487","regulation of RNA stability",0,1.10713198148762,0.589820215130613
"GO:0006813","potassium ion transport",0,1.10375008265997,0.578170050685309
"GO:0043488","regulation of mRNA stability",0,1.1198625816089,0.576437507275385
"GO:0009636","response to toxic substance",0,1.11306060534487,0.577221004448216
"GO:0010665","regulation of cardiac muscle cell apoptotic process",0,-1.11565642827164,0.644528354562591
"GO:0010591","regulation of lamellipodium assembly",0,-1.09408128601043,0.659562840739864
"GO:0030224","monocyte differentiation",0,1.11147380978472,0.639918847543908
"GO:1903541","regulation of exosomal secretion",0,1.09702531684856,0.683100824659481
"GO:0007041","lysosomal transport",0,-1.09976450473625,0.592593584822524
"GO:0034162","toll-like receptor 9 signaling pathway",0,1.09859219282305,0.6559885347963
"GO:0072009","nephron epithelium development",0,1.09215184702951,0.624661921249257
"GO:0051785","positive regulation of nuclear division",0,-1.08997611490427,0.655877623500515
"GO:0043268","positive regulation of potassium ion transport",0,1.1062498516069,0.652993920234643
"GO:2001212","regulation of vasculogenesis",0,1.10957726435437,0.66657469640864
"GO:0006505","GPI anchor metabolic process",0,1.08441898297689,0.670742364962625
"GO:0099565","chemical synaptic transmission, postsynaptic",0,1.09847823605753,0.607652233710612
"GO:0071805","potassium ion transmembrane transport",0,1.11338858754518,0.569070300897837
"GO:0032926","negative regulation of activin receptor signaling pathway",0,1.11092149968084,0.670875560660126
"GO:0046337","phosphatidylethanolamine metabolic process",0,-1.09400356432977,0.680208851869193
"GO:0002476","antigen processing and presentation of endogenous peptide antigen via MHC class Ib",0,1.08789695199291,0.700877053920173
"GO:0070129","regulation of mitochondrial translation",0,1.10854865032828,0.66657469640864
"GO:0009072","aromatic amino acid metabolic process",0,-1.08289301634118,0.669542026210282
"GO:0002716","negative regulation of natural killer cell mediated immunity",0,1.09126584473051,0.67342020975502
"GO:0045953","negative regulation of natural killer cell mediated cytotoxicity",0,1.09126584473051,0.67342020975502
"GO:0098935","dendritic transport",0,-1.09849132282135,0.689627799236902
"GO:1902904","negative regulation of supramolecular fiber organization",0,1.09538666144234,0.610215355817761
"GO:1900226","negative regulation of NLRP3 inflammasome complex assembly",0,1.10018199777221,0.685188877453902
"GO:0035358","regulation of peroxisome proliferator activated receptor signaling pathway",0,-1.09292678413457,0.683491273752243
"GO:0019722","calcium-mediated signaling",0,1.08612476235673,0.607766157215463
"GO:0045623","negative regulation of T-helper cell differentiation",0,1.093742507228,0.684603558927884
"GO:0072028","nephron morphogenesis",0,-1.09835843118098,0.646157313835728
"GO:0072088","nephron epithelium morphogenesis",0,-1.09835843118098,0.646157313835728
"GO:0099601","regulation of neurotransmitter receptor activity",0,1.10894255414196,0.678201564903455
"GO:0006826","iron ion transport",0,1.10499731623398,0.635164627291435
"GO:0006098","pentose-phosphate shunt",0,1.10922690563277,0.672268904854307
"GO:0032970","regulation of actin filament-based process",0,1.09219193453509,0.582051432619564
"GO:0061326","renal tubule development",0,1.08350401073114,0.632545952763975
"GO:0043297","apical junction assembly",0,1.12131415802862,0.6038077426146
"GO:0009168","purine ribonucleoside monophosphate biosynthetic process",0,1.10781189963327,0.673034154954994
"GO:0070830","bicellular tight junction assembly",0,1.09930530407566,0.640466255664589
"GO:0033081","regulation of T cell differentiation in thymus",0,-1.09115466778991,0.692704225346239
"GO:0044782","cilium organization",0,-1.08742898246342,0.541977499712645
"GO:0014047","glutamate secretion",0,1.10163426122184,0.666955804000108
"GO:0003338","metanephros morphogenesis",0,-1.0948954091941,0.6779799856501
"GO:0007281","germ cell development",0,-1.09429767619534,0.550343324062955
"GO:0060396","growth hormone receptor signaling pathway",0,-1.1073337465426,0.659703747717358
"GO:0050773","regulation of dendrite development",0,1.08790857182133,0.639797299598242
"GO:0072171","mesonephric tubule morphogenesis",0,-1.09093223594987,0.659071830361581
"GO:0042593","glucose homeostasis",0,1.0854292750443,0.614308754789104
"GO:0046847","filopodium assembly",0,-1.09594366090019,0.634130361932952
"GO:0045907","positive regulation of vasoconstriction",0,-1.08172740813993,0.689729867675242
"GO:0033260","nuclear DNA replication",0,1.09225554868294,0.657249213408568
"GO:0043517","positive regulation of DNA damage response, signal transduction by p53 class mediator",0,-1.09722406582866,0.689035949414683
"GO:0000768","syncytium formation by plasma membrane fusion",0,1.07101564310466,0.66179387229377
"GO:0045921","positive regulation of exocytosis",0,-1.086537683931,0.635491468246367
"GO:0060042","retina morphogenesis in camera-type eye",0,1.06998274083512,0.6738824320867
"GO:0016075","rRNA catabolic process",0,-1.09265255693882,0.695368500910085
"GO:0060306","regulation of membrane repolarization",0,-1.08932823336529,0.671951050423507
"GO:0046040","IMP metabolic process",0,-1.09658500884746,0.689035949414683
"GO:0010573","vascular endothelial growth factor production",0,1.10395046658874,0.640595324803066
"GO:0071902","positive regulation of protein serine/threonine kinase activity",0,-1.0963210009083,0.650400338768621
"GO:1902644","tertiary alcohol metabolic process",0,1.08449796617268,0.684577397735036
"GO:0042102","positive regulation of T cell proliferation",0,1.09484158602934,0.627323193831148
"GO:0062208","positive regulation of pattern recognition receptor signaling pathway",0,1.09173509280151,0.634983548136182
"GO:0043434","response to peptide hormone",0,1.0984075908711,0.556128860448354
"GO:0009163","nucleoside biosynthetic process",0,1.10109155798454,0.682196530587661
"GO:0034404","nucleobase-containing small molecule biosynthetic process",0,1.10109155798454,0.682196530587661
"GO:0006839","mitochondrial transport",0,1.10237467885588,0.655834286547593
"GO:0072080","nephron tubule development",0,1.08987886821298,0.636150816885021
"GO:0014015","positive regulation of gliogenesis",0,1.08888915499728,0.644780238131669
"GO:0061333","renal tubule morphogenesis",0,-1.0907420760547,0.64715408461089
"GO:0048566","embryonic digestive tract development",0,-1.08956449955224,0.689354798757902
"GO:0009123","nucleoside monophosphate metabolic process",0,-1.08489223909595,0.641541050188307
"GO:2000243","positive regulation of reproductive process",0,-1.08158565434408,0.660407214548847
"GO:0050772","positive regulation of axonogenesis",0,1.06693882183253,0.66599465624639
"GO:0000394","RNA splicing, via endonucleolytic cleavage and ligation",0,1.09040743260609,0.692834456179477
"GO:0015697","quaternary ammonium group transport",0,-1.08862360749482,0.697685836277981
"GO:0031646","positive regulation of nervous system process",0,-1.08034214017457,0.678486908496225
"GO:0086011","membrane repolarization during action potential",0,-1.1015817398429,0.658415942239451
"GO:0046329","negative regulation of JNK cascade",0,-1.08407829746235,0.67532015360195
"GO:0060395","SMAD protein signal transduction",0,-1.08075377170994,0.645185012345499
"GO:0030835","negative regulation of actin filament depolymerization",0,-1.10030143805866,0.644806504303248
"GO:0045778","positive regulation of ossification",0,1.09375669138852,0.64612343444475
"GO:0048864","stem cell development",0,1.08847313380896,0.64589089442669
"GO:0061318","renal filtration cell differentiation",0,1.09772941198818,0.679089252770622
"GO:0072112","podocyte differentiation",0,1.09772941198818,0.679089252770622
"GO:0086002","cardiac muscle cell action potential involved in contraction",0,1.06428559133864,0.670788872404354
"GO:0038128","ERBB2 signaling pathway",0,-1.08838848121388,0.687963012196158
"GO:0036296","response to increased oxygen levels",0,1.0786006246824,0.68705463253893
"GO:0030574","collagen catabolic process",0,1.11235376321103,0.6238720956111
"GO:0010574","regulation of vascular endothelial growth factor production",0,1.09557711907284,0.655677693420006
"GO:0030101","natural killer cell activation",0,1.07954417106536,0.646504693457363
"GO:0097035","regulation of membrane lipid distribution",0,-1.07809348852644,0.66382147917623
"GO:0060491","regulation of cell projection assembly",0,-1.09565877893102,0.574164979818226
"GO:1990116","ribosome-associated ubiquitin-dependent protein catabolic process",0,1.09582474499222,0.687020262103145
"GO:0051152","positive regulation of smooth muscle cell differentiation",0,1.09564775454393,0.687020262103145
"GO:0120032","regulation of plasma membrane bounded cell projection assembly",0,-1.09121779103948,0.578490019570183
"GO:0030003","intracellular monoatomic cation homeostasis",0,1.09548258428286,0.563018307445927
"GO:0002827","positive regulation of T-helper 1 type immune response",0,1.08025507744878,0.694042091220278
"GO:0140253","cell-cell fusion",0,1.07101693501479,0.651462389470638
"GO:0006261","DNA-templated DNA replication",0,1.10153952865371,0.597363109887125
"GO:0000244","spliceosomal tri-snRNP complex assembly",0,-1.07961558343164,0.678271137834583
"GO:0099149","regulation of postsynaptic neurotransmitter receptor internalization",0,1.1039096428757,0.659051543178641
"GO:1901136","carbohydrate derivative catabolic process",0,1.08618981360551,0.604739979200692
"GO:0006004","fucose metabolic process",0,-1.0877344985641,0.701455499063589
"GO:0003179","heart valve morphogenesis",0,1.09282658232456,0.643636445433815
"GO:0002227","innate immune response in mucosa",0,1.07201428278788,0.717131628991221
"GO:0008015","blood circulation",0,1.08348439794358,0.583358700493403
"GO:0036005","response to macrophage colony-stimulating factor",0,1.07859918536842,0.695209531347728
"GO:0035094","response to nicotine",0,1.08892554508952,0.650132960365186
"GO:0050806","positive regulation of synaptic transmission",0,1.08294861548705,0.634002757191911
"GO:0001764","neuron migration",0,-1.0859620621975,0.619944279057223
"GO:0051984","positive regulation of chromosome segregation",0,-1.0947073035387,0.671765485635842
"GO:2000317","negative regulation of T-helper 17 type immune response",0,1.08338842857246,0.698248421470058
"GO:0019731","antibacterial humoral response",0,-1.07360354091293,0.662401682319292
"GO:0050850","positive regulation of calcium-mediated signaling",0,1.08420177878825,0.655551980939325
"GO:1901381","positive regulation of potassium ion transmembrane transport",0,1.07384213384917,0.691872380865125
"GO:0010639","negative regulation of organelle organization",0,-1.0722085503509,0.585797414132068
"GO:0002758","innate immune response-activating signaling pathway",0,1.08374224086318,0.61370543211793
"GO:0006873","intracellular monoatomic ion homeostasis",0,1.07195944470954,0.618988217443541
"GO:0007351","tripartite regional subdivision",0,1.08154355184633,0.699202129890489
"GO:0008595","anterior/posterior axis specification, embryo",0,1.08154355184633,0.699202129890489
"GO:0050908","detection of light stimulus involved in visual perception",0,-1.07947019715654,0.705047512420601
"GO:0050962","detection of light stimulus involved in sensory perception",0,-1.07947019715654,0.705047512420601
"GO:0006837","serotonin transport",0,-1.07685951797465,0.697237564325915
"GO:0001657","ureteric bud development",0,-1.08227406414425,0.651018159631098
"GO:0072163","mesonephric epithelium development",0,-1.08227406414425,0.651018159631098
"GO:0072164","mesonephric tubule development",0,-1.08227406414425,0.651018159631098
"GO:0016482","cytosolic transport",0,-1.07281261377942,0.644398920943646
"GO:0036297","interstrand cross-link repair",0,1.08847421926503,0.664492770446549
"GO:0000281","mitotic cytokinesis",0,-1.07727691740374,0.640018761297395
"GO:0006506","GPI anchor biosynthetic process",0,1.08433217929692,0.673123318452582
"GO:0180046","GPI anchored protein biosynthesis",0,1.08433217929692,0.673123318452582
"GO:0031998","regulation of fatty acid beta-oxidation",0,1.08929136698149,0.689446327351845
"GO:0046637","regulation of alpha-beta T cell differentiation",0,1.07778293192547,0.6523152914938
"GO:0009190","cyclic nucleotide biosynthetic process",0,-1.0805129705347,0.695867594378049
"GO:1903543","positive regulation of exosomal secretion",0,1.08897223480085,0.689446327351845
"GO:0048332","mesoderm morphogenesis",0,1.08764929804861,0.665735880147973
"GO:0061844","antimicrobial humoral immune response mediated by antimicrobial peptide",0,1.08484325505931,0.635555099161696
"GO:0002833","positive regulation of response to biotic stimulus",0,1.08447406111777,0.587414376349844
"GO:0099560","synaptic membrane adhesion",0,-1.07223401317256,0.686868556026965
"GO:0044786","cell cycle DNA replication",0,1.08024531510326,0.672435504623964
"GO:0035542","regulation of SNARE complex assembly",0,1.07778341736196,0.701409397917578
"GO:0008286","insulin receptor signaling pathway",0,1.05944031934748,0.658422195987593
"GO:0007158","neuron cell-cell adhesion",0,-1.07133000025623,0.713824291392181
"GO:0030949","positive regulation of vascular endothelial growth factor receptor signaling pathway",0,1.0647043184204,0.720671656721751
"GO:0002377","immunoglobulin production",0,1.06257464396514,0.65916815453087
"GO:0045724","positive regulation of cilium assembly",0,-1.07736135682564,0.699602740750725
"GO:0008654","phospholipid biosynthetic process",0,1.09487644085954,0.590105334190064
"GO:0043279","response to alkaloid",0,-1.06975612025915,0.659314248520689
"GO:0050746","regulation of lipoprotein metabolic process",0,1.08539760410984,0.691080916789897
"GO:0090208","positive regulation of triglyceride metabolic process",0,1.06739952004835,0.698109443794604
"GO:0001707","mesoderm formation",0,1.07966290784308,0.665603392966384
"GO:0042273","ribosomal large subunit biogenesis",0,-1.08567767848822,0.64740734494888
"GO:0046639","negative regulation of alpha-beta T cell differentiation",0,1.0752187970242,0.685010422643276
"GO:0006368","transcription elongation by RNA polymerase II",0,1.07600863638108,0.634913324454314
"GO:0030866","cortical actin cytoskeleton organization",0,1.07652095612264,0.673305757557996
"GO:0006310","DNA recombination",0,-1.07457313133515,0.58730303583836
"GO:0062207","regulation of pattern recognition receptor signaling pathway",0,1.06166110061252,0.650190318214679
"GO:0010827","regulation of D-glucose transmembrane transport",0,1.0823105837919,0.653274508008414
"GO:0061025","membrane fusion",0,-1.07805818778851,0.61653432458741
"GO:0048147","negative regulation of fibroblast proliferation",0,1.06914509962154,0.698434173999272
"GO:0021695","cerebellar cortex development",0,-1.07171091163567,0.696674807538782
"GO:0050907","detection of chemical stimulus involved in sensory perception",0,-1.07834614895109,0.627353691416517
"GO:1904375","regulation of protein localization to cell periphery",0,1.04992935862964,0.672197623102767
"GO:0003159","morphogenesis of an endothelium",0,-1.07170623341283,0.71056191150827
"GO:0061154","endothelial tube morphogenesis",0,-1.07170623341283,0.71056191150827
"GO:0062099","negative regulation of programmed necrotic cell death",0,1.08217972903923,0.69299887910292
"GO:0045785","positive regulation of cell adhesion",0,1.07708162018189,0.598001755085287
"GO:0007006","mitochondrial membrane organization",0,-1.08242893352074,0.660469629466798
"GO:0007009","plasma membrane organization",0,1.08014750887229,0.630810463967793
"GO:0001823","mesonephros development",0,-1.06631869980498,0.66949891499369
"GO:0006457","protein folding",0,1.07317728585115,0.629796293371912
"GO:0010575","positive regulation of vascular endothelial growth factor production",0,1.07583812276803,0.683736666768963
"GO:0007595","lactation",0,1.07143532019008,0.687907151531323
"GO:0042220","response to cocaine",0,-1.08330334733934,0.663510308139319
"GO:0009820","alkaloid metabolic process",0,-1.06994371758736,0.711608769698685
"GO:0072010","glomerular epithelium development",0,1.06597862828066,0.70256375908318
"GO:0032623","interleukin-2 production",0,1.06956069913215,0.664824394492229
"GO:0032663","regulation of interleukin-2 production",0,1.06956069913215,0.664824394492229
"GO:0120192","tight junction assembly",0,1.06945358634725,0.666537899441853
"GO:0046635","positive regulation of alpha-beta T cell activation",0,-1.07357111251255,0.673655671618821
"GO:0016042","lipid catabolic process",0,1.067419390725,0.625588105934305
"GO:0045132","meiotic chromosome segregation",0,1.05652218713324,0.677570102088831
"GO:0006612","protein targeting to membrane",0,-1.06199351455783,0.661668068743487
"GO:0002456","T cell mediated immunity",0,1.0668664432159,0.655744930713083
"GO:0045840","positive regulation of mitotic nuclear division",0,-1.08099210087493,0.668539392513789
"GO:0032695","negative regulation of interleukin-12 production",0,1.0694338733239,0.708210823735785
"GO:1901836","regulation of transcription of nucleolar large rRNA by RNA polymerase I",0,1.06019720012158,0.724659373393631
"GO:1903749","positive regulation of protein localization to mitochondrion",0,1.07260033100821,0.677505880919586
"GO:0060428","lung epithelium development",0,1.07821615648469,0.697129529919545
"GO:0071676","negative regulation of mononuclear cell migration",0,1.0786211379123,0.680068523919774
"GO:0043414","macromolecule methylation",0,-1.06529088832518,0.660233538194064
"GO:0032922","circadian regulation of gene expression",0,1.09050161800761,0.635853167330271
"GO:0051588","regulation of neurotransmitter transport",0,-1.05829185727649,0.676451298120095
"GO:0060295","regulation of cilium movement involved in cell motility",0,-1.06842424143154,0.708711875541729
"GO:1902019","regulation of cilium-dependent cell motility",0,-1.06842424143154,0.708711875541729
"GO:0000132","establishment of mitotic spindle orientation",0,1.06356737040927,0.683791749305265
"GO:0016601","Rac protein signal transduction",0,1.06566795749407,0.669911324576433
"GO:0070873","regulation of glycogen metabolic process",0,-1.06442802457678,0.701629490481261
"GO:2000242","negative regulation of reproductive process",0,1.05462306218225,0.683725336120232
"GO:0006415","translational termination",0,-1.0544358421703,0.736172530414342
"GO:0061042","vascular wound healing",0,1.07402399702224,0.697621495201525
"GO:2000369","regulation of clathrin-dependent endocytosis",0,-1.06861476114302,0.720303082999344
"GO:0045039","protein insertion into mitochondrial inner membrane",0,-1.06831639802877,0.720799565683373
"GO:0006887","exocytosis",0,1.06841305490199,0.620481107144608
"GO:0042267","natural killer cell mediated cytotoxicity",0,-1.06768157772377,0.669621792779577
"GO:0003283","atrial septum development",0,1.07009847703286,0.696533022018648
"GO:2001244","positive regulation of intrinsic apoptotic signaling pathway",0,1.07365661289846,0.663360253499721
"GO:0051648","vesicle localization",0,1.04780058177507,0.668168660742198
"GO:1902116","negative regulation of organelle assembly",0,1.07536356354168,0.669907972556775
"GO:0003407","neural retina development",0,1.05474883496123,0.677767130604734
"GO:0001778","plasma membrane repair",0,-1.05837913500416,0.71097944210074
"GO:1903421","regulation of synaptic vesicle recycling",0,-1.06512457847034,0.710735243138334
"GO:0051258","protein polymerization",0,-1.06713545154773,0.610915248266397
"GO:0014850","response to muscle activity",0,1.05921574732788,0.708303040430916
"GO:0032413","negative regulation of ion transmembrane transporter activity",0,-1.06662452018749,0.720973016450054
"GO:0050870","positive regulation of T cell activation",0,1.05604557014805,0.656101997307213
"GO:0046058","cAMP metabolic process",0,-1.06253011211295,0.714737337800691
"GO:0072073","kidney epithelium development",0,1.06861333443575,0.641483432013568
"GO:0046579","positive regulation of Ras protein signal transduction",0,-1.0587948803737,0.711631624128741
"GO:0015980","energy derivation by oxidation of organic compounds",0,-1.05794983777155,0.619445643535036
"GO:0009308","amine metabolic process",0,-1.07753278806976,0.658749654715137
"GO:0090102","cochlea development",0,1.05843274341537,0.691459343955851
"GO:1901739","regulation of myoblast fusion",0,1.06684437079712,0.670359251249921
"GO:0032481","positive regulation of type I interferon production",0,1.04514726181427,0.680542104768967
"GO:0032272","negative regulation of protein polymerization",0,-1.07146714210437,0.666929642033488
"GO:0050655","dermatan sulfate proteoglycan metabolic process",0,-1.05994950238454,0.720997074150582
"GO:0015936","coenzyme A metabolic process",0,-1.05974667969152,0.720997074150582
"GO:0003352","regulation of cilium movement",0,-1.0719229120934,0.695279354154575
"GO:0015846","polyamine transport",0,-1.05904168032178,0.722280368208915
"GO:0035809","regulation of urine volume",0,1.0696338731019,0.704694557709822
"GO:0000266","mitochondrial fission",0,1.05798904103566,0.692470496036381
"GO:0030261","chromosome condensation",0,-1.05550706297272,0.713226279062184
"GO:0051262","protein tetramerization",0,1.03334671963942,0.694037570048968
"GO:0009126","purine nucleoside monophosphate metabolic process",0,1.05363944677395,0.686989549671104
"GO:0048668","collateral sprouting",0,1.05388281587995,0.718122067137886
"GO:0032467","positive regulation of cytokinesis",0,-1.05512695183017,0.703409784110907
"GO:0007051","spindle organization",0,1.06081220320094,0.646075185191186
"GO:0030431","sleep",0,-1.05993598722152,0.719616104489218
"GO:0000038","very long-chain fatty acid metabolic process",0,1.06912557256338,0.688728299442711
"GO:0007603","phototransduction, visible light",0,-1.05716507349603,0.724818236150007
"GO:0070199","establishment of protein localization to chromosome",0,-1.06101413312146,0.725082905168082
"GO:0007034","vacuolar transport",0,-1.05911656354523,0.655357336777519
"GO:0021543","pallium development",0,1.04627713421559,0.680993578797968
"GO:0060340","positive regulation of type I interferon-mediated signaling pathway",0,1.0660300814264,0.703608927329967
"GO:0009261","ribonucleotide catabolic process",0,-1.03533065419164,0.696321063827499
"GO:0007229","integrin-mediated signaling pathway",0,1.06374904177795,0.652057811254482
"GO:0001658","branching involved in ureteric bud morphogenesis",0,-1.06599372492721,0.695994737481264
"GO:1905207","regulation of cardiocyte differentiation",0,1.04699750961349,0.715861535907654
"GO:0043300","regulation of leukocyte degranulation",0,-1.06406915620727,0.696505516801569
"GO:0170038","proteinogenic amino acid biosynthetic process",0,1.05336122493357,0.683820434458352
"GO:0033003","regulation of mast cell activation",0,1.06490221396934,0.703608927329967
"GO:0086001","cardiac muscle cell action potential",0,1.03964669698556,0.687575314690526
"GO:0010818","T cell chemotaxis",0,1.05457121075236,0.70239913198096
"GO:0002218","activation of innate immune response",0,1.04907892830824,0.66231337343857
"GO:0072524","pyridine-containing compound metabolic process",0,1.07020381421119,0.639681341899438
"GO:0043388","positive regulation of DNA binding",0,-1.04776406242563,0.72520397064977
"GO:0030953","astral microtubule organization",0,1.05440344159296,0.722547379434858
"GO:0016338","calcium-independent cell-cell adhesion",0,1.04559544985661,0.720138165991919
"GO:0035864","response to potassium ion",0,1.06354499373797,0.704018312432757
"GO:1905039","carboxylic acid transmembrane transport",0,1.04946866574923,0.666336732465079
"GO:0040037","negative regulation of fibroblast growth factor receptor signaling pathway",0,1.0412720690434,0.742947917028586
"GO:0032869","cellular response to insulin stimulus",0,1.06100455998223,0.651006685654342
"GO:0035025","positive regulation of Rho protein signal transduction",0,-1.06387608001216,0.703271664682928
"GO:0000280","nuclear division",0,-1.05005406040282,0.621828681524874
"GO:0035909","aorta morphogenesis",0,1.05256569777829,0.703726496868727
"GO:0001956","positive regulation of neurotransmitter secretion",0,-1.05117542747089,0.730922180080945
"GO:0006622","protein targeting to lysosome",0,1.05002701683113,0.704885189170834
"GO:2001034","positive regulation of double-strand break repair via nonhomologous end joining",0,-1.04512633727157,0.755624930757827
"GO:0072311","glomerular epithelial cell differentiation",0,1.05734030805479,0.703956691040294
"GO:0030513","positive regulation of BMP signaling pathway",0,1.07050795356731,0.696016774677023
"GO:0048863","stem cell differentiation",0,1.04687490924471,0.669419046370952
"GO:0006862","nucleotide transport",0,-1.06311409721576,0.689172743696379
"GO:0006094","gluconeogenesis",0,1.05042067903629,0.682466656852994
"GO:0006825","copper ion transport",0,-1.05558041602311,0.735205174959212
"GO:0007040","lysosome organization",0,-1.04851479328589,0.686314998152897
"GO:0080171","lytic vacuole organization",0,-1.04851479328589,0.686314998152897
"GO:0032886","regulation of microtubule-based process",0,-1.04864754644817,0.655533026258421
"GO:0051494","negative regulation of cytoskeleton organization",0,-1.03787956791303,0.693758160885608
"GO:0014044","Schwann cell development",0,1.05030851423626,0.705084681911122
"GO:1903311","regulation of mRNA metabolic process",0,1.06414678830838,0.63911132152893
"GO:0007019","microtubule depolymerization",0,-1.05243048387048,0.703439502327589
"GO:0034656","nucleobase-containing small molecule catabolic process",0,-1.05308611724089,0.73707904461665
"GO:0062125","regulation of mitochondrial gene expression",0,1.04623540374799,0.708104518643894
"GO:0006949","syncytium formation",0,1.04768516762363,0.682466656852994
"GO:0007339","binding of sperm to zona pellucida",0,-1.04764667144213,0.726831014988124
"GO:1901992","positive regulation of mitotic cell cycle phase transition",0,-1.05043327671938,0.689916874376513
"GO:0045063","T-helper 1 cell differentiation",0,-1.03945203094664,0.725545135500016
"GO:0031110","regulation of microtubule polymerization or depolymerization",0,-1.06757058001242,0.661657893952104
"GO:0048469","cell maturation",0,1.03008611199913,0.698395572643059
"GO:0061795","Golgi lumen acidification",0,1.03938323172934,0.742665118508078
"GO:0038061","non-canonical NF-kappaB signal transduction",0,1.0297378474196,0.698713350782439
"GO:0032480","negative regulation of type I interferon production",0,-1.03491566108426,0.724464446606971
"GO:0035872","nucleotide-binding domain, leucine rich repeat containing receptor signaling pathway",0,-1.04655988027925,0.727397843488693
"GO:0032465","regulation of cytokinesis",0,-1.05934622859033,0.671778827035626
"GO:0006414","translational elongation",0,-1.04799197761407,0.700255731022417
"GO:0007517","muscle organ development",0,-1.05372939747026,0.652552462413824
"GO:0140042","lipid droplet formation",0,1.04733684890709,0.726442698811869
"GO:0090092","regulation of transmembrane receptor protein serine/threonine kinase signaling pathway",0,-1.04362365357102,0.670066359879245
"GO:1903747","regulation of protein localization to mitochondrion",0,1.05143960320892,0.685918390377384
"GO:0032024","positive regulation of insulin secretion",0,-1.0484316998002,0.692253611509183
"GO:0040001","establishment of mitotic spindle localization",0,1.05429078015937,0.698656307162157
"GO:0099623","regulation of cardiac muscle cell membrane repolarization",0,-1.04510009150555,0.728606655176771
"GO:0033173","calcineurin-NFAT signaling cascade",0,-1.05763191555798,0.695356108924228
"GO:0030488","tRNA methylation",0,1.04341004262693,0.704504504063469
"GO:0033623","regulation of integrin activation",0,1.05520220120517,0.7106006799607
"GO:0046031","ADP metabolic process",0,1.04014827988924,0.686079712212293
"GO:0050779","RNA destabilization",0,1.02683580261638,0.702629291223668
"GO:0014013","regulation of gliogenesis",0,1.03066421587184,0.692993555260339
"GO:0033674","positive regulation of kinase activity",0,1.03389754696039,0.696067321034797
"GO:0140632","canonical inflammasome complex assembly",0,1.03972622437894,0.70067959017662
"GO:0032930","positive regulation of superoxide anion generation",0,-1.04039708922455,0.731757334318335
"GO:0050802","circadian sleep/wake cycle, sleep",0,-1.03774184594918,0.738203495294964
"GO:0035627","ceramide transport",0,-1.04639186039857,0.738693833400591
"GO:0042759","long-chain fatty acid biosynthetic process",0,1.04349566163859,0.709888404965098
"GO:1904262","negative regulation of TORC1 signaling",0,-1.05318982278064,0.700747671785552
"GO:0006896","Golgi to vacuole transport",0,-1.05086492817578,0.723987842347235
"GO:0045912","negative regulation of carbohydrate metabolic process",0,1.02014854786919,0.726682499943038
"GO:0045860","positive regulation of protein kinase activity",0,1.02068668076554,0.708636367477037
"GO:2000516","positive regulation of CD4-positive, alpha-beta T cell activation",0,-1.05762736121632,0.706048718398753
"GO:0034763","negative regulation of transmembrane transport",0,1.03466675587035,0.697226279955089
"GO:0002221","pattern recognition receptor signaling pathway",0,1.05143174472552,0.664030994672163
"GO:0036480","neuron intrinsic apoptotic signaling pathway in response to oxidative stress",0,1.03671617994641,0.725060943615077
"GO:0000731","DNA synthesis involved in DNA repair",0,1.05039427475888,0.723216904625079
"GO:0006942","regulation of striated muscle contraction",0,1.02690668841332,0.703415081736595
"GO:0042391","regulation of membrane potential",0,1.05005922052395,0.656423535387011
"GO:2001026","regulation of endothelial cell chemotaxis",0,-1.0391690081147,0.735050802609208
"GO:0071371","cellular response to gonadotropin stimulus",0,-1.04280702180252,0.742481570389057
"GO:0034727","piecemeal microautophagy of the nucleus",0,-1.03411326605467,0.750741669370698
"GO:0006071","glycerol metabolic process",0,1.04461635278197,0.718877076352524
"GO:0032232","negative regulation of actin filament bundle assembly",0,-1.05046876693165,0.717591311426951
"GO:0045089","positive regulation of innate immune response",0,1.03737431629588,0.676713727771801
"GO:0046425","regulation of receptor signaling pathway via JAK-STAT",0,1.05990742190813,0.659461928897052
"GO:0003151","outflow tract morphogenesis",0,1.03729606819418,0.692561789823447
"GO:1902047","polyamine transmembrane transport",0,-1.04198759850507,0.742786733213558
"GO:0045187","regulation of circadian sleep/wake cycle, sleep",0,-1.03330444191025,0.751248112179219
"GO:0033108","mitochondrial respiratory chain complex assembly",0,-1.03643376109152,0.708468015898981
"GO:0006913","nucleocytoplasmic transport",0,1.02335427089102,0.700927320072562
"GO:0051169","nuclear transport",0,1.02335427089102,0.700927320072562
"GO:0006086","pyruvate decarboxylation to acetyl-CoA",0,-1.03987797933861,0.74366118404764
"GO:0042749","regulation of circadian sleep/wake cycle",0,-1.0330439419033,0.739998007424806
"GO:0022410","circadian sleep/wake cycle process",0,-1.03552789387304,0.738079197896845
"GO:0098974","postsynaptic actin cytoskeleton organization",0,1.04673729138012,0.733380497731386
"GO:0006399","tRNA metabolic process",0,-1.02427061751855,0.715673557786275
"GO:0030201","heparan sulfate proteoglycan metabolic process",0,-1.03429788158481,0.722964633895529
"GO:0097421","liver regeneration",0,1.04574815378995,0.707363709011235
"GO:0030072","peptide hormone secretion",0,-1.03283845213729,0.692643240800676
"GO:0050911","detection of chemical stimulus involved in sensory perception of smell",0,-1.04213839528084,0.700406460374477
"GO:0006903","vesicle targeting",0,-1.02964021919681,0.719745932698141
"GO:0007631","feeding behavior",0,-1.03312545110197,0.715999109617962
"GO:1903039","positive regulation of leukocyte cell-cell adhesion",0,1.03291310918849,0.688808948305598
"GO:0120193","tight junction organization",0,1.03599614653074,0.701268182578569
"GO:0006885","regulation of pH",0,-1.02844299064937,0.717198326806905
"GO:0071616","acyl-CoA biosynthetic process",0,1.035860618422,0.703507344466688
"GO:1902893","regulation of miRNA transcription",0,1.01198038973291,0.725365653157713
"GO:0098771","inorganic ion homeostasis",0,1.02269553297417,0.696566036373744
"GO:0046599","regulation of centriole replication",0,1.02894084005877,0.735402903758091
"GO:1900076","regulation of cellular response to insulin stimulus",0,1.04991020936978,0.687305973248803
"GO:0043124","negative regulation of canonical NF-kappaB signal transduction",0,1.03735384870895,0.693657403773786
"GO:1902745","positive regulation of lamellipodium organization",0,-1.02846068027895,0.73705881257023
"GO:0030511","positive regulation of transforming growth factor beta receptor signaling pathway",0,-1.04382224179677,0.726156620680554
"GO:1903846","positive regulation of cellular response to transforming growth factor beta stimulus",0,-1.04382224179677,0.726156620680554
"GO:0017148","negative regulation of translation",0,1.03228409809747,0.695550493922232
"GO:0033273","response to vitamin",0,1.05325041179927,0.666697727790249
"GO:0090646","mitochondrial tRNA processing",0,-1.03132185593905,0.753382703945778
"GO:0000722","telomere maintenance via recombination",0,-1.03532564005589,0.747343787194566
"GO:0031644","regulation of nervous system process",0,1.05253416617548,0.667249437700454
"GO:0009952","anterior/posterior pattern specification",0,1.03510261868348,0.69739700528768
"GO:0008033","tRNA processing",0,-1.02499065983502,0.71382274566722
"GO:0045879","negative regulation of smoothened signaling pathway",0,1.04974298013436,0.710016406046041
"GO:0051788","response to misfolded protein",0,1.03614642066259,0.727183377338772
"GO:0002673","regulation of acute inflammatory response",0,1.04089667031687,0.704984686601829
"GO:0019827","stem cell population maintenance",0,1.01340870382082,0.714383934142481
"GO:0045005","DNA-templated DNA replication maintenance of fidelity",0,1.03273023920943,0.703996093416101
"GO:0097696","cell surface receptor signaling pathway via STAT",0,1.04543998358413,0.671444531072183
"GO:0032735","positive regulation of interleukin-12 production",0,-1.02555701197905,0.738753250499391
"GO:1901607","alpha-amino acid biosynthetic process",0,1.02943825827484,0.708937926523316
"GO:0071354","cellular response to interleukin-6",0,1.03875143939573,0.707993594237806
"GO:0003376","sphingosine-1-phosphate receptor signaling pathway",0,1.02525671729619,0.745370797724253
"GO:0032785","negative regulation of DNA-templated transcription, elongation",0,-1.02940065001672,0.745761351740867
"GO:1902750","negative regulation of cell cycle G2/M phase transition",0,-1.02530235423986,0.734306411502346
"GO:1900181","negative regulation of protein localization to nucleus",0,1.03420178529756,0.722016518093732
"GO:0090224","regulation of spindle organization",0,-1.04139099268067,0.715810445582412
"GO:0001818","negative regulation of cytokine production",0,1.03780571696305,0.678485810107329
"GO:1903008","organelle disassembly",0,-1.02463144730803,0.734306411502346
"GO:0051310","metaphase chromosome alignment",0,-1.01682998661283,0.729354772725775
"GO:0016052","carbohydrate catabolic process",0,-1.03059561489254,0.700004293774734
"GO:2000378","negative regulation of reactive oxygen species metabolic process",0,1.02687868713346,0.720944391463376
"GO:0098813","nuclear chromosome segregation",0,-1.02268766413039,0.697445884218702
"GO:0032096","negative regulation of response to food",0,1.02310891039213,0.746182130990897
"GO:0032099","negative regulation of appetite",0,1.02310891039213,0.746182130990897
"GO:0032108","negative regulation of response to nutrient levels",0,1.02310891039213,0.746182130990897
"GO:0070593","dendrite self-avoidance",0,1.03738990819457,0.734417969781011
"GO:1901861","regulation of muscle tissue development",0,1.03825094880503,0.714281803446919
"GO:0061614","miRNA transcription",0,1.01427651477592,0.713683437376821
"GO:0120009","intermembrane lipid transfer",0,1.03857231574486,0.706112775919299
"GO:0010657","muscle cell apoptotic process",0,-1.0237009994715,0.725085664614898
"GO:0030183","B cell differentiation",0,1.03345333314586,0.69088367384775
"GO:0036196","zymosterol metabolic process",0,-1.03057907250552,0.752698128274268
"GO:0036197","zymosterol biosynthetic process",0,-1.03057907250552,0.752698128274268
"GO:1902236","negative regulation of endoplasmic reticulum stress-induced intrinsic apoptotic signaling pathway",0,-1.03187263558007,0.760122245270887
"GO:0031167","rRNA methylation",0,1.02287978523516,0.739547555367699
"GO:0032693","negative regulation of interleukin-10 production",0,-1.02605472110113,0.75562043936288
"GO:0019319","hexose biosynthetic process",0,1.03629410356909,0.694207474002087
"GO:0039529","RIG-I signaling pathway",0,-1.02566130357531,0.747459698609314
"GO:0003181","atrioventricular valve morphogenesis",0,1.01825929509842,0.739456351699919
"GO:0031333","negative regulation of protein-containing complex assembly",0,-1.02564671541539,0.711466721337645
"GO:0048593","camera-type eye morphogenesis",0,1.01016875723468,0.71639267754905
"GO:0009062","fatty acid catabolic process",0,-1.020671656781,0.723253756881432
"GO:0097320","plasma membrane tubulation",0,-1.02486297603309,0.757616253106704
"GO:0007140","male meiotic nuclear division",0,-1.03610436294893,0.726261728583863
"GO:0051503","adenine nucleotide transport",0,-1.02137333702197,0.747680498089048
"GO:0046364","monosaccharide biosynthetic process",0,1.03525025480742,0.696056626744477
"GO:0032928","regulation of superoxide anion generation",0,-1.02433388405032,0.750169172690925
"GO:0032204","regulation of telomere maintenance",0,-1.01859442882263,0.733960151830674
"GO:0048285","organelle fission",0,-1.02268083597549,0.690960468484932
"GO:0032094","response to food",0,-1.03996301081175,0.720496559313628
"GO:0006163","purine nucleotide metabolic process",0,1.02049201589185,0.697705622599051
"GO:0031346","positive regulation of cell projection organization",0,1.02447095867573,0.694615501976485
"GO:0003333","amino acid transmembrane transport",0,1.02737168873623,0.704444840463861
"GO:0010310","regulation of hydrogen peroxide metabolic process",0,1.03395853898346,0.728728716714955
"GO:0043489","RNA stabilization",0,1.00808437289816,0.718288277823461
"GO:1901292","nucleoside phosphate catabolic process",0,-1.01895243606692,0.722536384650117
"GO:0034058","endosomal vesicle fusion",0,1.03293671551868,0.736582502091848
"GO:0042554","superoxide anion generation",0,-1.00741630924422,0.748511920788433
"GO:0072673","lamellipodium morphogenesis",0,-1.02643897622842,0.757436701911785
"GO:1903426","regulation of reactive oxygen species biosynthetic process",0,1.01229328266266,0.730931156578305
"GO:1901222","regulation of non-canonical NF-kappaB signal transduction",0,-1.0161837944945,0.73362768078483
"GO:0032436","positive regulation of proteasomal ubiquitin-dependent protein catabolic process",0,1.0300089000282,0.714358632406083
"GO:0030203","glycosaminoglycan metabolic process",0,-1.032695404573,0.716515544481734
"GO:0090520","sphingolipid mediated signaling pathway",0,1.03247481118139,0.729341740314767
"GO:0086010","membrane depolarization during action potential",0,-1.02176405118783,0.744461048492143
"GO:0060688","regulation of morphogenesis of a branching structure",0,-1.03080664419018,0.73308479364915
"GO:0016202","regulation of striated muscle tissue development",0,-1.02298568816865,0.75371913876114
"GO:0070507","regulation of microtubule cytoskeleton organization",0,-1.02059169940779,0.715557210215271
"GO:0140894","endolysosomal toll-like receptor signaling pathway",0,1.02022651999085,0.717649203047863
"GO:0048706","embryonic skeletal system development",0,1.02204811976372,0.713578116115771
"GO:0042753","positive regulation of circadian rhythm",0,-1.02555733804232,0.764408909950361
"GO:1903599","positive regulation of autophagy of mitochondrion",0,-1.02028388949243,0.752703427921226
"GO:1904646","cellular response to amyloid-beta",0,1.02359194975184,0.724207635099641
"GO:0072659","protein localization to plasma membrane",0,1.03029230156848,0.693354124165714
"GO:0038095","Fc-epsilon receptor signaling pathway",0,1.03064149927636,0.722685383477352
"GO:0006354","DNA-templated transcription elongation",0,1.0103181973867,0.716822172199926
"GO:0031334","positive regulation of protein-containing complex assembly",0,1.03510293336346,0.689224921432952
"GO:0007422","peripheral nervous system development",0,-1.02568796208821,0.731013221292925
"GO:0015865","purine nucleotide transport",0,-1.01556311754952,0.746702044008453
"GO:2001242","regulation of intrinsic apoptotic signaling pathway",0,1.01946894795976,0.708011136408897
"GO:0090263","positive regulation of canonical Wnt signaling pathway",0,1.01523088888614,0.7198804975285
"GO:0050667","homocysteine metabolic process",0,-1.00805975200108,0.777758758865591
"GO:0090317","negative regulation of intracellular protein transport",0,1.02345159101466,0.729216305897968
"GO:0000086","G2/M transition of mitotic cell cycle",0,-1.01781493020669,0.72862800010597
"GO:0086012","membrane depolarization during cardiac muscle cell action potential",0,-1.01782555058067,0.75482782797365
"GO:0060546","negative regulation of necroptotic process",0,1.02896321107611,0.744687741713371
"GO:0035743","CD4-positive, alpha-beta T cell cytokine production",0,-1.01307601139703,0.7677808932131
"GO:0006801","superoxide metabolic process",0,1.02527657744777,0.719083031517463
"GO:0019751","polyol metabolic process",0,-1.0230265867065,0.720317196956656
"GO:0008202","steroid metabolic process",0,1.00675447553583,0.726269505223506
"GO:0061157","mRNA destabilization",0,1.03649030980201,0.694332052579715
"GO:0006691","leukotriene metabolic process",0,-1.01605236916358,0.750861858500209
"GO:0008608","attachment of spindle microtubules to kinetochore",0,-1.00739840766446,0.749280744156495
"GO:0006635","fatty acid beta-oxidation",0,-1.01200393807747,0.744956006200663
"GO:0031468","nuclear membrane reassembly",0,1.00865156565589,0.747063689151663
"GO:0070849","response to epidermal growth factor",0,1.01508722749922,0.721059648376525
"GO:0006836","neurotransmitter transport",0,-1.01570768031948,0.7228534239794
"GO:1901623","regulation of lymphocyte chemotaxis",0,1.02405004032843,0.741337888050307
"GO:0007052","mitotic spindle organization",0,-1.01378668381966,0.732603155653541
"GO:0010660","regulation of muscle cell apoptotic process",0,-1.00584202559643,0.744445602866317
"GO:0090150","establishment of protein localization to membrane",0,-1.01230947994054,0.734441346164498
"GO:1902235","regulation of endoplasmic reticulum stress-induced intrinsic apoptotic signaling pathway",0,1.01333231799859,0.734896798084989
"GO:0098876","vesicle-mediated transport to the plasma membrane",0,1.02000109643652,0.699210566891961
"GO:1903579","negative regulation of ATP metabolic process",0,1.02032132196621,0.743764429480926
"GO:0060338","regulation of type I interferon-mediated signaling pathway",0,-1.02545901031962,0.734805581338319
"GO:1905898","positive regulation of response to endoplasmic reticulum stress",0,1.00432352603766,0.737890504972749
"GO:1902903","regulation of supramolecular fiber organization",0,1.0026504650501,0.728802459528534
"GO:0042307","positive regulation of protein import into nucleus",0,1.01256392526381,0.732486740375434
"GO:0022409","positive regulation of cell-cell adhesion",0,1.01747736426806,0.70657091999965
"GO:0019730","antimicrobial humoral response",0,1.01981780074827,0.706751221924014
"GO:0007097","nuclear migration",0,-1.02181038219989,0.751098296666173
"GO:0001574","ganglioside biosynthetic process",0,-1.01720984156662,0.76216079701917
"GO:0010658","striated muscle cell apoptotic process",0,-1.00891418258082,0.755489037460182
"GO:0022411","cellular component disassembly",0,1.01375701206191,0.717005968222098
"GO:0006109","regulation of carbohydrate metabolic process",0,1.01363922634181,0.712979660876001
"GO:0040014","regulation of multicellular organism growth",0,-1.02118304198979,0.751968414599136
"GO:0042745","circadian sleep/wake cycle",0,-1.02108590864221,0.751968414599136
"GO:0030148","sphingolipid biosynthetic process",0,-1.01289592716488,0.740774363848924
"GO:0001556","oocyte maturation",0,-1.0075143530969,0.771213677178654
"GO:0007059","chromosome segregation",0,-1.00378642756546,0.738180719814187
"GO:0035590","purinergic nucleotide receptor signaling pathway",0,1.00978447150827,0.739622064518227
"GO:0001909","leukocyte mediated cytotoxicity",0,1.00175405208312,0.731122578505123
"GO:0010972","negative regulation of G2/M transition of mitotic cell cycle",0,-1.02145656914154,0.728540002925342
"GO:0000725","recombinational repair",0,-1.00395063191954,0.747350273563801
"GO:0051592","response to calcium ion",0,-1.01521602886798,0.736638493460124
"GO:0048520","positive regulation of behavior",0,-0.999816143177619,0.770699465593832
"GO:0050830","defense response to Gram-positive bacterium",0,1.03177746997161,0.688767528366927
"GO:0008053","mitochondrial fusion",0,1.04499941211122,0.709286548633347
"GO:0050654","chondroitin sulfate proteoglycan metabolic process",0,-1.01053950432989,0.754163242420943
"GO:1901568","fatty acid derivative metabolic process",0,0.998078505345977,0.731967325300862
"GO:0097212","lysosomal membrane organization",0,-1.01413810093023,0.765441169188664
"GO:0030812","negative regulation of nucleotide catabolic process",0,1.01110261525479,0.751593865722197
"GO:0033122","negative regulation of purine nucleotide catabolic process",0,1.01110261525479,0.751593865722197
"GO:0045820","negative regulation of glycolytic process",0,1.01110261525479,0.751593865722197
"GO:0043255","regulation of carbohydrate biosynthetic process",0,1.01482733074511,0.714777417836518
"GO:0014823","response to activity",0,1.01111862646987,0.725765911371468
"GO:0006353","DNA-templated transcription termination",0,-0.99452344618632,0.76411697014906
"GO:1901658","glycosyl compound catabolic process",0,-1.00477451340543,0.773075507421507
"GO:0030641","regulation of cellular pH",0,-1.02906485866785,0.719461557813009
"GO:2001243","negative regulation of intrinsic apoptotic signaling pathway",0,1.00317181008238,0.732239575573959
"GO:0006195","purine nucleotide catabolic process",0,1.02082025891739,0.697687136035085
"GO:0030202","heparin proteoglycan metabolic process",0,-1.01283185748688,0.765801002056668
"GO:0007098","centrosome cycle",0,-1.00283376123043,0.751109626149663
"GO:0000154","rRNA modification",0,0.99392404192153,0.755311839034978
"GO:0033120","positive regulation of RNA splicing",0,-0.996964190219176,0.771525539941427
"GO:0072273","metanephric nephron morphogenesis",0,-1.00284018300825,0.768027792299033
"GO:0006099","tricarboxylic acid cycle",0,-1.00676323548274,0.759044316676539
"GO:0010765","positive regulation of sodium ion transport",0,1.01267039523587,0.737682431543413
"GO:1901800","positive regulation of proteasomal protein catabolic process",0,0.983509807119277,0.747228128618141
"GO:0032543","mitochondrial translation",0,-1.00731449148452,0.746540814788247
"GO:0050687","negative regulation of defense response to virus",0,-1.01262674803503,0.773514651155914
"GO:0060045","positive regulation of cardiac muscle cell proliferation",0,1.01277490456692,0.745575057812783
"GO:0000729","DNA double-strand break processing",0,1.01235414949292,0.747318224979766
"GO:0010464","regulation of mesenchymal cell proliferation",0,1.00240055749535,0.761969425040504
"GO:0035710","CD4-positive, alpha-beta T cell activation",0,1.02540650195607,0.70055372887328
"GO:0046827","positive regulation of protein export from nucleus",0,1.01650170523587,0.744052804386142
"GO:0030166","proteoglycan biosynthetic process",0,1.01654629460009,0.712516440132412
"GO:0000959","mitochondrial RNA metabolic process",0,-1.01098969102507,0.74233653617834
"GO:0010042","response to manganese ion",0,1.00733611931986,0.755841230026013
"GO:0071900","regulation of protein serine/threonine kinase activity",0,-1.0115288798513,0.738448524185435
"GO:0048255","mRNA stabilization",0,1.0105732774985,0.720604159272171
"GO:0140966","piRNA-mediated heterochromatin formation",0,1.00152831664766,0.76281175773489
"GO:1901096","regulation of autophagosome maturation",0,-1.00927301430342,0.768556841404384
"GO:0032868","response to insulin",0,1.01395318244523,0.712384565219166
"GO:0072531","pyrimidine-containing compound transmembrane transport",0,-1.00904514881133,0.768556841404384
"GO:0045055","regulated exocytosis",0,0.995511126359674,0.739969965098345
"GO:0009451","RNA modification",0,-1.00289833230158,0.74752593805677
"GO:0009410","response to xenobiotic stimulus",0,0.992796051938484,0.742972163812842
"GO:0048477","oogenesis",0,1.00614971717873,0.733501362364368
"GO:0051402","neuron apoptotic process",0,-1.00408448637228,0.745098290561641
"GO:0045217","cell-cell junction maintenance",0,-1.00003042328976,0.77707593525289
"GO:0051259","protein complex oligomerization",0,1.03077805439798,0.683692585762559
"GO:0051016","barbed-end actin filament capping",0,-1.01259776904138,0.760459033258272
"GO:1904645","response to amyloid-beta",0,1.00485472466965,0.736026469608656
"GO:0006900","vesicle budding from membrane",0,-0.995929011324422,0.760965193535088
"GO:0045471","response to ethanol",0,1.01502553138748,0.706486419744375
"GO:0071772","response to BMP",0,0.985136776462263,0.757212924827024
"GO:0071773","cellular response to BMP stimulus",0,0.985136776462263,0.757212924827024
"GO:0032410","negative regulation of transporter activity",0,-1.00267634124975,0.772780483649901
"GO:0045117","azole transmembrane transport",0,-1.00810852451356,0.778178677566086
"GO:0007015","actin filament organization",0,1.01631623487046,0.710620982311386
"GO:0043484","regulation of RNA splicing",0,-1.00519237999874,0.741338034977968
"GO:0090158","endoplasmic reticulum membrane organization",0,-1.0065996768113,0.768328133440394
"GO:0061640","cytoskeleton-dependent cytokinesis",0,-0.993178391326122,0.764886785978531
"GO:1902373","negative regulation of mRNA catabolic process",0,1.01306812032523,0.716562267928638
"GO:0007605","sensory perception of sound",0,0.98701515981471,0.750115676942124
"GO:0008637","apoptotic mitochondrial changes",0,0.994137977479569,0.743488388214254
"GO:1990182","exosomal secretion",0,0.995788874528793,0.756077974739456
"GO:0032271","regulation of protein polymerization",0,-1.00632082430765,0.739468023237071
"GO:0042167","heme catabolic process",0,-1.00647036573981,0.778999782933141
"GO:0046149","pigment catabolic process",0,-1.00647036573981,0.778999782933141
"GO:0043536","positive regulation of blood vessel endothelial cell migration",0,1.00974988036963,0.723612297871444
"GO:0032196","transposition",0,-0.98632589330809,0.771986965390178
"GO:0030512","negative regulation of transforming growth factor beta receptor signaling pathway",0,0.987361948471584,0.745693433776655
"GO:0015868","purine ribonucleotide transport",0,-1.00005682178115,0.763470793688065
"GO:1905332","positive regulation of morphogenesis of an epithelium",0,1.00969326581521,0.740950019386086
"GO:0051101","regulation of DNA binding",0,-1.00964300777523,0.753126030278961
"GO:0002285","lymphocyte activation involved in immune response",0,0.999626434437031,0.735567680742444
"GO:0034976","response to endoplasmic reticulum stress",0,0.999357495419971,0.732551065560639
"GO:0060078","regulation of postsynaptic membrane potential",0,0.997561026417509,0.739150087101231
"GO:0097194","execution phase of apoptosis",0,0.988148831548306,0.7480313654677
"GO:0050714","positive regulation of protein secretion",0,-0.999926025839257,0.752405157747306
"GO:2000810","regulation of bicellular tight junction assembly",0,1.00066779523938,0.750221564268344
"GO:0008535","respiratory chain complex IV assembly",0,-0.98896616761001,0.77416213161983
"GO:0039702","viral budding via host ESCRT complex",0,-0.994050866836854,0.779545198695208
"GO:0009144","purine nucleoside triphosphate metabolic process",0,0.995366757391904,0.741034987871336
"GO:0005978","glycogen biosynthetic process",0,-1.00819791306706,0.754948320673042
"GO:0009250","glucan biosynthetic process",0,-1.00819791306706,0.754948320673042
"GO:0099637","neurotransmitter receptor transport",0,-0.993629186747261,0.780763722604016
"GO:0042770","signal transduction in response to DNA damage",0,1.00916006578308,0.723364457262955
"GO:1902369","negative regulation of RNA catabolic process",0,0.999540196019134,0.726248481967157
"GO:0046032","ADP catabolic process",0,1.01298673387691,0.717650799323314
"GO:0000209","protein polyubiquitination",0,1.01469934768802,0.715307365280881
"GO:0046530","photoreceptor cell differentiation",0,-0.984734877249742,0.775075563475752
"GO:0010460","positive regulation of heart rate",0,-0.998835627912351,0.773847636315362
"GO:0034694","response to prostaglandin",0,-1.00871416478919,0.756545781120512
"GO:1905521","regulation of macrophage migration",0,0.975293633542564,0.76741636018689
"GO:0032469","endoplasmic reticulum calcium ion homeostasis",0,-0.995975632890948,0.770695135375062
"GO:0002437","inflammatory response to antigenic stimulus",0,1.01096022607505,0.727750045936181
"GO:0006525","arginine metabolic process",0,-0.993164825157949,0.774196344448677
"GO:0002717","positive regulation of natural killer cell mediated immunity",0,-0.984638152139399,0.782981545814482
"GO:0043086","negative regulation of catalytic activity",0,0.995499673271849,0.741297573755865
"GO:0006091","generation of precursor metabolites and energy",0,-0.988047399944994,0.772172680510519
"GO:1904892","regulation of receptor signaling pathway via STAT",0,0.98645050345532,0.752592237292103
"GO:0009268","response to pH",0,-1.00355963771311,0.759588664475386
"GO:1903312","negative regulation of mRNA metabolic process",0,0.99502549376662,0.737460293211461
"GO:0046325","negative regulation of D-glucose import across plasma membrane",0,-0.988073133272475,0.797686566051936
"GO:0002703","regulation of leukocyte mediated immunity",0,0.97929621934802,0.764105158923113
"GO:0046112","nucleobase biosynthetic process",0,0.987604143012455,0.764253928929082
"GO:1901077","regulation of relaxation of muscle",0,-0.997128065432332,0.777617873485939
"GO:0045913","positive regulation of carbohydrate metabolic process",0,0.972901393320349,0.766080325681948
"GO:0005979","regulation of glycogen biosynthetic process",0,-0.9884107930698,0.779556182450883
"GO:0010962","regulation of glucan biosynthetic process",0,-0.9884107930698,0.779556182450883
"GO:1901991","negative regulation of mitotic cell cycle phase transition",0,0.99372259969031,0.739481264065526
"GO:0043651","linoleic acid metabolic process",0,-0.99604230872814,0.77837938352289
"GO:2000737","negative regulation of stem cell differentiation",0,-0.986737202740399,0.785255966353793
"GO:0010656","negative regulation of muscle cell apoptotic process",0,-1.00230479292221,0.761465342769963
"GO:0006688","glycosphingolipid biosynthetic process",0,-0.995108989642364,0.768461695002715
"GO:0007520","myoblast fusion",0,0.990134134977299,0.751351341708069
"GO:0003323","type B pancreatic cell development",0,-0.994499360019417,0.776129700720924
"GO:0009063","amino acid catabolic process",0,0.993043652378401,0.741879699174292
"GO:0034114","regulation of heterotypic cell-cell adhesion",0,-0.989721749405202,0.775964992227882
"GO:0060047","heart contraction",0,0.98244483420824,0.757850490325841
"GO:0007608","sensory perception of smell",0,-0.992679002070205,0.75626166283282
"GO:0006123","mitochondrial electron transport, cytochrome c to oxygen",0,-0.984998382052613,0.788861801698137
"GO:0002028","regulation of sodium ion transport",0,-0.985231942243438,0.775143242843332
"GO:0019896","axonal transport of mitochondrion",0,-0.992246490735689,0.779915540278118
"GO:0032956","regulation of actin cytoskeleton organization",0,0.992159320249766,0.74876061977771
"GO:0098727","maintenance of cell number",0,0.989755461934402,0.738933126143926
"GO:0090630","activation of GTPase activity",0,0.996754259994722,0.758169949790414
"GO:0043455","regulation of secondary metabolic process",0,-0.987714663497468,0.784200790341687
"GO:0048021","regulation of melanin biosynthetic process",0,-0.987714663497468,0.784200790341687
"GO:1900376","regulation of secondary metabolite biosynthetic process",0,-0.987714663497468,0.784200790341687
"GO:0045618","positive regulation of keratinocyte differentiation",0,-0.9790324393344,0.800300778141552
"GO:1990778","protein localization to cell periphery",0,0.988135169974703,0.759242939412716
"GO:0098884","postsynaptic neurotransmitter receptor internalization",0,0.99604484960443,0.750600128701462
"GO:0099590","neurotransmitter receptor internalization",0,0.99604484960443,0.750600128701462
"GO:0140239","postsynaptic endocytosis",0,0.99604484960443,0.750600128701462
"GO:0045930","negative regulation of mitotic cell cycle",0,0.976021732407327,0.765655198287547
"GO:0009226","nucleotide-sugar biosynthetic process",0,-0.987039487629997,0.780379142784884
"GO:0008542","visual learning",0,0.983547004052113,0.772013621242215
"GO:0006284","base-excision repair",0,-0.984069035289845,0.77337198717716
"GO:0043171","peptide catabolic process",0,0.996857464999389,0.758990658736356
"GO:0051148","negative regulation of muscle cell differentiation",0,0.99186878879726,0.745399725620846
"GO:0060914","heart formation",0,0.982890551799544,0.772013621242215
"GO:0009137","purine nucleoside diphosphate catabolic process",0,0.980389465373883,0.755470732841986
"GO:0009181","purine ribonucleoside diphosphate catabolic process",0,0.980389465373883,0.755470732841986
"GO:0023061","signal release",0,-0.989826522151952,0.764723462289607
"GO:0150063","visual system development",0,0.989362628229232,0.751514769799318
"GO:0001678","intracellular glucose homeostasis",0,0.968495447484478,0.765086025094009
"GO:0000724","double-strand break repair via homologous recombination",0,-0.985875427734954,0.770811528408773
"GO:0032386","regulation of intracellular transport",0,-0.985001929512606,0.77912172677716
"GO:1900227","positive regulation of NLRP3 inflammasome complex assembly",0,1.00294085397849,0.746290044796754
"GO:0072523","purine-containing compound catabolic process",0,0.988205276412839,0.742754774296912
"GO:0033490","cholesterol biosynthetic process via lathosterol",0,-0.978941962879606,0.789075853578134
"GO:0022898","regulation of transmembrane transporter activity",0,-0.976625569740207,0.782197821954712
"GO:0007601","visual perception",0,-0.975084385162149,0.790057881172368
"GO:0019430","removal of superoxide radicals",0,0.991444960939958,0.762140389744192
"GO:0071450","cellular response to oxygen radical",0,0.991444960939958,0.762140389744192
"GO:0071451","cellular response to superoxide",0,0.991444960939958,0.762140389744192
"GO:0030041","actin filament polymerization",0,0.98346828964807,0.756692090085118
"GO:0051966","regulation of synaptic transmission, glutamatergic",0,0.985616868889532,0.750817918851125
"GO:0140112","extracellular vesicle biogenesis",0,0.975933844593056,0.774961204807851
"GO:0051047","positive regulation of secretion",0,-0.975168035785288,0.795745770718726
"GO:0006937","regulation of muscle contraction",0,-0.980537447781833,0.783342121990108
"GO:0030879","mammary gland development",0,0.982449787659316,0.754873403113835
"GO:0071526","semaphorin-plexin signaling pathway",0,0.978665150222143,0.75796542285952
"GO:0030308","negative regulation of cell growth",0,0.987870428085146,0.745922017831511
"GO:0045606","positive regulation of epidermal cell differentiation",0,-0.977470384417785,0.793860696422916
"GO:0021846","cell proliferation in forebrain",0,0.977494554930881,0.777075712086838
"GO:0006895","Golgi to endosome transport",0,-0.981200676406762,0.790300055253859
"GO:0141176","gene silencing by piRNA-directed DNA methylation",0,0.990903138483729,0.766866945640042
"GO:0141196","transposable element silencing by piRNA-mediated DNA methylation",0,0.990903138483729,0.766866945640042
"GO:0071326","cellular response to monosaccharide stimulus",0,-0.962702847302248,0.799997735342877
"GO:0051014","actin filament severing",0,-0.980642281465772,0.791045982727807
"GO:0030177","positive regulation of Wnt signaling pathway",0,0.992255008552287,0.737921536188823
"GO:0030501","positive regulation of bone mineralization",0,0.959866114091198,0.779244707336052
"GO:0006346","DNA methylation-dependent constitutive heterochromatin formation",0,0.979366599273037,0.762499688599473
"GO:0048880","sensory system development",0,0.969861305166731,0.777452906981729
"GO:0090596","sensory organ morphogenesis",0,0.984026876592616,0.755479261069843
"GO:0046718","symbiont entry into host cell",0,0.970882395223987,0.767996312524997
"GO:0050433","regulation of catecholamine secretion",0,0.984204520369258,0.754166676954246
"GO:0055080","monoatomic cation homeostasis",0,0.979644415194151,0.771214304864401
"GO:0046931","pore complex assembly",0,0.984808799908378,0.764574065602739
"GO:0006140","regulation of nucleotide metabolic process",0,0.95932629632484,0.778136623951339
"GO:1900542","regulation of purine nucleotide metabolic process",0,0.95932629632484,0.778136623951339
"GO:0014075","response to amine",0,-0.97476101912155,0.78808171500224
"GO:0043647","inositol phosphate metabolic process",0,-0.989426463153833,0.771146703667577
"GO:0017004","cytochrome complex assembly",0,-0.989419318657311,0.771146703667577
"GO:0033622","integrin activation",0,0.996420166874883,0.755369310399797
"GO:0006120","mitochondrial electron transport, NADH to ubiquinone",0,-0.98715125916744,0.777676965610745
"GO:0030865","cortical cytoskeleton organization",0,0.966978532074368,0.773584738053439
"GO:0001325","formation of extrachromosomal circular DNA",0,-0.969293159599864,0.806790604923627
"GO:0090656","t-circle formation",0,-0.969293159599864,0.806790604923627
"GO:0090737","telomere maintenance via telomere trimming",0,-0.969293159599864,0.806790604923627
"GO:0099625","ventricular cardiac muscle cell membrane repolarization",0,-0.967076866083034,0.796032644230029
"GO:0032414","positive regulation of ion transmembrane transporter activity",0,-0.977479364875703,0.789163973180928
"GO:0038066","p38MAPK cascade",0,0.97665457723292,0.760666702441729
"GO:1903146","regulation of autophagy of mitochondrion",0,-0.976624093819462,0.790216369040831
"GO:0048713","regulation of oligodendrocyte differentiation",0,1.01040868559044,0.738785919156194
"GO:0002520","immune system development",0,0.961473738748397,0.770846278266501
"GO:0002726","positive regulation of T cell cytokine production",0,-0.966547846683343,0.796032644230029
"GO:0045932","negative regulation of muscle contraction",0,0.9865527012966,0.766950688813694
"GO:0050848","regulation of calcium-mediated signaling",0,0.997233303742894,0.731756061838882
"GO:0042776","proton motive force-driven mitochondrial ATP synthesis",0,-0.962187131233564,0.795249390331041
"GO:0141086","negative regulation of inflammasome-mediated signaling pathway",0,0.986373865632894,0.7637253565302
"GO:0031099","regeneration",0,-0.982845416170063,0.781245072034993
"GO:0034113","heterotypic cell-cell adhesion",0,-0.978123086884448,0.779089134540478
"GO:1904894","positive regulation of receptor signaling pathway via STAT",0,-0.967301663931098,0.793597484662836
"GO:1902476","chloride transmembrane transport",0,-0.965040499691211,0.798625859367942
"GO:0014033","neural crest cell differentiation",0,-0.97160539956776,0.791615261116001
"GO:0034198","cellular response to amino acid starvation",0,0.976258735526536,0.759096840469125
"GO:0070588","calcium ion transmembrane transport",0,0.979218379636275,0.762523750037533
"GO:0042088","T-helper 1 type immune response",0,0.997319164741297,0.739556634286111
"GO:1903322","positive regulation of protein modification by small protein conjugation or removal",0,0.97644426095962,0.759487596178474
"GO:0086005","ventricular cardiac muscle cell action potential",0,0.984022417492485,0.761959115822371
"GO:1901875","positive regulation of post-translational protein modification",0,0.973988262036018,0.761401239486755
"GO:1902932","positive regulation of alcohol biosynthetic process",0,-0.974080449060242,0.786816881725809
"GO:0007189","adenylate cyclase-activating G protein-coupled receptor signaling pathway",0,-0.967340151426308,0.804494890602871
"GO:2000738","positive regulation of stem cell differentiation",0,0.982920389736192,0.765709625322124
"GO:0006925","inflammatory cell apoptotic process",0,0.984523099012559,0.763859512200002
"GO:0007269","neurotransmitter secretion",0,-0.953475475904476,0.812346548351396
"GO:0099643","signal release from synapse",0,-0.953475475904476,0.812346548351396
"GO:0010248","establishment or maintenance of transmembrane electrochemical gradient",0,0.970008084518609,0.780291001046042
"GO:0045652","regulation of megakaryocyte differentiation",0,0.981934620329593,0.76604909717715
"GO:0042692","muscle cell differentiation",0,0.972285374399706,0.775751771320963
"GO:1900747","negative regulation of vascular endothelial growth factor signaling pathway",0,0.962802797258678,0.795450388021839
"GO:0051952","regulation of amine transport",0,0.973317467671901,0.763302410177027
"GO:0070316","regulation of G0 to G1 transition",0,0.977185032927642,0.759994263647194
"GO:1903427","negative regulation of reactive oxygen species biosynthetic process",0,0.982434608514997,0.765162929130718
"GO:0090183","regulation of kidney development",0,-0.968951857175737,0.791816936098694
"GO:0032011","ARF protein signal transduction",0,-0.969635952741623,0.795029673664428
"GO:0032012","regulation of ARF protein signal transduction",0,-0.969635952741623,0.795029673664428
"GO:0032197","retrotransposition",0,-0.982577964374839,0.776657860713268
"GO:0030038","contractile actin filament bundle assembly",0,0.975565004313894,0.764561311079246
"GO:0043149","stress fiber assembly",0,0.975565004313894,0.764561311079246
"GO:0002765","immune response-inhibiting signal transduction",0,0.970498593595939,0.770365738697356
"GO:0060986","endocrine hormone secretion",0,0.970894985121208,0.764534105754786
"GO:0099003","vesicle-mediated transport in synapse",0,0.971379067412352,0.773015268213024
"GO:0044092","negative regulation of molecular function",0,0.982942912912066,0.758120945268474
"GO:0044406","adhesion of symbiont to host",0,-0.975941310684995,0.798381348796476
"GO:0042407","cristae formation",0,-0.975871126625423,0.798381348796476
"GO:0070936","protein K48-linked ubiquitination",0,-0.965452536939247,0.795147083023941
"GO:0060761","negative regulation of response to cytokine stimulus",0,0.973486022353355,0.761793351381896
"GO:0016050","vesicle organization",0,-0.96365118711305,0.824243354635326
"GO:0030509","BMP signaling pathway",0,0.98305766341663,0.75147055807874
"GO:0071331","cellular response to hexose stimulus",0,-0.965201674989493,0.801349250942898
"GO:0048048","embryonic eye morphogenesis",0,0.988083349988112,0.761619645077048
"GO:0002287","alpha-beta T cell activation involved in immune response",0,0.979950379066033,0.760536500016813
"GO:0090329","regulation of DNA-templated DNA replication",0,-0.972968933077329,0.788896823017652
"GO:2000177","regulation of neural precursor cell proliferation",0,0.977540543637387,0.756803545023634
"GO:0097734","extracellular exosome biogenesis",0,0.97721228328445,0.769992364430969
"GO:0140053","mitochondrial gene expression",0,-0.973019427089217,0.790064229275776
"GO:0042058","regulation of epidermal growth factor receptor signaling pathway",0,0.957356936197317,0.776136175420666
"GO:0046632","alpha-beta T cell differentiation",0,0.983447958804623,0.75116494047137
"GO:0017156","calcium-ion regulated exocytosis",0,0.990488800194384,0.744403304066761
"GO:0046578","regulation of Ras protein signal transduction",0,-0.96808151675581,0.798522371959082
"GO:0045746","negative regulation of Notch signaling pathway",0,0.966129249276811,0.780028211644787
"GO:0050657","nucleic acid transport",0,0.959897360981927,0.776193250191445
"GO:0050658","RNA transport",0,0.959897360981927,0.776193250191445
"GO:0043038","amino acid activation",0,-0.963865770740968,0.798407574569504
"GO:0043039","tRNA aminoacylation",0,-0.963865770740968,0.798407574569504
"GO:0120163","negative regulation of cold-induced thermogenesis",0,-0.978241342244973,0.783800912558411
"GO:0014037","Schwann cell differentiation",0,0.966791561619828,0.775247729711735
"GO:0045945","positive regulation of transcription by RNA polymerase III",0,0.976213786838324,0.771350068260654
"GO:0034587","piRNA processing",0,0.961748882845189,0.78261549289797
"GO:0055003","cardiac myofibril assembly",0,-0.97118229210528,0.793954485558064
"GO:0060333","type II interferon-mediated signaling pathway",0,0.978089815770966,0.767214658387672
"GO:0055006","cardiac cell development",0,-0.970800749953441,0.78822512045369
"GO:0036444","calcium import into the mitochondrion",0,0.96857230479437,0.783960085296125
"GO:0009154","purine ribonucleotide catabolic process",0,0.96602593084816,0.765372093783683
"GO:1990928","response to amino acid starvation",0,0.98129446062238,0.7572126514542
"GO:0006085","acetyl-CoA biosynthetic process",0,-0.968467936709976,0.795727450537591
"GO:0045342","MHC class II biosynthetic process",0,0.96263319293865,0.785242963535526
"GO:0030970","retrograde protein transport, ER to cytosol",0,-0.961848142494895,0.799706973538909
"GO:1903513","endoplasmic reticulum to cytosol transport",0,-0.961848142494895,0.799706973538909
"GO:0001954","positive regulation of cell-matrix adhesion",0,0.958290356714501,0.772904536790098
"GO:0042908","xenobiotic transport",0,0.96669799332573,0.767979575715155
"GO:0035019","somatic stem cell population maintenance",0,0.971521413159859,0.774893258430418
"GO:0007346","regulation of mitotic cell cycle",0,-0.96006989322347,0.845082593955834
"GO:0050953","sensory perception of light stimulus",0,-0.970496719868474,0.797917447783058
"GO:0071168","protein localization to chromatin",0,-0.951232336266743,0.806754451324185
"GO:0009435","NAD+ biosynthetic process",0,0.959567922718492,0.785483970750395
"GO:0010761","fibroblast migration",0,0.945130211320015,0.78923031567174
"GO:1905897","regulation of response to endoplasmic reticulum stress",0,0.959631013093608,0.773233719053264
"GO:0009303","rRNA transcription",0,-0.961218592501122,0.801073492595281
"GO:1900242","regulation of synaptic vesicle endocytosis",0,-0.960883529986707,0.807632376185742
"GO:0031639","plasminogen activation",0,-0.9731622166928,0.792507998260645
"GO:0030490","maturation of SSU-rRNA",0,-0.95652073093752,0.800719183398072
"GO:0140013","meiotic nuclear division",0,0.968355223087685,0.770819462012572
"GO:0043462","regulation of ATP-dependent activity",0,0.975325691539718,0.76739450186697
"GO:0016237","microautophagy",0,-0.972559477164353,0.792507998260645
"GO:0015986","proton motive force-driven ATP synthesis",0,-0.967805098635007,0.794464319539173
"GO:0009151","purine deoxyribonucleotide metabolic process",0,0.958353871667339,0.785998460184884
"GO:1902065","response to L-glutamate",0,-0.966984284593611,0.796966856719828
"GO:0070977","bone maturation",0,-0.963297120782282,0.797341702591426
"GO:0032387","negative regulation of intracellular transport",0,0.963962403544215,0.771363358053075
"GO:0030522","intracellular receptor signaling pathway",0,0.963441240571947,0.796597988958604
"GO:1901028","regulation of mitochondrial outer membrane permeabilization involved in apoptotic signaling pathway",0,-0.95840739984991,0.809761128276317
"GO:0050801","monoatomic ion homeostasis",0,0.96132754497258,0.807322346191858
"GO:0051338","regulation of transferase activity",0,0.972341895666263,0.776153524878219
"GO:0032355","response to estradiol",0,0.968502714487051,0.774735975846517
"GO:0010526","transposable element silencing",0,-0.977242812935682,0.782511489037585
"GO:0045023","G0 to G1 transition",0,0.970325799169816,0.772786523948732
"GO:1904358","positive regulation of telomere maintenance via telomere lengthening",0,-0.963646794433945,0.799821045023036
"GO:0051289","protein homotetramerization",0,0.976353777712741,0.768695056487974
"GO:0045910","negative regulation of DNA recombination",0,-0.951572438444346,0.80425384021429
"GO:0010948","negative regulation of cell cycle process",0,0.958091662790551,0.798844307591858
"GO:0070542","response to fatty acid",0,0.953366440337612,0.774254857526643
"GO:0033617","mitochondrial respiratory chain complex IV assembly",0,-0.956648301847312,0.804639293718083
"GO:1902459","positive regulation of stem cell population maintenance",0,-0.950226374218187,0.814564576204058
"GO:0034392","negative regulation of smooth muscle cell apoptotic process",0,-0.951051786027167,0.817557707483831
"GO:0032872","regulation of stress-activated MAPK cascade",0,0.958434177712212,0.782927057314971
"GO:0070302","regulation of stress-activated protein kinase signaling cascade",0,0.958434177712212,0.782927057314971
"GO:0033144","negative regulation of intracellular steroid hormone receptor signaling pathway",0,0.964894837278416,0.770878084854068
"GO:0046512","sphingosine biosynthetic process",0,-0.951881682703403,0.818185615311549
"GO:0046520","sphingoid biosynthetic process",0,-0.951881682703403,0.818185615311549
"GO:0008156","negative regulation of DNA replication",0,0.970744182942481,0.774740666773413
"GO:0009185","ribonucleoside diphosphate metabolic process",0,0.980096546494668,0.755967038815932
"GO:0002709","regulation of T cell mediated immunity",0,0.933827384591792,0.801396356756184
"GO:1903523","negative regulation of blood circulation",0,-0.954671814295958,0.807179559234
"GO:0048024","regulation of mRNA splicing, via spliceosome",0,0.96029589504858,0.779142981934441
"GO:0043576","regulation of respiratory gaseous exchange",0,0.968509817124963,0.782825394930141
"GO:0071322","cellular response to carbohydrate stimulus",0,-0.958018094118149,0.814052805846275
"GO:0098773","skin epidermis development",0,-0.961121840008088,0.801669462898928
"GO:0016236","macroautophagy",0,0.945015890832136,0.825770590330819
"GO:0030518","nuclear receptor-mediated steroid hormone signaling pathway",0,0.942793613192217,0.79562629433563
"GO:0043401","steroid hormone receptor signaling pathway",0,0.942793613192217,0.79562629433563
"GO:1902410","mitotic cytokinetic process",0,-0.953607184628999,0.80650513291209
"GO:2001236","regulation of extrinsic apoptotic signaling pathway",0,0.97019308063468,0.762639122290306
"GO:0050849","negative regulation of calcium-mediated signaling",0,0.951711859311505,0.791612132066149
"GO:0046777","protein autophosphorylation",0,-0.947391483180304,0.825014648139654
"GO:0032095","regulation of response to food",0,-0.964826661272924,0.797346732198765
"GO:0045622","regulation of T-helper cell differentiation",0,0.980006558774155,0.756125723744645
"GO:0051260","protein homooligomerization",0,0.949323394929257,0.798803162585746
"GO:0032411","positive regulation of transporter activity",0,-0.946737290213607,0.808188083651667
"GO:0003229","ventricular cardiac muscle tissue development",0,0.962041132418812,0.770170996387144
"GO:0015931","nucleobase-containing compound transport",0,0.949075680204197,0.801038588658048
"GO:0042490","mechanoreceptor differentiation",0,-0.945686088361255,0.81266830186353
"GO:0071364","cellular response to epidermal growth factor stimulus",0,0.9509789442498,0.78089305653268
"GO:0009266","response to temperature stimulus",0,0.966334121282821,0.769338423274391
"GO:0009166","nucleotide catabolic process",0,-0.965647485804992,0.805292418273863
"GO:0002840","regulation of T cell mediated immune response to tumor cell",0,-0.950098641583291,0.8119875626576
"GO:0071295","cellular response to vitamin",0,-0.950279381567989,0.810306688688802
"GO:0032784","regulation of DNA-templated transcription elongation",0,0.957815046499915,0.783312609202305
"GO:0009084","L-glutamine family amino acid biosynthetic process",0,0.963952601119886,0.778650652358674
"GO:0006096","glycolytic process",0,0.941096961904505,0.799493476806973
"GO:0046034","ATP metabolic process",0,0.954272311666446,0.79145266970996
"GO:0032689","negative regulation of type II interferon production",0,0.964376694667155,0.78071672692162
"GO:2000377","regulation of reactive oxygen species metabolic process",0,0.961861095933776,0.775362672397518
"GO:0051580","regulation of neurotransmitter uptake",0,-0.949387695219313,0.81780536542043
"GO:0016188","synaptic vesicle maturation",0,-0.953589212903243,0.807520631849582
"GO:0035994","response to muscle stretch",0,0.95883152192513,0.786523512635429
"GO:1905330","regulation of morphogenesis of an epithelium",0,0.958864224633058,0.778036584905596
"GO:0002767","immune response-inhibiting cell surface receptor signaling pathway",0,0.9613197952798,0.780364741465311
"GO:0051052","regulation of DNA metabolic process",0,0.949578077903941,0.819155652025321
"GO:0002424","T cell mediated immune response to tumor cell",0,-0.950119026757046,0.811109977652679
"GO:0009132","nucleoside diphosphate metabolic process",0,0.970138141031779,0.762425255262293
"GO:0090140","regulation of mitochondrial fission",0,-0.94219821730811,0.810217591117007
"GO:0006605","protein targeting",0,-0.956685433515471,0.824010343788544
"GO:0000012","single strand break repair",0,0.952648815859409,0.799668996567303
"GO:0106070","regulation of adenylate cyclase-activating G protein-coupled receptor signaling pathway",0,-0.94648970627968,0.81296578622582
"GO:0002705","positive regulation of leukocyte mediated immunity",0,-0.961142432794078,0.805936526225161
"GO:0003016","respiratory system process",0,0.960511879953897,0.788925720627211
"GO:1904177","regulation of adipose tissue development",0,0.944209065596825,0.794303290212223
"GO:0062098","regulation of programmed necrotic cell death",0,0.961324969062347,0.785064476503062
"GO:0008016","regulation of heart contraction",0,0.940047905577185,0.810356013956311
"GO:0016114","terpenoid biosynthetic process",0,-0.950819369729594,0.809723703787608
"GO:0071333","cellular response to glucose stimulus",0,-0.965977141959954,0.798726727747849
"GO:0071397","cellular response to cholesterol",0,-0.942253289673801,0.82794350028868
"GO:0033143","regulation of intracellular steroid hormone receptor signaling pathway",0,0.953186250008315,0.778499590649864
"GO:0038093","Fc receptor signaling pathway",0,0.958561210431342,0.773645485784239
"GO:0019395","fatty acid oxidation",0,-0.942786780946296,0.827552763976909
"GO:1902683","regulation of receptor localization to synapse",0,-0.961668625658757,0.797713276474664
"GO:0009205","purine ribonucleoside triphosphate metabolic process",0,0.962242463805806,0.78447144052569
"GO:0035092","sperm DNA condensation",0,-0.954100969776074,0.811734677075244
"GO:0050708","regulation of protein secretion",0,0.954806141756855,0.795931240540874
"GO:0030073","insulin secretion",0,-0.965454122754891,0.805602149573909
"GO:0007289","spermatid nucleus differentiation",0,-0.948529772884381,0.817676682316257
"GO:0045684","positive regulation of epidermis development",0,-0.956492407074207,0.806155482321353
"GO:1903313","positive regulation of mRNA metabolic process",0,0.949885748445873,0.783912770949218
"GO:1902307","positive regulation of sodium ion transmembrane transport",0,0.94229058822936,0.79764930527931
"GO:0031638","zymogen activation",0,0.962376749593161,0.774677269500171
"GO:0035272","exocrine system development",0,-0.951626133018043,0.814700993115352
"GO:0046928","regulation of neurotransmitter secretion",0,-0.948497270957649,0.812620291469231
"GO:0045494","photoreceptor cell maintenance",0,0.955587593226464,0.78594038695647
"GO:0046605","regulation of centrosome cycle",0,0.949568123363596,0.792923966804848
"GO:0001504","neurotransmitter uptake",0,-0.949981139575393,0.809033727382675
"GO:0090336","positive regulation of brown fat cell differentiation",0,0.955949440419655,0.785257437417914
"GO:0032743","positive regulation of interleukin-2 production",0,0.926236188974779,0.808685394645599
"GO:0031100","animal organ regeneration",0,0.951970400407299,0.785736399408207
"GO:0018345","protein palmitoylation",0,0.942546814547946,0.804132229806815
"GO:0018198","peptidyl-cysteine modification",0,0.953602445237573,0.790088848037052
"GO:0001756","somitogenesis",0,-0.945464715393931,0.811621151725029
"GO:0060236","regulation of mitotic spindle organization",0,-0.960218342144552,0.799500260635033
"GO:1900118","negative regulation of execution phase of apoptosis",0,-0.948910172313601,0.843674977695346
"GO:0048278","vesicle docking",0,0.961188498458221,0.769417278175901
"GO:0002292","T cell differentiation involved in immune response",0,0.947799054994828,0.785689670292186
"GO:0031507","heterochromatin formation",0,-0.961565215016246,0.811049354682025
"GO:0051412","response to corticosterone",0,-0.93649405354101,0.833009276746293
"GO:0051383","kinetochore organization",0,-0.934172002454182,0.823784349022754
"GO:0006282","regulation of DNA repair",0,0.936925017145428,0.818675557421324
"GO:0098581","detection of external biotic stimulus",0,0.945088464969928,0.798858914075745
"GO:0044550","secondary metabolite biosynthetic process",0,-0.939813947821565,0.822424188984162
"GO:2000319","regulation of T-helper 17 cell differentiation",0,0.961658302964547,0.782203063730232
"GO:0030947","regulation of vascular endothelial growth factor receptor signaling pathway",0,0.942825474851708,0.79648278083929
"GO:1900744","regulation of p38MAPK cascade",0,0.948270267268805,0.781122035326278
"GO:0006302","double-strand break repair",0,-0.94361360177167,0.857044236387012
"GO:0021879","forebrain neuron differentiation",0,0.952508427100526,0.787411271325041
"GO:0034121","regulation of toll-like receptor signaling pathway",0,0.953908708465195,0.789044048915911
"GO:0050688","regulation of defense response to virus",0,0.957740507188938,0.778770731773799
"GO:0090276","regulation of peptide hormone secretion",0,-0.943395460074592,0.843526917667867
"GO:0010508","positive regulation of autophagy",0,-0.944563529912197,0.836958084558797
"GO:0002691","regulation of cellular extravasation",0,-0.95209844171497,0.80965942736017
"GO:0032892","positive regulation of organic acid transport",0,0.953595407648692,0.789044048915911
"GO:1901874","negative regulation of post-translational protein modification",0,-0.944920164933788,0.818411422092408
"GO:0051223","regulation of protein transport",0,0.943677535697555,0.829753936460081
"GO:0043549","regulation of kinase activity",0,0.929744041000233,0.827781776794053
"GO:0002475","antigen processing and presentation via MHC class Ib",0,0.947776387490387,0.793735919707318
"GO:0002224","toll-like receptor signaling pathway",0,0.928263016072851,0.806600601258175
"GO:0017158","regulation of calcium ion-dependent exocytosis",0,0.950274397050665,0.788803752059282
"GO:0035282","segmentation",0,0.947640682301409,0.789410472982933
"GO:0030575","nuclear body organization",0,0.951968561928039,0.796241452862008
"GO:0097305","response to alcohol",0,0.934996526020377,0.827846950328547
"GO:2000209","regulation of anoikis",0,-0.943272206313348,0.820764042192456
"GO:1903727","positive regulation of phospholipid metabolic process",0,0.946802539600805,0.794143661095338
"GO:1902036","regulation of hematopoietic stem cell differentiation",0,-0.944667180988774,0.815129377440565
"GO:0003180","aortic valve morphogenesis",0,0.944234315774616,0.790339600085353
"GO:0007528","neuromuscular junction development",0,-0.927141309580338,0.830595190507548
"GO:0000966","RNA 5'-end processing",0,-0.937080026381547,0.823490020414949
"GO:2001014","regulation of skeletal muscle cell differentiation",0,0.934820435655165,0.804625011424179
"GO:1901184","regulation of ERBB signaling pathway",0,0.940570300227772,0.78336714020326
"GO:0045814","negative regulation of gene expression, epigenetic",0,-0.943359241945992,0.848229224914972
"GO:1900452","regulation of long-term synaptic depression",0,0.949457125116307,0.797623761960292
"GO:0006007","glucose catabolic process",0,-0.940250801890002,0.819861547726955
"GO:0009948","anterior/posterior axis specification",0,0.948383344462344,0.79333410717929
"GO:0002347","response to tumor cell",0,0.936575330629142,0.79400582137437
"GO:0046835","carbohydrate phosphorylation",0,-0.947439411093107,0.810284275393115
"GO:0043162","ubiquitin-dependent protein catabolic process via the multivesicular body sorting pathway",0,-0.936730631481732,0.823006875664192
"GO:0050432","catecholamine secretion",0,0.938520645013919,0.79622336500455
"GO:0098656","monoatomic anion transmembrane transport",0,-0.929289640283551,0.854880203012458
"GO:0051028","mRNA transport",0,0.957088956575102,0.776107735731476
"GO:0032966","negative regulation of collagen biosynthetic process",0,-0.931056994186085,0.837242690289279
"GO:0061952","midbody abscission",0,-0.936708882485176,0.825721091146186
"GO:1903320","regulation of protein modification by small protein conjugation or removal",0,0.928320339040893,0.827324348622631
"GO:0051294","establishment of spindle orientation",0,0.91905329977508,0.819438109745585
"GO:1903428","positive regulation of reactive oxygen species biosynthetic process",0,0.934943545274923,0.80661429988515
"GO:0042093","T-helper cell differentiation",0,0.926651117095603,0.805620893071372
"GO:0090311","regulation of protein deacetylation",0,-0.941628940095541,0.823958092215268
"GO:0010662","regulation of striated muscle cell apoptotic process",0,-0.935127326200298,0.823484164285132
"GO:0009404","toxin metabolic process",0,-0.941520681990649,0.823958092215268
"GO:0035794","positive regulation of mitochondrial membrane permeability",0,0.935333563423415,0.802087225058012
"GO:0070570","regulation of neuron projection regeneration",0,0.942960655432052,0.795914889815771
"GO:0051382","kinetochore assembly",0,-0.933313507648817,0.826646466809982
"GO:0002643","regulation of tolerance induction",0,0.933585594570844,0.80801058714547
"GO:0060416","response to growth hormone",0,0.933113432093688,0.799910613106677
"GO:0035372","protein localization to microtubule",0,-0.933190222657509,0.829874435065189
"GO:1903358","regulation of Golgi organization",0,-0.928866901108027,0.837556832564056
"GO:0008380","RNA splicing",0,-0.926213528691498,0.905630004584002
"GO:0002495","antigen processing and presentation of peptide antigen via MHC class II",0,0.954146639676503,0.786756920080349
"GO:0051954","positive regulation of amine transport",0,0.934339629707565,0.802690491668583
"GO:0033489","cholesterol biosynthetic process via desmosterol",0,-0.934185002536245,0.826359086035938
"GO:0015844","monoamine transport",0,-0.928194125426283,0.835452193412217
"GO:0031123","RNA 3'-end processing",0,-0.954625457530596,0.810587346154452
"GO:0045619","regulation of lymphocyte differentiation",0,0.939621664913934,0.808963121838462
"GO:0072074","kidney mesenchyme development",0,0.931962607480687,0.809058661604841
"GO:0001895","retina homeostasis",0,0.958393967534286,0.776543592217201
"GO:0016339","calcium-dependent cell-cell adhesion",0,0.931358144532765,0.800194409122006
"GO:0055021","regulation of cardiac muscle tissue growth",0,0.915772102491197,0.82351980335791
"GO:0009141","nucleoside triphosphate metabolic process",0,0.934560038427684,0.822315866730617
"GO:0000184","nuclear-transcribed mRNA catabolic process, nonsense-mediated decay",0,0.937469836692355,0.799060465949303
"GO:0031648","protein destabilization",0,0.945575842329178,0.791162165088272
"GO:0031016","pancreas development",0,-0.925615829152833,0.835411893712284
"GO:0018205","peptidyl-lysine modification",0,0.9337063892261,0.808243034485059
"GO:0006418","tRNA aminoacylation for protein translation",0,-0.936499387985612,0.826068372728063
"GO:0009060","aerobic respiration",0,-0.936108092017555,0.868148214540351
"GO:0071625","vocalization behavior",0,-0.934183492296872,0.82878084991434
"GO:0035435","phosphate ion transmembrane transport",0,-0.93766876682674,0.821066304056877
"GO:0006536","glutamate metabolic process",0,0.926960279319033,0.810607359557055
"GO:0006821","chloride transport",0,-0.948321632681975,0.823084559534149
"GO:0032609","type II interferon production",0,0.918763713877232,0.823530250274141
"GO:0032649","regulation of type II interferon production",0,0.918763713877232,0.823530250274141
"GO:0045472","response to ether",0,-0.928870554050316,0.832593124452856
"GO:1902686","mitochondrial outer membrane permeabilization involved in programmed cell death",0,0.931650177626926,0.805709368323153
"GO:0048679","regulation of axon regeneration",0,0.942397458719322,0.798178511116619
"GO:0070293","renal absorption",0,0.942906959924308,0.792870003449428
"GO:1901099","negative regulation of signal transduction in absence of ligand",0,0.942755947417826,0.796747063414622
"GO:2001240","negative regulation of extrinsic apoptotic signaling pathway in absence of ligand",0,0.942755947417826,0.796747063414622
"GO:0051349","positive regulation of lyase activity",0,-0.930027865844631,0.830496436486249
"GO:1904994","regulation of leukocyte adhesion to vascular endothelial cell",0,-0.932223210579728,0.827042430375578
"GO:0072676","lymphocyte migration",0,0.93578938400022,0.804906203173795
"GO:0000381","regulation of alternative mRNA splicing, via spliceosome",0,0.93658125615633,0.79860065767181
"GO:0106056","regulation of calcineurin-mediated signaling",0,-0.928069633376037,0.833771899051401
"GO:0045333","cellular respiration",0,-0.936204287218317,0.866562046013436
"GO:0051452","intracellular pH reduction",0,-0.938304197723915,0.82339422964293
"GO:0051235","maintenance of location",0,-0.932761703039492,0.83050877662119
"GO:0051651","maintenance of location in cell",0,-0.932761703039492,0.83050877662119
"GO:0099010","modification of postsynaptic structure",0,-0.928333529287803,0.828357547837753
"GO:0070201","regulation of establishment of protein localization",0,0.930410754320668,0.854929539723812
"GO:0060041","retina development in camera-type eye",0,0.9348966279515,0.804906203173795
"GO:0006893","Golgi to plasma membrane transport",0,0.933491896474961,0.800379396161931
"GO:1901570","fatty acid derivative biosynthetic process",0,0.939398374526727,0.799532455099094
"GO:0001890","placenta development",0,0.945835373842355,0.780540352617585
"GO:0071375","cellular response to peptide hormone stimulus",0,0.935576329102738,0.835414115691218
"GO:0034312","diol biosynthetic process",0,-0.92752986953987,0.831257037479116
"GO:0009134","nucleoside diphosphate catabolic process",0,0.91745112462837,0.816621796015659
"GO:0032732","positive regulation of interleukin-1 production",0,0.943410482816461,0.79856114756101
"GO:0043001","Golgi to plasma membrane protein transport",0,0.931961029611507,0.801109723657157
"GO:0070918","regulatory ncRNA processing",0,-0.924995690728144,0.844189622961012
"GO:0050650","chondroitin sulfate proteoglycan biosynthetic process",0,-0.930298071902875,0.83221341153551
"GO:0000395","mRNA 5'-splice site recognition",0,-0.925568677216865,0.85031701846328
"GO:0030833","regulation of actin filament polymerization",0,0.946059203536217,0.790028747842362
"GO:0048771","tissue remodeling",0,0.945433590528809,0.78755297788106
"GO:0045580","regulation of T cell differentiation",0,0.920265784505995,0.83124931361344
"GO:0002821","positive regulation of adaptive immune response",0,0.924801172461439,0.821518760668102
"GO:0033028","myeloid cell apoptotic process",0,0.921303249552384,0.81569236390543
"GO:0006383","transcription by RNA polymerase III",0,-0.919339605181468,0.846895142865413
"GO:0045956","positive regulation of calcium ion-dependent exocytosis",0,-0.919313495624253,0.844287134859835
"GO:0072678","T cell migration",0,0.931952404764532,0.805650868822326
"GO:0042730","fibrinolysis",0,-0.923150674398161,0.832496936013174
"GO:0009101","glycoprotein biosynthetic process",0,0.937503107375128,0.825467228782966
"GO:0006260","DNA replication",0,0.919284001164329,0.856856118496051
"GO:0015867","ATP transport",0,-0.92456952470269,0.833479510833106
"GO:0034134","toll-like receptor 2 signaling pathway",0,0.923022545669621,0.814030680604351
"GO:0000377","RNA splicing, via transesterification reactions with bulged adenosine as nucleophile",0,-0.925922535541351,0.889408961689458
"GO:0000398","mRNA splicing, via spliceosome",0,-0.925922535541351,0.889408961689458
"GO:0060211","regulation of nuclear-transcribed mRNA poly(A) tail shortening",0,0.936698946576907,0.807527914011564
"GO:0021872","forebrain generation of neurons",0,0.932004955472859,0.804789408574008
"GO:0032098","regulation of appetite",0,-0.925416499560471,0.828556349027348
"GO:0006309","apoptotic DNA fragmentation",0,0.922196207792809,0.815498658977799
"GO:0022406","membrane docking",0,0.927909360605851,0.808354395493055
"GO:0070207","protein homotrimerization",0,0.93470831051815,0.808175718063078
"GO:0051057","positive regulation of small GTPase mediated signal transduction",0,0.911630858075276,0.826486649947195
"GO:0051917","regulation of fibrinolysis",0,-0.928771248178414,0.826242367073285
"GO:0007173","epidermal growth factor receptor signaling pathway",0,0.916701551083188,0.831723713959232
"GO:0007204","positive regulation of cytosolic calcium ion concentration",0,-0.925975327965906,0.864559907411277
"GO:0006066","alcohol metabolic process",0,0.928365296802772,0.844643808756654
"GO:0031641","regulation of myelination",0,0.923807429219583,0.808651159777673
"GO:1901569","fatty acid derivative catabolic process",0,0.919103271925907,0.816968451122184
"GO:0010661","positive regulation of muscle cell apoptotic process",0,-0.926486151431945,0.834311712685548
"GO:0085029","extracellular matrix assembly",0,-0.933093580131995,0.828672639931648
"GO:0002888","positive regulation of myeloid leukocyte mediated immunity",0,-0.923839863595601,0.833406596374405
"GO:0008090","retrograde axonal transport",0,-0.923329451981778,0.833406596374405
"GO:0034308","primary alcohol metabolic process",0,-0.92814500523998,0.842948135056733
"GO:1902115","regulation of organelle assembly",0,0.912489350742685,0.853782113538457
"GO:0007288","sperm axoneme assembly",0,-0.926272686901421,0.836575306977702
"GO:0055074","calcium ion homeostasis",0,-0.929650154392957,0.866072977612401
"GO:0050796","regulation of insulin secretion",0,-0.928010645556039,0.86259931514967
"GO:0002790","peptide secretion",0,-0.910397344098578,0.896150619029044
"GO:0042755","eating behavior",0,-0.932719823885957,0.82320296072087
"GO:0007340","acrosome reaction",0,-0.92097724550484,0.83946428119352
"GO:0099504","synaptic vesicle cycle",0,0.917619344894627,0.842129631315876
"GO:0051204","protein insertion into mitochondrial membrane",0,-0.910909617965798,0.844544464661006
"GO:0090148","membrane fission",0,-0.91065137577947,0.849597247835441
"GO:0046427","positive regulation of receptor signaling pathway via JAK-STAT",0,-0.918133810215075,0.842128820568119
"GO:0050954","sensory perception of mechanical stimulus",0,0.928205133309242,0.816248137007357
"GO:0001960","negative regulation of cytokine-mediated signaling pathway",0,0.93917034443823,0.795571564323088
"GO:0140694","membraneless organelle assembly",0,0.914173866217127,0.877228326288309
"GO:0071763","nuclear membrane organization",0,-0.909525338192763,0.849820125781932
"GO:0035150","regulation of tube size",0,-0.918174104336224,0.871426189169327
"GO:0035296","regulation of tube diameter",0,-0.918174104336224,0.871426189169327
"GO:0097746","blood vessel diameter maintenance",0,-0.918174104336224,0.871426189169327
"GO:0009191","ribonucleoside diphosphate catabolic process",0,0.911692290775938,0.829954497826699
"GO:0035767","endothelial cell chemotaxis",0,0.916902445744942,0.819180171074402
"GO:0016082","synaptic vesicle priming",0,0.935768107151347,0.80037481185243
"GO:1903432","regulation of TORC1 signaling",0,-0.910176204056718,0.871066227938162
"GO:0002753","cytoplasmic pattern recognition receptor signaling pathway",0,0.91865347838426,0.839991200108199
"GO:0019359","nicotinamide nucleotide biosynthetic process",0,0.911997165862983,0.821529028943952
"GO:0019363","pyridine nucleotide biosynthetic process",0,0.911997165862983,0.821529028943952
"GO:0001676","long-chain fatty acid metabolic process",0,0.921045678101392,0.821781575988077
"GO:1904951","positive regulation of establishment of protein localization",0,0.917346528972345,0.85138062030391
"GO:0090101","negative regulation of transmembrane receptor protein serine/threonine kinase signaling pathway",0,0.926105561489132,0.819500351251293
"GO:0061178","regulation of insulin secretion involved in cellular response to glucose stimulus",0,-0.919048610553449,0.844815941008173
"GO:0032615","interleukin-12 production",0,-0.917680109326642,0.846465301774712
"GO:0032655","regulation of interleukin-12 production",0,-0.917680109326642,0.846465301774712
"GO:1903578","regulation of ATP metabolic process",0,0.921567706872436,0.815291237643767
"GO:0051496","positive regulation of stress fiber assembly",0,0.917509762145296,0.816655206917078
"GO:1901380","negative regulation of potassium ion transmembrane transport",0,-0.916496020555447,0.839742089404347
"GO:0048799","animal organ maturation",0,-0.924291377908416,0.830322882102635
"GO:0044272","sulfur compound biosynthetic process",0,0.922452948803543,0.822089456161336
"GO:0000423","mitophagy",0,0.906020969115871,0.833819962990451
"GO:0009584","detection of visible light",0,-0.926886927260818,0.830900985753169
"GO:1903046","meiotic cell cycle process",0,0.914252438027381,0.848069912292581
"GO:0006891","intra-Golgi vesicle-mediated transport",0,-0.912592158915988,0.843450795305846
"GO:0002223","stimulatory C-type lectin receptor signaling pathway",0,0.920926549389538,0.813471183252074
"GO:1990840","response to lectin",0,0.920926549389538,0.813471183252074
"GO:1990858","cellular response to lectin",0,0.920926549389538,0.813471183252074
"GO:1901873","regulation of post-translational protein modification",0,0.926570977148828,0.830202508065988
"GO:2000291","regulation of myoblast proliferation",0,0.908669317386092,0.831003519378119
"GO:0006400","tRNA modification",0,-0.914268189609629,0.858548924927426
"GO:0043200","response to amino acid",0,0.904786423728009,0.835456931689252
"GO:0009582","detection of abiotic stimulus",0,-0.916369833018794,0.86218951328493
"GO:0006493","protein O-linked glycosylation",0,-0.907236979298144,0.882081405658414
"GO:0032259","methylation",0,-0.923136615035485,0.875332976372246
"GO:0045822","negative regulation of heart contraction",0,-0.91425195744881,0.840234741520701
"GO:0042634","regulation of hair cycle",0,-0.910285976585372,0.84678141291815
"GO:0006637","acyl-CoA metabolic process",0,0.910907629564193,0.836677758554766
"GO:0007632","visual behavior",0,0.930855704815063,0.804502563919492
"GO:0051222","positive regulation of protein transport",0,0.924689857947402,0.84087785240731
"GO:0030832","regulation of actin filament length",0,0.899344259846278,0.853651339937871
"GO:0097494","regulation of vesicle size",0,0.90328624567117,0.837904584126828
"GO:1902110","positive regulation of mitochondrial membrane permeability involved in apoptotic process",0,0.922477739488915,0.815294121802747
"GO:0008306","associative learning",0,0.902088885381415,0.837862784150978
"GO:0060219","camera-type eye photoreceptor cell differentiation",0,0.920939387789372,0.821560361004061
"GO:1902751","positive regulation of cell cycle G2/M phase transition",0,-0.902032463386917,0.852755137630719
"GO:0044409","symbiont entry into host",0,0.90874991857773,0.843100504141973
"GO:0048010","vascular endothelial growth factor receptor signaling pathway",0,0.914244213531415,0.825351990103427
"GO:0016242","negative regulation of macroautophagy",0,-0.923015168706728,0.831008528155117
"GO:0000375","RNA splicing, via transesterification reactions",0,-0.921364831413522,0.89989840437099
"GO:0000271","polysaccharide biosynthetic process",0,-0.917386292574801,0.843834100591393
"GO:0051125","regulation of actin nucleation",0,0.920704503463957,0.815920539474211
"GO:0003309","type B pancreatic cell differentiation",0,-0.908406958190847,0.843601647468675
"GO:0070723","response to cholesterol",0,-0.918169125594935,0.834689505167258
"GO:0089718","amino acid import across plasma membrane",0,0.907382398212104,0.822681479169022
"GO:0017157","regulation of exocytosis",0,0.90810382017636,0.848354579055728
"GO:0002313","mature B cell differentiation involved in immune response",0,-0.89987258279758,0.856702121452584
"GO:0090594","inflammatory response to wounding",0,0.910584213089726,0.827180187825392
"GO:0007200","phospholipase C-activating G protein-coupled receptor signaling pathway",0,-0.896687144393138,0.898340326234733
"GO:0034698","response to gonadotropin",0,-0.910613743943427,0.845028436744272
"GO:1901605","alpha-amino acid metabolic process",0,-0.906082320751809,0.895773967141838
"GO:0046037","GMP metabolic process",0,-0.919126547542122,0.837462134653929
"GO:0009167","purine ribonucleoside monophosphate metabolic process",0,0.911468061015847,0.823279346965712
"GO:0045646","regulation of erythrocyte differentiation",0,0.917964415326125,0.819529161206977
"GO:0006491","N-glycan processing",0,-0.908378080961426,0.844890764407029
"GO:0060420","regulation of heart growth",0,0.916854963106099,0.815874023266494
"GO:0051168","nuclear export",0,-0.909071262841502,0.88476632543641
"GO:0046879","hormone secretion",0,-0.904440669935316,0.909496338789591
"GO:0003214","cardiac left ventricle morphogenesis",0,-0.911128060176731,0.846928064980543
"GO:0032200","telomere organization",0,-0.900469815086737,0.891518080573743
"GO:0009150","purine ribonucleotide metabolic process",0,0.899611749390828,0.883575187995861
"GO:0045911","positive regulation of DNA recombination",0,-0.911575364797275,0.847749719945095
"GO:0007005","mitochondrion organization",0,0.912349658978606,0.869686420952982
"GO:0002504","antigen processing and presentation of peptide or polysaccharide antigen via MHC class II",0,0.937318435467346,0.794320237645008
"GO:0045621","positive regulation of lymphocyte differentiation",0,0.888365292839415,0.864446573046085
"GO:0015012","heparan sulfate proteoglycan biosynthetic process",0,0.914485891526525,0.820765700244562
"GO:0008064","regulation of actin polymerization or depolymerization",0,0.907094666091384,0.840660119881332
"GO:0032530","regulation of microvillus organization",0,0.914895656729466,0.825533537504595
"GO:2000781","positive regulation of double-strand break repair",0,0.90787922297303,0.826482806896278
"GO:2000514","regulation of CD4-positive, alpha-beta T cell activation",0,0.906083740489717,0.828959879209477
"GO:0019364","pyridine nucleotide catabolic process",0,0.895285648233131,0.844329128693931
"GO:0010804","negative regulation of tumor necrosis factor-mediated signaling pathway",0,0.91528372241141,0.822127387668201
"GO:0051236","establishment of RNA localization",0,0.908407757319998,0.848301636281864
"GO:0031397","negative regulation of protein ubiquitination",0,-0.897958434095247,0.873130356719842
"GO:0051957","positive regulation of amino acid transport",0,0.913301960584686,0.820395030350858
"GO:2000036","regulation of stem cell population maintenance",0,0.90591045620837,0.826292473601741
"GO:0009620","response to fungus",0,0.884974783674755,0.84727415493114
"GO:0016197","endosomal transport",0,-0.902449927307212,0.91713984684754
"GO:0006487","protein N-linked glycosylation",0,0.921991405132137,0.814761500064959
"GO:0046883","regulation of hormone secretion",0,-0.901104977851315,0.911495714716893
"GO:0002708","positive regulation of lymphocyte mediated immunity",0,-0.895995934867127,0.881886649879681
"GO:0045859","regulation of protein kinase activity",0,0.902068064767983,0.868347863557908
"GO:0016540","protein autoprocessing",0,-0.904425598493913,0.85175327835742
"GO:0050832","defense response to fungus",0,0.892463409754132,0.846084993497672
"GO:0032350","regulation of hormone metabolic process",0,-0.896076895654865,0.855601017364966
"GO:0006405","RNA export from nucleus",0,0.904561112695584,0.834557526571615
"GO:0021772","olfactory bulb development",0,0.910059524560259,0.827253595509315
"GO:0032729","positive regulation of type II interferon production",0,0.89066278825746,0.851874825796585
"GO:0072526","pyridine-containing compound catabolic process",0,0.897855961930579,0.846787925039573
"GO:0006376","mRNA splice site recognition",0,-0.90080433909766,0.847464961757419
"GO:0032958","inositol phosphate biosynthetic process",0,-0.902641000452606,0.852967507084441
"GO:0051156","glucose 6-phosphate metabolic process",0,0.910544563018871,0.826162340634784
"GO:0019184","nonribosomal peptide biosynthetic process",0,-0.905035780931446,0.851062590085738
"GO:0051656","establishment of organelle localization",0,0.895752540176826,0.895312842225415
"GO:0071108","protein K48-linked deubiquitination",0,0.893578867237562,0.837494659841162
"GO:0009117","nucleotide metabolic process",0,0.899325063221782,0.902683492430624
"GO:0008299","isoprenoid biosynthetic process",0,-0.898971610627525,0.850291970728262
"GO:0032510","endosome to lysosome transport via multivesicular body sorting pathway",0,-0.903157180025222,0.852252211865242
"GO:0034243","regulation of transcription elongation by RNA polymerase II",0,0.913955290994552,0.831883421661259
"GO:1903429","regulation of cell maturation",0,0.900758012703092,0.836204523131847
"GO:0007254","JNK cascade",0,0.889731851024621,0.873905366654548
"GO:0035592","establishment of protein localization to extracellular region",0,-0.899036250184516,0.929553201048725
"GO:2000241","regulation of reproductive process",0,-0.90480252312226,0.885243206672778
"GO:0090382","phagosome maturation",0,-0.888522847148417,0.866030301307488
"GO:0002097","tRNA wobble base modification",0,0.894734223500155,0.837461281688773
"GO:1900102","negative regulation of endoplasmic reticulum unfolded protein response",0,0.905357385148506,0.832113759689392
"GO:0009263","deoxyribonucleotide biosynthetic process",0,0.894053102314038,0.838456997246765
"GO:0009265","2'-deoxyribonucleotide biosynthetic process",0,0.894053102314038,0.838456997246765
"GO:0046385","deoxyribose phosphate biosynthetic process",0,0.894053102314038,0.838456997246765
"GO:0035249","synaptic transmission, glutamatergic",0,0.899743788522937,0.837750320387361
"GO:0000910","cytokinesis",0,-0.906216201394229,0.891808474337594
"GO:0045995","regulation of embryonic development",0,-0.911373006975247,0.86277901531099
"GO:0001654","eye development",0,0.893135742791683,0.889312936994289
"GO:0048732","gland development",0,-0.898716670017888,0.913188022760582
"GO:0045214","sarcomere organization",0,-0.887304608550616,0.87056329309209
"GO:0051149","positive regulation of muscle cell differentiation",0,-0.886661463712159,0.878530679837678
"GO:0099072","regulation of postsynaptic membrane neurotransmitter receptor levels",0,0.897600548132921,0.847808981739995
"GO:0002507","tolerance induction",0,0.89524751758755,0.836277494212072
"GO:0007190","activation of adenylate cyclase activity",0,-0.888422262531681,0.867786965151354
"GO:0099170","postsynaptic modulation of chemical synaptic transmission",0,-0.892663084580432,0.858065176490772
"GO:0071692","protein localization to extracellular region",0,-0.895014432234337,0.933492462044469
"GO:0050769","positive regulation of neurogenesis",0,0.905282871180894,0.849519475619995
"GO:0061909","autophagosome-lysosome fusion",0,0.889095591403618,0.840141227036186
"GO:0000723","telomere maintenance",0,-0.900191385617733,0.894993921459676
"GO:0045786","negative regulation of cell cycle",0,0.886273286536108,0.909793009515824
"GO:1901989","positive regulation of cell cycle phase transition",0,-0.889199060315614,0.889494306224637
"GO:0051453","regulation of intracellular pH",0,-0.893112735087088,0.877488397853313
"GO:0034109","homotypic cell-cell adhesion",0,0.895695598377117,0.84233125783908
"GO:0040029","epigenetic regulation of gene expression",0,0.896115496159018,0.885631834897965
"GO:0006999","nuclear pore organization",0,0.901833122972837,0.837089973093879
"GO:0030837","negative regulation of actin filament polymerization",0,-0.89674870697258,0.85724496589652
"GO:0034616","response to laminar fluid shear stress",0,0.900448687524758,0.83182059931344
"GO:0072594","establishment of protein localization to organelle",0,0.897184609427031,0.889996512257736
"GO:0009792","embryo development ending in birth or egg hatching",0,0.885921084394512,0.892199532154572
"GO:0061008","hepaticobiliary system development",0,0.894018991514155,0.846701678407105
"GO:0006090","pyruvate metabolic process",0,0.877662301514185,0.868955424053349
"GO:0090162","establishment of epithelial cell polarity",0,-0.891718695334733,0.857333688170813
"GO:2000027","regulation of animal organ morphogenesis",0,-0.881943798895232,0.874331050452439
"GO:0006582","melanin metabolic process",0,-0.893438267866765,0.856837333007663
"GO:0042438","melanin biosynthetic process",0,-0.893438267866765,0.856837333007663
"GO:0016054","organic acid catabolic process",0,0.89924865439414,0.86935164477599
"GO:0046395","carboxylic acid catabolic process",0,0.89924865439414,0.86935164477599
"GO:0043523","regulation of neuron apoptotic process",0,-0.898235200282469,0.905842609414091
"GO:1902743","regulation of lamellipodium organization",0,-0.900585468156661,0.861941541296995
"GO:0032007","negative regulation of TOR signaling",0,0.904857408286255,0.832010216345648
"GO:0071377","cellular response to glucagon stimulus",0,-0.891067646711476,0.859273818889055
"GO:0031111","negative regulation of microtubule polymerization or depolymerization",0,-0.884489326833384,0.868930573259055
"GO:0031122","cytoplasmic microtubule organization",0,-0.900115183599557,0.86749486605336
"GO:0009581","detection of external stimulus",0,-0.893491751074955,0.887187679652202
"GO:0043588","skin development",0,0.88391909101897,0.886573414481524
"GO:1901988","negative regulation of cell cycle phase transition",0,0.89467459871798,0.881862541890256
"GO:0001101","response to acid chemical",0,0.886596559261928,0.856487108791465
"GO:0001889","liver development",0,0.904223300812203,0.839960877852319
"GO:0032486","Rap protein signal transduction",0,0.899064871214208,0.835591976535879
"GO:0043524","negative regulation of neuron apoptotic process",0,-0.898864499198423,0.886330853618153
"GO:0034332","adherens junction organization",0,0.879231636621534,0.858477675933843
"GO:0006270","DNA replication initiation",0,-0.903175353413674,0.852388014069111
"GO:0140719","constitutive heterochromatin formation",0,0.889558570299986,0.844462969411565
"GO:0006406","mRNA export from nucleus",0,0.893404630212474,0.844124676717734
"GO:0035825","homologous recombination",0,-0.881023469369466,0.885313377942786
"GO:0042756","drinking behavior",0,0.884586957282656,0.845799035046518
"GO:0055023","positive regulation of cardiac muscle tissue growth",0,0.885130843417609,0.845036861217562
"GO:0031269","pseudopodium assembly",0,-0.892701538421035,0.858087159484921
"GO:0007214","gamma-aminobutyric acid signaling pathway",0,-0.88403950368602,0.869145776435468
"GO:0072522","purine-containing compound biosynthetic process",0,0.888747145821486,0.887398709160666
"GO:0070498","interleukin-1-mediated signaling pathway",0,0.895532162435384,0.834285288345663
"GO:0014902","myotube differentiation",0,0.893302184240235,0.857523200735192
"GO:0044772","mitotic cell cycle phase transition",0,-0.8922628794466,0.952703360572024
"GO:0031396","regulation of protein ubiquitination",0,0.876371565696271,0.887059351232917
"GO:1903998","regulation of eating behavior",0,0.895515624436408,0.842367111071146
"GO:0043043","peptide biosynthetic process",0,-0.893902838201012,0.855478845211297
"GO:0050892","intestinal absorption",0,0.894222462325794,0.836045326816659
"GO:0070373","negative regulation of ERK1 and ERK2 cascade",0,0.887322732606241,0.844943538527791
"GO:0042255","ribosome assembly",0,-0.879245275730013,0.887790588005324
"GO:0002715","regulation of natural killer cell mediated immunity",0,-0.894610133911588,0.869654035604109
"GO:0008544","epidermis development",0,-0.888902830967982,0.930985604380824
"GO:0010817","regulation of hormone levels",0,0.880338882494939,0.929227275240199
"GO:0006997","nucleus organization",0,0.898617973877393,0.8488931463109
"GO:0140056","organelle localization by membrane tethering",0,0.872026244465822,0.873009498385458
"GO:0048710","regulation of astrocyte differentiation",0,-0.880702741303141,0.86714421819694
"GO:2001028","positive regulation of endothelial cell chemotaxis",0,-0.88841243160266,0.865729712710938
"GO:0033198","response to ATP",0,0.883779049377991,0.845415635521313
"GO:0048485","sympathetic nervous system development",0,0.893944600663937,0.840195216105149
"GO:0060251","regulation of glial cell proliferation",0,0.914834907870777,0.815993997813361
"GO:0043525","positive regulation of neuron apoptotic process",0,-0.874099676252214,0.890798452347073
"GO:0032731","positive regulation of interleukin-1 beta production",0,0.884298305816732,0.847477353466264
"GO:0070286","axonemal dynein complex assembly",0,-0.883782475838074,0.865362001504472
"GO:0045590","negative regulation of regulatory T cell differentiation",0,-0.879740113459072,0.866877353473244
"GO:0071897","DNA biosynthetic process",0,0.868277586842467,0.888123970092973
"GO:0090335","regulation of brown fat cell differentiation",0,0.893024591959909,0.838209933176272
"GO:0034284","response to monosaccharide",0,0.877769291138103,0.887163538000776
"GO:0019082","viral protein processing",0,0.870776848297276,0.857452182943374
"GO:0019674","NAD+ metabolic process",0,0.878825500269429,0.851927174608349
"GO:0043367","CD4-positive, alpha-beta T cell differentiation",0,0.885228132804417,0.865827161955472
"GO:0051099","positive regulation of binding",0,-0.89071535507105,0.867974251911724
"GO:0002478","antigen processing and presentation of exogenous peptide antigen",0,0.881246244551499,0.847302365396982
"GO:0039531","regulation of cytoplasmic pattern recognition receptor signaling pathway",0,0.87385041009784,0.879805007484856
"GO:0007265","Ras protein signal transduction",0,-0.880833604748574,0.904245252116923
"GO:1900424","regulation of defense response to bacterium",0,0.890491576254072,0.842852964091573
"GO:0061337","cardiac conduction",0,0.883436952427896,0.853411551187985
"GO:0043405","regulation of MAP kinase activity",0,-0.870884986068914,0.893653019118738
"GO:0035264","multicellular organism growth",0,-0.878171832071129,0.87425677157374
"GO:0009048","dosage compensation by inactivation of X chromosome",0,-0.880908525101988,0.866277507099475
"GO:0001754","eye photoreceptor cell differentiation",0,-0.891971848759347,0.862905243321919
"GO:0050886","endocrine process",0,-0.881366742992357,0.890423095792012
"GO:0045022","early endosome to late endosome transport",0,-0.890517209823592,0.86516426550573
"GO:1902548","negative regulation of cellular response to vascular endothelial growth factor stimulus",0,0.881743202151893,0.849296121506601
"GO:0014829","vascular associated smooth muscle contraction",0,0.889468526000452,0.843210891504768
"GO:0061734","type 2 mitophagy",0,-0.871469363155171,0.874857591583984
"GO:2000779","regulation of double-strand break repair",0,0.887630353442313,0.869729296480024
"GO:0060421","positive regulation of heart growth",0,0.889487043236946,0.84172386221392
"GO:0002824","positive regulation of adaptive immune response based on somatic recombination of immune receptors built from immunoglobulin superfamily domains",0,0.869877739860234,0.874262584759857
"GO:0035773","insulin secretion involved in cellular response to glucose stimulus",0,-0.881309291622588,0.880324262881609
"GO:0009988","cell-cell recognition",0,0.889433338966857,0.844701961050132
"GO:1903524","positive regulation of blood circulation",0,-0.887530155737785,0.869283212948505
"GO:0000963","mitochondrial RNA processing",0,-0.878705632340116,0.870674105154137
"GO:1902749","regulation of cell cycle G2/M phase transition",0,-0.880127341627105,0.898200822958087
"GO:0071875","adrenergic receptor signaling pathway",0,0.908978260109651,0.821574814654217
"GO:0007156","homophilic cell-cell adhesion",0,0.874186121156673,0.888695530611314
"GO:0045685","regulation of glial cell differentiation",0,0.879674929125304,0.851084172664873
"GO:0009124","nucleoside monophosphate biosynthetic process",0,0.881853980805511,0.84676330841249
"GO:0099622","cardiac muscle cell membrane repolarization",0,-0.887024065524089,0.869399477838651
"GO:0033032","regulation of myeloid cell apoptotic process",0,0.887865521215818,0.844084009927539
"GO:0016241","regulation of macroautophagy",0,0.8770373156612,0.883058299698123
"GO:1903522","regulation of blood circulation",0,0.882846023272733,0.890983507024077
"GO:0006386","termination of RNA polymerase III transcription",0,0.88735464663265,0.844498296206635
"GO:0055062","phosphate ion homeostasis",0,-0.881498583606252,0.861143373823275
"GO:0015837","amine transport",0,0.866346186668987,0.88169440576262
"GO:0050912","detection of chemical stimulus involved in sensory perception of taste",0,-0.871847121208895,0.878649140195615
"GO:0031268","pseudopodium organization",0,-0.880948142209071,0.872549887046522
"GO:0051293","establishment of spindle localization",0,0.870499680487432,0.864683047103748
"GO:0000077","DNA damage checkpoint signaling",0,-0.872163733560621,0.905842609414091
"GO:0038094","Fc-gamma receptor signaling pathway",0,0.880823388967033,0.84592368734338
"GO:0030239","myofibril assembly",0,-0.873844231572945,0.891730599061038
"GO:2000401","regulation of lymphocyte migration",0,0.877656865489439,0.853920076673876
"GO:0006664","glycolipid metabolic process",0,-0.871052242874818,0.914045574112098
"GO:0000097","sulfur amino acid biosynthetic process",0,0.884784433963447,0.849806599242868
"GO:0001510","RNA methylation",0,0.865230560865375,0.879270069827193
"GO:0009746","response to hexose",0,0.885278831960281,0.878291987546613
"GO:0051899","membrane depolarization",0,-0.871683656635705,0.902800153763257
"GO:0030326","embryonic limb morphogenesis",0,-0.878827467807094,0.876547988542043
"GO:0035113","embryonic appendage morphogenesis",0,-0.878827467807094,0.876547988542043
"GO:0042339","keratan sulfate proteoglycan metabolic process",0,0.872008606424285,0.854572590703917
"GO:0009913","epidermal cell differentiation",0,0.86576729849743,0.895917580204359
"GO:0140029","exocytic process",0,-0.868785190858425,0.903325445202853
"GO:0007030","Golgi organization",0,-0.875302276998682,0.914343588887577
"GO:0072175","epithelial tube formation",0,0.874594519308128,0.862983650359728
"GO:0032965","regulation of collagen biosynthetic process",0,-0.86899209756011,0.880985557402093
"GO:0032479","regulation of type I interferon production",0,0.861246171988163,0.891875583889668
"GO:0032606","type I interferon production",0,0.861246171988163,0.891875583889668
"GO:0062009","secondary palate development",0,0.88374101133228,0.846872173702845
"GO:0051701","biological process involved in interaction with host",0,0.864853005260879,0.896758584133391
"GO:0042177","negative regulation of protein catabolic process",0,0.860433323276581,0.883578425681381
"GO:0017015","regulation of transforming growth factor beta receptor signaling pathway",0,-0.86997767458733,0.918323114916874
"GO:0055075","potassium ion homeostasis",0,0.90396536133004,0.826669701500283
"GO:0045124","regulation of bone resorption",0,0.87634192874713,0.856763932197843
"GO:0097623","potassium ion export across plasma membrane",0,-0.874128508849712,0.872652954503067
"GO:1903509","liposaccharide metabolic process",0,-0.86584348493684,0.918265898003816
"GO:0001508","action potential",0,-0.867549405902031,0.927762954042536
"GO:0060317","cardiac epithelial to mesenchymal transition",0,0.890195351702767,0.839507208838474
"GO:1904659","D-glucose transmembrane transport",0,0.891907533596878,0.848278243429425
"GO:0031338","regulation of vesicle fusion",0,-0.87353373293964,0.88152362080772
"GO:0032881","regulation of polysaccharide metabolic process",0,-0.881621006835311,0.873464614605706
"GO:0070306","lens fiber cell differentiation",0,0.872390867426499,0.857362843127802
"GO:0046189","phenol-containing compound biosynthetic process",0,-0.883971480843397,0.87426666291779
"GO:0070828","heterochromatin organization",0,0.864764336032163,0.899184963487535
"GO:0070863","positive regulation of protein exit from endoplasmic reticulum",0,0.881435717986906,0.851361095430456
"GO:0009225","nucleotide-sugar metabolic process",0,-0.882344378532598,0.871222704705593
"GO:0098704","carbohydrate import across plasma membrane",0,-0.866831524400028,0.898651414106948
"GO:0098708","D-glucose import across plasma membrane",0,-0.866831524400028,0.898651414106948
"GO:0140271","hexose import across plasma membrane",0,-0.866831524400028,0.898651414106948
"GO:0099150","regulation of postsynaptic specialization assembly",0,-0.870331657323611,0.87695832244119
"GO:0045292","mRNA cis splicing, via spliceosome",0,-0.863446706857097,0.88060463204044
"GO:1904889","regulation of excitatory synapse assembly",0,0.87991198104723,0.850968478360809
"GO:1990090","cellular response to nerve growth factor stimulus",0,-0.881620273737439,0.878591488675796
"GO:0007187","G protein-coupled receptor signaling pathway, coupled to cyclic nucleotide second messenger",0,-0.87607125688745,0.886821078220732
"GO:1904505","regulation of telomere maintenance in response to DNA damage",0,-0.875433719167807,0.867138197679577
"GO:0051321","meiotic cell cycle",0,0.871944243142113,0.903778213090216
"GO:0000018","regulation of DNA recombination",0,-0.852813895570091,0.929513405954022
"GO:1903321","negative regulation of protein modification by small protein conjugation or removal",0,-0.868207867017325,0.901637859312291
"GO:0061760","antifungal innate immune response",0,0.868177619202003,0.859224400628832
"GO:0141156","cAMP/PKA signal transduction",0,-0.868032005496258,0.896363924645358
"GO:0032717","negative regulation of interleukin-8 production",0,0.867791996459137,0.859224400628832
"GO:0043470","regulation of carbohydrate catabolic process",0,0.878712401885444,0.854738805482654
"GO:0014032","neural crest cell development",0,-0.875426743785958,0.887074991836998
"GO:0061462","protein localization to lysosome",0,0.876024534932357,0.855715320737395
"GO:0009156","ribonucleoside monophosphate biosynthetic process",0,0.880663109688798,0.85143796303748
"GO:1903305","regulation of regulated secretory pathway",0,0.876554980566781,0.876759768085521
"GO:0015833","peptide transport",0,0.859416311244378,0.921065627530826
"GO:0098659","inorganic cation import across plasma membrane",0,0.880654484433009,0.872152850068441
"GO:0099587","inorganic ion import across plasma membrane",0,0.880654484433009,0.872152850068441
"GO:1990089","response to nerve growth factor",0,-0.861723371732231,0.892684714754153
"GO:0006820","monoatomic anion transport",0,0.852419849185063,0.90537617429362
"GO:0016331","morphogenesis of embryonic epithelium",0,0.871681251895647,0.860807137305723
"GO:0006851","mitochondrial calcium ion transmembrane transport",0,0.867400962549539,0.858218580552867
"GO:0061615","glycolytic process through fructose-6-phosphate",0,-0.870342023374999,0.879223488275628
"GO:0007423","sensory organ development",0,0.872070159367742,0.929772670253627
"GO:0021549","cerebellum development",0,-0.859908839428938,0.903702722412958
"GO:1902882","regulation of response to oxidative stress",0,-0.869905189609339,0.879789930955544
"GO:0051653","spindle localization",0,0.876915873659071,0.855397876320694
"GO:0070884","regulation of calcineurin-NFAT signaling cascade",0,-0.86308793233964,0.884646833458046
"GO:0048645","animal organ formation",0,0.867819606252024,0.861030004277269
"GO:0006029","proteoglycan metabolic process",0,-0.867389075816779,0.915543977297534
"GO:0045445","myoblast differentiation",0,-0.86475372093855,0.908643571332624
"GO:0015749","monosaccharide transmembrane transport",0,0.858449729666856,0.884045461862159
"GO:1902905","positive regulation of supramolecular fiber organization",0,0.862829232332101,0.896828607501991
"GO:0007549","sex-chromosome dosage compensation",0,-0.86391966462155,0.878147207910152
"GO:0045542","positive regulation of cholesterol biosynthetic process",0,0.875679349011945,0.856432598457797
"GO:0106120","positive regulation of sterol biosynthetic process",0,0.875679349011945,0.856432598457797
"GO:0009306","protein secretion",0,-0.876394840174635,0.959230492659129
"GO:0055013","cardiac muscle cell development",0,-0.860814861621357,0.90063874379164
"GO:0000076","DNA replication checkpoint signaling",0,0.882933701510607,0.84603546122758
"GO:0097178","ruffle assembly",0,-0.863689543496521,0.883126004194797
"GO:0050732","negative regulation of peptidyl-tyrosine phosphorylation",0,0.860258577947171,0.861715307864666
"GO:0072525","pyridine-containing compound biosynthetic process",0,0.875777078620207,0.853794452866858
"GO:0046854","phosphatidylinositol phosphate biosynthetic process",0,0.856141630119488,0.883699553006964
"GO:0008645","hexose transmembrane transport",0,0.867742678094704,0.875427692399848
"GO:0000578","embryonic axis specification",0,0.864629589465708,0.861844047277107
"GO:0008334","histone mRNA metabolic process",0,-0.856156839207577,0.888135241185732
"GO:0010713","negative regulation of collagen metabolic process",0,-0.869990896087632,0.872527928745064
"GO:1902001","fatty acid transmembrane transport",0,-0.860748861517604,0.881451885732245
"GO:2001235","positive regulation of apoptotic signaling pathway",0,0.862025965309327,0.886249138064175
"GO:0006783","heme biosynthetic process",0,0.880853299981669,0.847419959678841
"GO:0046655","folic acid metabolic process",0,-0.855786138848897,0.884846803281625
"GO:0033013","tetrapyrrole metabolic process",0,-0.854343486015821,0.907768244973661
"GO:0030219","megakaryocyte differentiation",0,0.885429626082262,0.846626713555762
"GO:0032612","interleukin-1 production",0,0.850985999980527,0.898937157147397
"GO:0032652","regulation of interleukin-1 production",0,0.850985999980527,0.898937157147397
"GO:0010829","negative regulation of D-glucose transmembrane transport",0,-0.856691154966388,0.882377368792137
"GO:0090169","regulation of spindle assembly",0,-0.873990039051377,0.877854077643674
"GO:1903018","regulation of glycoprotein metabolic process",0,0.86687340788209,0.863866803928903
"GO:0018212","peptidyl-tyrosine modification",0,-0.859651027255788,0.927309615691227
"GO:1901987","regulation of cell cycle phase transition",0,0.862958945163537,0.945407339748994
"GO:1905168","positive regulation of double-strand break repair via homologous recombination",0,-0.874266611419373,0.881603443817717
"GO:0090075","relaxation of muscle",0,0.872794820710553,0.857952022653704
"GO:0045686","negative regulation of glial cell differentiation",0,-0.855593850916594,0.882377368792137
"GO:0046128","purine ribonucleoside metabolic process",0,-0.866416261116243,0.880298170195433
"GO:0032613","interleukin-10 production",0,-0.863912361424549,0.891730599061038
"GO:0032653","regulation of interleukin-10 production",0,-0.863912361424549,0.891730599061038
"GO:0002706","regulation of lymphocyte mediated immunity",0,0.857817935330325,0.904618181716436
"GO:0031098","stress-activated protein kinase signaling cascade",0,0.859025152677889,0.873298741081123
"GO:0045739","positive regulation of DNA repair",0,0.859890416182264,0.89342164482974
"GO:0045582","positive regulation of T cell differentiation",0,0.842340088335889,0.899964445974748
"GO:0032607","interferon-alpha production",0,0.860759344934296,0.866883322916941
"GO:0032647","regulation of interferon-alpha production",0,0.860759344934296,0.866883322916941
"GO:0045648","positive regulation of erythrocyte differentiation",0,0.872129572093384,0.855745221826755
"GO:0010507","negative regulation of autophagy",0,0.85087594085498,0.892090235789669
"GO:0098840","protein transport along microtubule",0,-0.86031125127912,0.883254239461597
"GO:0099118","microtubule-based protein transport",0,-0.86031125127912,0.883254239461597
"GO:0031281","positive regulation of cyclase activity",0,-0.869563024234448,0.875331161495885
"GO:0010996","response to auditory stimulus",0,-0.852495493555934,0.890374783261818
"GO:0036159","inner dynein arm assembly",0,-0.859239414928425,0.887180639782234
"GO:0045687","positive regulation of glial cell differentiation",0,0.859286485995192,0.867449082988276
"GO:0002438","acute inflammatory response to antigenic stimulus",0,-0.859073180023708,0.883442713170185
"GO:0009749","response to glucose",0,0.860581166505376,0.902630441641928
"GO:1900746","regulation of vascular endothelial growth factor signaling pathway",0,0.870588426703636,0.855745221826755
"GO:0045761","regulation of adenylate cyclase activity",0,-0.871078940179013,0.880891342296385
"GO:0061180","mammary gland epithelium development",0,0.870456558727684,0.855745221826755
"GO:0002228","natural killer cell mediated immunity",0,-0.860526782900108,0.907469512499189
"GO:1900034","regulation of cellular response to heat",0,-0.864222196212896,0.874616273924277
"GO:0010559","regulation of glycoprotein biosynthetic process",0,0.868485776499115,0.861298792860622
"GO:0098901","regulation of cardiac muscle cell action potential",0,-0.860088541172363,0.883303105641604
"GO:1903844","regulation of cellular response to transforming growth factor beta stimulus",0,-0.859599154726914,0.928477727117355
"GO:0001910","regulation of leukocyte mediated cytotoxicity",0,0.87846844579998,0.866061369336376
"GO:0000245","spliceosomal complex assembly",0,-0.857002432361262,0.910290504738094
"GO:0097468","programmed cell death in response to reactive oxygen species",0,-0.862728033165607,0.874616273924277
"GO:0034695","response to prostaglandin E",0,-0.86663999725947,0.876701849642452
"GO:0030857","negative regulation of epithelial cell differentiation",0,0.847223548180934,0.877298940316401
"GO:1902176","negative regulation of oxidative stress-induced intrinsic apoptotic signaling pathway",0,-0.869216884178937,0.882849177795341
"GO:0046173","polyol biosynthetic process",0,-0.863479475212166,0.89593261642151
"GO:0034605","cellular response to heat",0,0.858627482601995,0.872402431138891
"GO:0010288","response to lead ion",0,0.863481809688921,0.860904546297011
"GO:0010421","hydrogen peroxide-mediated programmed cell death",0,-0.861857690957752,0.882356414280613
"GO:0018108","peptidyl-tyrosine phosphorylation",0,-0.856972365110448,0.929132552822833
"GO:0002791","regulation of peptide secretion",0,0.856830415448421,0.906522922160611
"GO:1902600","proton transmembrane transport",0,0.865389732095671,0.895315218429291
"GO:0019693","ribose phosphate metabolic process",0,-0.860592867512893,0.973686835278651
"GO:0060544","regulation of necroptotic process",0,-0.848562383290043,0.890520567436738
"GO:0046473","phosphatidic acid metabolic process",0,0.856099480097109,0.86929152684004
"GO:0060055","angiogenesis involved in wound healing",0,0.857908222830536,0.868954697752338
"GO:0006568","L-tryptophan metabolic process",0,-0.860077854523986,0.875797551615447
"GO:0009259","ribonucleotide metabolic process",0,-0.858088184838755,0.977349747904598
"GO:0038034","signal transduction in absence of ligand",0,-0.847145951115809,0.900667166931462
"GO:0009119","ribonucleoside metabolic process",0,-0.852760635863286,0.886417111559167
"GO:0036498","IRE1-mediated unfolded protein response",0,0.850433802639266,0.871829453112645
"GO:0034389","lipid droplet organization",0,0.862895540763794,0.866867005781244
"GO:0045830","positive regulation of isotype switching",0,-0.846671935861507,0.889162386452028
"GO:0071786","endoplasmic reticulum tubular network organization",0,0.862037223367449,0.862821563359136
"GO:0000425","pexophagy",0,-0.858082851960953,0.883741441101826
"GO:0030242","autophagy of peroxisome",0,-0.858082851960953,0.883741441101826
"GO:0030850","prostate gland development",0,-0.850303934832871,0.886701378883536
"GO:0045661","regulation of myoblast differentiation",0,0.858568635160211,0.882611294550352
"GO:0034394","protein localization to cell surface",0,0.847433326494645,0.886613775945769
"GO:0001732","formation of cytoplasmic translation initiation complex",0,0.85522201852063,0.869401245554385
"GO:0098719","sodium ion import across plasma membrane",0,-0.863784042812795,0.88631709468857
"GO:0002335","mature B cell differentiation",0,-0.863598563607265,0.88631709468857
"GO:1902850","microtubule cytoskeleton organization involved in mitosis",0,-0.853683623958721,0.941341381535124
"GO:0031341","regulation of cell killing",0,0.846580309104717,0.899792159810648
"GO:2000193","positive regulation of fatty acid transport",0,0.861759054545502,0.869749750170566
"GO:0033629","negative regulation of cell adhesion mediated by integrin",0,-0.845613575780699,0.889807749050163
"GO:0048814","regulation of dendrite morphogenesis",0,-0.854044752314347,0.900814952546464
"GO:0032434","regulation of proteasomal ubiquitin-dependent protein catabolic process",0,0.870670343360801,0.879393128263629
"GO:0035279","miRNA-mediated gene silencing by mRNA destabilization",0,0.853197983441213,0.873944429367914
"GO:0140627","ubiquitin-dependent protein catabolic process via the C-end degron rule pathway",0,0.853842033307974,0.87013542739002
"GO:0033962","P-body assembly",0,0.859576160476852,0.865818305698512
"GO:0007215","glutamate receptor signaling pathway",0,0.871142081192231,0.861644076426606
"GO:0002181","cytoplasmic translation",0,0.858790614757653,0.909213207271455
"GO:0070979","protein K11-linked ubiquitination",0,-0.859437413637929,0.888717287010817
"GO:0110053","regulation of actin filament organization",0,0.858728346255098,0.914841127279812
"GO:0060113","inner ear receptor cell differentiation",0,-0.853112582794075,0.888745592950645
"GO:1904996","positive regulation of leukocyte adhesion to vascular endothelial cell",0,-0.85304164480314,0.88939535367353
"GO:0051298","centrosome duplication",0,-0.847693749816016,0.915672053202364
"GO:0110020","regulation of actomyosin structure organization",0,-0.841348088992538,0.930062442556441
"GO:0022011","myelination in peripheral nervous system",0,0.851709930727094,0.872567214957369
"GO:0032292","peripheral nervous system axon ensheathment",0,0.851709930727094,0.872567214957369
"GO:0006361","transcription initiation at RNA polymerase I promoter",0,-0.850196056079716,0.889684814144766
"GO:0010667","negative regulation of cardiac muscle cell apoptotic process",0,-0.847748328627148,0.888013125517211
"GO:0007032","endosome organization",0,-0.866415429630173,0.905392314707617
"GO:0043583","ear development",0,-0.852870636281046,0.923683813293479
"GO:1901298","regulation of hydrogen peroxide-mediated programmed cell death",0,-0.840634274196067,0.890586343496873
"GO:0038127","ERBB signaling pathway",0,0.852297430496568,0.902682300139716
"GO:0050919","negative chemotaxis",0,0.858772994707848,0.870809164829439
"GO:0034310","primary alcohol catabolic process",0,0.857389826869966,0.871332702552427
"GO:1902570","protein localization to nucleolus",0,-0.844757615334828,0.890013591480579
"GO:0046622","positive regulation of organ growth",0,-0.83971080321973,0.898920428606028
"GO:0009067","aspartate family amino acid biosynthetic process",0,0.856931335979568,0.871332702552427
"GO:0008154","actin polymerization or depolymerization",0,0.862097629248856,0.897797721416474
"GO:0000288","nuclear-transcribed mRNA catabolic process, deadenylation-dependent decay",0,0.85264815302313,0.887373239472123
"GO:0031018","endocrine pancreas development",0,-0.858853097092397,0.886904695132172
"GO:0090288","negative regulation of cellular response to growth factor stimulus",0,0.836656256512384,0.905807064195031
"GO:0006901","vesicle coating",0,-0.844074264710214,0.899961702789932
"GO:0070585","protein localization to mitochondrion",0,0.858754848589202,0.894074672725824
"GO:0036315","cellular response to sterol",0,-0.847192611189916,0.890091637483995
"GO:0072666","establishment of protein localization to vacuole",0,-0.83961680730188,0.911690146065453
"GO:0001578","microtubule bundle formation",0,-0.831576645981904,0.934041256331495
"GO:0061001","regulation of dendritic spine morphogenesis",0,0.843113190768181,0.886140335039013
"GO:0071305","cellular response to vitamin D",0,-0.843053298218863,0.889579926017948
"GO:1901524","regulation of mitophagy",0,-0.856807788622253,0.893922195429987
"GO:0071466","cellular response to xenobiotic stimulus",0,0.838229599840085,0.926272790384874
"GO:0044282","small molecule catabolic process",0,-0.851007435602568,0.983751898356048
"GO:0015693","magnesium ion transport",0,-0.842259485043744,0.890282940492417
"GO:1903830","magnesium ion transmembrane transport",0,-0.842259485043744,0.890282940492417
"GO:1902894","negative regulation of miRNA transcription",0,-0.836700102560075,0.902642975265355
"GO:1990822","basic amino acid transmembrane transport",0,-0.842040770553063,0.890282940492417
"GO:0043648","dicarboxylic acid metabolic process",0,0.8342826127301,0.90713298746257
"GO:0016072","rRNA metabolic process",0,-0.841180194581343,0.977628011354524
"GO:0030514","negative regulation of BMP signaling pathway",0,-0.855391954726875,0.895229768980721
"GO:0050730","regulation of peptidyl-tyrosine phosphorylation",0,0.832748817231502,0.906568148582011
"GO:0042790","nucleolar large rRNA transcription by RNA polymerase I",0,-0.846447113092583,0.891518080573743
"GO:0030902","hindbrain development",0,-0.835891714984117,0.927216172966225
"GO:0097192","extrinsic apoptotic signaling pathway in absence of ligand",0,-0.85467461547822,0.895344388957804
"GO:0043543","protein acylation",0,0.858740245720993,0.876507506048136
"GO:0006469","negative regulation of protein kinase activity",0,0.844665319811243,0.891701500698672
"GO:0048644","muscle organ morphogenesis",0,0.84377941943756,0.884117985265777
"GO:0060415","muscle tissue morphogenesis",0,0.84377941943756,0.884117985265777
"GO:0014821","phasic smooth muscle contraction",0,-0.847050501953982,0.884450078492304
"GO:0044088","regulation of vacuole organization",0,-0.837576893171429,0.916958580468799
"GO:0036010","protein localization to endosome",0,0.844301451556767,0.878340819564785
"GO:0015698","inorganic anion transport",0,0.825511090124668,0.936307089363246
"GO:0090087","regulation of peptide transport",0,0.850349389186685,0.919325217694669
"GO:0035902","response to immobilization stress",0,-0.844829644802635,0.891904027775357
"GO:2001185","regulation of CD8-positive, alpha-beta T cell activation",0,0.848010916423643,0.871014537049684
"GO:0002396","MHC protein complex assembly",0,-0.839214277283763,0.891687540918649
"GO:0002501","peptide antigen assembly with MHC protein complex",0,-0.839214277283763,0.891687540918649
"GO:0048634","regulation of muscle organ development",0,-0.833956199727855,0.899424889935159
"GO:0035107","appendage morphogenesis",0,-0.844232913294288,0.907932532790174
"GO:0035108","limb morphogenesis",0,-0.844232913294288,0.907932532790174
"GO:2001032","regulation of double-strand break repair via nonhomologous end joining",0,0.847078503917865,0.871014537049684
"GO:0033627","cell adhesion mediated by integrin",0,0.842164331526048,0.891395225130345
"GO:0051403","stress-activated MAPK cascade",0,0.862388645620313,0.868633461221876
"GO:1905144","response to acetylcholine",0,-0.839451219279472,0.907946781532118
"GO:0009110","vitamin biosynthetic process",0,-0.841441244493194,0.894476775544401
"GO:0032611","interleukin-1 beta production",0,0.833811134520822,0.907173937065935
"GO:0032651","regulation of interleukin-1 beta production",0,0.833811134520822,0.907173937065935
"GO:0009743","response to carbohydrate",0,0.837793372778256,0.929535527922378
"GO:0006417","regulation of translation",0,0.838264488112742,0.961663547558152
"GO:0001787","natural killer cell proliferation",0,0.840098523655012,0.880337228996842
"GO:0031340","positive regulation of vesicle fusion",0,-0.835128117098047,0.900125877925225
"GO:0010569","regulation of double-strand break repair via homologous recombination",0,-0.838016092768403,0.924334925328858
"GO:0035269","protein O-linked glycosylation via mannose",0,-0.829707778482411,0.895067768576049
"GO:0000041","transition metal ion transport",0,0.827512894888901,0.91412188339819
"GO:1902305","regulation of sodium ion transmembrane transport",0,-0.827877833403682,0.912483231143436
"GO:1902017","regulation of cilium assembly",0,0.827856682032647,0.905002631659469
"GO:1905664","regulation of calcium ion import across plasma membrane",0,0.847173906590325,0.872591207561141
"GO:0002385","mucosal immune response",0,-0.828604879633285,0.9061250332968
"GO:0031643","positive regulation of myelination",0,-0.833394188347861,0.896391329280225
"GO:0006907","pinocytosis",0,-0.837618531339912,0.896806612649391
"GO:0050731","positive regulation of peptidyl-tyrosine phosphorylation",0,0.827467400932293,0.902530811979604
"GO:0006874","intracellular calcium ion homeostasis",0,0.835902737627596,0.92710203520196
"GO:0006575","modified amino acid metabolic process",0,0.834894642786512,0.930192903782201
"GO:0003356","regulation of cilium beat frequency",0,0.83064290707791,0.883075895539944
"GO:0051937","catecholamine transport",0,-0.842305745703639,0.9093122772805
"GO:0046485","ether lipid metabolic process",0,-0.832774610545906,0.895960178602663
"GO:0000096","sulfur amino acid metabolic process",0,0.840617223279976,0.880871092258524
"GO:0009648","photoperiodism",0,-0.827336977885593,0.904894067465224
"GO:0043267","negative regulation of potassium ion transport",0,-0.83585219705804,0.899599634752858
"GO:0048565","digestive tract development",0,-0.836304201183431,0.926499992307927
"GO:2000641","regulation of early endosome to late endosome transport",0,-0.835426435168297,0.896981699459569
"GO:1904292","regulation of ERAD pathway",0,-0.826202296120893,0.9061250332968
"GO:0036314","response to sterol",0,-0.82605307397997,0.9061250332968
"GO:0044403","biological process involved in symbiotic interaction",0,0.82727225072469,0.936208849802977
"GO:0048730","epidermis morphogenesis",0,-0.838073333554258,0.890291666146989
"GO:0070646","protein modification by small protein removal",0,-0.825438804521015,0.950603084009699
"GO:0046513","ceramide biosynthetic process",0,-0.828835641679009,0.927042476834766
"GO:0006654","phosphatidic acid biosynthetic process",0,0.843792362842019,0.882289133395276
"GO:0071806","protein transmembrane transport",0,-0.830929270442812,0.929936664484145
"GO:0032233","positive regulation of actin filament bundle assembly",0,0.817451801108878,0.906022375459538
"GO:0032147","activation of protein kinase activity",0,0.843720766065634,0.884345247228134
"GO:0090316","positive regulation of intracellular protein transport",0,-0.844403538295294,0.928108423582784
"GO:0003254","regulation of membrane depolarization",0,0.839176210571229,0.889705416410418
"GO:1903376","regulation of oxidative stress-induced neuron intrinsic apoptotic signaling pathway",0,0.828573357000988,0.887176905862392
"GO:0021884","forebrain neuron development",0,0.827633886526542,0.88701331649417
"GO:1904294","positive regulation of ERAD pathway",0,-0.828893317804562,0.899027837894006
"GO:0046685","response to arsenic-containing substance",0,-0.82390588073839,0.906811614505351
"GO:0098732","macromolecule deacylation",0,0.829119716252176,0.893191780622003
"GO:0060043","regulation of cardiac muscle cell proliferation",0,0.841900981117176,0.881784142780298
"GO:0010506","regulation of autophagy",0,0.841605167326795,0.962729283683496
"GO:0040036","regulation of fibroblast growth factor receptor signaling pathway",0,0.826167652471976,0.889193366685
"GO:0042254","ribosome biogenesis",0,-0.837912784669673,0.989414660087145
"GO:1903514","release of sequestered calcium ion into cytosol by endoplasmic reticulum",0,-0.825777558801779,0.909172099616725
"GO:0006403","RNA localization",0,0.838492384052173,0.929874188734719
"GO:0141193","nuclear receptor-mediated signaling pathway",0,0.837324127601117,0.932396237611063
"GO:0048002","antigen processing and presentation of peptide antigen",0,0.849586916447405,0.880618642183402
"GO:0048592","eye morphogenesis",0,0.81100864304314,0.928136157363413
"GO:0052652","cyclic purine nucleotide metabolic process",0,-0.82152337422833,0.918425124254824
"GO:0009914","hormone transport",0,0.833031298861456,0.957842971373781
"GO:0070296","sarcoplasmic reticulum calcium ion transport",0,0.832007167716089,0.889772750031068
"GO:0044790","suppression of viral release by host",0,0.837923874892925,0.883642256331455
"GO:0045058","T cell selection",0,0.82900816838699,0.899211288439513
"GO:0090114","COPII-coated vesicle budding",0,-0.839216528928521,0.907800199611188
"GO:0050909","sensory perception of taste",0,-0.832697971366803,0.914566608812091
"GO:0098693","regulation of synaptic vesicle cycle",0,-0.832087163684841,0.898678796815817
"GO:0009130","pyrimidine nucleoside monophosphate biosynthetic process",0,0.825457449912346,0.88695986469681
"GO:0006081","aldehyde metabolic process",0,-0.830065903859051,0.929091516021716
"GO:1900407","regulation of cellular response to oxidative stress",0,0.836647005816148,0.884374495566667
"GO:1901264","carbohydrate derivative transport",0,-0.821966859099714,0.944296655887735
"GO:2000316","regulation of T-helper 17 type immune response",0,0.837066590996406,0.885841945435874
"GO:0006364","rRNA processing",0,-0.825308183432913,0.981782619234756
"GO:0072329","monocarboxylic acid catabolic process",0,-0.836232610622086,0.946394594412413
"GO:0030216","keratinocyte differentiation",0,0.826166936667196,0.926904929411368
"GO:0061620","glycolytic process through glucose-6-phosphate",0,-0.826922627292132,0.902441295103759
"GO:0061050","regulation of cell growth involved in cardiac muscle cell development",0,0.836067616235483,0.88077645594885
"GO:0043407","negative regulation of MAP kinase activity",0,0.82160210066208,0.891981782419391
"GO:0030858","positive regulation of epithelial cell differentiation",0,-0.826624958578537,0.923527038462743
"GO:0009187","cyclic nucleotide metabolic process",0,-0.82387884517636,0.92117192574068
"GO:1901526","positive regulation of mitophagy",0,-0.822490650200357,0.899292353315008
"GO:0051180","vitamin transport",0,-0.829469681904645,0.917047792556197
"GO:0003298","physiological muscle hypertrophy",0,0.830425023182098,0.880237276136684
"GO:0003301","physiological cardiac muscle hypertrophy",0,0.830425023182098,0.880237276136684
"GO:0061049","cell growth involved in cardiac muscle cell development",0,0.830425023182098,0.880237276136684
"GO:0002381","immunoglobulin production involved in immunoglobulin-mediated immune response",0,0.834554656905643,0.888174506236762
"GO:0007216","G protein-coupled glutamate receptor signaling pathway",0,0.826432404704317,0.88666598619447
"GO:1901990","regulation of mitotic cell cycle phase transition",0,0.833903089516083,0.960923858225705
"GO:0032509","endosome transport via multivesicular body sorting pathway",0,-0.834014514805672,0.90723355008485
"GO:0045191","regulation of isotype switching",0,-0.827974870998068,0.89508305930572
"GO:0141005","transposable element silencing by heterochromatin formation",0,-0.831590301793881,0.900681592232657
"GO:0019318","hexose metabolic process",0,-0.828597590932499,0.97579146582564
"GO:0051153","regulation of striated muscle cell differentiation",0,0.830307213356993,0.904137410690464
"GO:0021510","spinal cord development",0,0.823491600040638,0.897963889258527
"GO:0006855","xenobiotic transmembrane transport",0,0.832221598576879,0.882769077180629
"GO:0032963","collagen metabolic process",0,0.813232231159769,0.926196474005957
"GO:0051791","medium-chain fatty acid metabolic process",0,-0.816328356257828,0.905842609414091
"GO:0005996","monosaccharide metabolic process",0,-0.823471993405836,0.983764139282442
"GO:0048208","COPII vesicle coating",0,0.817181631063184,0.891609654478653
"GO:0008210","estrogen metabolic process",0,-0.832943495229296,0.904074017310409
"GO:0048308","organelle inheritance",0,-0.825594645081913,0.895263826587796
"GO:0048313","Golgi inheritance",0,-0.825594645081913,0.895263826587796
"GO:0006760","folic acid-containing compound metabolic process",0,0.823127315388736,0.890927943209793
"GO:0043266","regulation of potassium ion transport",0,0.822376341480984,0.908749999318103
"GO:0051053","negative regulation of DNA metabolic process",0,-0.820866986226937,0.959502937182594
"GO:0042752","regulation of circadian rhythm",0,-0.824834397876247,0.953488571872282
"GO:0061621","canonical glycolysis",0,-0.819922133209967,0.903289455082985
"GO:0061718","glucose catabolic process to pyruvate",0,-0.819922133209967,0.903289455082985
"GO:0010881","regulation of cardiac muscle contraction by regulation of the release of sequestered calcium ion",0,-0.821479626962921,0.903597807086114
"GO:0030510","regulation of BMP signaling pathway",0,0.825614793358688,0.912674349587199
"GO:0006790","sulfur compound metabolic process",0,0.822937146213456,0.961460876058599
"GO:0032964","collagen biosynthetic process",0,-0.829911337160698,0.91900163286518
"GO:1902808","positive regulation of cell cycle G1/S phase transition",0,0.818578543167457,0.908094094544489
"GO:0006275","regulation of DNA replication",0,0.836708236176516,0.911254262117797
"GO:0045666","positive regulation of neuron differentiation",0,0.804480146719814,0.918055438516822
"GO:0095500","acetylcholine receptor signaling pathway",0,-0.811057730912377,0.925138402338102
"GO:0050951","sensory perception of temperature stimulus",0,-0.820858320521958,0.904868049795718
"GO:0046641","positive regulation of alpha-beta T cell proliferation",0,-0.817153443439646,0.902779335563815
"GO:0051302","regulation of cell division",0,0.811648698913411,0.953525771530769
"GO:0045943","positive regulation of transcription by RNA polymerase I",0,0.82413933101159,0.892603026192259
"GO:0090174","organelle membrane fusion",0,-0.816280440496042,0.964696535460371
"GO:0048701","embryonic cranial skeleton morphogenesis",0,0.828398587186441,0.890518905853853
"GO:0043650","dicarboxylic acid biosynthetic process",0,0.828333218104817,0.890518905853853
"GO:0032506","cytokinetic process",0,-0.825669418818152,0.922580853374229
"GO:0090128","regulation of synapse maturation",0,-0.816226356068904,0.914030008499723
"GO:0001845","phagolysosome assembly",0,0.827834708552476,0.890518905853853
"GO:0019369","arachidonate metabolic process",0,-0.822990604102883,0.928534622886644
"GO:0035148","tube formation",0,0.819939651683073,0.911046863218374
"GO:0043010","camera-type eye development",0,0.80824876199621,0.966504488558233
"GO:0051492","regulation of stress fiber assembly",0,-0.82155527423575,0.944591973626372
"GO:0000956","nuclear-transcribed mRNA catabolic process",0,0.804153672173825,0.94857303846246
"GO:0043252","sodium-independent organic anion transport",0,0.826732650749998,0.890518905853853
"GO:0034315","regulation of Arp2/3 complex-mediated actin nucleation",0,0.813579743047028,0.895878119502206
"GO:0032528","microvillus organization",0,0.81338557990079,0.895878119502206
"GO:0002832","negative regulation of response to biotic stimulus",0,0.830487517075731,0.921220513394844
"GO:0042461","photoreceptor cell development",0,-0.827295696555687,0.906350949784165
"GO:0072530","purine-containing compound transmembrane transport",0,0.819461546313196,0.897575536982712
"GO:2000042","negative regulation of double-strand break repair via homologous recombination",0,-0.816929437657829,0.907449153467161
"GO:0043457","regulation of cellular respiration",0,0.816131498292916,0.902111030690797
"GO:0045762","positive regulation of adenylate cyclase activity",0,-0.813440274231435,0.904380506471996
"GO:0035924","cellular response to vascular endothelial growth factor stimulus",0,0.820564434463286,0.908887889184058
"GO:0009074","aromatic amino acid family catabolic process",0,-0.816371719218466,0.908298931633816
"GO:0000422","autophagy of mitochondrion",0,-0.821049928554359,0.95572364261725
"GO:1904321","response to forskolin",0,0.824260256859063,0.891675735789452
"GO:0043467","regulation of generation of precursor metabolites and energy",0,-0.811362603522995,0.966508721083762
"GO:0051988","regulation of attachment of spindle microtubules to kinetochore",0,-0.817451050482358,0.908138065718571
"GO:0031032","actomyosin structure organization",0,0.816949785316077,0.951091345602113
"GO:0006520","amino acid metabolic process",0,-0.811773641510034,0.992617229096105
"GO:0009408","response to heat",0,-0.806352523824557,0.953372128011665
"GO:0021680","cerebellar Purkinje cell layer development",0,-0.807721126771574,0.908433862194419
"GO:0098739","import across plasma membrane",0,0.812165218210164,0.972130453776714
"GO:2001023","regulation of response to drug",0,-0.810308619576783,0.91673740129474
"GO:0002369","T cell cytokine production",0,-0.801900139600121,0.930483975433816
"GO:0002724","regulation of T cell cytokine production",0,-0.801900139600121,0.930483975433816
"GO:0098534","centriole assembly",0,-0.822479965839675,0.923709820007723
"GO:0090200","positive regulation of release of cytochrome c from mitochondria",0,0.808213798328014,0.899448441151351
"GO:0045725","positive regulation of glycogen biosynthetic process",0,0.82168672787481,0.891856168223731
"GO:2000278","regulation of DNA biosynthetic process",0,0.801572608020112,0.929233649895303
"GO:0032727","positive regulation of interferon-alpha production",0,-0.813651260678392,0.912520820433504
"GO:0001709","cell fate determination",0,0.817647107169253,0.89287758769921
"GO:0034163","regulation of toll-like receptor 9 signaling pathway",0,0.817335813682769,0.893526240398511
"GO:0009953","dorsal/ventral pattern formation",0,0.820383405192666,0.902460076302944
"GO:0033157","regulation of intracellular protein transport",0,0.81283260668108,0.938245804151291
"GO:0014808","release of sequestered calcium ion into cytosol by sarcoplasmic reticulum",0,0.821406977442133,0.899753229589312
"GO:0060143","positive regulation of syncytium formation by plasma membrane fusion",0,-0.805272171609669,0.910081623172578
"GO:0045671","negative regulation of osteoclast differentiation",0,-0.808733747214962,0.916001170497522
"GO:0045453","bone resorption",0,0.817476366128559,0.902947740739204
"GO:0045454","cell redox homeostasis",0,0.795138709203282,0.916397431096899
"GO:0006906","vesicle fusion",0,-0.811941655837176,0.967126852819168
"GO:0038202","TORC1 signaling",0,0.809757025502716,0.933614617494252
"GO:2000104","negative regulation of DNA-templated DNA replication",0,0.819669822676606,0.888283566164664
"GO:0097306","cellular response to alcohol",0,-0.81654783847473,0.953602596649379
"GO:0007035","vacuolar acidification",0,0.818820609791746,0.90149270614747
"GO:0031503","protein-containing complex localization",0,-0.795021734349007,0.957713725832708
"GO:0032885","regulation of polysaccharide biosynthetic process",0,-0.806696941227923,0.921342758652305
"GO:0072109","glomerular mesangium development",0,0.810174116219701,0.893535475056463
"GO:0071901","negative regulation of protein serine/threonine kinase activity",0,-0.808013257401364,0.917722956580307
"GO:0009247","glycolipid biosynthetic process",0,0.797576984772264,0.938062328259386
"GO:0055123","digestive system development",0,-0.807615454352208,0.951295439751428
"GO:0009142","nucleoside triphosphate biosynthetic process",0,0.811797856837681,0.924815221998278
"GO:0098703","calcium ion import across plasma membrane",0,0.806583511511521,0.907112253168743
"GO:1902656","calcium ion import into cytosol",0,0.806583511511521,0.907112253168743
"GO:0055010","ventricular cardiac muscle tissue morphogenesis",0,-0.82012225391813,0.918472611113197
"GO:0051438","regulation of ubiquitin-protein transferase activity",0,0.815344690520951,0.898258465909185
"GO:2000318","positive regulation of T-helper 17 type immune response",0,-0.810410423548737,0.912201826688046
"GO:0032720","negative regulation of tumor necrosis factor production",0,0.806967881327396,0.910538154751448
"GO:0046039","GTP metabolic process",0,0.804371465702257,0.90051561394858
"GO:0035315","hair cell differentiation",0,0.807918343286825,0.900804578518204
"GO:0034103","regulation of tissue remodeling",0,0.809260076249294,0.915421789665773
"GO:0006623","protein targeting to vacuole",0,-0.79488540799095,0.935676527885533
"GO:0097066","response to thyroid hormone",0,0.814996802372814,0.891609926793762
"GO:0009100","glycoprotein metabolic process",0,0.80433600771056,0.987330232935279
"GO:0051882","mitochondrial depolarization",0,-0.802818358858252,0.911365771501955
"GO:1904046","negative regulation of vascular endothelial growth factor production",0,0.804021196566479,0.905790876930796
"GO:0034391","regulation of smooth muscle cell apoptotic process",0,-0.796764318529343,0.923932627068192
"GO:0070527","platelet aggregation",0,0.80937463128821,0.919844418386974
"GO:0035357","peroxisome proliferator activated receptor signaling pathway",0,0.832747616946347,0.886105946254625
"GO:0006787","porphyrin-containing compound catabolic process",0,-0.80850203247934,0.912505115737426
"GO:0033015","tetrapyrrole catabolic process",0,-0.80850203247934,0.912505115737426
"GO:0051955","regulation of amino acid transport",0,0.808765744355797,0.900089009556607
"GO:1902175","regulation of oxidative stress-induced intrinsic apoptotic signaling pathway",0,-0.794511483022015,0.935004374509891
"GO:1902547","regulation of cellular response to vascular endothelial growth factor stimulus",0,0.803051211269438,0.90561647305693
"GO:0003184","pulmonary valve morphogenesis",0,-0.801985235711577,0.915484985045827
"GO:0034110","regulation of homotypic cell-cell adhesion",0,0.803012062602422,0.908841466342902
"GO:0038084","vascular endothelial growth factor signaling pathway",0,0.811125716349576,0.909268969533556
"GO:0006497","protein lipidation",0,-0.806118120653273,0.927339306097975
"GO:0043009","chordate embryonic development",0,0.803650413042021,0.967851917887605
"GO:0061384","heart trabecula morphogenesis",0,0.797445407599184,0.906723692064909
"GO:1903556","negative regulation of tumor necrosis factor superfamily cytokine production",0,0.796333577717518,0.924188122676355
"GO:0010712","regulation of collagen metabolic process",0,-0.811128437633405,0.92351739142492
"GO:0044839","cell cycle G2/M phase transition",0,-0.785227639190728,0.987710469910602
"GO:0051881","regulation of mitochondrial membrane potential",0,0.803723652001546,0.916971505731005
"GO:0090287","regulation of cellular response to growth factor stimulus",0,0.796859773959062,0.982306243383975
"GO:0071229","cellular response to acid chemical",0,-0.798287839261655,0.949048678378126
"GO:1901224","positive regulation of non-canonical NF-kappaB signal transduction",0,0.792058962480025,0.93034598391098
"GO:0009755","hormone-mediated signaling pathway",0,0.802568692309417,0.970166254881751
"GO:0009880","embryonic pattern specification",0,0.799805478788599,0.920591268516973
"GO:0098926","postsynaptic signal transduction",0,-0.79979631378682,0.938902598297884
"GO:0050684","regulation of mRNA processing",0,0.787583807258562,0.96343398985718
"GO:0034112","positive regulation of homotypic cell-cell adhesion",0,-0.799834949704687,0.918269967946767
"GO:0042402","biogenic amine catabolic process",0,-0.803914656718027,0.908623501963633
"GO:0051146","striated muscle cell differentiation",0,0.803585729911577,0.974677650847768
"GO:0034440","lipid oxidation",0,0.79649489055211,0.941542105508535
"GO:0006110","regulation of glycolytic process",0,0.799011413760556,0.920591268516973
"GO:0030811","regulation of nucleotide catabolic process",0,0.799011413760556,0.920591268516973
"GO:0033121","regulation of purine nucleotide catabolic process",0,0.799011413760556,0.920591268516973
"GO:0045663","positive regulation of myoblast differentiation",0,-0.809254483089687,0.92735685411063
"GO:0006678","glucosylceramide metabolic process",0,0.791242395254117,0.906143901349135
"GO:1903409","reactive oxygen species biosynthetic process",0,0.796853480953188,0.924844831486961
"GO:0008038","neuron recognition",0,0.795544302822125,0.917359739367295
"GO:2000179","positive regulation of neural precursor cell proliferation",0,-0.79595190880894,0.928386403300249
"GO:0001942","hair follicle development",0,0.790425424902006,0.921377569359798
"GO:1904356","regulation of telomere maintenance via telomere lengthening",0,0.797534671475367,0.921295673092888
"GO:0061005","cell differentiation involved in kidney development",0,-0.795639997441421,0.937003133234643
"GO:0044804","nucleophagy",0,-0.79933862988339,0.921307056663219
"GO:0051315","attachment of mitotic spindle microtubules to kinetochore",0,-0.788742935545283,0.929115657916545
"GO:0032365","intracellular lipid transport",0,-0.802835284611592,0.936562967193589
"GO:1903670","regulation of sprouting angiogenesis",0,0.799740814796036,0.912580120873178
"GO:0002251","organ or tissue specific immune response",0,-0.796099100443187,0.925229250155481
"GO:0043299","leukocyte degranulation",0,0.802856913213028,0.924625878343628
"GO:0055093","response to hyperoxia",0,0.793400329947644,0.904971619647405
"GO:1905288","vascular associated smooth muscle cell apoptotic process",0,-0.782412011753159,0.919193221500147
"GO:1905459","regulation of vascular associated smooth muscle cell apoptotic process",0,-0.782412011753159,0.919193221500147
"GO:0045104","intermediate filament cytoskeleton organization",0,0.800568567326374,0.934244569675186
"GO:0031128","developmental induction",0,0.793185526275755,0.904971619647405
"GO:0060259","regulation of feeding behavior",0,-0.79400615003612,0.930250027062243
"GO:0071468","cellular response to acidic pH",0,-0.794249459059488,0.919162049930673
"GO:0007585","respiratory gaseous exchange by respiratory system",0,0.79991023910995,0.907608282088113
"GO:0032107","regulation of response to nutrient levels",0,-0.795934739177647,0.930119812882255
"GO:0045123","cellular extravasation",0,-0.792830198449868,0.959495396025095
"GO:0048015","phosphatidylinositol-mediated signaling",0,-0.795935876600881,0.923177120117809
"GO:0043328","protein transport to vacuole involved in ubiquitin-dependent protein catabolic process via the multivesicular body sorting pathway",0,0.792585871259671,0.904971619647405
"GO:0016051","carbohydrate biosynthetic process",0,-0.799601353449297,0.98847793378437
"GO:0099563","modification of synaptic structure",0,-0.785650082919997,0.939920865638616
"GO:0071985","multivesicular body sorting pathway",0,-0.78614973921121,0.944113319016778
"GO:0034405","response to fluid shear stress",0,0.788547428787803,0.931331994766064
"GO:0071498","cellular response to fluid shear stress",0,0.791089206511523,0.92048044500897
"GO:0046148","pigment biosynthetic process",0,-0.787393782691137,0.948544781057838
"GO:0010954","positive regulation of protein processing",0,-0.794239253335792,0.920343690560244
"GO:0090330","regulation of platelet aggregation",0,0.792828048172419,0.911116334599636
"GO:0042573","retinoic acid metabolic process",0,-0.78554399673001,0.928674609957926
"GO:0006298","mismatch repair",0,0.802376150583676,0.910762234504192
"GO:0032231","regulation of actin filament bundle assembly",0,-0.787069484822543,0.970293647480095
"GO:0042572","retinol metabolic process",0,-0.792616335649565,0.942016766793042
"GO:0031570","DNA integrity checkpoint signaling",0,-0.795938303871085,0.976625495242921
"GO:0045103","intermediate filament-based process",0,0.781730196648249,0.948749624554629
"GO:0061138","morphogenesis of a branching epithelium",0,0.800398075341831,0.933313471565822
"GO:1903319","positive regulation of protein maturation",0,-0.79845823131157,0.919591945755719
"GO:1905145","cellular response to acetylcholine",0,-0.801378248316623,0.931641047752076
"GO:0006677","glycosylceramide metabolic process",0,-0.787623225292164,0.921938761258952
"GO:0006312","mitotic recombination",0,0.800188057393413,0.907195585588471
"GO:0006363","termination of RNA polymerase I transcription",0,-0.777862326043897,0.924660635571287
"GO:0042558","pteridine-containing compound metabolic process",0,0.779983076491993,0.921837918814074
"GO:0046328","regulation of JNK cascade",0,0.788798781919747,0.964836898417099
"GO:0006892","post-Golgi vesicle-mediated transport",0,0.79607559676397,0.946071331689675
"GO:0051900","regulation of mitochondrial depolarization",0,-0.793558307796297,0.914555451144098
"GO:0046822","regulation of nucleocytoplasmic transport",0,0.793211576262471,0.942953772845149
"GO:0034390","smooth muscle cell apoptotic process",0,-0.781932257950868,0.9301135494468
"GO:0019884","antigen processing and presentation of exogenous antigen",0,0.808874063930214,0.908067188787705
"GO:0000028","ribosomal small subunit assembly",0,0.79414820385519,0.904270624663491
"GO:0007099","centriole replication",0,0.808627575984037,0.908067188787705
"GO:0033631","cell-cell adhesion mediated by integrin",0,0.815833145546164,0.895555964534304
"GO:0003148","outflow tract septum morphogenesis",0,-0.790576816388238,0.925379928165175
"GO:0042182","ketone catabolic process",0,-0.780511922117311,0.921671944703448
"GO:0007260","tyrosine phosphorylation of STAT protein",0,-0.778598593394549,0.945381525199098
"GO:0009309","amine biosynthetic process",0,-0.785818685944251,0.934256338959082
"GO:0033673","negative regulation of kinase activity",0,0.807226509305151,0.92550844277967
"GO:0046850","regulation of bone remodeling",0,0.795599040797695,0.919773112377346
"GO:0150117","positive regulation of cell-substrate junction organization",0,0.795934740474908,0.916287326888446
"GO:1904357","negative regulation of telomere maintenance via telomere lengthening",0,0.795469440262058,0.909150734194137
"GO:0050996","positive regulation of lipid catabolic process",0,0.801555105265967,0.907073643582722
"GO:0035751","regulation of lysosomal lumen pH",0,0.801414174899829,0.907073643582722
"GO:0072539","T-helper 17 cell differentiation",0,0.798629530187879,0.920867314750925
"GO:1901798","positive regulation of signal transduction by p53 class mediator",0,-0.780994446518447,0.93931647446866
"GO:0042445","hormone metabolic process",0,0.800966405680482,0.965538159308027
"GO:0042401","biogenic amine biosynthetic process",0,-0.783517135825886,0.936404294243223
"GO:0010882","regulation of cardiac muscle contraction by calcium ion signaling",0,-0.782566265357718,0.93073675861436
"GO:0034643","establishment of mitochondrion localization, microtubule-mediated",0,-0.7822058288176,0.93073675861436
"GO:0047497","mitochondrion transport along microtubule",0,-0.7822058288176,0.93073675861436
"GO:0032495","response to muramyl dipeptide",0,-0.788691794385267,0.921780643427729
"GO:0007033","vacuole organization",0,-0.791529041874402,0.995747309513981
"GO:0033138","positive regulation of peptidyl-serine phosphorylation",0,0.78274172706577,0.91312425744126
"GO:0051481","negative regulation of cytosolic calcium ion concentration",0,0.781581577396069,0.909427899955723
"GO:2000622","regulation of nuclear-transcribed mRNA catabolic process, nonsense-mediated decay",0,0.79333460761229,0.903518173763163
"GO:0006356","regulation of transcription by RNA polymerase I",0,0.787207450627979,0.921521566474099
"GO:0010758","regulation of macrophage chemotaxis",0,0.798864275929806,0.907761884010349
"GO:0006476","protein deacetylation",0,0.798574431060234,0.907761884010349
"GO:0034122","negative regulation of toll-like receptor signaling pathway",0,0.780559077112071,0.910014056118
"GO:0071880","adenylate cyclase-activating adrenergic receptor signaling pathway",0,-0.779883463950405,0.923238736680647
"GO:0099638","endosome to plasma membrane protein transport",0,-0.786123337011361,0.917135480453667
"GO:0170041","non-proteinogenic amino acid metabolic process",0,-0.775261178691867,0.95597798885676
"GO:0010770","positive regulation of cell morphogenesis",0,-0.780688768370225,0.93794774773757
"GO:0018146","keratan sulfate proteoglycan biosynthetic process",0,0.790737569406184,0.907398466966693
"GO:0071391","cellular response to estrogen stimulus",0,0.791096634551873,0.906788380509528
"GO:0042440","pigment metabolic process",0,-0.782515837230175,0.965318179293452
"GO:0055008","cardiac muscle tissue morphogenesis",0,0.782285802608257,0.930046400434951
"GO:1905710","positive regulation of membrane permeability",0,0.789316682911465,0.919826532033988
"GO:0006488","dolichol-linked oligosaccharide biosynthetic process",0,0.786739820646698,0.908853545908733
"GO:0061351","neural precursor cell proliferation",0,0.779822067945853,0.957256512651804
"GO:0019885","antigen processing and presentation of endogenous peptide antigen via MHC class I",0,-0.778212203504371,0.927018606440527
"GO:0070886","positive regulation of calcineurin-NFAT signaling cascade",0,-0.779671514057455,0.929381556556472
"GO:0106058","positive regulation of calcineurin-mediated signaling",0,-0.779671514057455,0.929381556556472
"GO:0061383","trabecula morphogenesis",0,0.796216205456485,0.909096325912016
"GO:1902042","negative regulation of extrinsic apoptotic signaling pathway via death domain receptors",0,0.782039341640028,0.915200826121284
"GO:0006006","glucose metabolic process",0,0.785192477267039,0.971549603338646
"GO:0141162","negative regulation of cAMP/PKA signal transduction",0,-0.790034965031999,0.929732106784526
"GO:2000352","negative regulation of endothelial cell apoptotic process",0,-0.772621539859138,0.933893635694167
"GO:1903580","positive regulation of ATP metabolic process",0,0.78882401809243,0.919010282551529
"GO:0048754","branching morphogenesis of an epithelial tube",0,0.779857549254478,0.945706068776097
"GO:0060766","negative regulation of androgen receptor signaling pathway",0,0.787345543901715,0.90861828716618
"GO:0035967","cellular response to topologically incorrect protein",0,0.766832971816125,0.967709883052153
"GO:0001701","in utero embryonic development",0,-0.78120196430517,0.965033548747355
"GO:0048844","artery morphogenesis",0,0.779408849144072,0.933132925926852
"GO:0016239","positive regulation of macroautophagy",0,0.781082913772552,0.947017091476467
"GO:0000380","alternative mRNA splicing, via spliceosome",0,0.786517047740185,0.943167031000394
"GO:2000629","negative regulation of miRNA metabolic process",0,-0.770277016128362,0.936539249202639
"GO:0010458","exit from mitosis",0,0.786790845229293,0.917323417688788
"GO:0009310","amine catabolic process",0,-0.781277630474366,0.925935406360601
"GO:0055119","relaxation of cardiac muscle",0,-0.774716332799261,0.926832047512727
"GO:0007213","G protein-coupled acetylcholine receptor signaling pathway",0,-0.774076562042768,0.929607832343737
"GO:0002088","lens development in camera-type eye",0,0.769195163360052,0.945630664121021
"GO:0002714","positive regulation of B cell mediated immunity",0,0.781784414196886,0.909184882951825
"GO:0002891","positive regulation of immunoglobulin mediated immune response",0,0.781784414196886,0.909184882951825
"GO:0002360","T cell lineage commitment",0,-0.773796864336601,0.945411668507149
"GO:0042026","protein refolding",0,0.77737406630323,0.920234121302813
"GO:0006518","peptide metabolic process",0,0.776219529566166,0.933698556596954
"GO:0035051","cardiocyte differentiation",0,-0.784578210641535,0.979927145959569
"GO:0098734","macromolecule depalmitoylation",0,-0.780444836567517,0.920773026434931
"GO:0046546","development of primary male sexual characteristics",0,0.784446328891827,0.944497785763035
"GO:0050775","positive regulation of dendrite morphogenesis",0,-0.776138936890346,0.941982145661722
"GO:0002474","antigen processing and presentation of peptide antigen via MHC class I",0,-0.776015286977717,0.941982145661722
"GO:0032682","negative regulation of chemokine production",0,0.770757401675994,0.921796073646665
"GO:0042509","regulation of tyrosine phosphorylation of STAT protein",0,-0.771749131870381,0.947147009297863
"GO:0080154","regulation of fertilization",0,-0.766966448036739,0.928374362353063
"GO:0046164","alcohol catabolic process",0,-0.772233231683804,0.943324533958842
"GO:0002523","leukocyte migration involved in inflammatory response",0,-0.774281822446575,0.928107009033604
"GO:0048207","vesicle targeting, rough ER to cis-Golgi",0,0.775121373317498,0.920979060743042
"GO:0120254","olefinic compound metabolic process",0,0.777363053081369,0.974693759917328
"GO:0015695","organic cation transport",0,-0.782027937875955,0.98047138265659
"GO:0019886","antigen processing and presentation of exogenous peptide antigen via MHC class II",0,0.768237519279073,0.919529372483341
"GO:0033628","regulation of cell adhesion mediated by integrin",0,0.780996476004312,0.930234670206878
"GO:0006164","purine nucleotide biosynthetic process",0,0.76432503124191,0.980920315676487
"GO:0071425","hematopoietic stem cell proliferation",0,0.777824229414625,0.912230206982296
"GO:2000573","positive regulation of DNA biosynthetic process",0,-0.782577796983482,0.945411668507149
"GO:0042178","xenobiotic catabolic process",0,-0.764073277479491,0.939529901320951
"GO:1901293","nucleoside phosphate biosynthetic process",0,0.782891878505586,0.991120154262023
"GO:2000047","regulation of cell-cell adhesion mediated by cadherin",0,0.775808405146506,0.91296675312361
"GO:0045665","negative regulation of neuron differentiation",0,0.774790390387896,0.924527323802633
"GO:0048384","retinoic acid receptor signaling pathway",0,0.775088372213222,0.921422820938351
"GO:0006998","nuclear envelope organization",0,-0.77169342938482,0.9603433874279
"GO:0001824","blastocyst development",0,-0.766438147475954,0.935135921853997
"GO:0044241","lipid digestion",0,-0.774253192629195,0.92360418382432
"GO:0046661","male sex differentiation",0,0.774165939636157,0.954787105522581
"GO:0071715","icosanoid transport",0,0.769754390535514,0.937113018930092
"GO:0060765","regulation of androgen receptor signaling pathway",0,-0.779260609658516,0.937476546013846
"GO:0010833","telomere maintenance via telomere lengthening",0,0.769053117326554,0.946435657204989
"GO:0071636","positive regulation of transforming growth factor beta production",0,-0.772164539529926,0.929227275240199
"GO:0002399","MHC class II protein complex assembly",0,-0.761689998990889,0.930231794856191
"GO:0002503","peptide antigen assembly with MHC class II protein complex",0,-0.761689998990889,0.930231794856191
"GO:0097581","lamellipodium organization",0,-0.780321245168891,0.968594921082493
"GO:0031665","negative regulation of lipopolysaccharide-mediated signaling pathway",0,0.764950302483084,0.920174590843695
"GO:0014014","negative regulation of gliogenesis",0,-0.777562685210109,0.938684886082573
"GO:0140058","neuron projection arborization",0,0.766181001458911,0.93064053933609
"GO:0006754","ATP biosynthetic process",0,0.768345089655792,0.948980635882308
"GO:0032328","alanine transport",0,0.764584632786688,0.920174590843695
"GO:0022037","metencephalon development",0,-0.762356577030856,0.969738613234008
"GO:0031529","ruffle organization",0,0.7642021342835,0.938070407073062
"GO:0042147","retrograde transport, endosome to Golgi",0,-0.77718804508661,0.974401814882079
"GO:0002483","antigen processing and presentation of endogenous peptide antigen",0,-0.766990509059126,0.937465234301945
"GO:0022404","molting cycle process",0,0.785397820576253,0.925708428148419
"GO:0022405","hair cycle process",0,0.785397820576253,0.925708428148419
"GO:0042446","hormone biosynthetic process",0,-0.768225909700968,0.965376150185729
"GO:0048169","regulation of long-term neuronal synaptic plasticity",0,-0.763175970958841,0.932107854751429
"GO:0042278","purine nucleoside metabolic process",0,-0.764016363425399,0.937123392459778
"GO:0008360","regulation of cell shape",0,0.76331097361386,0.973309988432871
"GO:0010469","regulation of signaling receptor activity",0,-0.777975522420369,0.94412876387093
"GO:0001763","morphogenesis of a branching structure",0,0.767707718189077,0.95956073799623
"GO:0006084","acetyl-CoA metabolic process",0,-0.775053536417198,0.949399936571491
"GO:0006766","vitamin metabolic process",0,-0.760207207166341,0.951694410697728
"GO:0055022","negative regulation of cardiac muscle tissue growth",0,0.762534344673918,0.920337351018722
"GO:0061117","negative regulation of heart growth",0,0.762534344673918,0.920337351018722
"GO:0071711","basement membrane organization",0,-0.757357579283036,0.944162466373588
"GO:0170039","proteinogenic amino acid metabolic process",0,-0.769546761109553,0.994218365618014
"GO:0046824","positive regulation of nucleocytoplasmic transport",0,0.770118120907357,0.943589539069947
"GO:0046326","positive regulation of D-glucose import across plasma membrane",0,0.789305884863359,0.916084083881603
"GO:0035601","protein deacylation",0,0.766776440704676,0.92960673759716
"GO:0046330","positive regulation of JNK cascade",0,0.780693266341401,0.952058233190064
"GO:0051646","mitochondrion localization",0,-0.761752710033776,0.960715146883595
"GO:0051098","regulation of binding",0,-0.760989798428197,0.977050205207539
"GO:0033688","regulation of osteoblast proliferation",0,-0.757258675992569,0.941258496297992
"GO:0008543","fibroblast growth factor receptor signaling pathway",0,0.761198008902827,0.955066031863588
"GO:0008584","male gonad development",0,0.751177766479141,0.965788612323297
"GO:0031398","positive regulation of protein ubiquitination",0,0.764227710361913,0.962311080140427
"GO:0002711","positive regulation of T cell mediated immunity",0,-0.755016965760138,0.971880187479452
"GO:2000404","regulation of T cell migration",0,0.756532534839608,0.945514750175386
"GO:0032211","negative regulation of telomere maintenance via telomerase",0,0.755131258635234,0.92874322916379
"GO:0055007","cardiac muscle cell differentiation",0,-0.774271393050742,0.977070103631272
"GO:0048821","erythrocyte development",0,0.773329394228223,0.924247036109086
"GO:0010830","regulation of myotube differentiation",0,-0.756348404698845,0.953384219899757
"GO:0045653","negative regulation of megakaryocyte differentiation",0,0.752090987886063,0.916958580468799
"GO:0006590","thyroid hormone generation",0,-0.755279392256655,0.937142152625889
"GO:0007141","male meiosis I",0,-0.754988226554657,0.937598892771539
"GO:0007004","telomere maintenance via telomerase",0,-0.751391094638494,0.971684873014419
"GO:0032891","negative regulation of organic acid transport",0,-0.754246028133526,0.941408867987041
"GO:0032608","interferon-beta production",0,0.751941782745885,0.956232621325893
"GO:0032648","regulation of interferon-beta production",0,0.751941782745885,0.956232621325893
"GO:0042531","positive regulation of tyrosine phosphorylation of STAT protein",0,-0.757929448015836,0.95074195799022
"GO:2000765","regulation of cytoplasmic translation",0,0.749958522892674,0.946886461914198
"GO:0031294","lymphocyte costimulation",0,0.749667331880436,0.946886461914198
"GO:0007095","mitotic G2 DNA damage checkpoint signaling",0,-0.749292756153391,0.948501936488889
"GO:0016266","protein O-linked glycosylation via N-acetyl-galactosamine",0,-0.768853152689976,0.9489937072237
"GO:0035303","regulation of dephosphorylation",0,-0.754755437300277,0.940953170965161
"GO:0007096","regulation of exit from mitosis",0,0.763894735148551,0.921780576069423
"GO:0045981","positive regulation of nucleotide metabolic process",0,-0.753952036220653,0.953547640132919
"GO:1900544","positive regulation of purine nucleotide metabolic process",0,-0.753952036220653,0.953547640132919
"GO:0051054","positive regulation of DNA metabolic process",0,0.751013404265596,0.998380374301261
"GO:0098810","neurotransmitter reuptake",0,-0.755344809193234,0.952838349690549
"GO:0006779","porphyrin-containing compound biosynthetic process",0,0.753561271454228,0.938594157516552
"GO:0033014","tetrapyrrole biosynthetic process",0,0.753561271454228,0.938594157516552
"GO:0044539","long-chain fatty acid import into cell",0,0.763129002116494,0.921530067886352
"GO:0044344","cellular response to fibroblast growth factor stimulus",0,0.750591140570662,0.967814421512315
"GO:0051150","regulation of smooth muscle cell differentiation",0,-0.754356050423557,0.948333014407631
"GO:0032401","establishment of melanosome localization",0,-0.751045960582971,0.943817997896949
"GO:0051905","establishment of pigment granule localization",0,-0.751045960582971,0.943817997896949
"GO:0036158","outer dynein arm assembly",0,-0.749764249718546,0.933510738765079
"GO:0051147","regulation of muscle cell differentiation",0,0.751568739337771,0.977808727614389
"GO:0045010","actin nucleation",0,0.758248095110807,0.945571213876269
"GO:0019229","regulation of vasoconstriction",0,0.738504651836642,0.964163858599738
"GO:1902117","positive regulation of organelle assembly",0,0.753941721294328,0.963196177163195
"GO:0008209","androgen metabolic process",0,-0.753797083217616,0.944739690653918
"GO:0099171","presynaptic modulation of chemical synaptic transmission",0,0.761636750795472,0.937776212943425
"GO:0035162","embryonic hemopoiesis",0,0.761392537750649,0.921530067886352
"GO:0030968","endoplasmic reticulum unfolded protein response",0,0.749199281738631,0.969075856692658
"GO:0052372","modulation by symbiont of entry into host",0,0.754164578707937,0.936050494008356
"GO:0009201","ribonucleoside triphosphate biosynthetic process",0,0.743961524436269,0.969409548859635
"GO:0010824","regulation of centrosome duplication",0,0.761612358050955,0.940224002054137
"GO:0010880","regulation of release of sequestered calcium ion into cytosol by sarcoplasmic reticulum",0,-0.744447303201663,0.95349783012532
"GO:1902074","response to salt",0,-0.748787645366933,0.944753556759626
"GO:1902473","regulation of protein localization to synapse",0,0.750735681165561,0.940886300376899
"GO:0141161","regulation of cAMP/PKA signal transduction",0,-0.760217283138269,0.961422212053767
"GO:0001755","neural crest cell migration",0,0.759537657388989,0.943024306075589
"GO:0090497","mesenchymal cell migration",0,0.759537657388989,0.943024306075589
"GO:0031069","hair follicle morphogenesis",0,0.752501975188833,0.923684432468812
"GO:0042274","ribosomal small subunit biogenesis",0,0.74885222795374,0.975476814147183
"GO:0060218","hematopoietic stem cell differentiation",0,0.764958617238326,0.929189343458583
"GO:0032331","negative regulation of chondrocyte differentiation",0,0.757516500518584,0.925512307455686
"GO:0061756","leukocyte adhesion to vascular endothelial cell",0,-0.753517814032013,0.967702689390784
"GO:0051654","establishment of mitochondrion localization",0,-0.741795697387929,0.952937416983813
"GO:0072665","protein localization to vacuole",0,-0.750659930754515,0.981029782382064
"GO:0008631","intrinsic apoptotic signaling pathway in response to oxidative stress",0,0.743265493468688,0.96143250055432
"GO:0098586","cellular response to virus",0,0.767211770529222,0.95609764269303
"GO:1905564","positive regulation of vascular endothelial cell proliferation",0,-0.751632033507747,0.938924390900738
"GO:0050901","leukocyte tethering or rolling",0,-0.75793749239649,0.948148548708536
"GO:0070875","positive regulation of glycogen metabolic process",0,0.752736372879595,0.926204247176716
"GO:0019370","leukotriene biosynthetic process",0,-0.750766660633534,0.936980115402912
"GO:0031295","T cell costimulation",0,0.750016833171506,0.945763918787725
"GO:0043372","positive regulation of CD4-positive, alpha-beta T cell differentiation",0,-0.756659650725064,0.949041626499164
"GO:0010842","retina layer formation",0,0.751472636274043,0.926993367811775
"GO:0055091","phospholipid homeostasis",0,0.75478928383126,0.927373698258151
"GO:0002021","response to dietary excess",0,-0.746650516623502,0.945306120942432
"GO:0055078","sodium ion homeostasis",0,0.74335336627726,0.954452186201094
"GO:0016579","protein deubiquitination",0,-0.73808224996147,0.990258071258392
"GO:0030032","lamellipodium assembly",0,0.746809560348004,0.961338732610834
"GO:0003208","cardiac ventricle morphogenesis",0,-0.737603234198741,0.979305361564869
"GO:0071774","response to fibroblast growth factor",0,0.726002240302294,0.984281132523877
"GO:1901379","regulation of potassium ion transmembrane transport",0,0.746257496995831,0.961338732610834
"GO:0170035","L-amino acid catabolic process",0,0.747287764863076,0.971926812158429
"GO:0006805","xenobiotic metabolic process",0,0.759112519308165,0.975930329824572
"GO:0045591","positive regulation of regulatory T cell differentiation",0,0.739770479693998,0.93866653641078
"GO:0048678","response to axon injury",0,0.756826176650507,0.954185624822508
"GO:0001892","embryonic placenta development",0,-0.745351314207172,0.949446102920461
"GO:1903265","positive regulation of tumor necrosis factor-mediated signaling pathway",0,0.736037723691893,0.932716776043436
"GO:0043903","regulation of biological process involved in symbiotic interaction",0,-0.73705524399074,0.963815160936825
"GO:0046638","positive regulation of alpha-beta T cell differentiation",0,-0.751104530705509,0.961600495031191
"GO:0170033","L-amino acid metabolic process",0,0.726718196679162,0.99562376635819
"GO:1902414","protein localization to cell junction",0,-0.744160914906982,0.993864440537213
"GO:0000463","maturation of LSU-rRNA from tricistronic rRNA transcript (SSU-rRNA, 5.8S rRNA, LSU-rRNA)",0,0.739024418524381,0.940659716813394
"GO:0006986","response to unfolded protein",0,-0.737680522432523,0.998856005983815
"GO:0021915","neural tube development",0,0.742135420163325,0.963243191846875
"GO:0002042","cell migration involved in sprouting angiogenesis",0,0.72594942963824,0.970405010027875
"GO:0001945","lymph vessel development",0,-0.746945104187995,0.94791376401147
"GO:0002363","alpha-beta T cell lineage commitment",0,-0.738061101911234,0.963053593189678
"GO:1901532","regulation of hematopoietic progenitor cell differentiation",0,0.746597105103915,0.946167577162101
"GO:0043369","CD4-positive or CD8-positive, alpha-beta T cell lineage commitment",0,-0.737317047924347,0.96326856046461
"GO:0170040","proteinogenic amino acid catabolic process",0,0.741236714792679,0.974282766496079
"GO:0006390","mitochondrial transcription",0,0.73630857337373,0.934138431860418
"GO:0042733","embryonic digit morphogenesis",0,-0.745377999419413,0.948104794248372
"GO:0033687","osteoblast proliferation",0,-0.745370944239887,0.948104794248372
"GO:0030262","apoptotic nuclear changes",0,0.739433510858118,0.944256692192709
"GO:0016079","synaptic vesicle exocytosis",0,-0.739075236227359,0.992216516296666
"GO:0010447","response to acidic pH",0,0.746658996284978,0.942301136357757
"GO:0043249","erythrocyte maturation",0,-0.725780669043778,0.947138405664326
"GO:0006611","protein export from nucleus",0,-0.741679037792023,0.972855575840996
"GO:0010988","regulation of low-density lipoprotein particle clearance",0,0.745900740814273,0.932604854598727
"GO:0051894","positive regulation of focal adhesion assembly",0,0.746158812960603,0.943094711352328
"GO:0099116","tRNA 5'-end processing",0,0.73873221499908,0.930663004686114
"GO:0090050","positive regulation of cell migration involved in sprouting angiogenesis",0,0.738353496935574,0.944256692192709
"GO:0006904","vesicle docking involved in exocytosis",0,-0.749155163922883,0.960596488114513
"GO:0000290","deadenylation-dependent decapping of nuclear-transcribed mRNA",0,-0.735447273516828,0.951210309961638
"GO:0010821","regulation of mitochondrion organization",0,-0.730174631734113,0.995510462596565
"GO:0002701","negative regulation of production of molecular mediator of immune response",0,0.739855441029483,0.948601642575833
"GO:0061097","regulation of protein tyrosine kinase activity",0,0.741415426264996,0.936577402832437
"GO:0015871","choline transport",0,0.742739608576825,0.932916191327801
"GO:0001836","release of cytochrome c from mitochondria",0,-0.728486986160914,0.980174790833338
"GO:0006577","amino-acid betaine metabolic process",0,0.742334056996452,0.932916191327801
"GO:0042403","thyroid hormone metabolic process",0,-0.731123195160472,0.95862917082758
"GO:2000279","negative regulation of DNA biosynthetic process",0,-0.731100623773761,0.95862917082758
"GO:0016078","tRNA decay",0,0.741622906225473,0.933335100622037
"GO:0043373","CD4-positive, alpha-beta T cell lineage commitment",0,-0.733150156983836,0.963472232743535
"GO:0010039","response to iron ion",0,0.722700277344331,0.955389253706923
"GO:0038096","Fc-gamma receptor signaling pathway involved in phagocytosis",0,0.733593412457197,0.947107884083266
"GO:0002026","regulation of the force of heart contraction",0,-0.732619405369489,0.949843671488826
"GO:0180064","protein O-linked glycosylation via xylose",0,0.72681318875604,0.970345172163312
"GO:0017145","stem cell division",0,-0.732645355021364,0.95374279475726
"GO:1904385","cellular response to angiotensin",0,0.740185366733157,0.949165970209842
"GO:0006684","sphingomyelin metabolic process",0,-0.728279434116414,0.953488571872282
"GO:0046653","tetrahydrofolate metabolic process",0,0.739482134699359,0.93516154881269
"GO:0071467","cellular response to pH",0,0.745398293253019,0.941257066907983
"GO:1905515","non-motile cilium assembly",0,-0.740429447327984,0.968978261136581
"GO:0034472","snRNA 3'-end processing",0,-0.729132515276149,0.954045751420989
"GO:1901185","negative regulation of ERBB signaling pathway",0,-0.727207654837444,0.968537046955755
"GO:0006278","RNA-templated DNA biosynthetic process",0,-0.730726736377926,0.976789009621121
"GO:0008211","glucocorticoid metabolic process",0,-0.731326933116072,0.955299426826799
"GO:0010566","regulation of ketone biosynthetic process",0,0.726838883013502,0.948022389523826
"GO:0071230","cellular response to amino acid stimulus",0,0.735563749307814,0.965202869380495
"GO:0032691","negative regulation of interleukin-1 beta production",0,0.718885229724634,0.95753159352071
"GO:0044060","regulation of endocrine process",0,0.731054611883992,0.956920916950823
"GO:1903894","regulation of IRE1-mediated unfolded protein response",0,0.734913517812564,0.936982672478242
"GO:0048538","thymus development",0,-0.730497516199197,0.948667864038712
"GO:0044320","cellular response to leptin stimulus",0,-0.727446403956883,0.952528091260969
"GO:0032740","positive regulation of interleukin-17 production",0,0.735467630617053,0.94856897036146
"GO:0046033","AMP metabolic process",0,-0.725394408256648,0.955338162797312
"GO:0032091","negative regulation of protein binding",0,0.731325528512159,0.938277417326386
"GO:0120255","olefinic compound biosynthetic process",0,0.751704203463545,0.940465382886933
"GO:0140131","positive regulation of lymphocyte chemotaxis",0,0.723674440050482,0.942293170339431
"GO:1905874","regulation of postsynaptic density organization",0,0.724067883525198,0.948393120023243
"GO:0032210","regulation of telomere maintenance via telomerase",0,0.728964424923674,0.957994559478396
"GO:0042059","negative regulation of epidermal growth factor receptor signaling pathway",0,0.734343952504155,0.952228035906936
"GO:0009145","purine nucleoside triphosphate biosynthetic process",0,0.738003072028845,0.972402659108384
"GO:0009206","purine ribonucleoside triphosphate biosynthetic process",0,0.738003072028845,0.972402659108384
"GO:0034138","toll-like receptor 3 signaling pathway",0,0.720887964960876,0.94864829047598
"GO:0070861","regulation of protein exit from endoplasmic reticulum",0,-0.722420306588686,0.960851797879981
"GO:0001841","neural tube formation",0,0.733070374184341,0.95627787680146
"GO:0060353","regulation of cell adhesion molecule production",0,-0.72302171654409,0.94334916320644
"GO:0099151","regulation of postsynaptic density assembly",0,0.722080138805677,0.943276316834848
"GO:0051290","protein heterotetramerization",0,0.731733816118648,0.938145889724698
"GO:0048839","inner ear development",0,0.726289280797448,0.981964279508983
"GO:1903241","U2-type prespliceosome assembly",0,0.732165958250737,0.950532897701803
"GO:0010893","positive regulation of steroid biosynthetic process",0,-0.723618939845641,0.96373447817475
"GO:0001569","branching involved in blood vessel morphogenesis",0,0.719085901276841,0.949707729343245
"GO:1901606","alpha-amino acid catabolic process",0,0.739820561323908,0.977948243536484
"GO:1905562","regulation of vascular endothelial cell proliferation",0,-0.728616308848046,0.957546720947952
"GO:1903540","establishment of protein localization to postsynaptic membrane",0,-0.724412863337927,0.952386602596742
"GO:0006595","polyamine metabolic process",0,0.728751252779033,0.940174200901901
"GO:0042398","modified amino acid biosynthetic process",0,-0.710450721876394,0.978225041286885
"GO:0098696","regulation of neurotransmitter receptor localization to postsynaptic specialization membrane",0,-0.718604443443935,0.957532724768068
"GO:0003209","cardiac atrium morphogenesis",0,-0.719933363900243,0.961151371520731
"GO:0042310","vasoconstriction",0,-0.721227042150582,0.991077640063629
"GO:0000045","autophagosome assembly",0,0.724534922825901,0.988777962871156
"GO:0031048","regulatory ncRNA-mediated heterochromatin formation",0,-0.71185774461142,0.968828970638815
"GO:1905209","positive regulation of cardiocyte differentiation",0,-0.712113126111191,0.953217482362479
"GO:0009116","nucleoside metabolic process",0,-0.730583307341297,0.969967635249293
"GO:0015804","neutral amino acid transport",0,0.718218002363535,0.971628949514857
"GO:0072079","nephron tubule formation",0,-0.720829690049797,0.953723142924443
"GO:0140354","lipid import into cell",0,0.721935206020308,0.943347553306484
"GO:0090307","mitotic spindle assembly",0,-0.715117791715779,0.992782699973879
"GO:0060352","cell adhesion molecule production",0,-0.712607578454295,0.949460425885049
"GO:0061548","ganglion development",0,-0.719520117135064,0.953973660890675
"GO:0044321","response to leptin",0,-0.714506631520656,0.957926391495461
"GO:0033077","T cell differentiation in thymus",0,0.715400963900097,0.972139987584455
"GO:0034260","negative regulation of GTPase activity",0,-0.708392758759252,0.955319830137409
"GO:0045620","negative regulation of lymphocyte differentiation",0,-0.718908925956826,0.987645490908455
"GO:0045823","positive regulation of heart contraction",0,0.714516374144897,0.96455242348859
"GO:0035966","response to topologically incorrect protein",0,0.700121529552202,0.999100750692318
"GO:0016973","poly(A)+ mRNA export from nucleus",0,0.720930331324739,0.945917963559817
"GO:0045824","negative regulation of innate immune response",0,0.725886781175476,0.983470345083288
"GO:1900151","regulation of nuclear-transcribed mRNA catabolic process, deadenylation-dependent decay",0,0.709506407645519,0.955356871033557
"GO:0097300","programmed necrotic cell death",0,0.713904528369829,0.971938026299876
"GO:0045682","regulation of epidermis development",0,0.718282806389387,0.968631184218265
"GO:0061037","negative regulation of cartilage development",0,0.721381816063565,0.944051157355618
"GO:0090201","negative regulation of release of cytochrome c from mitochondria",0,-0.713654881661705,0.957866586953424
"GO:0101023","vascular endothelial cell proliferation",0,-0.715044943487102,0.964067783197654
"GO:0030212","hyaluronan metabolic process",0,-0.711188596547013,0.974461103684802
"GO:0045589","regulation of regulatory T cell differentiation",0,-0.702438285980477,0.982085374616973
"GO:0051781","positive regulation of cell division",0,0.706912032756207,0.990246790066914
"GO:1901673","regulation of mitotic spindle assembly",0,-0.708972289522392,0.962559050617984
"GO:0042219","modified amino acid catabolic process",0,0.710829240657706,0.964078215411889
"GO:0031670","cellular response to nutrient",0,0.708915884270575,0.971748868299249
"GO:0010714","positive regulation of collagen metabolic process",0,-0.712007639689819,0.964509625416852
"GO:0032967","positive regulation of collagen biosynthetic process",0,-0.712007639689819,0.964509625416852
"GO:0032366","intracellular sterol transport",0,0.710702779629367,0.96615090556152
"GO:0032367","intracellular cholesterol transport",0,0.710702779629367,0.96615090556152
"GO:0070431","nucleotide-binding oligomerization domain containing 2 signaling pathway",0,0.712457215839872,0.945620438021111
"GO:0009147","pyrimidine nucleoside triphosphate metabolic process",0,0.717461407381386,0.947359814354726
"GO:0051100","negative regulation of binding",0,0.718974166202864,0.962361869764355
"GO:0045604","regulation of epidermal cell differentiation",0,0.727939980569316,0.964736296342058
"GO:1905563","negative regulation of vascular endothelial cell proliferation",0,0.717865438534626,0.929848391404866
"GO:0000462","maturation of SSU-rRNA from tricistronic rRNA transcript (SSU-rRNA, 5.8S rRNA, LSU-rRNA)",0,-0.702703744192201,0.971334734697751
"GO:0006024","glycosaminoglycan biosynthetic process",0,-0.719202947329573,0.96674537703106
"GO:0006778","porphyrin-containing compound metabolic process",0,-0.717396252539942,0.978337529866649
"GO:0014046","dopamine secretion",0,-0.715734471318115,0.962934665174352
"GO:0090042","tubulin deacetylation",0,-0.712529950136308,0.95780279491623
"GO:0097345","mitochondrial outer membrane permeabilization",0,-0.711115015716743,0.965391969124027
"GO:0099505","regulation of presynaptic membrane potential",0,0.733754077545421,0.94699588497899
"GO:0051450","myoblast proliferation",0,-0.708971582533874,0.959656573601994
"GO:0016556","mRNA modification",0,-0.710057523010227,0.965502863834393
"GO:0007405","neuroblast proliferation",0,0.710468775781148,0.96774937173984
"GO:1902692","regulation of neuroblast proliferation",0,0.712464983681339,0.948515719333174
"GO:0045109","intermediate filament organization",0,-0.710792814715542,0.99324639078825
"GO:0019081","viral translation",0,-0.714163712926729,0.963204106282387
"GO:0036503","ERAD pathway",0,-0.707266726321642,0.99858294758158
"GO:0009165","nucleotide biosynthetic process",0,0.714501818883719,0.99924945732771
"GO:0042303","molting cycle",0,0.723598711581585,0.971988835876213
"GO:0042633","hair cycle",0,0.723598711581585,0.971988835876213
"GO:0071501","cellular response to sterol depletion",0,0.71551531382144,0.941008471849355
"GO:0045324","late endosome to vacuole transport",0,-0.702453365727588,0.975586842488443
"GO:2000403","positive regulation of lymphocyte migration",0,0.692381373208209,0.975573867431402
"GO:0032728","positive regulation of interferon-beta production",0,0.709564247694694,0.967594179248855
"GO:0060231","mesenchymal to epithelial transition",0,-0.709658142124506,0.958789630073792
"GO:0001916","positive regulation of T cell mediated cytotoxicity",0,0.705293242559635,0.96716502909391
"GO:0090314","positive regulation of protein targeting to membrane",0,0.701227354297877,0.960536378358224
"GO:0042168","heme metabolic process",0,0.713985936332453,0.967432823507053
"GO:0006473","protein acetylation",0,0.7294776799657,0.949529765752921
"GO:0050686","negative regulation of mRNA processing",0,-0.697727080532015,0.973625839721494
"GO:0072111","cell proliferation involved in kidney development",0,-0.701670524548704,0.965291260317174
"GO:0060392","negative regulation of SMAD protein signal transduction",0,0.712314602341919,0.961589328206357
"GO:2000379","positive regulation of reactive oxygen species metabolic process",0,-0.701619594759823,0.993419555090738
"GO:1900006","positive regulation of dendrite development",0,0.711264033649335,0.948698703378336
"GO:0045346","regulation of MHC class II biosynthetic process",0,-0.706947169473698,0.958902802819616
"GO:0022029","telencephalon cell migration",0,-0.701068173231091,0.979156685202466
"GO:0002712","regulation of B cell mediated immunity",0,0.693721498213279,0.96975266442904
"GO:0002889","regulation of immunoglobulin mediated immune response",0,0.693721498213279,0.96975266442904
"GO:0099188","postsynaptic cytoskeleton organization",0,0.707451092711449,0.950718244251137
"GO:0030214","hyaluronan catabolic process",0,-0.705573394184034,0.961268036323667
"GO:0044273","sulfur compound catabolic process",0,0.709149096692124,0.966534321209716
"GO:0009220","pyrimidine ribonucleotide biosynthetic process",0,0.697969814777354,0.961691423101899
"GO:0048199","vesicle targeting, to, from or within Golgi",0,0.692375140387003,0.96999468691776
"GO:0003230","cardiac atrium development",0,0.725897579232229,0.95071491142527
"GO:0046390","ribose phosphate biosynthetic process",0,-0.706251456919275,0.999763193487417
"GO:0071312","cellular response to alkaloid",0,0.725557521182943,0.950963618770045
"GO:0045616","regulation of keratinocyte differentiation",0,-0.710329886807976,0.970435500142167
"GO:0045740","positive regulation of DNA replication",0,0.70358220755885,0.970557352912866
"GO:0030521","androgen receptor signaling pathway",0,0.709070052623265,0.970058740984428
"GO:0038166","angiotensin-activated signaling pathway",0,-0.698031146835402,0.964741429772149
"GO:0014856","skeletal muscle cell proliferation",0,-0.703065222984652,0.960793265023413
"GO:0045664","regulation of neuron differentiation",0,0.685786088168294,0.999111465847
"GO:0071634","regulation of transforming growth factor beta production",0,-0.696897172870106,0.977602280549351
"GO:1905037","autophagosome organization",0,-0.701183583848891,0.999448826814391
"GO:0019076","viral release from host cell",0,-0.690689768884248,0.97480729867084
"GO:0035891","exit from host cell",0,-0.690689768884248,0.97480729867084
"GO:0097205","renal filtration",0,-0.697900075211675,0.96805067239956
"GO:0032733","positive regulation of interleukin-10 production",0,-0.70841529517404,0.977925911597829
"GO:0044090","positive regulation of vacuole organization",0,0.704999948655498,0.963650615248148
"GO:0007157","heterophilic cell-cell adhesion",0,0.705121907848122,0.972346463112422
"GO:0046580","negative regulation of Ras protein signal transduction",0,-0.695370391228085,0.965576436864436
"GO:0120261","regulation of heterochromatin organization",0,0.703947694681742,0.953283912731179
"GO:0021885","forebrain cell migration",0,-0.703388729646011,0.978344500245728
"GO:2001239","regulation of extrinsic apoptotic signaling pathway in absence of ligand",0,-0.695809227972472,0.973319130671706
"GO:0015721","bile acid and bile salt transport",0,-0.693407564423788,0.978066721699448
"GO:2000328","regulation of T-helper 17 cell lineage commitment",0,-0.69811792071411,0.962953998739532
"GO:0009260","ribonucleotide biosynthetic process",0,-0.697234228957013,0.999975909635362
"GO:2000786","positive regulation of autophagosome assembly",0,0.700624022728014,0.954314336756489
"GO:0006023","aminoglycan biosynthetic process",0,-0.700638062418667,0.979213314217459
"GO:0033630","positive regulation of cell adhesion mediated by integrin",0,0.690994482138154,0.964036242865682
"GO:0006384","transcription initiation at RNA polymerase III promoter",0,0.705991526140065,0.963450793289283
"GO:0002719","negative regulation of cytokine production involved in immune response",0,0.700367596379644,0.965127341276753
"GO:0010968","regulation of microtubule nucleation",0,-0.69398199093152,0.965699424145485
"GO:0042462","eye photoreceptor cell development",0,-0.691391753235348,0.970435500142167
"GO:0003094","glomerular filtration",0,-0.687590713814076,0.967878024418277
"GO:0097009","energy homeostasis",0,0.701992355646034,0.982327339178259
"GO:2000780","negative regulation of double-strand break repair",0,0.702942371050914,0.964541192902064
"GO:0042359","vitamin D metabolic process",0,0.695169759529336,0.957238498778779
"GO:0014020","primary neural tube formation",0,0.688452990618954,0.974289303519716
"GO:0001838","embryonic epithelial tube formation",0,0.699194649510475,0.980911348249855
"GO:0072537","fibroblast activation",0,-0.690691319017308,0.966839764205518
"GO:0071071","regulation of phospholipid biosynthetic process",0,0.68379677989905,0.965066541095685
"GO:0006308","DNA catabolic process",0,0.686515319475185,0.971156458055093
"GO:0032692","negative regulation of interleukin-1 production",0,0.689568869358131,0.975200718465357
"GO:2000300","regulation of synaptic vesicle exocytosis",0,0.695024404434359,0.977104199539846
"GO:0090049","regulation of cell migration involved in sprouting angiogenesis",0,0.703281827937703,0.975446891027325
"GO:0032482","Rab protein signal transduction",0,0.681789155322593,0.966651928325006
"GO:1903317","regulation of protein maturation",0,-0.692719142427279,0.989962893405561
"GO:0003085","negative regulation of systemic arterial blood pressure",0,-0.68508535018704,0.969409548859635
"GO:0061951","establishment of protein localization to plasma membrane",0,0.670814482720616,0.99154079499506
"GO:0042743","hydrogen peroxide metabolic process",0,-0.676929037112902,0.990904325677145
"GO:0140367","antibacterial innate immune response",0,-0.686897753194071,0.966200505510809
"GO:0009152","purine ribonucleotide biosynthetic process",0,-0.686075075466847,0.999787563779444
"GO:2000406","positive regulation of T cell migration",0,-0.681655698515052,0.982973892371763
"GO:0048736","appendage development",0,0.685220246605987,0.994340902497068
"GO:0060173","limb development",0,0.685220246605987,0.994340902497068
"GO:0051953","negative regulation of amine transport",0,0.681197109832592,0.967865160392395
"GO:0018230","peptidyl-L-cysteine S-palmitoylation",0,-0.685779106782397,0.966544406100083
"GO:0018231","peptidyl-S-diacylglycerol-L-cysteine biosynthetic process from peptidyl-cysteine",0,-0.685779106782397,0.966544406100083
"GO:0045066","regulatory T cell differentiation",0,-0.690036125262771,0.989973011143391
"GO:0021536","diencephalon development",0,-0.691079953588155,0.986869469797531
"GO:2001259","positive regulation of cation channel activity",0,0.678618014710113,0.962411758803797
"GO:0045738","negative regulation of DNA repair",0,0.704138604585483,0.964739747398635
"GO:0042744","hydrogen peroxide catabolic process",0,0.675311252251943,0.967921715238853
"GO:0050913","sensory perception of bitter taste",0,-0.678512194589433,0.983321510839018
"GO:0098915","membrane repolarization during ventricular cardiac muscle cell action potential",0,0.675725904573277,0.963652645840176
"GO:1903055","positive regulation of extracellular matrix organization",0,-0.671428849502488,0.98047817630144
"GO:0033574","response to testosterone",0,0.680101834781573,0.978630151629276
"GO:0030517","negative regulation of axon extension",0,0.673504945006724,0.968043092520447
"GO:0010499","proteasomal ubiquitin-independent protein catabolic process",0,0.6814448008594,0.964188488273659
"GO:0035973","aggrephagy",0,-0.673554322677203,0.972737683631478
"GO:0001655","urogenital system development",0,-0.675676283659879,0.979632820637832
"GO:0090313","regulation of protein targeting to membrane",0,0.688222964007625,0.971781796422768
"GO:1903533","regulation of protein targeting",0,0.688222964007625,0.971781796422768
"GO:0032620","interleukin-17 production",0,0.677091044855895,0.978792419988893
"GO:0032660","regulation of interleukin-17 production",0,0.677091044855895,0.978792419988893
"GO:0032527","protein exit from endoplasmic reticulum",0,-0.677787660941855,0.989838854821124
"GO:0033151","V(D)J recombination",0,-0.668468406289376,0.968580427007463
"GO:0006730","one-carbon metabolic process",0,0.672010067523857,0.971650498639633
"GO:0032205","negative regulation of telomere maintenance",0,0.679685547699871,0.978060914514739
"GO:0002524","hypersensitivity",0,-0.665974606162689,0.969215595488786
"GO:0048284","organelle fusion",0,0.682283678300011,0.999911951616176
"GO:0042181","ketone biosynthetic process",0,0.676266933460062,0.986509381357344
"GO:0031053","primary miRNA processing",0,-0.667806132764577,0.974457013489897
"GO:0050879","multicellular organismal movement",0,-0.664743129009395,0.996521493571617
"GO:0150105","protein localization to cell-cell junction",0,-0.668540221212757,0.974662186099266
"GO:0045581","negative regulation of T cell differentiation",0,-0.66391701669437,0.996521493571617
"GO:0032352","positive regulation of hormone metabolic process",0,-0.672207094064833,0.971938026299876
"GO:0034620","cellular response to unfolded protein",0,0.673039931389301,0.99840127637136
"GO:0010092","specification of animal organ identity",0,0.66602417571771,0.968709598044562
"GO:0009595","detection of biotic stimulus",0,0.669362956001848,0.981189219968031
"GO:0045624","positive regulation of T-helper cell differentiation",0,-0.672844291720558,0.978320744413202
"GO:1990776","response to angiotensin",0,0.673381321930613,0.980151797659375
"GO:0035418","protein localization to synapse",0,-0.661925941992579,0.999643459261909
"GO:0035082","axoneme assembly",0,-0.66675876465071,0.996144140822443
"GO:0001522","pseudouridine synthesis",0,-0.66356531083527,0.975635321036463
"GO:0016180","snRNA processing",0,-0.663630839719117,0.988987456583211
"GO:0160240","RNA polymerase II transcription initiation surveillance",0,0.669970762466359,0.967088049445886
"GO:0070613","regulation of protein processing",0,0.679551261322061,0.983806938028172
"GO:0033275","actin-myosin filament sliding",0,0.666660754355355,0.968632780481263
"GO:0007076","mitotic chromosome condensation",0,-0.662000393485551,0.975635321036463
"GO:0010803","regulation of tumor necrosis factor-mediated signaling pathway",0,0.661973553292489,0.994107110590084
"GO:0042311","vasodilation",0,0.677525621227869,0.984312887600217
"GO:0035850","epithelial cell differentiation involved in kidney development",0,0.663316980951454,0.983788748235767
"GO:0000470","maturation of LSU-rRNA",0,0.658760201346358,0.983168617808896
"GO:0006221","pyrimidine nucleotide biosynthetic process",0,-0.659362887910932,0.98983614865645
"GO:1904888","cranial skeletal system development",0,0.64858558334032,0.987124060871994
"GO:0071499","cellular response to laminar fluid shear stress",0,0.660427721833882,0.979935068025223
"GO:0060119","inner ear receptor cell development",0,-0.659108410565532,0.975970665216089
"GO:0090199","regulation of release of cytochrome c from mitochondria",0,-0.663491677543802,0.99037482438809
"GO:0030049","muscle filament sliding",0,0.662921119197586,0.97068239151362
"GO:0110156","mRNA methylguanosine-cap decapping",0,0.651133018470119,0.977120652496905
"GO:0019748","secondary metabolic process",0,0.664221305713143,0.992270901676446
"GO:0044773","mitotic DNA damage checkpoint signaling",0,0.668956059051553,0.992630952341578
"GO:0032252","secretory granule localization",0,0.65106508521422,0.978357713265479
"GO:0032253","dense core granule localization",0,0.65106508521422,0.978357713265479
"GO:0031103","axon regeneration",0,0.654738886848844,0.9854808090326
"GO:0031102","neuron projection regeneration",0,0.650924925640417,0.98847793378437
"GO:0033865","nucleoside bisphosphate metabolic process",0,-0.654839095845685,0.972719616520036
"GO:0033875","ribonucleoside bisphosphate metabolic process",0,-0.654839095845685,0.972719616520036
"GO:0034032","purine nucleoside bisphosphate metabolic process",0,-0.654839095845685,0.972719616520036
"GO:0034035","purine ribonucleoside bisphosphate metabolic process",0,-0.654839095845685,0.972719616520036
"GO:0050427","3'-phosphoadenosine 5'-phosphosulfate metabolic process",0,-0.654839095845685,0.972719616520036
"GO:2000434","regulation of protein neddylation",0,0.648694101001059,0.975050914180075
"GO:1900273","positive regulation of long-term synaptic potentiation",0,-0.655953140748294,0.983425554431679
"GO:0030150","protein import into mitochondrial matrix",0,0.64584305897472,0.979809662397471
"GO:0002756","MyD88-independent toll-like receptor signaling pathway",0,-0.652488812252424,0.977530640996091
"GO:0110154","RNA decapping",0,0.648382908767274,0.983220318421545
"GO:0006706","steroid catabolic process",0,0.649551204782431,0.980137248014051
"GO:0006337","nucleosome disassembly",0,0.645891853060016,0.975517039706781
"GO:0046068","cGMP metabolic process",0,-0.644411661849361,0.983894807506523
"GO:0006921","cellular component disassembly involved in execution phase of apoptosis",0,-0.63975545064812,0.990178016158227
"GO:0046324","regulation of D-glucose import across plasma membrane",0,0.643692444676124,0.993926037252085
"GO:0014059","regulation of dopamine secretion",0,-0.646515635819373,0.984363488304718
"GO:0051647","nucleus localization",0,0.657496753819568,0.981229750787626
"GO:0035461","vitamin transmembrane transport",0,0.649081072573886,0.974035921424799
"GO:0006570","tyrosine metabolic process",0,-0.647381571520271,0.978735606152087
"GO:1900087","positive regulation of G1/S transition of mitotic cell cycle",0,-0.651322387167745,0.993242503991283
"GO:0034393","positive regulation of smooth muscle cell apoptotic process",0,0.65117155811075,0.968565323578118
"GO:0003009","skeletal muscle contraction",0,-0.643361833821448,0.997475772845609
"GO:0071605","monocyte chemotactic protein-1 production",0,0.639232149969094,0.977420684138226
"GO:0071637","regulation of monocyte chemotactic protein-1 production",0,0.639232149969094,0.977420684138226
"GO:0072528","pyrimidine-containing compound biosynthetic process",0,-0.631962054820531,0.996981787987056
"GO:0046677","response to antibiotic",0,-0.634745801423272,0.991702896686866
"GO:0045779","negative regulation of bone resorption",0,-0.643150050096293,0.979084231298546
"GO:0001843","neural tube closure",0,-0.638584256631166,0.994241952690497
"GO:0060606","tube closure",0,-0.638584256631166,0.994241952690497
"GO:0035795","negative regulation of mitochondrial membrane permeability",0,-0.632140579317135,0.978016864751429
"GO:0032986","protein-DNA complex disassembly",0,0.64352569003532,0.975562152239246
"GO:1902275","regulation of chromatin organization",0,-0.634048358772238,0.995110916917779
"GO:0046184","aldehyde biosynthetic process",0,0.639415136797324,0.977147154266285
"GO:0010755","regulation of plasminogen activation",0,-0.638203913752354,0.981196127561736
"GO:1903377","negative regulation of oxidative stress-induced neuron intrinsic apoptotic signaling pathway",0,-0.628587850804726,0.980246976334079
"GO:0046825","regulation of protein export from nucleus",0,0.632146147913032,0.990281570439328
"GO:0072540","T-helper 17 cell lineage commitment",0,-0.629697710380443,0.988767900952935
"GO:0070536","protein K63-linked deubiquitination",0,-0.629639970223513,0.988767900952935
"GO:0009713","catechol-containing compound biosynthetic process",0,0.629876487173164,0.978672326813029
"GO:0042423","catecholamine biosynthetic process",0,0.629876487173164,0.978672326813029
"GO:0009111","vitamin catabolic process",0,0.638838539132183,0.971882098946041
"GO:1901201","regulation of extracellular matrix assembly",0,-0.624972715895346,0.979164632193147
"GO:0044774","mitotic DNA integrity checkpoint signaling",0,0.63238378688878,0.998047646897056
"GO:0009214","cyclic nucleotide catabolic process",0,-0.633362760390947,0.980198996267464
"GO:0071027","nuclear RNA surveillance",0,-0.637658734104867,0.99293219862082
"GO:1903779","regulation of cardiac conduction",0,0.640765972466246,0.987335472497407
"GO:0071025","RNA surveillance",0,0.627925889072478,0.993671434705791
"GO:0043153","entrainment of circadian clock by photoperiod",0,-0.633745923216144,0.989182844258218
"GO:0050881","musculoskeletal movement",0,-0.630978713074308,0.999221464857016
"GO:0001580","detection of chemical stimulus involved in sensory perception of bitter taste",0,-0.635374807166729,0.99293219862082
"GO:0032874","positive regulation of stress-activated MAPK cascade",0,-0.629187340502396,0.983845180643174
"GO:0070304","positive regulation of stress-activated protein kinase signaling cascade",0,-0.629187340502396,0.983845180643174
"GO:0097352","autophagosome maturation",0,0.636746845576491,0.997631973214028
"GO:0032715","negative regulation of interleukin-6 production",0,0.63264765533448,0.992443594478797
"GO:2000785","regulation of autophagosome assembly",0,0.633124578887872,0.995599597668701
"GO:0010955","negative regulation of protein processing",0,0.623107543476551,0.981581858984826
"GO:0048025","negative regulation of mRNA splicing, via spliceosome",0,0.630532195600894,0.987252492550341
"GO:0090322","regulation of superoxide metabolic process",0,0.621975019210609,0.993117629448872
"GO:0021983","pituitary gland development",0,-0.621838692179288,0.987769048485118
"GO:0006517","protein deglycosylation",0,-0.625139267814532,0.982993711195154
"GO:0003215","cardiac right ventricle morphogenesis",0,-0.624230624372121,0.984537676590081
"GO:0010664","negative regulation of striated muscle cell apoptotic process",0,-0.622800137019356,0.990691156031842
"GO:1903715","regulation of aerobic respiration",0,0.616432274122279,0.98847793378437
"GO:0014819","regulation of skeletal muscle contraction",0,0.625586661083983,0.978749444815798
"GO:0046036","CTP metabolic process",0,-0.61230774425034,0.986132505317315
"GO:0097120","receptor localization to synapse",0,0.609777260803114,0.999959433426267
"GO:2000008","regulation of protein localization to cell surface",0,0.619328432888643,0.993761048938256
"GO:1903318","negative regulation of protein maturation",0,0.619765494119068,0.983245937425855
"GO:0086013","membrane repolarization during cardiac muscle cell action potential",0,-0.613271211318921,0.993009051647527
"GO:0032511","late endosome to vacuole transport via multivesicular body sorting pathway",0,0.627356352609608,0.990375071374934
"GO:0060628","regulation of ER to Golgi vesicle-mediated transport",0,-0.613114500571595,0.990098322823377
"GO:0006991","response to sterol depletion",0,0.614623065036158,0.97920300111055
"GO:2000010","positive regulation of protein localization to cell surface",0,0.614262375636125,0.97920300111055
"GO:0015802","basic amino acid transport",0,0.609168594156965,0.990291492351766
"GO:0046627","negative regulation of insulin receptor signaling pathway",0,-0.604533592729982,0.998204270831142
"GO:0097700","vascular endothelial cell response to laminar fluid shear stress",0,-0.612764591636124,0.993335841545715
"GO:0046851","negative regulation of bone remodeling",0,-0.607489822178314,0.991169224241543
"GO:0141163","positive regulation of cAMP/PKA signal transduction",0,-0.606752811615531,0.991169224241543
"GO:0006360","transcription by RNA polymerase I",0,0.607064586663812,0.999433307872222
"GO:1900077","negative regulation of cellular response to insulin stimulus",0,-0.60351415052214,0.998491547785574
"GO:0032026","response to magnesium ion",0,-0.608318578535643,0.989059325909887
"GO:0060384","innervation",0,-0.602820642498845,0.993324567442402
"GO:0036037","CD8-positive, alpha-beta T cell activation",0,-0.600427164071058,0.998322523156996
"GO:0036258","multivesicular body assembly",0,0.60659314024709,0.993328307306241
"GO:0032400","melanosome localization",0,0.59933824445586,0.992477786585663
"GO:0051875","pigment granule localization",0,0.59933824445586,0.992477786585663
"GO:0016226","iron-sulfur cluster assembly",0,-0.604352341020734,0.993907317900065
"GO:0031163","metallo-sulfur cluster assembly",0,-0.604352341020734,0.993907317900065
"GO:0051291","protein heterooligomerization",0,0.607136050629081,0.991795791463896
"GO:0000466","maturation of 5.8S rRNA from tricistronic rRNA transcript (SSU-rRNA, 5.8S rRNA, LSU-rRNA)",0,-0.607622495902307,0.996138704440639
"GO:0045776","negative regulation of blood pressure",0,0.606403133690036,0.995985892301095
"GO:0036257","multivesicular body organization",0,0.590196510433678,0.996881022518982
"GO:0006607","NLS-bearing protein import into nucleus",0,0.591348880004986,0.984012612195887
"GO:0033762","response to glucagon",0,0.61778918464023,0.993216887281181
"GO:0006749","glutathione metabolic process",0,0.59848344359029,0.999015933960181
"GO:0006744","ubiquinone biosynthetic process",0,-0.596560137075881,0.990853771623056
"GO:1901663","quinone biosynthetic process",0,-0.596560137075881,0.990853771623056
"GO:0090235","regulation of metaphase plate congression",0,0.598711573444079,0.987313844035603
"GO:0036303","lymph vessel morphogenesis",0,-0.595013305043681,0.990853771623056
"GO:0048546","digestive tract morphogenesis",0,0.587138604941993,0.994142232401331
"GO:1905709","negative regulation of membrane permeability",0,-0.591195683492724,0.99231619423326
"GO:0009649","entrainment of circadian clock",0,-0.587842502725072,0.995749781917724
"GO:0036092","phosphatidylinositol-3-phosphate biosynthetic process",0,0.582957565753899,0.993817331701601
"GO:0097699","vascular endothelial cell response to fluid shear stress",0,-0.580862671718543,0.998241706500671
"GO:0042491","inner ear auditory receptor cell differentiation",0,0.593195776823302,0.983579191639259
"GO:0043393","regulation of protein binding",0,0.577822702445787,0.99810649965492
"GO:1901857","positive regulation of cellular respiration",0,0.586651447741497,0.985607176016756
"GO:0000712","resolution of meiotic recombination intermediates",0,-0.575786261267283,0.991636471954201
"GO:0010002","cardioblast differentiation",0,0.583958618239011,0.986571158389833
"GO:0141198","protein branched polyubiquitination",0,-0.5804938068499,0.993855838364687
"GO:0022612","gland morphogenesis",0,-0.581762864846882,0.995720030808975
"GO:0008333","endosome to lysosome transport",0,0.582498721681139,0.999953245414142
"GO:2000811","negative regulation of anoikis",0,-0.577191600989831,0.994073940732522
"GO:0090153","regulation of sphingolipid biosynthetic process",0,-0.581039823807839,0.993671434705791
"GO:1903573","negative regulation of response to endoplasmic reticulum stress",0,0.583366500050845,0.999357632199469
"GO:0034309","primary alcohol biosynthetic process",0,-0.578633559938932,0.993671434705791
"GO:0002295","T-helper cell lineage commitment",0,0.595898941793168,0.995683607948786
"GO:0000479","endonucleolytic cleavage of tricistronic rRNA transcript (SSU-rRNA, 5.8S rRNA, LSU-rRNA)",0,0.573848456665997,0.995093715703413
"GO:0006513","protein monoubiquitination",0,0.581180263767256,0.999359125668872
"GO:0099633","protein localization to postsynaptic specialization membrane",0,0.572669209769838,0.999116725398141
"GO:0099645","neurotransmitter receptor localization to postsynaptic specialization membrane",0,0.572669209769838,0.999116725398141
"GO:0009208","pyrimidine ribonucleoside triphosphate metabolic process",0,0.57877294143984,0.992629400487975
"GO:0006743","ubiquinone metabolic process",0,-0.570338691562839,0.994811180840185
"GO:0035235","ionotropic glutamate receptor signaling pathway",0,0.573337635426583,0.998346607783129
"GO:0045070","positive regulation of viral genome replication",0,0.588395498636338,0.99635224515208
"GO:0120178","steroid hormone biosynthetic process",0,-0.562396341182678,0.999802282362817
"GO:0071044","histone mRNA catabolic process",0,0.572226229474459,0.994376124376033
"GO:0048240","sperm capacitation",0,-0.559979814471561,0.998634466304286
"GO:0006103","2-oxoglutarate metabolic process",0,0.571373743431406,0.993128960440142
"GO:0000460","maturation of 5.8S rRNA",0,-0.557564826602979,0.999959433426267
"GO:0021854","hypothalamus development",0,0.565642004137316,0.99619681683137
"GO:1990806","ligand-gated ion channel signaling pathway",0,0.56318161471283,0.999116102761869
"GO:0021795","cerebral cortex cell migration",0,-0.564303690683344,0.999216600327579
"GO:0002082","regulation of oxidative phosphorylation",0,0.553384916292305,0.994408191268311
"GO:0051560","mitochondrial calcium ion homeostasis",0,0.556998359891901,0.996255752304802
"GO:0034104","negative regulation of tissue remodeling",0,-0.543972211500483,0.998378690369674
"GO:0015812","gamma-aminobutyric acid transport",0,0.544755803415294,0.993874202903517
"GO:0034314","Arp2/3 complex-mediated actin nucleation",0,-0.53763635047311,1
"GO:0032700","negative regulation of interleukin-17 production",0,-0.531848179631055,0.996913848323836
"GO:0045116","protein neddylation",0,0.535941120460287,0.999338626451153
"GO:0098856","intestinal lipid absorption",0,-0.532691214580594,0.998380374301261
"GO:0002693","positive regulation of cellular extravasation",0,-0.537361714903161,0.996171063591806
"GO:1901661","quinone metabolic process",0,-0.532936666808219,0.998911017862198
"GO:1903539","protein localization to postsynaptic membrane",0,-0.535396867120124,1
"GO:0021517","ventral spinal cord development",0,0.537181538081942,0.996505621226407
"GO:0048663","neuron fate commitment",0,-0.53224361497399,0.999272219146779
"GO:0051923","sulfation",0,0.536249100079473,0.994899811819888
"GO:0044793","host-mediated suppression of viral proces",0,0.533942370239918,0.996752100983952
"GO:0062237","protein localization to postsynapse",0,-0.522947560162206,1
"GO:0016045","detection of bacterium",0,-0.528245415019132,0.997973199765093
"GO:0009812","flavonoid metabolic process",0,0.531266040563039,0.986910542726259
"GO:0021799","cerebral cortex radially oriented cell migration",0,0.520727923375736,0.999271826099771
"GO:0010989","negative regulation of low-density lipoprotein particle clearance",0,0.531182103038295,0.992916231694065
"GO:0006704","glucocorticoid biosynthetic process",0,0.527928208212132,0.997187361302394
"GO:0021801","cerebral cortex radial glia-guided migration",0,0.525246819956944,0.998209692335225
"GO:0022030","telencephalon glial cell migration",0,0.525246819956944,0.998209692335225
"GO:0090051","negative regulation of cell migration involved in sprouting angiogenesis",0,0.523048869699081,0.99824177492177
"GO:0048265","response to pain",0,0.51322089929794,0.999345542319586
"GO:0046885","regulation of hormone biosynthetic process",0,0.507280569484901,0.998982350170696
"GO:1990961","xenobiotic detoxification by transmembrane export across the plasma membrane",0,0.514975619626547,0.997137340740722
"GO:2001222","regulation of neuron migration",0,0.512580111652972,1
"GO:0043045","epigenetic programming of gene expression",0,-0.500605619067559,0.999359125668872
"GO:0055070","copper ion homeostasis",0,-0.501329236792178,0.999393494043553
"GO:0042448","progesterone metabolic process",0,0.500392060658961,0.997853526397251
"GO:0098543","detection of other organism",0,0.490649199257863,0.999435234421895
"GO:0032781","positive regulation of ATP-dependent activity",0,-0.483490989541988,0.999838946075436
"GO:0140588","chromatin looping",0,0.478448820208023,0.998380374301261
"GO:2001224","positive regulation of neuron migration",0,-0.472918261465582,0.999446039096961
"GO:0046618","xenobiotic export from cell",0,0.461876742236324,0.999448826814391
"GO:0002183","cytoplasmic translational initiation",0,0.460309788812443,1
"GO:0006700","C21-steroid hormone biosynthetic process",0,0.453219128219603,1
"GO:0032402","melanosome transport",0,0.457274802965905,0.999911951616176
"GO:0051904","pigment granule transport",0,0.457274802965905,0.999911951616176
"GO:0042559","pteridine-containing compound biosynthetic process",0,-0.422348532306398,0.999983523790905
"GO:0061339","establishment or maintenance of monopolar cell polarity",0,-0.389642148226158,1
"GO:1904753","negative regulation of vascular associated smooth muscle cell migration",0,-0.382067312886433,1
"GO:0008207","C21-steroid hormone metabolic process",0,0.38411087903488,1
