"ID","Description","setSize","enrichmentScore","NES","pvalue","p.adjust","qvalue","rank","leading_edge","core_enrichment","log2err"
"hsa05150","Staphylococcus aureus infection",77,0.777271663905051,2.08161478802501,1.43294204972478e-08,1.24307722813624e-06,5.26079167896435e-07,658,"tags=21%, list=5%, signal=20%","718/713/714/2212/2357/712/719/6404/3684/3115/3075/342574/2214/715/3122/3689",0.747739663149885
"hsa04640","Hematopoietic cell lineage",88,0.695340479734529,1.86131782804645,2.55528665126853e-06,9.85204964433535e-05,4.16945782744099e-05,1779,"tags=34%, list=12%, signal=30%","947/933/3566/3673/3678/960/3684/1436/3675/951/1441/3115/3122/929/4254/920/3109/2815/3553/917/3111/3568/1435/3554/3815/1791/3108/924/3676/928",0.627256739718528
"hsa04610","Complement and coagulation cascades",83,0.675586812501774,1.85327464613652,2.14792266050932e-05,0.000621107635997278,0.000262857190948202,862,"tags=18%, list=6%, signal=17%","718/713/714/11326/3687/712/719/7450/3684/3075/2/715/3818/3689/5329",0.575610261071129
"hsa05014","Amyotrophic lateral sclerosis",290,-0.685524011840446,-1.8321474763069,1e-10,3.47e-08,1.46852880197766e-08,2027,"tags=33%, list=14%, signal=29%","5718/5686/84134/5719/374291/5715/4719/6389/11047/5903/6390/3309/4217/5685/60/55746/4686/126328/7385/55967/4712/5689/5608/55255/1329/10010/4695/4714/5532/10213/1347/2521/4722/1537/51164/4704/29110/5707/116442/4720/10120/5709/4711/7280/842/9861/5630/5533/4741/7415/4700/5704/5530/7277/55102/1351/7381/5690/203228/4725/10280/7846/4716/4744/9896/5688/10540/4718/5691/9631/347733/1432/10671/5713/10381/203068/10121/5684/3831/5683/4724/2903/5217/5693/65018/2904/5682/55860/3800/5708/51807/6311/145957/5702/3084",NA
"hsa05012","Parkinson disease",210,-0.684519100418738,-1.79348863627031,4.26574090240881e-09,5.28930492700595e-07,2.23847165064858e-07,2027,"tags=37%, list=14%, signal=32%","5718/5686/5719/374291/5715/4719/6389/11047/6390/3309/4217/5685/7345/126328/7385/55967/4712/5689/1329/4128/4695/4714/10213/1347/7326/4722/1537/4704/5707/4720/817/5709/10105/2774/4711/818/7280/27429/842/9861/816/5601/4700/25828/5704/9927/5602/7277/7419/11315/1351/7381/5690/291/4725/7846/4716/5688/4718/5691/347733/5713/10381/203068/5684/3831/5683/4724/5693/5567/51465/65018/5682/3800/5708/51807/5702",0.761460801445585
"hsa05144","Malaria",43,0.745544875945884,1.78931655392619,0.000324021365306425,0.0066138478683135,0.00279902769063889,2049,"tags=42%, list=14%, signal=36%","5175/7057/3606/4615/3689/2995/6347/4233/3553/3043/7043/975/6382/54106/3586/3820/7040/7099",0.49849310876659
"hsa04512","ECM-receptor interaction",84,0.657017796293707,1.77401855410168,6.9202562183192e-05,0.00160088593850451,0.000677506371577783,2019,"tags=30%, list=14%, signal=26%","3913/3673/3691/3678/3908/7057/960/7450/3675/2335/3339/3909/6385/3911/51206/2815/3371/7148/1287/1298/6382/3676/3912/1288/3696",0.538434096309916
"hsa03050","Proteasome",41,-0.808769577708229,-1.77064580238263,5.38696034645027e-05,0.00133519660015589,0.000565064744562413,2027,"tags=61%, list=14%, signal=53%","5718/5686/5719/23198/5715/11047/5685/5689/9491/51371/10213/5707/5709/9861/5704/5690/5688/5691/5713/5684/5683/5693/5682/5708/5702",0.557332238758646
"hsa05016","Huntington disease",248,-0.654567751824517,-1.73610412467754,4.0112124251224e-08,2.78378142303494e-06,1.17811619542858e-06,2094,"tags=38%, list=14%, signal=33%","5432/10376/163/5441/161/5718/5686/5719/374291/5715/4719/6389/160/5978/11047/6390/8218/4217/5685/6908/5440/2892/126328/7385/55967/4712/1173/5689/1213/2776/5438/1329/4695/4714/10213/5332/5435/1347/4722/1537/3066/51164/4704/5707/9519/3064/2893/4720/10120/5709/10105/4711/5431/7280/842/9861/5601/4700/5704/5602/7277/55102/7419/1351/7381/1175/5690/291/4725/7846/4716/5688/10540/4718/5691/347733/10671/5713/10381/203068/10121/5684/3831/5434/5683/4724/5693/23236/2904/5682/55860/3800/5708/51807/5702",0.719512826338911
"hsa04060","Cytokine-cytokine receptor interaction",256,0.562386237914984,1.72759994054997,1.02400194867394e-07,5.92214460316426e-06,2.50629392484821e-06,2533,"tags=24%, list=17%, signal=20%","7132/9180/3566/4055/51330/23765/3606/7048/1436/9518/10344/1441/9173/9235/55540/1439/6354/58191/3601/658/920/6347/3624/3597/7293/3605/4982/3553/84957/7043/1230/3568/1435/3554/2829/6368/3625/269/7852/3586/3593/6355/84639/3588/10148/2660/7040/3574/653/6364/9466/6359/6373/3627/1524/1235/353500/3953/943/9547/5617",0.704975715167238
"hsa04518","Integrin signaling",146,0.587948925077928,1.7193170329725,1.40847958864076e-05,0.000465161719723292,0.000196859764550753,658,"tags=17%, list=5%, signal=17%","718/87/2321/3687/55679/5829/3913/3673/3691/3678/3908/7057/5747/3384/7450/894/3684/3791/3675/7414/2316/2335/1956/3909/3689",0.593325476396405
"hsa04120","Ubiquitin mediated proteolysis",127,-0.6756356557363,-1.7067205421678,1.47457605675971e-05,0.000465161719723292,0.000196859764550753,2271,"tags=35%, list=16%, signal=30%","8450/9616/8454/90293/63893/10277/26232/11059/9978/55284/23624/8554/10393/51619/378884/8065/22954/7326/996/9354/57448/8925/55585/867/4591/6500/7334/8924/1642/3093/8945/10055/9690/997/8881/55294/25847/8453/7319/23291/7325/23327/10273/51465/7322",0.593325476396405
"hsa03010","Ribosome",135,-0.665846236374521,-1.68877678909696,4.05852548743457e-05,0.00108331411087677,0.000458466274758315,2172,"tags=30%, list=15%, signal=25%","56945/64965/28998/64969/51081/2197/51116/6132/51263/6182/64968/51642/7818/6135/128308/55168/64960/10240/51073/51650/65080/64928/64951/65005/64981/65993/64976/54148/51069/84545/26589/51258/51649/23107/116540/54460/57129/64963/84311/10573",0.557332238758646
"hsa05020","Prion disease",218,-0.638029621564755,-1.68144710738042,2.55040848631122e-06,9.85204964433535e-05,4.16945782744099e-05,2071,"tags=37%, list=14%, signal=32%","10376/1457/5291/5718/5686/5719/374291/5715/4719/6389/11047/6390/3309/5685/126328/7385/55967/4712/5689/1386/1329/4695/5621/4714/5532/10213/5594/1347/4722/1537/4704/5707/4720/5709/10105/4711/8503/7280/842/9861/2932/5533/5595/10963/5601/4700/5704/5530/5602/7277/7419/1459/1351/7381/5690/291/4725/7846/4716/5688/4718/5691/347733/1432/5713/10381/203068/5684/3831/5683/4724/2903/5693/5567/2904/5682/3800/5708/51807/5702",0.627256739718528
"hsa05022","Pathways of neurodegeneration - multiple diseases",405,-0.612030675596654,-1.67410190654542,4.57288610403972e-09,5.28930492700595e-07,2.23847165064858e-07,1565,"tags=26%, list=11%, signal=24%","7345/2892/126328/7385/55967/4712/5689/5608/55255/2776/324/1329/10010/4695/5621/4714/5532/10213/5594/5332/673/1347/7326/2521/4722/1537/1452/51164/4704/29110/5707/3064/2893/116442/4720/817/10120/5709/10105/4711/818/7280/27429/842/9861/5630/2932/5533/4741/5595/816/7415/5601/4700/5704/9927/5530/5602/7277/55102/7419/1459/11315/1351/7381/5690/203228/291/4725/10280/7846/4716/4744/9896/5688/10540/4718/1020/5691/347733/823/1432/10671/5713/10381/203068/10121/5684/3831/5683/4724/2903/5693/51465/23236/65018/2904/5682/55860/3800/5708/51807/6311/5702",0.761460801445585
"hsa05322","Systemic lupus erythematosus",44,0.676749140247105,1.66107469561685,0.00227793800942,0.0359292949667609,0.0152055344361497,598,"tags=23%, list=4%, signal=22%","718/713/714/87/2212/712/3115/2214/715/3122",0.431707695803346
"hsa04672","Intestinal immune network for IgA production",41,0.69664669219909,1.65160244609432,0.00289607177327113,0.0385944022509526,0.0163334268877912,2014,"tags=32%, list=14%, signal=27%","4055/3115/3122/5284/23308/3601/3109/3111/3108/3676/7852/3586/7040",0.431707695803346
"hsa04061","Viral protein interaction with cytokine and cytokine receptor",83,0.600978871609898,1.64860960132408,0.000945646170551991,0.0172704853253443,0.00730899283123936,2868,"tags=31%, list=20%, signal=25%","7132/4055/3606/1436/10344/6354/6347/1230/1435/2829/6368/7852/3586/6355/3588/6364/6359/6373/3627/1524/1235/9547/6387/4049/3570/3587",0.477270815362862
"hsa05010","Alzheimer disease",323,-0.598035031092585,-1.62409640650772,5.13967698869953e-07,2.54781130725534e-05,1.07825195582387e-05,2085,"tags=29%, list=14%, signal=25%","824/10376/1457/5291/5718/5686/5719/374291/488/5715/4719/6389/10000/11047/6390/4217/5685/23621/126328/7385/55967/4712/5689/2776/324/1329/4695/4714/5532/10213/5594/5332/673/1347/4722/1537/1452/4704/5707/4720/5709/10105/4711/8503/7280/842/9861/2932/5533/5595/8883/5601/4700/5704/5530/5602/55851/7277/55102/7419/1459/1351/7381/5690/322/291/4725/7846/4716/5688/4718/1020/5691/347733/23385/10313/823/5713/10381/203068/5684/3831/5683/4724/2903/5693/23236/2904/5682/3800/5708/51807/5610/5702",0.659444398037935
"hsa00190","Oxidative phosphorylation",94,-0.670378240603507,-1.62101746527082,0.000247211881138219,0.00536140767218513,0.00226898604776596,2596,"tags=45%, list=18%, signal=37%","27089/6391/4696/9377/4698/4715/7384/4723/374291/4719/6389/528/6390/9550/126328/7385/55967/4712/529/1329/4695/4714/1347/526/4722/1537/4704/4720/51382/4711/523/4700/1353/5464/1351/7381/4725/4716/4718/27068/534/4724",0.49849310876659
"hsa05332","Graft-versus-host disease",28,0.723620244188789,1.6085235934075,0.00676958115117773,0.0572937721819188,0.0242471338971453,1842,"tags=32%, list=13%, signal=28%","3115/3122/3109/3553/3002/3133/3111/3108/5551",0.407017918923954
"hsa05133","Pertussis",68,0.61254543406205,1.60709610958798,0.00109064001468186,0.0189226042547302,0.00800818137074823,1352,"tags=24%, list=9%, signal=21%","718/713/714/712/3678/3684/2353/715/4615/3689/801/5970/929/4843/3553/2771",0.45505986738723
"hsa05017","Spinocerebellar ataxia",124,-0.63977269055936,-1.59000545739758,0.000412598335303531,0.00795397901946251,0.00336618077245151,2030,"tags=37%, list=14%, signal=32%","5291/5718/5686/5719/488/5715/10000/11047/4217/5685/6511/6908/2892/25814/5689/2776/10213/5332/4976/5707/9519/5709/10105/8503/9861/5601/5704/5602/55102/7419/5690/291/5688/6095/5691/5713/5684/5683/2903/5693/23236/2904/5682/5708/6311/5702",0.49849310876659
"hsa03020","RNA polymerase",28,-0.768111197208582,-1.57164341570772,0.00522771098048635,0.0490274516278045,0.0207487679547543,2094,"tags=50%, list=14%, signal=43%","5432/5441/10622/55703/25885/5440/171568/5438/5435/84172/5431/10623/51728/5434",0.407017918923954
"hsa05330","Allograft rejection",28,0.702071291997367,1.56062278038924,0.0128777825091096,0.0971432724056749,0.0411117272178949,1842,"tags=36%, list=13%, signal=31%","3115/3122/3109/3002/3133/3111/3108/3586/3593/5551",0.380730400722792
"hsa00020","Citrate cycle (TCA cycle)",30,-0.76066104800488,-1.55993007311038,0.00351016201568844,0.0400649488657785,0.0169557727259821,2296,"tags=47%, list=16%, signal=39%","48/5160/4190/6389/6390/4191/4967/55753/1431/1737/1738/8803/3420/47",0.431707695803346
"hsa05140","Leishmaniasis",65,0.588487197503659,1.5410109051237,0.00421341867036297,0.0430016552534103,0.018198607859466,2049,"tags=37%, list=14%, signal=32%","718/2212/1536/3684/2353/3115/4792/2214/4615/3122/3689/5970/4843/3109/3553/7043/3111/3108/3676/3586/3593/7189/7040/7099",0.407017918923954
"hsa01232","Nucleotide metabolism",65,-0.653503850120689,-1.51332282825478,0.00379558819879402,0.0411584095306727,0.0174185330949236,1383,"tags=20%, list=10%, signal=18%","957/2766/9583/131870/7084/51727/6240/50484/79077/3614/7371/3251/956",0.431707695803346
"hsa04114","Oocyte meiosis",106,-0.611534177190555,-1.51300314585796,0.00319271228231899,0.0388970501058222,0.0164615096231609,1328,"tags=24%, list=9%, signal=22%","10393/5532/5594/996/64506/367/817/6500/22849/818/5533/5515/5595/816/5530/8945/5347/8881/7533/25847/23291/1432/6790/5567/891",0.431707695803346
"hsa00350","Tyrosine metabolism",34,-0.716683520252783,-1.50890314797212,0.0108710538875721,0.083827904421945,0.035476568315002,1272,"tags=12%, list=9%, signal=11%","4128/2806/81889/7306",0.380730400722792
"hsa04723","Retrograde endocannabinoid signaling",133,-0.594532909187498,-1.49905494546162,0.00218182557478801,0.0359292949667609,0.0152055344361497,1548,"tags=29%, list=11%, signal=26%","2892/126328/747/55967/4712/2776/2558/10681/55970/2570/4695/4714/5594/5332/2555/4722/4704/2893/4720/54331/3763/4711/2566/3760/5595/5601/4700/5602/4725/4716/4718/2556/22999/1432/4724/5567/23236/2785/2562",0.431707695803346
"hsa00830","Retinol metabolism",53,0.570179225467824,1.48054177930571,0.0258624276076854,0.145154104009109,0.0614302543119993,3594,"tags=40%, list=25%, signal=30%","216/1559/125/126/1592/124/10170/1544/79799/10941/8608/9227/127/7365/1562/54490/1558/1543/1577/1555/56603",0.352487857583619
"hsa04514","Cell adhesion molecule (CAM) interaction",135,0.508116198706575,1.47184665357163,0.00300302265353233,0.0385944022509526,0.0163334268877912,1417,"tags=22%, list=10%, signal=20%","5175/1002/947/933/1003/84631/6402/6404/3384/5792/3684/965/3115/5010/50848/6385/1462/3122/26050/3689/23308/10686/4099/10666/920/3109/5788/3133/3111/6900",0.431707695803346
"hsa04670","Leukocyte transendothelial migration",101,0.528039012363993,1.47056481821582,0.00574745644804726,0.0511376253198052,0.0216418085437683,881,"tags=18%, list=6%, signal=17%","1500/87/5175/5829/1003/5336/10411/1536/29119/5747/3684/7414/5010/50848/6494/3689/10686/81",0.407017918923954
"hsa01210","2-Oxocarboxylic acid metabolism",31,-0.70813479657463,-1.46915263508192,0.0190536171239458,0.123456388329184,0.0522476259508776,2296,"tags=39%, list=16%, signal=33%","48/2805/5160/4967/95/55753/586/2806/1431/1737/1738/3420",0.352487857583619
"hsa04141","Protein processing in endoplasmic reticulum",149,-0.573246283510199,-1.46116408018249,0.00325076211259033,0.0388970501058222,0.0164615096231609,2851,"tags=44%, list=20%, signal=35%","1388/10484/54431/5599/6747/55973/79139/11231/9709/7321/55968/10802/6396/85479/10956/5609/55666/8720/22824/201595/8454/6745/57134/10134/6185/824/29927/10277/3301/51360/26232/10905/5887/9978/3309/4217/6746/10427/23193/55768/56681/4121/51619/821/165324/3703/51035/9373/7326/11253/6500/10113/3337/7415/5601/5602/10808/22872/55176/1603/7993/823/10273/51465/7322",0.431707695803346
"hsa05206","MicroRNAs in cancer",155,0.494189691152233,1.45879499184862,0.00269170657871119,0.0385944022509526,0.0163334268877912,2248,"tags=32%, list=16%, signal=27%","9839/10253/5336/3678/3925/994/399694/7057/960/10014/894/2065/23411/8660/1387/4194/5605/1956/6624/7168/4170/10298/1788/1591/25/7431/4233/3371/4082/1942/1786/7148/11186/2033/54541/4609/8434/8651/9759/4851/3551/3667/7422/578/5578/6093/6659/4853/472",0.431707695803346
"hsa00590","Arachidonic acid metabolism",51,0.572780574797681,1.4579164968032,0.0259353154137313,0.145154104009109,0.0614302543119993,2495,"tags=24%, list=17%, signal=20%","6916/151056/240/8529/1559/5730/1573/8644/30814/11283/145482/242",0.352487857583619
"hsa04710","Circadian rhythm",32,-0.678898514107493,-1.44591754213414,0.0431432973805855,0.207926724875877,0.087996076132885,2222,"tags=44%, list=15%, signal=37%","1628/8454/5571/5562/9978/5563/9975/6500/51422/26224/5565/8945/6095/23291",0.271288554688953
"hsa04612","Antigen processing and presentation",54,0.573731963497165,1.4452671461646,0.0132463241182836,0.0973158045519492,0.0411847440553793,1367,"tags=22%, list=9%, signal=20%","1520/3115/10437/972/3122/567/920/55080/3109/3133/3306/3111",0.380730400722792
"hsa05320","Autoimmune thyroid disease",39,0.605560741824983,1.44519062305879,0.0223259981610648,0.13591440985771,0.0575199497060069,3659,"tags=41%, list=25%, signal=31%","3115/3122/3109/3002/3133/3111/3108/3586/5551/1081/940/7038/7253/3118/3444/7173",0.352487857583619
"hsa05310","Asthma",25,0.660134791321119,1.44450604026681,0.0526663092015782,0.243669457239302,0.103122655941838,1809,"tags=28%, list=12%, signal=25%","2207/3115/3122/3109/3111/3108/3586",0.321775918075361
"hsa05132","Salmonella infection",223,-0.54455017122664,-1.44281549502704,0.00289357093624311,0.0385944022509526,0.0163334268877912,2105,"tags=27%, list=15%, signal=23%","51429/81873/10376/5291/26263/998/10000/5058/55770/8743/60/57180/382/5608/64746/5063/10109/5594/6281/1783/23265/51164/23339/60412/9844/10120/6500/1780/51209/9475/3836/7280/3840/5595/8976/5601/25828/5602/302/7277/113146/83658/1434/6416/7846/10540/127829/26999/347733/1432/10671/10381/203068/10121/3831/5217/55860/3800/51807/51143",0.431707695803346
"hsa05168","Herpes simplex virus 1 infection",143,0.488867892695758,1.43651716826049,0.00415487863506807,0.0430016552534103,0.018198607859466,2005,"tags=24%, list=14%, signal=21%","718/7132/56829/6672/3678/3115/4792/972/3054/4615/1616/3122/567/5199/6773/5452/5970/4938/55080/6347/3109/5371/3553/3133/3111/841/4940/330/3108/7098/54106/3593/7297/3551/7189",0.407017918923954
"hsa05415","Diabetic cardiomyopathy",158,-0.558108315266151,-1.4318836373956,0.00755977624268532,0.0624581513383764,0.0264327360687854,2034,"tags=29%, list=14%, signal=25%","5160/5291/374291/488/4719/6389/10000/6390/9882/126328/7385/55967/4712/1329/4695/5590/4714/5332/1347/4722/1537/4704/5165/5728/4720/817/10105/4711/8503/818/2932/816/5601/4700/5602/7419/1351/7381/291/4725/4716/4718/1432/4724/23236/142",0.407017918923954
"hsa00900","Terpenoid backbone biosynthesis",22,-0.729218924653683,-1.43121147230437,0.0407830342577488,0.199319899823082,0.0843536062528813,2839,"tags=55%, list=20%, signal=44%","2224/4597/79947/38/9453/2339/78991/3157/10269/23463/3156/3422",0.287857117255149
"hsa04814","Motor proteins",165,-0.555026508397141,-1.42414593458469,0.00551062942951268,0.0503207476852868,0.0212961000901713,1520,"tags=22%, list=10%, signal=20%","11127/829/55614/4640/84643/832/23095/1783/7138/51164/63971/10120/1780/4628/7280/7283/27175/7277/83658/7846/830/22920/10540/70/347733/10671/10381/203068/10121/3831/55605/4649/55860/3800/51807/51143",0.407017918923954
"hsa05208","Chemical carcinogenesis - reactive oxygen species",179,-0.546289280609795,-1.42345694165679,0.00504577409964699,0.0486356559049307,0.020582957204457,2454,"tags=34%, list=17%, signal=28%","2952/9377/4698/5894/4715/7384/196/5609/5781/4723/25865/5291/374291/52/4719/6389/10000/6390/4217/3091/126328/7385/55967/4712/4258/1329/4695/4714/5594/673/1347/2052/4722/1537/4704/5728/4720/1646/2941/10105/4711/6654/8503/5170/5595/5601/4700/5602/7419/1351/7381/291/6416/4725/2885/4716/4718/4259/1432/4724",0.407017918923954
"hsa05171","Coronavirus disease",186,0.477722308458312,1.41957332179648,0.00295672404022305,0.0385944022509526,0.0163334268877912,1213,"tags=15%, list=8%, signal=13%","718/713/714/7132/2212/712/5336/1536/719/7450/2353/4792/6235/1956/715/4615/6160/6773/5970/6136/6155/4938/6347/51311/2162/6868/3553",0.431707695803346
"hsa05152","Tuberculosis",162,0.486110030893629,1.41893582752437,0.00357928937993986,0.0400649488657785,0.0169557727259821,2049,"tags=23%, list=14%, signal=20%","718/1520/7132/2212/3687/64581/2207/1051/3606/3684/1387/3115/972/2214/4615/10892/3122/3689/801/5970/929/4843/3109/3553/7043/3111/841/2033/3108/54106/3586/3593/3588/9902/3656/7189/7040/7099",0.431707695803346
"hsa00280","Valine, leucine and isoleucine degradation",45,-0.64261331014111,-1.41697043563714,0.028491255248116,0.154476024548379,0.0653753577130555,2647,"tags=38%, list=18%, signal=31%","223/594/35/5096/38/34/5095/54511/3033/3030/1892/217/586/3157/1738/5019/224",0.352487857583619
"hsa00592","alpha-Linolenic acid metabolism",21,0.673295315334851,1.40794404693607,0.0757575757575758,0.292087542087542,0.123613535520005,322,"tags=10%, list=2%, signal=9%","8310/151056",0.261663521711573
"hsa04540","Gap junction",80,-0.588173796706085,-1.4025693906679,0.024542531013921,0.14434336037001,0.0610871418091068,1521,"tags=24%, list=10%, signal=21%","2977/2776/5594/5332/3356/6654/7280/5595/7277/2885/7846/347733/10381/203068/5567/5607/23236/51807/80310",0.352487857583619
"hsa04520","Adherens junction",82,0.519063005150015,1.39653688034733,0.0162853057159874,0.113020021668953,0.047830880985878,1232,"tags=24%, list=8%, signal=22%","1500/87/1003/29119/5792/7048/1387/64750/7414/1956/10810/5787/889/55698/57154/81/4233/4089/2534/10163",0.352487857583619
"hsa03060","Protein export",24,-0.697053903325451,-1.39508023201619,0.0566037735849057,0.253090919331927,0.107109886039752,2267,"tags=46%, list=16%, signal=39%","28972/29927/58477/6730/3309/8266/6729/6728/90701/5018/55176",0.237793834423688
"hsa00062","Fatty acid elongation",20,-0.728111978693116,-1.39146786836547,0.0698466780238501,0.27546773099962,0.116579912676766,2572,"tags=50%, list=18%, signal=41%","9374/60481/5538/3033/3030/1892/122970/117145/79071/6785",0.222056046145248
"hsa03013","Nucleocytoplasmic transport",91,-0.56872861100543,-1.38112695417562,0.0232710261071515,0.139224932054855,0.0589209863619415,2533,"tags=30%, list=17%, signal=25%","64328/6396/8086/57187/9688/11260/6613/51068/5903/51808/51194/3841/55746/4686/10527/3842/3836/3840/8563/10073/80145/9775/1434/23534/9631/23633/5901",0.352487857583619
"hsa05033","Nicotine addiction",38,-0.643097121764789,-1.37990664435901,0.0388198757763975,0.192435669920142,0.081440150952621,1548,"tags=32%, list=11%, signal=28%","2892/2558/2570/2555/1141/1137/2893/2566/2556/2903/2904/2562",0.287857117255149
"hsa04714","Thermogenesis",168,-0.535803990180673,-1.37969489841578,0.00966137319318008,0.0779650348379881,0.0329953600019531,2625,"tags=33%, list=18%, signal=27%","2182/27089/6391/4696/6198/9377/4698/4715/7384/4723/5571/6595/374291/5562/7248/4719/6389/656/6390/1374/4217/60/84335/51241/126328/7385/55967/4712/1386/5563/1329/4695/4714/1347/4722/1537/4704/4720/4711/6654/51422/4700/5565/1353/1351/7381/4725/2885/4716/4718/23305/1432/4724/5567/788",0.380730400722792
"hsa00600","Sphingolipid metabolism",44,-0.624095091759163,-1.36790246690874,0.0494590417310665,0.231922803792974,0.09815138824363,2364,"tags=27%, list=16%, signal=23%","56624/55331/57704/2720/2717/9334/7357/6609/8560/2583/3073/9331",0.252961123069611
"hsa00515","Mannose type O-glycan biosynthesis",16,0.696599982640176,1.36491299556896,0.0943877551020408,0.334209704289879,0.141439935634042,1609,"tags=19%, list=11%, signal=17%","27087/9486/79147",0.234392647294686
"hsa04350","TGF-beta signaling pathway",106,0.490308025571555,1.36479836090558,0.0156189604906964,0.110607740617789,0.0468099864031405,2235,"tags=31%, list=15%, signal=27%","7050/3397/7057/7048/1387/64750/57817/5518/3399/6497/57154/658/3400/3624/4089/7043/56963/6667/9765/2033/4609/3625/1874/26585/7044/269/1634/2331/2615/7040/2014/653/6093",0.380730400722792
"hsa04940","Type I diabetes mellitus",34,0.585178237537204,1.36456440057535,0.0576201228450209,0.253090919331927,0.107109886039752,3133,"tags=47%, list=22%, signal=37%","3115/3122/3109/3553/3002/3133/3111/2572/3108/3593/5551/4049/3329/940/2571/3592",0.321775918075361
"hsa04380","Osteoclast differentiation",126,0.469087214575338,1.36444138613507,0.0171908888429874,0.116965459382679,0.0495006184265165,2014,"tags=25%, list=14%, signal=22%","7305/7132/2212/11027/353514/5336/7048/1436/3726/2353/29760/54209/4792/2214/6688/6773/5970/9846/4982/3553/2534/140885/1435/3554/126014/8061/799/8651/7297/3551/7189/7040",0.352487857583619
"hsa04140","Autophagy - animal",142,-0.537726604897544,-1.36351941711906,0.0185178842813945,0.123456388329184,0.0522476259508776,2872,"tags=39%, list=20%, signal=31%","1509/5289/9474/5568/84971/5599/10133/6885/6198/3916/84557/115201/440275/1613/5894/9821/7879/64422/5291/5562/7248/7405/10000/3091/8417/84335/10533/664/64689/55255/9110/5563/3476/10010/3920/5594/5588/29110/5728/57448/23339/116442/8503/5170/26003/5515/5595/5601/5602/55102/203228/8887/10652/84938/5567",0.352487857583619
"hsa04950","Maturity onset diabetes of the young",26,0.623366151396499,1.36342993844088,0.0884718498659517,0.319788873994638,0.135336937179577,1930,"tags=19%, list=13%, signal=17%","3174/5080/3170/168620/6928",0.248911114434702
"hsa00650","Butanoate metabolism",23,-0.685975318914146,-1.36121447922994,0.0804416403785489,0.306739002322599,0.129814138213438,2370,"tags=39%, list=16%, signal=33%","622/35/38/54511/3033/3030/1892/3157/5019",0.197822021315103
"hsa04148","Efferocytosis",146,0.465411104783548,1.36098427203153,0.0100356623689567,0.0791448827733629,0.0334946800812188,1433,"tags=17%, list=10%, signal=16%","713/714/5175/712/1051/23166/6446/7057/5747/23411/240/84465/19/5605/64805/6513/1788/89790/4775/6868/140885/1846/558/286046/10461",0.380730400722792
"hsa05146","Amoebiasis",98,0.494916909514825,1.35914657732265,0.0192122333422937,0.123456388329184,0.0522476259508776,2049,"tags=30%, list=14%, signal=26%","87/3913/5330/3908/5747/3684/7414/2335/3909/3689/5331/5970/929/81/1281/3911/4843/3553/7043/3554/1287/3586/3912/3593/2778/1288/7040/911/7099",0.352487857583619
"hsa04728","Dopaminergic synapse",127,-0.537940737822794,-1.3588899577991,0.0211452016483583,0.133291871181569,0.0564100725935535,1548,"tags=27%, list=11%, signal=24%","2892/5520/2776/10681/1386/55970/5521/4128/5532/5522/5332/2893/6323/817/54331/3763/2774/3760/818/2932/5533/5515/816/5601/5530/5602/1432/2931/2903/5567/23236/2785/2904/3800",0.352487857583619
"hsa05142","Chagas disease",98,0.492489308123854,1.35247987012755,0.0215110800754118,0.133291871181569,0.0564100725935535,2049,"tags=32%, list=14%, signal=27%","718/713/714/7132/712/2775/5330/7048/2353/4792/4615/5518/5331/5970/55844/6347/4843/3553/7043/917/2771/841/8837/54106/3586/3593/2778/3551/7189/7040/7099",0.352487857583619
"hsa04932","Non-alcoholic fatty liver disease",139,-0.530058698214942,-1.34690623344297,0.0268076481478433,0.147654823925423,0.062488576854589,2421,"tags=33%, list=17%, signal=28%","9377/4698/4715/7384/637/4723/5571/5291/374291/5562/4719/6389/998/10000/6390/4217/126328/7385/55967/4712/5563/1329/4695/4714/1347/4722/1537/4704/4720/4711/8503/2932/51422/5601/4700/5602/5565/1351/7381/4725/4716/4718/51094/1432/2931/4724",0.352487857583619
"hsa00480","Glutathione metabolism",53,-0.590706152346792,-1.34286043422426,0.0536231884057971,0.244832189168574,0.103614732404984,1416,"tags=21%, list=10%, signal=19%","4258/373156/9588/5226/51056/2941/6240/50484/6723/4259/10314",0.234392647294686
"hsa04924","Renin secretion",64,0.520266430927177,1.34266023580264,0.0359114705908701,0.183254121985763,0.0775544542412742,1051,"tags=20%, list=7%, signal=19%","358/1906/3778/5330/112/779/1908/5331/801/5136/3759/1909/116",0.321775918075361
"hsa00240","Pyrimidine metabolism",48,-0.599721350146157,-1.34033027154098,0.0625954198473282,0.260960701484895,0.110440434096502,1383,"tags=19%, list=10%, signal=17%","957/9583/7084/51727/6240/50484/79077/7371/956",0.222056046145248
"hsa05202","Transcriptional misregulation in cancer",164,0.456504397782399,1.33588860724905,0.00661793508433974,0.0572937721819188,0.0242471338971453,1936,"tags=18%, list=13%, signal=16%","2321/8938/1051/5747/7048/894/3684/1436/64332/7704/6688/221037/84444/5970/929/2005/3205/4233/5371/3002/6929/1050/6667/2078/4609/330/26039/3728/64919/5966",0.407017918923954
"hsa04137","Mitophagy - animal",89,-0.549334134087333,-1.33546345781265,0.0348189415041783,0.180330935849998,0.0763173409750167,2476,"tags=30%, list=17%, signal=25%","84557/25820/7879/54543/1457/84134/55288/23770/3091/139341/664/11331/9101/10651/4976/79594/29110/27342/7415/5601/9927/5602/23786/1459/8887/25813/65018",0.287857117255149
"hsa04146","Peroxisome",78,-0.555319273840583,-1.32692855769573,0.0612535612535613,0.259207143353485,0.109698315761656,1684,"tags=19%, list=12%, signal=17%","6342/54511/5195/373156/4358/51555/10005/26061/5192/8540/8799/23305/23600/225/1891",0.216542836735348
"hsa00430","Taurine and hypotaurine metabolism",15,0.673475101739367,1.31953671327409,0.140625,0.435686383928571,0.184385591766168,1446,"tags=27%, list=10%, signal=24%","2329/51380/2328/2572",0.191892240384838
"hsa05340","Primary immunodeficiency",36,0.570765325833503,1.31840606792218,0.0854700854700855,0.315511911256592,0.133526895979056,3326,"tags=31%, list=23%, signal=24%","29760/5896/920/3718/5788/7535/5994/695/926/100/930",0.261663521711573
"hsa04936","Alcoholic liver disease",129,0.454127922191757,1.31018108822692,0.02916127819682,0.155676362066101,0.0658833491300205,852,"tags=12%, list=6%, signal=12%","718/713/714/7132/712/8310/32/23765/719/23411/79602/4792/4615/501/5970/929",0.352487857583619
"hsa04130","SNARE interactions in vesicular transport",32,-0.615000550876466,-1.30982770834824,0.117103235747304,0.394512842760333,0.166960654854073,1855,"tags=31%, list=13%, signal=27%","8674/8417/53407/9554/6811/662/6843/9482/55850/10652",0.159646701919906
"hsa00983","Drug metabolism - other enzymes",64,-0.564023787578396,-1.30975151915783,0.0675477239353891,0.27546773099962,0.116579912676766,885,"tags=14%, list=6%, signal=13%","7084/2941/51727/6240/50484/3614/4259/7371/3251",0.208955027549354
"hsa05134","Legionellosis",50,0.514181061839159,1.30964033356833,0.0839726551768017,0.313317326304841,0.132598131941583,2166,"tags=32%, list=15%, signal=27%","718/3606/3684/4792/4615/3689/5970/929/1195/3553/841/57396/3593/7100/7099/3310",0.287805130535564
"hsa04136","Autophagy - other",24,-0.653779514068226,-1.3084710835453,0.111635220125786,0.379778641016155,0.160725035362582,2865,"tags=42%, list=20%, signal=33%","5289/9474/84971/115201/64422/10533/3476/5515/55102/84938",0.165656695205483
"hsa04360","Axon guidance",172,-0.500444433980895,-1.30426646781565,0.0367088607594937,0.184608328747019,0.0781275642218899,1449,"tags=22%, list=10%, signal=20%","1630/5063/3983/3688/659/5590/5532/5594/8482/5881/2044/817/56896/6091/6586/9475/5921/8503/5170/818/7224/2932/5533/57556/5595/816/1808/10505/1946/5530/9353/84628/55740/3897/1020/8829/10371",0.266350657088526
"hsa01200","Carbon metabolism",105,-0.535192221294574,-1.3038089227569,0.0631720430107527,0.260960701484895,0.110440434096502,2296,"tags=29%, list=16%, signal=24%","48/35/5096/2645/2805/38/5160/4190/6389/6390/4191/230/5095/4967/1892/2027/6470/55753/5226/5213/2806/1431/1737/1738/4200/4199/8803/3420/7086/5214",0.206587922696891
"hsa04914","Progesterone-mediated oocyte maturation",83,-0.538496372350561,-1.28969464336779,0.0730337078651685,0.284749400328241,0.120507981477778,1328,"tags=22%, list=9%, signal=20%","10393/5594/673/996/64506/8503/22849/5595/5601/5602/5347/8881/25847/8900/1432/6790/5567/891",0.195789002148949
"hsa05323","Rheumatoid arthritis",81,0.470824369729939,1.28303417107679,0.0611108240905136,0.259207143353485,0.109698315761656,2049,"tags=23%, list=14%, signal=20%","2321/525/3606/2353/3115/3122/3689/6347/3605/3109/3553/7043/3111/1435/3108/127124/7422/7040/7099",0.321775918075361
"hsa04613","Neutrophil extracellular trap formation",100,0.456994954730273,1.27638705535362,0.0698592516656098,0.27546773099962,0.116579912676766,1141,"tags=21%, list=8%, signal=19%","718/2212/837/2357/64581/5330/5336/1536/10014/6404/7450/3684/5605/2214/3689/5331/51564/5970/8520/51311/23569",0.287805130535564
"hsa05231","Choline metabolism in cancer",88,-0.521549956262023,-1.27112563007456,0.0934065934065934,0.334145236207092,0.141412652280618,1242,"tags=19%, list=9%, signal=18%","60482/5594/5881/1608/6654/8503/5170/5595/8395/5601/9468/8526/5602/8936/2885/1607/80310",0.169570644405628
"hsa04080","Neuroactive ligand-receptor interaction",349,0.39782002067431,1.26799583445445,0.0049387044835374,0.0486356559049307,0.020582957204457,2205,"tags=21%, list=15%, signal=18%","718/4922/7425/1906/1813/2895/2357/140/11054/5027/5179/187/719/2890/1145/1131/2897/152/6750/5173/2906/134864/1902/1908/2899/2742/1903/1909/2918/3274/9568/116/797/6013/2846/22953/5021/6865/1907/9934/1146/79627/2560/6344/885/3060/2554/1241/6863/2557/2569/2492/799/59340/10888/1142/2565/6866/2641/3352/6751/150/728/84539/116443/85569/796/1395/1268/53829/64111/9170",0.407017918923954
"hsa05412","Arrhythmogenic right ventricular cardiomyopathy",85,0.463150765427579,1.26606594299401,0.0572955757300379,0.253090919331927,0.107109886039752,2108,"tags=28%, list=15%, signal=24%","3673/3691/3678/3908/1824/29119/3675/779/88/784/10368/4000/786/1832/4842/6934/8082/3676/3728/27091/8910/3696/6546/89",0.321775918075361
"hsa04530","Tight junction",147,-0.498001141304151,-1.26580092339763,0.0607594936708861,0.259207143353485,0.109698315761656,2189,"tags=27%, list=15%, signal=23%","5571/776/2064/81873/10376/5562/998/1365/4217/60/57180/7074/9071/5520/7408/3688/5563/5521/10109/5590/5522/1741/4771/51735/9475/4628/51422/5515/5601/5602/7277/5565/7846/3308/9076/23327/7430/5567/51807",0.204294756516886
"hsa01230","Biosynthesis of amino acids",64,-0.544445260180461,-1.26428711399078,0.0954478707782673,0.334549607677361,0.141583785177098,1585,"tags=19%, list=11%, signal=17%","230/95/2027/6470/5213/586/2806/1431/435/3420/7086/5214",0.173747838999571
"hsa04066","HIF-1 signaling pathway",103,0.455775056061901,1.26088188954294,0.0477652751738307,0.227048636785195,0.096088605927615,842,"tags=14%, list=6%, signal=13%","7076/2034/1906/2321/4055/5336/1536/1387/4846/5605/5209/1956/6513/5970",0.321775918075361
"hsa04614","Renin-angiotensin system",23,-0.634211037555883,-1.25849607617816,0.152996845425868,0.437736529104343,0.185253227858058,2723,"tags=26%, list=19%, signal=21%","290/10159/5476/5547/57486/4012",0.139599673451922
"hsa00520","Amino sugar and nucleotide sugar metabolism",36,-0.586251058370443,-1.25253178285789,0.152073732718894,0.437736529104343,0.185253227858058,2962,"tags=33%, list=20%, signal=27%","3098/2821/7360/2645/5372/5238/6675/55577/132789/10007/3073/4351",0.138022242496643
"hsa04115","p53 signaling pathway",69,-0.531840811406979,-1.24880211438724,0.125171939477304,0.409760971685137,0.173413772001722,1020,"tags=12%, list=7%, signal=11%","5728/842/9538/50484/56475/1111/891/545",0.144630528034484
"hsa03440","Homologous recombination",34,-0.591144794803584,-1.24459432452395,0.169753086419753,0.441415655808459,0.18681026057596,1984,"tags=24%, list=14%, signal=20%","10111/6118/4683/57804/6117/5889/79184/11073",0.130105630751129
"hsa00591","Linoleic acid metabolism",25,0.568156090766618,1.2432383745209,0.154855643044619,0.437736529104343,0.185253227858058,1994,"tags=20%, list=14%, signal=17%","151056/1559/1573/30814/1544",0.183023938384487
"hsa04962","Vasopressin-regulated water reabsorption",43,-0.577714771904862,-1.24211608339224,0.144376899696049,0.437736529104343,0.185253227858058,1387,"tags=21%, list=10%, signal=19%","8766/1783/51164/1780/398/10540/10671/5567/51143",0.141225119642531
"hsa03250","Viral life cycle - HIV-1",57,-0.539647824097209,-1.24078962764614,0.130057803468208,0.421776241153908,0.178498719920574,1421,"tags=19%, list=10%, signal=17%","6829/6827/10955/10015/1025/4131/7251/27183/5300/23534/5901",0.14551614609036
"hsa04820","Cytoskeleton in muscle cells",219,0.411669080736628,1.23994820454379,0.0337643920729814,0.17751884923219,0.0751272458188476,2019,"tags=23%, list=14%, signal=20%","4604/3673/3691/84467/4625/3678/3908/4624/1824/4627/7057/3675/7414/4811/10611/2335/3339/23224/6385/7168/1462/88/23500/11155/2318/1281/84823/4619/7431/118461/633/4000/6712/3930/1832/1301/1287/8082/51778/1298/6382/9124/1730/3676/1634/3728/482/8910/1288/3696",0.321775918075361
"hsa01521","EGFR tyrosine kinase inhibitor resistance",75,-0.520004602620122,-1.23423508178642,0.131868131868132,0.423687423687424,0.179307546029018,1519,"tags=19%, list=10%, signal=17%","6774/3717/5594/673/5728/6654/8503/2932/5595/3716/2885/4763/80310/3084",0.140406238523342
"hsa04216","Ferroptosis",38,0.518152599363685,1.22890325424377,0.156424581005587,0.437736529104343,0.185253227858058,776,"tags=18%, list=5%, signal=17%","1356/51703/2729/1536/23516/2512/2180",0.188204146308491
"hsa04662","B cell receptor signaling pathway",79,0.458918224937234,1.22692385852447,0.088135593220339,0.319788873994638,0.135336937179577,975,"tags=18%, list=7%, signal=17%","11027/933/353514/5336/2353/29760/4792/5605/3635/8519/10892/25780/5970/4775",0.282013350011725
"hsa04979","Cholesterol metabolism",50,0.48146403917055,1.22630872985695,0.140127388535032,0.435686383928571,0.184385591766168,2787,"tags=32%, list=19%, signal=26%","51129/27141/19/4023/348/4036/344/114879/3949/345/6646/335/5360/350/948/3990",0.213927855492356
"hsa04621","NOD-like receptor signaling pathway",159,0.412982562854498,1.22570410564156,0.0687663924068679,0.27546773099962,0.116579912676766,1213,"tags=14%, list=8%, signal=13%","10628/388646/837/5330/3428/5027/1536/3606/171389/4792/55072/84168/4615/5580/84674/5331/6773/5970/4938/6347/115361/3553",0.287805130535564
"hsa05321","Inflammatory bowel disease",60,0.478248273956524,1.22546941706487,0.135646687697161,0.427903642099226,0.1810918797965,2049,"tags=27%, list=14%, signal=23%","3566/3606/3115/3122/5970/3605/3109/3553/7043/3111/3108/3586/3593/7100/7040/7099",0.216542836735348
"hsa00010","Glycolysis / Gluconeogenesis",61,-0.52935496818055,-1.22057093573971,0.150862068965517,0.437736529104343,0.185253227858058,2962,"tags=34%, list=20%, signal=28%","3098/9562/2821/2026/55902/5106/223/2645/5160/3939/3945/669/230/2027/92579/217/5213/1737/1738/224/5214",0.133554954557592
"hsa00561","Glycerolipid metabolism",49,-0.543778858543004,-1.21877386913405,0.152366863905325,0.437736529104343,0.185253227858058,2115,"tags=24%, list=15%, signal=21%","9162/84649/2717/55326/231/23175/55750/217/1608/8526/1607/224",0.135002033828631
"hsa00510","N-Glycan biosynthesis",49,-0.543285268806539,-1.21766758435776,0.153846153846154,0.437736529104343,0.185253227858058,2229,"tags=35%, list=15%, signal=29%","201595/57134/6185/10905/79053/85365/199857/23193/79644/4121/3703/1798/8813/11253/22845/57171/1603",0.134273452883202
"hsa00601","Glycosphingolipid biosynthesis - lacto and neolacto series",28,-0.594229179985417,-1.2158609086021,0.201892744479495,0.476648351648352,0.201720989282646,1596,"tags=14%, list=11%, signal=13%","10317/79369/10402/8708",0.119348440591015
"hsa04064","NF-kappa B signaling pathway",91,0.448256441282001,1.21357384752117,0.108208955223881,0.371767400620659,0.157334621166515,2845,"tags=31%, list=20%, signal=25%","7132/4055/5336/29760/4792/4615/10892/7706/5970/929/3553/3554/4067/330/8837/3551/7189/7099/6850/472/331/7535/7185/6387/695/4049/8737/5335",0.266350657088526
"hsa04217","Necroptosis",119,-0.48652816999467,-1.2112671534131,0.135416666666667,0.427903642099226,0.1810918797965,1764,"tags=18%, list=12%, signal=16%","8743/10059/6774/9131/3717/5834/81030/817/6609/818/816/27243/5601/27183/5602/7419/3716/291/823/5610/142",0.134273452883202
"hsa04960","Aldosterone-regulated sodium reabsorption",36,-0.560330310918132,-1.19715182310192,0.210445468509985,0.490097836060166,0.207412907216507,1200,"tags=19%, list=8%, signal=18%","5594/8503/5170/5595/53828/23327/476",0.114750719227023
"hsa05218","Melanoma",70,-0.506718506652209,-1.19523749327066,0.166912850812408,0.441415655808459,0.18681026057596,2030,"tags=16%, list=14%, signal=14%","5291/2250/10000/2246/5594/673/5728/8503/5595/2254/80310",0.128142916898415
"hsa04151","PI3K-Akt signaling pathway",331,0.376149168782581,1.19465293956509,0.0258935059502215,0.145154104009109,0.0614302543119993,2064,"tags=21%, list=14%, signal=18%","2321/627/9180/3913/3566/59345/3673/3691/3678/6446/5934/3908/7057/5747/57121/7450/894/1436/2065/1017/3791/3675/4846/1441/2335/5605/1956/3909/8074/5518/1902/9586/4170/5970/4254/55844/55012/3718/3911/4233/4602/3371/3481/2846/1942/1435/2788/7148/7534/1287/9863/3815/54541/4609/5294/1298/896/3676/3912/84699/3551/3667/1288/7422/2066/3696/7099/64764",0.352487857583619
"hsa04964","Proximal tubule bicarbonate reclamation",23,0.556704775928697,1.18886344501,0.201086956521739,0.476648351648352,0.201720989282646,2,"tags=4%, list=0%, signal=4%","358",0.161978948883402
"hsa04260","Cardiac muscle contraction",75,-0.500598026610051,-1.18817341846979,0.173076923076923,0.441415655808459,0.18681026057596,1526,"tags=20%, list=11%, signal=18%","7385/6547/1329/10369/1347/1537/783/782/1351/7381/70/444/10479/476/84679",0.120433371642259
"hsa04978","Mineral absorption",56,0.466527855780633,1.18807142446405,0.175548589341693,0.441415655808459,0.18681026057596,676,"tags=11%, list=5%, signal=10%","493/4489/79901/4499/2512/140803",0.188204146308491
"hsa04910","Insulin signaling pathway",125,-0.471052899423597,-1.18760397480194,0.159383033419023,0.437920673076923,0.185331158903431,2189,"tags=22%, list=15%, signal=19%","5571/2645/5291/5562/7248/10000/10211/5563/5261/92579/5834/5590/5594/673/23265/867/6654/8503/5170/2932/51422/5595/5601/5602/5565/2885/5567/5576",0.121543282035469
"hsa04519","Cadherin signaling",365,0.376047582974585,1.18723041723812,0.0134615522146788,0.0973158045519492,0.0411847440553793,1982,"tags=20%, list=14%, signal=18%","9620/1500/4647/87/1002/1003/2196/3071/22800/1824/29119/60437/5747/1387/3791/7414/4792/342574/5605/25937/64403/1956/23500/1952/9113/10083/1009/473/5970/81/4642/51350/56101/4542/9708/10413/342125/7431/51347/340596/4233/79633/1822/23191/5664/4430/1857/1832/3866/2560/7534/6934/2554/7855/2033/196374/56128/2557/2569/5606/56097/56103/2565/3883/3728/56107/28513/64072/56147/2195/3551/56124/8322",0.380730400722792
"hsa00360","Phenylalanine metabolism",15,-0.645635096564768,-1.18479342213111,0.241100323624595,0.536293668575222,0.226963313723624,2838,"tags=27%, list=20%, signal=21%","4129/2805/4128/2806",0.109250039480711
"hsa00230","Purine metabolism",108,-0.476207954237816,-1.18170831377109,0.162450066577896,0.437920673076923,0.185331158903431,2178,"tags=16%, list=15%, signal=13%","27115/8833/5152/51292/5471/2977/957/2766/9583/131870/4882/6240/50484/3614/5147/3251/956",0.122679189568808
"hsa04142","Lysosome biogenesis",212,-0.450145316846869,-1.18098443502801,0.122572815533981,0.405073971336107,0.171430199953472,2896,"tags=38%, list=20%, signal=31%","4758/55207/1509/51606/27074/9114/10239/1777/26031/51699/84572/153129/9885/9374/79158/3916/1212/7879/1211/26985/10717/84286/5538/23230/163/161/2720/2717/5476/8907/3988/2588/160/528/175/8218/1657/3177/9550/8120/121260/26088/23335/84335/1173/1213/9741/529/26503/53/112936/9583/3920/114880/120103/526/950/1176/23339/51382/54982/55737/151556/8905/6609/5007/523/135112/1174/23163/10947/23312/3073/1175/282991/164/9896/127829/534/55353",0.136490437780413
"hsa04012","ErbB signaling pathway",79,-0.499658819057368,-1.18045089024231,0.17963224893918,0.44207369065174,0.187088745624969,1200,"tags=20%, list=8%, signal=19%","5594/673/867/817/6654/8503/818/2932/5595/816/5601/5602/6416/2885/145957/3084",0.119887845115423
"hsa04750","Inflammatory mediator regulation of TRP channels",89,-0.485214100904944,-1.17958390124535,0.16991643454039,0.441415655808459,0.18681026057596,1539,"tags=18%, list=11%, signal=16%","3556/5608/2776/5332/5583/5588/3356/817/8503/818/816/5601/5602/1432/5567/23236",0.122679189568808
"hsa05145","Toxoplasmosis",99,0.425278746355633,1.17842618780007,0.121323529411765,0.404800622171946,0.171314516633423,2049,"tags=32%, list=14%, signal=28%","7132/3913/2775/3908/240/3115/4792/3909/4615/3122/5970/3911/4843/3109/7043/2771/3111/841/5294/330/5606/3108/3586/3912/3593/3588/8651/7297/3551/7189/7040/7099",0.248911114434702
"hsa03420","Nucleotide excision repair",54,-0.519811350281629,-1.17819773627703,0.19971671388102,0.476648351648352,0.201720989282646,2271,"tags=37%, list=16%, signal=31%","8450/404672/5432/5441/56655/6118/5887/9978/2967/5440/5438/57804/6117/5435/5431/1022/1642/2074/4331/5434",0.112843355675562
"hsa03022","Basal transcription factors",35,-0.559191635121799,-1.17780173667137,0.231578947368421,0.525214998280014,0.222274741269409,2278,"tags=29%, list=16%, signal=24%","6872/404672/2958/2957/6908/2967/9519/2962/1022/4331",0.107140237276725
"hsa04015","Rap1 signaling pathway",199,0.385633706970627,1.17124628434726,0.0982386335829996,0.340888058533009,0.144266262883565,685,"tags=14%, list=5%, signal=13%","1500/2321/1813/2357/3397/2775/5330/5900/10411/7057/57121/3684/1436/54518/3791/112/5605/6494/1956/8074/23683/25780/1902/3689/889/5331/801",0.287805130535564
"hsa05416","Viral myocarditis",59,0.456846824690604,1.17045853834665,0.170886075949367,0.441415655808459,0.18681026057596,1966,"tags=29%, list=14%, signal=25%","4625/3908/4624/3115/3122/3689/25/3109/2534/3133/3111/841/4842/8082/3108/5551/8910",0.191892240384838
"hsa04713","Circadian entrainment",92,-0.483482264406574,-1.1676465421751,0.19946452476573,0.476648351648352,0.201720989282646,1548,"tags=23%, list=11%, signal=21%","2892/2977/2776/10681/55970/5594/5332/2893/817/54331/8913/3763/3760/818/5595/816/2903/5567/23236/2785/2904",0.109250039480711
"hsa04156","Integrated stress response (ISR) signaling pathway",45,-0.527086867070935,-1.16223317485925,0.23935389133627,0.535843872862489,0.226772956963061,2693,"tags=29%, list=19%, signal=24%","27102/5499/440275/2887/8890/3313/9361/8891/3309/84335/22809/8892/5610",0.103576326612592
"hsa04144","Endocytosis",215,-0.442344470668452,-1.16113763645545,0.154577883472057,0.437736529104343,0.185253227858058,2128,"tags=27%, list=15%, signal=23%","28964/9230/81873/163/161/11021/11059/10564/998/8411/160/377/8218/57180/382/10617/23624/1173/1213/829/112936/84364/8766/2870/6643/6457/9101/9372/10109/5590/832/58513/10015/51028/7251/2060/867/30845/51534/378/55737/8027/9829/10565/8729/27243/8395/8976/27183/8853/6456/1175/830/8724/273/23327/23362/3800",0.118287526124085
"hsa05031","Amphetamine addiction",64,-0.499723337898048,-1.16043581030635,0.209985315712188,0.490097836060166,0.207412907216507,1548,"tags=22%, list=11%, signal=20%","2892/1386/4128/5532/3066/2893/817/818/5533/816/5530/2903/5567/2904",0.111918316325105
"hsa04310","Wnt signaling pathway",165,-0.452070943693401,-1.15997161732706,0.162907268170426,0.437920673076923,0.185331158903431,1528,"tags=18%, list=11%, signal=16%","4919/8607/27101/324/6425/5532/5332/1452/5881/817/9350/79718/6500/9475/818/2932/5533/816/5601/64840/5530/5602/8945/1459/23291/22881/5567/23236/2487",0.118287526124085
"hsa04912","GnRH signaling pathway",88,-0.474133214797002,-1.15556117714509,0.201923076923077,0.476648351648352,0.201720989282646,1476,"tags=18%, list=10%, signal=16%","5608/2776/5594/5332/817/6654/818/5595/816/5601/5602/6416/2885/1432/5567/23236",0.110122263835536
"hsa04921","Oxytocin signaling pathway",143,-0.453813906374458,-1.15432348601564,0.178304239401496,0.44207369065174,0.187088745624969,1521,"tags=19%, list=10%, signal=17%","2977/2776/5563/10369/5997/5532/5594/5332/4882/817/9475/3763/3760/818/5533/51422/5595/816/5530/5565/783/782/57118/4659/5567/5607/23236",0.111918316325105
"hsa00630","Glyoxylate and dicarboxylate metabolism",26,-0.571813093836777,-1.1512559768468,0.263910969793323,0.561822739375969,0.237767398956657,2296,"tags=38%, list=16%, signal=32%","48/5096/38/4190/4191/5095/6470/9380/1431/1738",0.102449405629826
"hsa05410","Hypertrophic cardiomyopathy",97,0.407532491056983,1.15110567805409,0.1640625,0.437920673076923,0.185331158903431,2034,"tags=24%, list=14%, signal=21%","1906/3673/3691/4625/3678/3908/4624/3675/7168/779/784/10368/4000/786/7043/4842/8082/3676/27091/8910/7040/3696/6546",0.219250346703755
"hsa05169","Epstein-Barr virus infection",180,-0.443942808800335,-1.14793001840923,0.1751269035533,0.441415655808459,0.18681026057596,1202,"tags=12%, list=8%, signal=11%","10213/3066/29110/5707/5709/8503/842/9861/5601/5704/5602/3716/6416/8900/1432/5713/5708/5610/5702/7874/956",0.114266502484433
"hsa04517","IgSF CAM signaling",264,-0.43128197977544,-1.14627707644883,0.146171693735499,0.437736529104343,0.185253227858058,1717,"tags=22%, list=12%, signal=20%","3785/1000/57689/60/57180/382/5789/3742/22865/3556/1630/5063/3688/57863/10109/5594/4897/288/5588/51735/114798/6091/6586/5921/4628/8503/117178/5170/7280/2932/6709/5595/6334/5802/4356/8976/5601/5602/7277/9353/57502/139065/1445/2885/3736/7846/3897/4916/347733/287/7430/22999/1432/10381/203068/8829/4133/5376/51807",0.120433371642259
"hsa04611","Platelet activation",116,0.406089437216618,1.1459808470389,0.17283950617284,0.441415655808459,0.18681026057596,1450,"tags=21%, list=10%, signal=19%","2212/2207/9138/5330/3673/5336/6916/7450/54518/4846/112/8773/64805/5331/5592/1281/51206/85366/2815/2534/8673/2771/11093/4067",0.219250346703755
"hsa04725","Cholinergic synapse",110,-0.460815205764423,-1.14548442862145,0.201612903225806,0.476648351648352,0.201720989282646,2188,"tags=27%, list=15%, signal=23%","94235/776/3770/5291/10000/1136/3785/2776/10681/3717/55970/6572/60482/5594/5332/1141/1137/817/54331/3763/3760/8503/818/5595/816/9132/5567/1129/23236/2785",0.108820126769161
"hsa04020","Calcium signaling pathway",235,-0.432127429729981,-1.14479121338674,0.15311004784689,0.437736529104343,0.185253227858058,1436,"tags=14%, list=10%, signal=13%","2776/148/2246/6547/5261/6786/5532/5332/3356/817/8913/10105/2774/818/57620/5533/816/5530/3363/7419/291/57118/4916/2254/444/2903/5567/84812/1129/23236/2904/7201/80310",0.119348440591015
"hsa04390","Hippo signaling pathway",147,0.390250780289546,1.14343586808344,0.155660377358491,0.437736529104343,0.185253227858058,1718,"tags=18%, list=12%, signal=16%","9231/3397/85409/29119/7048/894/25937/5518/3689/9113/55844/658/174/154796/10413/4089/7043/1857/1454/1453/7534/6934/11186/7855/4609/330/896",0.248911114434702
"hsa04929","GnRH secretion",63,-0.49322417943414,-1.14191990094955,0.229787234042553,0.52458006718925,0.222006033893599,2185,"tags=27%, list=15%, signal=23%","776/5291/10000/2550/2776/5594/5332/8913/3763/3760/8503/7224/6696/5595/3780/348980/23236",0.103958471559957
"hsa04510","Focal adhesion",187,0.385242804343994,1.13524462595695,0.0836590776655037,0.313317326304841,0.132598131941583,2019,"tags=23%, list=14%, signal=20%","87/2321/5829/3913/3673/3691/3678/399694/3908/7057/2013/5747/7450/894/3791/3675/7414/2316/2335/1956/3909/2012/10298/81/3911/4233/85366/3371/2534/7148/1287/330/1298/896/54776/3676/9564/3912/5923/1288/4638/7422/3696",0.287805130535564
"hsa04933","AGE-RAGE signaling pathway in diabetic complications",98,0.413223143626711,1.13479820659457,0.161538461538462,0.437920673076923,0.185331158903431,1252,"tags=19%, list=9%, signal=18%","1906/5330/5336/1536/7048/113026/4846/5333/6776/2335/5580/1958/5331/5970/1281/6347/4089/3553/7043",0.219250346703755
"hsa04720","Long-term potentiation",64,-0.487001974836909,-1.130894814054,0.254038179148311,0.551102391629298,0.233230471166108,1436,"tags=23%, list=10%, signal=21%","2776/5532/5594/5332/673/817/818/5533/5595/816/5530/2903/5567/23236/2904",0.0999276973731092
"hsa05213","Endometrial cancer",58,-0.49179765374551,-1.12824098533829,0.254110612855007,0.551102391629298,0.233230471166108,2112,"tags=26%, list=15%, signal=22%","2064/5291/10000/4292/324/5594/673/5728/6654/8503/5170/842/2932/5595/2885",0.100990587455923
"hsa04730","Long-term depression",55,0.445586094804534,1.12543277210116,0.244117647058824,0.539546646684151,0.228339997310127,703,"tags=16%, list=5%, signal=16%","2895/2775/5330/2890/5605/5518/5331/5592/2768",0.152144922367565
"hsa05414","Dilated cardiomyopathy",102,0.39681828609841,1.11988505550869,0.178423236514523,0.44207369065174,0.187088745624969,2034,"tags=25%, list=14%, signal=21%","3673/3691/4625/3678/3908/4624/3675/112/7168/779/784/10368/4000/786/7043/4842/8082/3676/27091/2778/109/8910/7040/3696/6546",0.216542836735348
"hsa04922","Glucagon signaling pathway",96,-0.463417180301533,-1.11936227414151,0.260989010989011,0.561822739375969,0.237767398956657,2189,"tags=28%, list=15%, signal=24%","5571/2645/5160/3939/5562/10000/3945/1374/2776/1386/5563/5261/92579/5834/5532/5332/5213/817/818/5533/51422/816/5530/5565/5567/23236/5214",0.0943563635421779
"hsa05222","Small cell lung cancer",91,0.412707543728816,1.1173315888369,0.216417910447761,0.497331224671345,0.210474128977722,2485,"tags=26%, list=17%, signal=22%","3913/3673/3908/5747/1017/3675/4792/2335/3909/5970/3911/4843/1287/4609/330/3912/3551/1288/7189/578/9618/331/207/7185",0.184706471207739
"hsa05223","Non-small cell lung cancer",72,-0.474469848768869,-1.11475784654706,0.268085106382979,0.567228853139595,0.24005530494186,2191,"tags=22%, list=15%, signal=19%","3799/2064/5291/10000/6774/5594/673/6654/8503/5170/842/5595/2885/6258/27436/3800",0.0946646223153342
"hsa00513","Various types of N-glycan biosynthesis",39,-0.518649993399226,-1.11278066283115,0.30962962962963,0.599919730789417,0.25389031802275,2229,"tags=28%, list=15%, signal=24%","201595/57134/6185/10905/85365/199857/4121/3703/11253/3073/1603",0.088894528862045
"hsa00534","Glycosaminoglycan biosynthesis - heparan sulfate / heparin",23,0.518885278783152,1.10809852326132,0.290760869565217,0.597006045793671,0.252657225706859,3108,"tags=39%, list=21%, signal=31%","90161/8509/3340/2134/126792/9653/9348/11285/9953",0.132147260608774
"hsa00340","Histidine metabolism",19,-0.575112337209204,-1.10261205206242,0.371666666666667,0.662371748985922,0.280320458502059,1272,"tags=21%, list=9%, signal=19%","4128/217/55748/224",0.0852884689790502
"hsa04392","Hippo signaling pathway - multiple species",24,0.505990021083511,1.10225008511211,0.300546448087432,0.599919730789417,0.25389031802275,2227,"tags=38%, list=15%, signal=32%","25937/9113/10413/79633/1454/9770/11186/6788/8642",0.130105630751129
"hsa00052","Galactose metabolism",29,-0.532865074644763,-1.09979812820577,0.305111821086262,0.599919730789417,0.25389031802275,2129,"tags=24%, list=15%, signal=21%","2645/2720/2717/231/92579/5213/5214",0.0940503465727813
"hsa00563","Glycosylphosphatidylinositol (GPI)-anchor biosynthesis",27,-0.541567682106152,-1.09889703440422,0.3328125,0.620892137096774,0.262765990273221,3080,"tags=48%, list=21%, signal=38%","54872/23556/8818/8733/84992/10026/94005/65258/54965/80235/128869/55650/51227",0.0878312634480124
"hsa04666","Fc gamma R-mediated phagosome formation",84,0.406871235447462,1.09859599676872,0.23448275862069,0.528347514554411,0.223600444546531,1258,"tags=17%, list=9%, signal=15%","2934/2212/5336/85477/1785/2214/3635/3055/5580/10810/9846/5788/10163/4082",0.169570644405628
"hsa04630","JAK-STAT signaling pathway",148,0.372051810078239,1.09712380667935,0.212121212121212,0.490707070707071,0.207670739673609,1888,"tags=16%, list=13%, signal=14%","9180/3566/894/1387/6776/1441/1956/2670/1439/4170/6773/3601/3597/3718/9655/3568/2033/4609/896/3586/3593/3588/8651/7297",0.20207170902116
"hsa04810","Regulation of actin cytoskeleton",208,0.361492155639965,1.09656949082942,0.162162162162162,0.437920673076923,0.185331158903431,767,"tags=12%, list=5%, signal=12%","2934/87/3687/9138/5829/3673/3691/3678/3071/22800/85477/4627/5747/57121/3684/3675/7414/1131/2335/5605/1956/8074/1902/3689/2768/10298",0.261663521711573
"hsa04919","Thyroid hormone signaling pathway",120,-0.441382997338904,-1.09649017174752,0.27682119205298,0.582163355408388,0.246375693047025,2030,"tags=22%, list=14%, signal=20%","5291/488/10000/9882/5469/60/1733/3091/5594/5332/3066/5213/116931/8841/7068/8503/5170/842/2932/5595/10231/6258/5567/476/84812/23236/5214",0.088894528862045
"hsa00051","Fructose and mannose metabolism",29,-0.529804515307136,-1.09348133697484,0.311501597444089,0.599919730789417,0.25389031802275,1829,"tags=28%, list=13%, signal=24%","5372/230/231/2762/5213/4351/3795/5214",0.0928481214159878
"hsa05216","Thyroid cancer",37,-0.502761588925798,-1.09299982980909,0.30316742081448,0.599919730789417,0.25389031802275,1697,"tags=16%, list=12%, signal=14%","10342/5594/673/8030/5595/6258",0.0911073131586733
"hsa05032","Morphine addiction",87,-0.452231946875424,-1.09038920482744,0.295485636114911,0.599919730789417,0.25389031802275,1430,"tags=16%, list=10%, signal=15%","2558/10681/55970/2870/2570/2555/54331/3763/2566/3760/2556/5567/2785/2562",0.0870515867946735
"hsa00760","Nicotinate and nicotinamide metabolism",30,0.477951957998386,1.08996931836287,0.31638418079096,0.599919730789417,0.25389031802275,3127,"tags=33%, list=22%, signal=26%","23411/23408/5169/84618/683/65220/4907/10135/25961/23530",0.128788713061714
"hsa04650","Natural killer cell mediated cytotoxicity",105,0.389109426505263,1.08806769627115,0.248062015503876,0.544794426454715,0.230560895217766,1391,"tags=13%, list=10%, signal=12%","7305/2207/5336/399694/3384/5605/2214/3689/6452/80328/2534/3002/3133/80329",0.175204047558551
"hsa04726","Serotonergic synapse",108,-0.43733630600179,-1.08524845945383,0.286284953395473,0.596693121693122,0.252524793990868,1436,"tags=17%, list=10%, signal=15%","2776/10681/3751/55970/4128/5594/5332/673/3356/54331/3763/3760/5595/3363/5567/23236/2785/2562",0.0873098257637931
"hsa05215","Prostate cancer",103,-0.443415735145387,-1.08300268250011,0.300271739130435,0.599919730789417,0.25389031802275,1200,"tags=13%, list=8%, signal=12%","5594/673/5728/6935/367/6654/8503/5170/842/2932/5595/2885/80310",0.0857844408075645
"hsa00100","Steroid biosynthesis",17,-0.569966069683182,-1.08258835032669,0.376254180602007,0.662371748985922,0.280320458502059,2568,"tags=35%, list=18%, signal=29%","1717/1718/3988/1595/6713/2222",0.0847985102819124
"hsa01240","Biosynthesis of cofactors",122,-0.430030695782795,-1.0813394740601,0.288335517693316,0.596693121693122,0.252524793990868,2203,"tags=20%, list=15%, signal=18%","54995/51004/326625/4337/2730/7389/5372/4338/8566/51805/6470/217/79001/586/11019/3145/51727/5805/1738/2235/4351/9054/6697/55312/224",0.0860347242455604
"hsa04110","Cell cycle",135,-0.42506328981174,-1.07808226361663,0.306017925736236,0.599919730789417,0.25389031802275,1328,"tags=13%, list=9%, signal=12%","10393/4173/996/3066/6500/7029/1022/2932/5515/5347/8881/7533/25847/8900/1111/891/545",0.0815265143256594
"hsa04976","Bile secretion",73,0.405852182785239,1.07723957492252,0.288888888888889,0.596693121693122,0.252524793990868,2381,"tags=26%, list=16%, signal=22%","358/112/6513/6579/1080/10257/6344/361/10998/2778/482/109/760/79799/477/107/9376/3949/10941",0.157402899305283
"hsa05170","Human immunodeficiency virus 1 infection",186,-0.412948123065911,-1.07660489476347,0.303782505910165,0.599919730789417,0.25389031802275,1476,"tags=16%, list=10%, signal=15%","5608/2776/5063/10681/55970/8065/5532/5594/5881/29110/54331/6500/8503/8905/842/5533/5595/1174/5601/1642/5530/5602/8945/164/23291/1111/1432/2785/891/545",0.0776798560117236
"hsa05230","Central carbon metabolism in cancer",65,-0.464840523671524,-1.07643401923357,0.316239316239316,0.599919730789417,0.25389031802275,2129,"tags=25%, list=15%, signal=21%","2645/2064/5160/5291/3939/10000/3945/2744/3091/5594/5213/5728/8503/5595/4916/5214",0.0855356947987884
"hsa05235","PD-L1 expression and PD-1 checkpoint pathway in cancer",82,-0.449971845031005,-1.07490766413533,0.313642756680731,0.599919730789417,0.25389031802275,2042,"tags=23%, list=14%, signal=20%","1457/5291/10000/3091/6774/5608/3717/5532/5594/5588/5728/8503/5533/5595/5530/1459/3716/1432/27436",0.0852884689790502
"hsa04668","TNF signaling pathway",114,0.378953045042141,1.07375640748675,0.263374485596708,0.561822739375969,0.237767398956657,2317,"tags=23%, list=16%, signal=19%","1906/7132/1051/3726/2353/4792/9586/79651/5970/192111/6347/83786/6868/3553/841/1435/330/8837/5606/84699/3551/64764/6364/182/331/3627",0.175204047558551
"hsa03083","Polycomb repressive complex",69,-0.456425739482729,-1.07172186921666,0.331499312242091,0.620892137096774,0.262765990273221,1321,"tags=12%, list=9%, signal=11%","51619/54881/3066/84759/6500/5931/7322/7874",0.0810802057550866
"hsa00330","Arginine and proline metabolism",39,-0.49835648896074,-1.06924027989926,0.364444444444444,0.658657407407407,0.278748522597612,1272,"tags=21%, list=9%, signal=19%","4128/217/51056/2806/55748/6723/2593/224",0.0799858801499946
"hsa00564","Glycerophospholipid metabolism",80,-0.448148726138285,-1.06866318980624,0.349930843706777,0.639084225085535,0.270465011938814,2171,"tags=20%, list=15%, signal=17%","9489/9162/10400/254531/55326/8760/23175/50487/23646/1608/9468/8526/9791/10390/1607/10162",0.0785029047348687
"hsa05143","African trypanosomiasis",34,0.457266727195857,1.0662903325406,0.336158192090395,0.623780174627632,0.263988228398655,1817,"tags=29%, list=13%, signal=26%","5330/3606/4615/5331/3620/3553/3043/54106/3586/3593",0.124434168630393
"hsa04721","Synaptic vesicle cycle",75,-0.449094640709143,-1.06592972026137,0.34478021978022,0.63309615033753,0.26793081590543,2064,"tags=25%, list=14%, signal=22%","163/161/160/528/8218/6511/9550/1173/1213/529/6572/6812/526/5864/51382/523/1175/22999/534",0.0789209638180035
"hsa00030","Pentose phosphate pathway",29,-0.516084163547867,-1.06516344206827,0.369009584664537,0.662371748985922,0.280320458502059,1585,"tags=17%, list=11%, signal=15%","230/5226/5213/7086/5214",0.0833634065110386
"hsa04744","Phototransduction",25,0.483289051030164,1.05753243517246,0.377952755905512,0.662371748985922,0.280320458502059,2816,"tags=20%, list=19%, signal=16%","801/5158/2986/8787/6295",0.11146266692298
"hsa04660","T cell receptor signaling pathway",113,-0.424657384940789,-1.05740459418497,0.344827586206897,0.63309615033753,0.26793081590543,2396,"tags=25%, list=17%, signal=21%","5894/5609/8440/5526/5781/5291/998/10000/5058/5520/5063/5521/5532/5594/5522/5588/6654/8503/5170/2932/5533/5515/5595/5601/5530/5602/2885/1432",0.0770736734944102
"hsa04931","Insulin resistance",103,0.38220125374483,1.05734316215412,0.308270676691729,0.599919730789417,0.25389031802275,842,"tags=13%, list=6%, signal=12%","7132/32/6196/51085/5792/8660/4846/4792/8473/5580/9586/6513/5970",0.153158808683073
"hsa04977","Vitamin digestion and absorption",23,0.495066424708278,1.05723248773215,0.361413043478261,0.656598565900296,0.277877206156142,2761,"tags=26%, list=19%, signal=21%","151056/6948/6573/2346/335/9227",0.116739204791222
"hsa05100","Bacterial invasion of epithelial cells",64,0.408344300870621,1.05382093232218,0.314641744548287,0.599919730789417,0.25389031802275,455,"tags=12%, list=3%, signal=12%","5829/3678/399694/29119/5747/1785/7414/2335",0.136490437780413
"hsa00450","Selenocompound metabolism",13,-0.585171396019712,-1.05017159953008,0.42495784148398,0.687319663213661,0.290878594119552,257,"tags=8%, list=2%, signal=8%","22929",0.0787113806986485
"hsa01250","Biosynthesis of nucleotide sugars",34,-0.496754164059798,-1.04586459816142,0.390432098765432,0.67120188840076,0.284057436616229,2962,"tags=32%, list=20%, signal=26%","3098/2821/7360/2645/55907/5372/5238/6675/55577/2762/4351",0.0785029047348687
"hsa04218","Cellular senescence",139,-0.409335915446016,-1.04014347456808,0.37468671679198,0.662371748985922,0.280320458502059,1476,"tags=14%, list=10%, signal=12%","5608/3364/5532/5594/5728/8503/5533/5595/5530/7419/8945/291/8900/23291/1111/823/1432/891/545",0.0699458736501659
"hsa04270","Vascular smooth muscle contraction",121,0.362988366593117,1.03813842451836,0.330357142857143,0.620892137096774,0.262765990273221,1180,"tags=15%, list=8%, signal=14%","1906/9138/3778/5330/4627/112/5605/5580/779/94274/1908/5331/801/5592/2768/1909/797/85366",0.161978948883402
"hsa04970","Salivary secretion",79,0.388123516702564,1.0376532829175,0.372881355932203,0.662371748985922,0.280320458502059,2237,"tags=24%, list=15%, signal=20%","493/3778/5330/112/1131/4069/5331/801/5592/4589/4842/6844/683/2778/482/109/477/5578/107",0.130105630751129
"hsa04727","GABAergic synapse",87,-0.430329256792671,-1.03757901088178,0.383036935704514,0.664569083447332,0.281250386151672,2188,"tags=20%, list=15%, signal=17%","94235/776/57468/2744/2550/2558/10681/55970/2570/2555/54331/3763/2566/2556/5567/2785/2562",0.0732558655828455
"hsa04622","RIG-I-like receptor signaling pathway",61,-0.449274326641561,-1.03592337511732,0.400862068965517,0.680768650334524,0.288106158645449,1266,"tags=11%, list=9%, signal=11%","10010/29110/64343/5601/5602/5300/1432",0.0734381410838857
"hsa04152","AMPK signaling pathway",117,-0.416123362999217,-1.03485985361517,0.390728476821192,0.67120188840076,0.284057436616229,2365,"tags=24%, list=16%, signal=20%","92335/5526/5571/9230/5291/5562/7248/10000/1374/51552/84335/5520/148/5563/92579/5521/5522/5213/8503/5170/51422/5515/5565/3156/51719/8900/51094/5214",0.0706196247122591
"hsa05110","Vibrio cholerae infection",48,-0.461033596333045,-1.03037399821098,0.427480916030534,0.687319663213661,0.290878594119552,1818,"tags=21%, list=13%, signal=18%","528/60/9550/529/526/51382/523/55176/534/5567",0.0732558655828455
"hsa05214","Glioma",70,-0.436616018731525,-1.02988114485557,0.413589364844904,0.686677079431491,0.290606648070042,1200,"tags=16%, list=8%, signal=14%","5594/673/5728/817/6654/8503/818/5595/816/2885/57118",0.0732558655828455
"hsa04070","Phosphatidylinositol signaling system",87,-0.426209322674076,-1.02764532150279,0.400820793433653,0.680768650334524,0.288106158645449,2238,"tags=26%, list=15%, signal=22%","8396/5298/9162/5291/8898/3612/22908/8760/9110/4952/5332/5728/1608/5297/8503/9107/8395/55361/8526/8821/1607/84812/23236",0.0709609456938284
"hsa04659","Th17 cell differentiation",99,-0.414346635760502,-1.02355889046399,0.424657534246575,0.687319663213661,0.290878594119552,1593,"tags=18%, list=11%, signal=16%","3091/3556/6774/3717/5532/5594/5588/5533/5595/3572/5601/5530/5602/3716/6095/6258/1432/2625",0.0681513438679483
"hsa04072","Phospholipase D signaling pathway",132,0.349242936786982,1.0191819790251,0.380165289256198,0.662901283275883,0.28054456119844,1005,"tags=14%, list=7%, signal=14%","2207/5330/5900/5336/22800/10411/399694/57121/1785/112/5605/1956/1902/5331/2768/27128/4254/2918/9846",0.143758989039275
"hsa04971","Gastric acid secretion",72,-0.433479748447215,-1.01845238881802,0.402836879432624,0.680768650334524,0.288106158645449,1663,"tags=15%, list=11%, signal=14%","60/2776/5332/817/818/816/3776/7430/5567/476/23236",0.0725351864394589
"hsa05131","Shigellosis",194,0.336955317864883,1.01787602879226,0.404145077720207,0.680768650334524,0.288106158645449,925,"tags=13%, list=6%, signal=13%","718/7132/87/837/5829/5330/5336/3678/960/3606/5747/113026/5333/7414/4792/55072/1956/4615/10892/5580/5331/27128/5970/929/81/10670",0.157402899305283
"hsa04261","Adrenergic signaling in cardiomyocytes",145,-0.399701930130532,-1.01594787769705,0.408575031525851,0.684905970722079,0.289857102205142,1474,"tags=17%, list=10%, signal=16%","5520/2776/148/1386/6547/5521/10369/5594/5522/5332/6330/817/818/5515/5595/816/3776/64208/783/782/70/1432/5567/476/23236",0.065981614400873
"hsa00514","Other types of O-glycan biosynthesis",32,0.444003121304639,1.01521263728969,0.427762039660057,0.687319663213661,0.290878594119552,1289,"tags=12%, list=9%, signal=11%","8473/11227/79695/51809",0.108394255853397
"hsa04934","Cushing syndrome",151,-0.396165192409286,-1.01325383850395,0.427841634738186,0.687319663213661,0.290878594119552,1436,"tags=12%, list=10%, signal=11%","2776/1386/324/5087/9101/5594/5332/673/817/8913/818/2932/5595/816/9070/3776/5567/23236",0.064358336791736
"hsa00380","Tryptophan metabolism",37,-0.466067457279609,-1.01322706966254,0.450980392156863,0.704910793146087,0.29832328604033,1475,"tags=19%, list=10%, signal=17%","3033/3030/1892/4128/217/1738/224",0.0699458736501659
"hsa03040","Spliceosome",111,-0.408001062576001,-1.01266522085373,0.438391699092088,0.697806970573186,0.295316897552594,2352,"tags=23%, list=16%, signal=19%","57187/56949/51340/3190/10084/6631/8449/29896/6100/84844/9092/10450/4686/10465/23658/2521/51503/11017/9343/8563/80145/9775/5093/10907/25804",0.0639271933359996
"hsa00785","Lipoic acid metabolism",16,-0.549047611973761,-1.0106900293954,0.486885245901639,0.731381733021077,0.309525976997634,2034,"tags=38%, list=14%, signal=32%","5160/4967/55753/11019/1737/1738",0.0702812841717392
"hsa00910","Nitrogen metabolism",17,-0.531783081614577,-1.01006393130871,0.444816053511706,0.703478446436193,0.297717106674942,44,"tags=6%, list=0%, signal=6%","767",0.0758886900606117
"hsa00604","Glycosphingolipid biosynthesis - ganglio series",15,-0.550394700317679,-1.01001947382021,0.467637540453074,0.724420654184004,0.306579998679167,2340,"tags=33%, list=16%, signal=28%","27090/8869/2720/2583/3073",0.0716527366829457
"hsa04625","C-type lectin receptor signaling pathway",100,0.361182677496249,1.008783334263,0.413385826771654,0.686677079431491,0.290606648070042,975,"tags=12%, list=7%, signal=11%","64581/2207/5336/22800/4792/10892/5580/801/6773/5970/51266/4775",0.133554954557592
"hsa05166","Human T-cell leukemia virus 1 infection",203,-0.382282641482063,-1.00541489481447,0.450236966824645,0.704910793146087,0.29832328604033,1358,"tags=14%, list=9%, signal=13%","1386/10393/821/5532/5594/996/5728/9519/8503/5533/5595/5601/5530/5602/7419/8881/3716/291/6416/25847/55697/8900/1111/5423/8829/5901/5567/545",0.0583452776743612
"hsa03030","DNA replication",35,0.425358261823533,1.00419843498413,0.42433234421365,0.687319663213661,0.290878594119552,2008,"tags=20%, list=14%, signal=17%","3978/5422/5426/5427/5557/10714/5985",0.111918316325105
"hsa00250","Alanine, aspartate and glutamate metabolism",33,-0.475445905420604,-0.997718762695282,0.482919254658385,0.731381733021077,0.309525976997634,2093,"tags=21%, list=14%, signal=18%","2805/2744/5471/284716/2806/435/56954",0.0679922591544058
"hsa03008","Ribosome biogenesis in eukaryotes",61,-0.432703037252134,-0.997713789088524,0.46551724137931,0.724369877841348,0.306558509768029,2931,"tags=30%, list=20%, signal=24%","54913/10885/10248/55226/26354/27341/28987/51068/1457/134430/84135/55272/29889/84128/1459/83732/5901/55341",0.065981614400873
"hsa04740","Olfactory transduction",304,0.318123246432685,0.997258418422005,0.419117647058824,0.687319663213661,0.290878594119552,4426,"tags=35%, list=31%, signal=25%","801/127064/5592/5136/26248/26664/390201/390151/390326/219865/79345/120796/2788/390648/390264/26659/81797/79544/26246/219477/5138/119687/338675/138803/109/120586/196335/26339/283189/6546/390063/4995/387748/79339/390072/219428/401666/219960/26189/390054/391109/442184/219957/26737/390882/390038/390168/4993/120065/390445/81318/8390/26211/83988/390154/390265/390113/390181/219875/26494/391112/219482/7932/8383/390155/219432/409/128367/26338/81469/390195/390275/338662/390883/346517/119695/219874/120787/81328/135924/26493/138882/390058/143502/219858/347169/284532/390892/391191/390157/138805/219429/219493/286365/26476/26686/3000/4994/390433/143503/219952/127385/81442/390036/8590/128372",0.186432558434075
"hsa04930","Type II diabetes mellitus",44,-0.453352603167298,-0.993666113450796,0.472952086553323,0.726169796610633,0.307320248256189,2185,"tags=23%, list=15%, signal=19%","776/2645/5291/5590/5594/8913/8503/5595/5601/5602",0.0687943095604775
"hsa00310","Lysine degradation",44,-0.453212787443573,-0.993359662917982,0.472952086553323,0.726169796610633,0.307320248256189,2651,"tags=27%, list=18%, signal=22%","29072/223/56950/64754/38/80854/3033/3030/1892/217/1738/224",0.0687943095604775
"hsa05418","Fluid shear stress and atherosclerosis",128,0.34229762279209,0.99317565699132,0.434389140271493,0.694622265779761,0.293969107721199,1024,"tags=12%, list=7%, signal=11%","1906/7132/5175/1003/5747/2353/3791/2948/4846/6385/801/1728/5970/658/6347",0.140406238523342
"hsa04722","Neurotrophin signaling pathway",112,-0.401157458860292,-0.991965642306107,0.478779840848806,0.72866931918656,0.308378064075769,1200,"tags=15%, list=8%, signal=14%","5594/673/817/6654/8503/5170/818/2932/5595/816/5601/5602/2885/398/4916/1432/5607",0.0607719451853533
"hsa03410","Base excision repair",42,-0.458169246648718,-0.990327407823327,0.490825688073394,0.732712358890742,0.310089107376383,1907,"tags=21%, list=13%, signal=19%","56655/7374/57804/8930/7515/79661/5428/5423/142",0.066436413766281
"hsa04724","Glutamatergic synapse",107,-0.398602701016156,-0.987034459445678,0.485411140583554,0.731381733021077,0.309525976997634,1649,"tags=19%, list=11%, signal=17%","6511/2892/2776/10681/55970/5532/5594/5332/2917/2893/54331/3760/5533/5595/5530/2903/5567/23236/2785/2904",0.0601186142531851
"hsa05135","Yersinia infection",123,0.343837733693436,0.984017524985608,0.446009389671362,0.703478446436193,0.297717106674942,1232,"tags=15%, list=8%, signal=14%","2212/9138/5829/6196/3678/3606/5747/2353/4792/2335/5605/4615/5970/7456/4775/920/6347/3553/10163",0.141225119642531
"hsa04911","Insulin secretion",84,-0.404410024259948,-0.980781321718761,0.501404494382023,0.74353572457505,0.314669633094464,1575,"tags=15%, list=11%, signal=14%","10242/2776/1386/5332/27345/5864/817/818/816/3780/5567/476/23236",0.0613026075396207
"hsa03082","ATP-dependent chromatin remodeling",82,-0.410556889232802,-0.980751910754532,0.521800281293952,0.754313840331591,0.319231008719689,2494,"tags=20%, list=17%, signal=16%","9275/1108/8467/55274/10524/6595/51377/60/8607/9643/10902/3066/10467/5931/10856/57504",0.059476028695732
"hsa03018","RNA degradation",64,-0.422262284828693,-0.98055912040867,0.505139500734214,0.745886837254351,0.315664640785025,2574,"tags=27%, list=18%, signal=22%","5073/4850/23404/170506/5394/8761/3313/51013/23658/2027/80153/131870/5213/29883/23019/5214/25804",0.0630790410571939
"hsa04972","Pancreatic secretion",92,0.353882546894034,0.978202183251022,0.47843137254902,0.72866931918656,0.308378064075769,2309,"tags=25%, list=16%, signal=21%","493/3778/5330/112/1131/5331/1056/1080/1357/6344/885/1361/1359/683/2778/482/109/30814/760/477/5578/107/1360",0.122679189568808
"hsa01524","Platinum drug resistance",71,-0.419983118126878,-0.977377855373556,0.491994177583697,0.732712358890742,0.310089107376383,2717,"tags=27%, list=19%, signal=22%","332/1029/2952/637/2064/5291/10000/4292/4217/1317/4258/538/5594/2941/8503/5170/842/5595/4259",0.0639271933359996
"hsa01212","Fatty acid metabolism",50,-0.432959510632086,-0.975226947979455,0.508720930232558,0.747992215214821,0.316555651786178,2625,"tags=42%, list=18%, signal=35%","2182/9374/3295/60481/35/7923/54995/5538/38/27349/1374/6342/34/3033/3030/1892/79071/84869/6785/37/23305",0.062249042949858
"hsa05210","Colorectal cancer",84,-0.401782548408555,-0.974409127451248,0.512640449438202,0.748042683703566,0.316577010411341,2030,"tags=20%, list=14%, signal=18%","5291/10000/4292/1630/324/5594/673/5881/26060/6654/8503/842/2932/5595/5601/5602/2885",0.0602484086158019
"hsa04145","Phagocytosis",214,-0.370810269887736,-0.97355182408311,0.515222482435597,0.748042683703566,0.316577010411341,1663,"tags=17%, list=11%, signal=16%","60/9550/8417/10533/529/3688/53407/821/3920/526/9554/1783/51164/23339/10120/51382/1780/8503/27342/7280/523/7277/83658/7846/10540/55176/347733/84938/10671/23673/10381/203068/10121/534/55860/51807/51143",0.051530912208539
"hsa04024","cAMP signaling pathway",213,0.32037428407245,0.971533734867406,0.514619883040936,0.748042683703566,0.316577010411341,1922,"tags=19%, list=13%, signal=17%","493/1906/1813/627/8310/22800/10411/2890/2353/1387/112/4792/5605/6750/2906/779/1908/9586/801/6662/5970/64399/1909/9568/116/1080/2771/10257/5021/1907/2033/5337/2492/54714/2641/84699/3352/6751/2778/482/109",0.147331213699377
"hsa05207","Chemical carcinogenesis - receptor activation",178,-0.370857698298957,-0.967800443593411,0.561360874848117,0.760907123329283,0.322021333210092,2490,"tags=19%, list=17%, signal=16%","6198/2952/55584/5894/196/776/85315/5291/2250/10000/1136/3841/6774/4258/1386/3717/5594/1141/2052/1137/367/2941/6654/8503/3836/3840/5595/2885/6258/4259/23633/2254/5567",0.0492917662312669
"hsa04916","Melanogenesis",99,-0.391026139377605,-0.965950358518423,0.535616438356164,0.754313840331591,0.319231008719689,1200,"tags=10%, list=8%, signal=9%","5594/5332/817/818/2932/5595/816/5567/23236/7306",0.0570059526582387
"hsa04973","Carbohydrate digestion and absorption",39,-0.450070162061665,-0.965640373341319,0.531851851851852,0.754313840331591,0.319231008719689,2317,"tags=23%, list=16%, signal=19%","483/776/5291/10000/92579/5332/8503/476/23236",0.0610363728309177
"hsa04935","Growth hormone synthesis, secretion and action",116,-0.385723679646271,-0.963858330430602,0.530961791831357,0.754313840331591,0.319231008719689,1519,"tags=17%, list=10%, signal=16%","6774/5608/2776/1386/3717/5594/5332/6753/6654/8503/2932/5595/5601/5602/6416/2885/1432/5567/23236/112609",0.0555947097758869
"hsa04966","Collecting duct acid secretion",27,-0.474973836096527,-0.963771209308915,0.528125,0.754313840331591,0.319231008719689,1818,"tags=26%, list=13%, signal=23%","528/9550/529/526/51382/523/534",0.0639271933359996
"hsa04961","Endocrine and other factor-regulated calcium reabsorption",52,-0.431665701864314,-0.96222844846145,0.527142857142857,0.754313840331591,0.319231008719689,2387,"tags=35%, list=16%, signal=29%","1212/483/1211/163/161/5745/160/8218/1173/1213/2776/8766/6547/5332/1175/5567/476/23236",0.0597317976364411
"hsa04010","MAPK signaling pathway",283,0.30685849817567,0.96019663427294,0.643410852713178,0.8031063521276,0.339880348458385,1668,"tags=18%, list=12%, signal=16%","7132/2321/627/6196/22800/4137/3925/994/7048/1436/2065/2353/3791/2316/5605/1956/8074/4615/1616/25780/779/2768/5970/929/4254/2005/9448/9479/10746/4775/5924/51347/784/4233/10368/786/3553/774/7043/1846/3481/1942/1435/3554/7867/3815/6722/4609/1849/5606",0.152144922367565
"hsa05034","Alcoholism",101,-0.394361515973298,-0.959792019219465,0.545945945945946,0.757772972972973,0.320694938377824,1400,"tags=18%, list=10%, signal=16%","10681/1386/55970/4128/5594/673/3066/84254/8841/54331/6654/5595/9734/2885/2903/5567/2785/2904",0.0554793308704233
"hsa00603","Glycosphingolipid biosynthesis - globo and isoglobo series",15,-0.523017264904349,-0.959779631585612,0.54368932038835,0.757671462549226,0.320651978440945,2040,"tags=20%, list=14%, signal=17%","2717/10317/3073",0.0642140881844605
"hsa05120","Epithelial cell signaling in Helicobacter pylori infection",66,-0.406704917865528,-0.957490544488823,0.537396121883656,0.754313840331591,0.319231008719689,1900,"tags=21%, list=13%, signal=19%","998/5058/528/9550/529/526/51382/523/5601/5602/1445/6416/1432/534",0.0573667426768556
"hsa04150","mTOR signaling pathway",135,-0.377031652358436,-0.956260272228469,0.572343149807939,0.763367858195444,0.323062733793663,2030,"tags=19%, list=14%, signal=17%","5291/2887/5562/7248/10000/528/96459/9550/84335/23175/529/5563/5594/673/526/5728/51382/6654/8503/5170/2932/523/5595/2885/51719/534",0.0508054139066364
"hsa04082","Neuroactive ligand signaling",194,-0.367591505207393,-0.956044322633807,0.57725587144623,0.764533539663518,0.323556058522711,1835,"tags=18%, list=13%, signal=16%","5026/1136/6869/2550/6511/2892/2776/2558/10681/148/55970/6572/2570/60482/5332/2555/1141/2917/3356/1137/2893/54331/2774/2566/4987/3363/2556/2903/5567/1129/23236/2785/2904/2562",0.0487989701682839
"hsa04014","Ras signaling pathway",214,-0.363918541842324,-0.955457787982852,0.56440281030445,0.76205359990523,0.322506530291525,1900,"tags=15%, list=13%, signal=13%","998/10000/5058/55770/382/7074/8036/5063/50487/10681/2246/55970/5594/5881/29110/54331/5921/6654/8503/5595/5601/1946/5602/3363/2885/4763/2254/2903/5567/2785/2904/80310",0.0473534245254193
"hsa00500","Starch and sucrose metabolism",30,-0.465214361925879,-0.954041061408973,0.53858024691358,0.754313840331591,0.319231008719689,2962,"tags=33%, list=20%, signal=27%","3098/2821/7360/283209/2645/2632/92579/5834/8908/2992",0.0623861492893626
"hsa01522","Endocrine resistance",91,-0.392687405645845,-0.953620320848595,0.559945504087193,0.760907123329283,0.322021333210092,1200,"tags=11%, list=8%, signal=10%","5594/673/6654/8503/5595/5601/5602/2885/1432/5567",0.0546808488785442
"hsa05160","Hepatitis C",142,-0.374924036378471,-0.950699107856308,0.574002574002574,0.763367858195444,0.323062733793663,1552,"tags=14%, list=11%, signal=13%","9071/6774/5520/8554/5521/5594/5522/673/29110/6654/8503/842/2932/5515/5595/3716/2885/7533/9076/5610",0.0509082865515105
"hsa04917","Prolactin signaling pathway",68,-0.407828868610515,-0.950114449535176,0.551820728291317,0.760907123329283,0.322021333210092,2129,"tags=21%, list=15%, signal=18%","2645/5291/10000/6774/3717/5594/6654/8503/2932/5595/5601/5602/2885/1432",0.0566484183613995
"hsa04068","FoxO signaling pathway",127,-0.373130067374156,-0.942562378822235,0.615885416666667,0.789314057524137,0.334043350801166,2030,"tags=20%, list=14%, signal=18%","5291/5562/10000/1032/8743/80854/6774/664/5563/92579/5594/673/5728/6654/8503/5170/51422/5595/5601/5602/5565/5347/2885/1432/891/7874",0.0482149710025564
"hsa04925","Aldosterone synthesis and secretion",96,-0.390121200408217,-0.942319302438501,0.574175824175824,0.763367858195444,0.323062733793663,1531,"tags=14%, list=11%, signal=12%","747/2776/1386/5332/817/8913/818/51305/816/57118/5567/476/23236",0.0538979025357319
"hsa05205","Proteoglycans in cancer",192,0.316939962161712,0.940176450482142,0.659217877094972,0.811165260113317,0.343290935919339,862,"tags=10%, list=6%, signal=9%","9138/5829/3673/5336/3678/22800/7057/960/5747/2065/3791/2316/2335/5605/1956/3339/6385/2719/5329",0.125033367555272
"hsa04742","Taste transduction",76,0.346158450172691,0.937738975573165,0.616438356164384,0.789314057524137,0.334043350801166,1627,"tags=21%, list=11%, signal=19%","5330/6340/112/1131/5331/5136/342372/9568/50837/50838/285242/22953/8645/2554/54429/2557",0.09754492162472
"hsa04081","Hormone signaling",212,0.308624328910956,0.937233344623351,0.702247191011236,0.831671587989416,0.351969360446385,2128,"tags=19%, list=15%, signal=17%","1813/2775/5330/59345/5179/10411/8660/79602/112/6776/57817/152/6750/5173/5331/5592/2768/4883/53919/658/797/4089/3481/2771/5021/2788/4842/885/3060/2492/799/269/2641/6751/2778/109/3667/150/84539/796/1395",0.120985142145252
"hsa04623","Cytosolic DNA-sensing pathway",67,-0.401859070606634,-0.936764965563085,0.567647058823529,0.763367858195444,0.323062733793663,2062,"tags=18%, list=14%, signal=15%","5441/10622/55703/5440/171568/5435/29110/81030/5093/10623/51728/5434",0.057609110864425
"hsa04330","Notch signaling pathway",55,0.370012514839657,0.934553872177696,0.558823529411765,0.760907123329283,0.322021333210092,2737,"tags=27%, list=19%, signal=22%","1387/55534/23013/151636/5664/6868/1857/2033/26508/4851/182/4853/9612/54567/8850",0.0943563635421779
"hsa00562","Inositol phosphate metabolism",73,-0.396427920981501,-0.930397866802655,0.592896174863388,0.778053539641243,0.329277819148079,1647,"tags=21%, list=11%, signal=18%","3612/22908/27124/9110/4952/5332/5728/5297/9107/8395/55361/8821/9896/84812/23236",0.0521630305460055
"hsa04918","Thyroid hormone synthesis",75,-0.39196085535495,-0.930322223935201,0.554945054945055,0.760907123329283,0.322021333210092,1436,"tags=9%, list=10%, signal=8%","2776/1386/821/5332/5567/476/23236",0.0554793308704233
"hsa04371","Apelin signaling pathway",125,-0.36896420378224,-0.930221118493494,0.623393316195373,0.795284855587479,0.336570235218115,1436,"tags=14%, list=10%, signal=13%","2776/10681/6547/5563/55970/5594/5332/4209/54331/51422/6696/5595/5565/4205/100271849/5567/23236/2785",0.0470699590082662
"hsa00860","Porphyrin metabolism",33,0.399987068718653,0.929345325327887,0.539106145251397,0.754313840331591,0.319231008719689,565,"tags=9%, list=4%, signal=9%","1356/2990/2512",0.0934449219410994
"hsa04981","Folate transport and metabolism",25,0.423338068042828,0.926347776851654,0.598425196850394,0.778053539641243,0.329277819148079,2292,"tags=28%, list=16%, signal=24%","11309/10257/6573/9356/2346/2350/9376",0.0840745577910724
"hsa04382","Cornified envelope formation",183,0.307557276600111,0.926221566695688,0.76555023923445,0.87544722360378,0.370495522326665,3041,"tags=25%, list=21%, signal=20%","3691/5010/342574/3909/5518/11240/26154/10686/55844/51350/55012/3911/7053/3034/353134/1832/57402/6280/3866/1287/196374/3883/3728/6700/6707/1288/7122/3861/9517/2531/9073/242/5529/8688/24146/1294/64834/7082/121214/6279/5525/6282/3655/3884/3918/125115",0.104732821580651
"hsa04340","Hedgehog signaling pathway",50,0.363302891234142,0.925347421315673,0.605095541401274,0.780550754149599,0.330334658176965,1454,"tags=24%, list=10%, signal=22%","1455/894/23288/64750/57758/91653/57154/64399/1454/1453/1954/4036",0.0943563635421779
"hsa05130","Pathogenic Escherichia coli infection",173,-0.358471051768501,-0.924690654802261,0.640099626400996,0.801857654733378,0.33935189079603,1900,"tags=20%, list=13%, signal=17%","998/5058/1365/8743/60/57180/382/10427/9071/5063/3688/4640/10109/5594/9475/4628/10061/7280/842/5595/8976/5601/5602/7277/8936/7846/9076/26999/347733/7430/1432/10381/203068/51807",0.0444181153081573
"hsa03460","Fanconi anemia pathway",42,-0.427350147985503,-0.923712290562972,0.60091743119266,0.778053539641243,0.329277819148079,1877,"tags=12%, list=13%, signal=10%","6118/4292/6117/5889/545",0.0567672387487446
"hsa00040","Pentose and glucuronate interconversions",22,0.436080158822005,0.91930485813491,0.583547557840617,0.769927766428495,0.325838933845122,3106,"tags=41%, list=21%, signal=32%","27294/2990/79799/10941/9365/57016/7365/54490/6120",0.0843144320642653
"hsa05161","Hepatitis B",151,-0.359430487077028,-0.919299140066517,0.650063856960409,0.805614851304506,0.34094196323966,1519,"tags=13%, list=10%, signal=12%","6774/5608/1386/3717/5594/673/29110/6654/8503/842/5595/5601/1642/5602/7419/3716/6416/2885/8900/1432",0.0448645113168564
"hsa00260","Glycine, serine and threonine metabolism",36,-0.428695391907918,-0.915912382353593,0.599078341013825,0.778053539641243,0.329277819148079,1816,"tags=17%, list=13%, signal=15%","669/4128/6470/9380/1738/2593",0.0571258510018113
"hsa04215","Apoptosis - multiple species",30,-0.446325585926164,-0.915304794048516,0.595679012345679,0.778053539641243,0.329277819148079,1152,"tags=20%, list=8%, signal=18%","56616/57448/27429/842/5601/5602",0.057609110864425
"hsa00061","Fatty acid biosynthesis",17,0.457109461834822,0.915139597623542,0.559405940594059,0.760907123329283,0.322021333210092,776,"tags=18%, list=5%, signal=17%","51703/32/2180",0.0845557442441281
"hsa04213","Longevity regulating pathway - multiple species",57,-0.39646509464739,-0.91157557798957,0.625722543352601,0.795332317008618,0.336590321230773,2189,"tags=19%, list=15%, signal=16%","5571/5291/5562/10000/84335/5563/3066/8503/51422/5565/5567",0.0522693317499306
"hsa04211","Longevity regulating pathway",84,-0.37495645282487,-0.909350073756258,0.646067415730337,0.803531875478233,0.340060432981819,3016,"tags=29%, list=21%, signal=23%","1385/9470/1388/9474/5568/6648/143686/6198/9821/5571/5291/5562/7248/27244/10000/84335/1386/5563/26060/8503/51422/5565/51094/5567",0.0494904866135495
"hsa05164","Influenza A",148,0.307472419361632,0.906689074051283,0.757575757575758,0.870459562512543,0.368384708503327,2344,"tags=25%, list=16%, signal=21%","7132/3606/11100/1387/3115/4792/5605/4615/3122/7706/6773/5970/91543/4938/6347/3109/5371/3553/51284/3111/841/2033/4940/3108/896/55916/7098/3593/7297/3551/7099/578/5578/56000/3627/4939/103",0.0992333343771191
"hsa00270","Cysteine and methionine metabolism",47,-0.410038625281753,-0.903236598781217,0.632200886262925,0.797722572848127,0.337601894586512,2093,"tags=26%, list=14%, signal=22%","2805/2730/4190/3939/3945/55847/4191/58478/586/2806/191/6723",0.052805004567129
"hsa04913","Ovarian steroidogenesis",47,0.365382126601808,0.896746526033228,0.658461538461538,0.811165260113317,0.343290935919339,2859,"tags=32%, list=20%, signal=26%","240/112/1588/2492/1573/8644/2778/109/3284/107/3949/1545/1081/5321/3973",0.0875697115548511
"hsa05167","Kaposi sarcoma-associated herpesvirus infection",170,-0.341245891103151,-0.892692652145405,0.716934487021014,0.843309379648447,0.356894557058115,1593,"tags=14%, list=11%, signal=13%","3091/6774/5608/10681/3717/55970/5532/5594/29110/54331/8503/842/2932/5533/5595/3572/5601/5530/5602/3716/6416/1432/2785/5610",0.038875878582578
"hsa04658","Th1 and Th2 cell differentiation",85,-0.373638991056971,-0.891010620137163,0.669798657718121,0.813745167219487,0.34438277104667,1345,"tags=14%, list=9%, signal=13%","3717/5532/5594/5588/5533/5595/5601/5530/5602/3716/1432/2625",0.04577044581081
"hsa03320","PPAR signaling pathway",68,0.338887638540614,0.889117729397539,0.6875,0.827595644439231,0.350244392002961,222,"tags=6%, list=2%, signal=6%","51703/8310/4973/51129",0.0919686140000427
"hsa03430","Mismatch repair",23,0.415023015989755,0.886296855860305,0.630434782608696,0.797722572848127,0.337601894586512,41,"tags=4%, list=0%, signal=4%","3978",0.083129129135339
"hsa00541","Biosynthesis of various nucleotide sugars",18,-0.466611076978129,-0.884951182225335,0.639240506329114,0.801857654733378,0.33935189079603,2608,"tags=33%, list=18%, signal=27%","7360/1727/55907/6675/2762/51706",0.0554793308704233
"hsa04370","VEGF signaling pathway",55,-0.382940999422791,-0.88102834874867,0.670694864048338,0.813745167219487,0.34438277104667,1205,"tags=18%, list=8%, signal=17%","5532/5594/5881/8503/842/5533/5595/5530/9047/1432",0.0511147954416412
"hsa05212","Pancreatic cancer",75,-0.369066164793579,-0.87598149284338,0.695054945054945,0.829086975135085,0.350875533812798,2522,"tags=23%, list=17%, signal=19%","1647/6198/5894/2064/5291/998/10000/6774/5594/673/5881/8503/842/5595/5601/5602/3716",0.0451344222209097
"hsa04550","Signaling pathways regulating pluripotency of stem cells",137,-0.3409212700569,-0.865012399049915,0.775032509752926,0.87544722360378,0.370495522326665,2030,"tags=15%, list=14%, signal=13%","5291/4090/1852/10000/5978/3977/3670/6774/3717/324/659/5594/84759/8503/2932/5595/3572/3716/2885/1432",0.0376142599562161
"hsa04022","cGMP-PKG signaling pathway",152,-0.337755333577782,-0.86162074974307,0.780392156862745,0.87544722360378,0.370495522326665,1575,"tags=17%, list=11%, signal=15%","10242/2977/2776/7408/148/1386/6547/5997/5532/5594/5332/4209/27345/4882/9475/10105/5533/5595/5530/7419/4205/291/100271849/4659/476/23236",0.037536290520292
"hsa05203","Viral carcinogenesis",150,-0.33957717941974,-0.859404372423073,0.792191435768262,0.87544722360378,0.370495522326665,1736,"tags=19%, list=12%, signal=17%","79885/2957/6908/2967/6774/1386/5594/3249/3066/9519/8841/8503/9093/5595/3572/1642/7419/9734/3716/2885/7533/55697/8900/1111/5423/5567/5610/7874",0.035090109926935
"hsa00620","Pyruvate metabolism",47,-0.389291341394898,-0.857534303981466,0.722304283604136,0.84390433134894,0.357146344870207,2075,"tags=30%, list=14%, signal=26%","38/2739/5160/4190/3939/3945/4191/217/9380/1737/1738/4200/4199/224",0.0466948041282054
"hsa05417","Lipid and atherosclerosis",196,-0.322936717038456,-0.856376389481094,0.840490797546012,0.905746294249895,0.383318305588042,1900,"tags=16%, list=13%, signal=14%","998/10000/8743/3309/4217/6774/5608/3717/10010/5532/5594/5332/29110/817/9475/8503/5170/818/842/2932/5533/5595/816/5601/5530/5602/6416/3308/6258/1432/23236",0.0309900819310557
"hsa04071","Sphingolipid signaling pathway",115,-0.345606946032394,-0.855974389049813,0.802139037433155,0.880829892371218,0.372773506221907,2396,"tags=25%, list=17%, signal=21%","5894/56624/637/5526/134/5291/29095/10000/4217/5520/2776/5521/5590/5594/5522/5332/5881/5728/9475/8503/6609/5170/8560/5515/5595/5601/5602/1432/23236",0.0373029764832679
"hsa00120","Primary bile acid biosynthesis",17,-0.449903276930757,-0.85454217765941,0.667224080267559,0.813745167219487,0.34438277104667,2497,"tags=29%, list=17%, signal=24%","3295/10858/6342/10005/23600",0.0560595875032335
"hsa00640","Propanoate metabolism",30,0.374557533341211,0.854178359292287,0.689265536723164,0.827595644439231,0.350244392002961,108,"tags=7%, list=1%, signal=7%","8310/32",0.080419996876154
"hsa00565","Ether lipid metabolism",39,-0.397908830167421,-0.853726515791621,0.702222222222222,0.831671587989416,0.351969360446385,1796,"tags=21%, list=12%, signal=18%","254531/284161/50487/5050/23646/79153/10390/8540",0.0481183992657975
"hsa04620","Toll-like receptor signaling pathway",94,-0.352437958511699,-0.852217526716763,0.742424242424242,0.856476528333052,0.362466988494214,1476,"tags=12%, list=10%, signal=11%","5608/5594/29110/8503/6696/5595/5601/5602/3716/6416/1432",0.0422468188360053
"hsa04210","Apoptosis",129,-0.335432383050892,-0.850512003390666,0.789203084832905,0.87544722360378,0.370495522326665,2085,"tags=18%, list=14%, signal=15%","824/10376/5291/10000/8743/4217/60/9131/5594/56616/8503/5170/27429/842/6709/5595/5601/5602/7277/7846/823/51807/142",0.0362254755857254
"hsa04927","Cortisol synthesis and secretion",64,-0.365736142672392,-0.849296570509466,0.741556534508076,0.856476528333052,0.362466988494214,1436,"tags=12%, list=10%, signal=11%","2776/1386/5087/5332/8913/3776/5567/23236",0.0452247443372884
"hsa05204","Chemical carcinogenesis - DNA adducts",52,-0.380151382851967,-0.847397589667902,0.738571428571429,0.856476528333052,0.362466988494214,1416,"tags=12%, list=10%, signal=10%","4258/373156/2052/1646/2941/4259",0.0441523058441465
"hsa05030","Cocaine addiction",48,-0.379149319275021,-0.847369048866808,0.716030534351145,0.843309379648447,0.356894557058115,312,"tags=8%, list=2%, signal=8%","1020/2903/5567/2904",0.0486034247259069
"hsa05163","Human cytomegalovirus infection",201,-0.317989446930919,-0.845940114725519,0.861278648974668,0.91116979022625,0.385613567849911,1519,"tags=13%, list=10%, signal=12%","6774/5608/2776/10681/1386/55970/5532/5594/5332/5881/29110/54331/9475/6654/8503/842/2932/5533/5595/5530/3716/2885/1432/5567/23236/2785",0.0289274314524646
"hsa04926","Relaxin signaling pathway",126,-0.338979835277159,-0.844293128429587,0.784438775510204,0.87544722360378,0.370495522326665,1400,"tags=14%, list=10%, signal=13%","10681/1386/55970/5590/5594/5332/54331/6654/8503/5595/5601/5602/6416/2885/1432/5567/23236/2785",0.0361491929398957
"hsa05221","Acute myeloid leukemia",66,0.327966820176365,0.843902651779517,0.807142857142857,0.883528616493916,0.373915625559882,1931,"tags=23%, list=13%, signal=20%","3684/1436/6776/5605/7704/6688/5970/929/5371/1050/6934/3815/4609/3728/3551",0.0845557442441281
"hsa00410","beta-Alanine metabolism",30,0.369214302088279,0.841993121782217,0.720338983050847,0.84390433134894,0.357146344870207,794,"tags=13%, list=5%, signal=13%","8310/1806/51380/501",0.0780892306943345
"hsa00770","Pantothenate and CoA biosynthesis",21,-0.437870085314963,-0.840780918055442,0.686468646864686,0.827595644439231,0.350244392002961,1216,"tags=19%, list=8%, signal=17%","217/586/60496/224",0.0541200569620232
"hsa04980","Cobalamin transport and metabolism",16,0.428962787733022,0.840506600894831,0.663265306122449,0.813261700439893,0.344178164449946,1861,"tags=25%, list=13%, signal=22%","3054/6948/57215/7629",0.0770736734944102
"hsa04062","Chemokine signaling pathway",170,-0.321148795356306,-0.840119038307376,0.823238566131026,0.892699320148331,0.377796732894439,1580,"tags=14%, list=11%, signal=13%","7074/6774/2776/10681/3717/55970/2870/5590/5594/5332/673/5881/9844/54331/9475/6654/8503/2932/5595/2885/2931/5567/23236/2785",0.0323604297137014
"hsa05220","Chronic myeloid leukemia",74,0.319965372063329,0.839484462843745,0.858044164037855,0.910523929422433,0.385340234941417,1252,"tags=14%, list=9%, signal=12%","399694/7048/6776/4792/5605/5970/25/9846/4089/7043",0.0747385227439093
"hsa00980","Metabolism of xenobiotics by cytochrome P450",60,0.325960833152053,0.835246155483539,0.79179810725552,0.87544722360378,0.370495522326665,3085,"tags=32%, list=21%, signal=25%","27294/2948/1559/125/126/124/1544/221357/79799/10941/1545/6822/4257/1572/127/7365/54490/2940/1543",0.0789209638180035
"hsa00512","Mucin type O-glycan biosynthesis",30,0.366061520493297,0.834803204158652,0.742937853107345,0.856476528333052,0.362466988494214,1289,"tags=17%, list=9%, signal=15%","11227/51301/79695/2650/51809",0.0764767053228531
"hsa05224","Breast cancer",143,-0.327085783534091,-0.831977153127802,0.851620947630923,0.90926913485517,0.384809196911852,1340,"tags=8%, list=9%, signal=8%","2246/324/5594/673/1452/5728/6654/8503/2932/5595/2885/2254",0.0311335139616949
"hsa04974","Protein digestion and absorption",89,-0.341878950111119,-0.831127753652693,0.817548746518106,0.889308511102767,0.376361718270399,1360,"tags=8%, list=9%, signal=7%","5547/6547/120103/23428/5646/1302/476",0.0383205781976994
"hsa05165","Human papillomavirus infection",309,-0.306217319305497,-0.830262676204802,0.917607223476298,0.947647936149629,0.401051379933838,1483,"tags=11%, list=10%, signal=10%","529/5520/3679/3688/324/5521/5590/5594/5522/84667/1741/526/3066/1452/29110/5728/9519/51382/6654/8503/2932/7283/5515/6696/523/5595/27175/3716/2885/8900/534/5567/5610/545",0.0219398252709772
"hsa00730","Thiamine metabolism",11,-0.473798189820451,-0.828819218403451,0.695286195286195,0.829086975135085,0.350875533812798,2379,"tags=27%, list=16%, signal=23%","203/52/9054",0.0544555953940371
"hsa05225","Hepatocellular carcinoma",160,0.275073337420243,0.827841191208804,0.974226804123711,0.987018763549376,0.417713395494132,2287,"tags=18%, list=16%, signal=15%","5336/399694/7048/2948/5605/1956/1728/4233/6602/4089/7043/1857/3481/8289/2549/6934/55193/7855/4609/6604/8322/7040/578/221357/4041/5578/7015/4780",0.0946646223153342
"hsa05219","Bladder cancer",40,0.349113887582888,0.827044711473165,0.770440251572327,0.87544722360378,0.370495522326665,1987,"tags=18%, list=14%, signal=15%","7057/5605/1956/1612/11186/4609/7422",0.0802023444698144
"hsa04920","Adipocytokine signaling pathway",68,-0.354367676080697,-0.825566494690734,0.784313725490196,0.87544722360378,0.370495522326665,1970,"tags=24%, list=14%, signal=20%","5562/10000/1374/6774/3717/5563/92579/5588/26060/51422/5601/5602/5565/6258/51094/23305",0.0404934829859503
"hsa04915","Estrogen signaling pathway",130,-0.329599590396388,-0.821138454829958,0.847222222222222,0.907364540466392,0.384003158953349,1436,"tags=12%, list=10%, signal=10%","2776/1386/5594/5332/3763/3881/3760/6654/8503/5595/2288/2885/9166/5567/23236",0.0319980480340634
"hsa00982","Drug metabolism - cytochrome P450",53,0.314353024611116,0.816257004113062,0.855769230769231,0.910523929422433,0.385340234941417,3048,"tags=32%, list=21%, signal=25%","2948/1559/2329/2328/125/126/124/1544/221357/79799/10941/4257/127/7365/54490/1558/2940",0.0756946307932749
"hsa00071","Fatty acid degradation",41,-0.372346443617553,-0.815181091865164,0.780451127819549,0.87544722360378,0.370495522326665,1756,"tags=22%, list=12%, signal=19%","1374/34/3033/3030/1892/217/37/23305/224",0.0439759278026345
"hsa04664","Fc epsilon RI signaling pathway",63,-0.351686308574741,-0.814229333026051,0.811347517730496,0.885338329095856,0.374681508868024,1200,"tags=17%, list=8%, signal=16%","5594/5881/6654/8503/5170/5595/5601/5602/6416/2885/1432",0.0395172228473919
"hsa05162","Measles",123,-0.324277820173545,-0.811601087274003,0.879594423320659,0.924906863309905,0.391427195365248,1042,"tags=8%, list=7%, signal=8%","29110/51209/8503/842/2932/5601/5602/1459/3716/5610",0.0303467275556782
"hsa00670","One carbon pool by folate",32,0.354736839792155,0.811105385050004,0.779036827195467,0.87544722360378,0.370495522326665,849,"tags=9%, list=6%, signal=9%","4144/501/275",0.0741758965588009
"hsa04928","Parathyroid hormone synthesis, secretion and action",113,-0.324401653598012,-0.807766003936486,0.870026525198939,0.917626760620157,0.388346203872093,1436,"tags=12%, list=10%, signal=10%","2776/1386/5594/5332/673/4209/5595/27347/4205/6258/2625/5567/23236",0.0330894161454377
"hsa02010","ABC transporters",45,-0.366022409030752,-0.807084018012903,0.798825256975037,0.879975759270914,0.372412030988904,229,"tags=4%, list=2%, signal=4%","10057/225",0.0418238690062304
"hsa00511","Other glycan degradation",15,-0.429139891654585,-0.78750694240706,0.788025889967638,0.87544722360378,0.370495522326665,2249,"tags=27%, list=16%, signal=23%","57704/2720/175/3073",0.0468819856878333
"hsa04657","IL-17 signaling pathway",86,-0.317797164420843,-0.761993670592323,0.90945945945946,0.944857582133031,0.399870482169836,1200,"tags=10%, list=8%, signal=10%","5594/29110/29761/2932/5595/5601/5602/5597/1432",0.0318534652552707
"hsa05226","Gastric cancer",144,-0.29798523538068,-0.753015576718773,0.975641025641026,0.987018763549376,0.417713395494132,2112,"tags=12%, list=15%, signal=10%","2064/5291/2250/10000/4292/2246/324/5594/673/1452/6654/8503/2932/5595/2885/6258/2254",0.0256225253207008
"hsa00790","Folate biosynthesis",23,0.349610830000559,0.746606736171606,0.894021739130435,0.936507497881434,0.396336666831965,1821,"tags=30%, list=13%, signal=27%","5860/249/121278/248/55034/2643/8644",0.0652353056017703
"hsa00220","Arginine biosynthesis",21,-0.388565535265596,-0.746108260011221,0.836633663366337,0.90439838376361,0.382747860235996,2093,"tags=24%, list=14%, signal=20%","2805/2744/95/2806/435",0.0450442767152795
"hsa03272","Virion - Hepatitis viruses",42,-0.345085795221441,-0.74589886501117,0.896024464831804,0.936507497881434,0.396336666831965,1773,"tags=17%, list=12%, signal=15%","1365/9071/3920/10015/7251/27183/9076",0.0383995813369433
"hsa01523","Antifolate resistance",28,-0.364164690804022,-0.745122634086478,0.847003154574132,0.907364540466392,0.384003158953349,1255,"tags=7%, list=9%, signal=7%","6470/10057",0.0424170054438747
"hsa05211","Renal cell carcinoma",65,-0.317402021223478,-0.735009785119079,0.947293447293447,0.969648454899192,0.410362156718329,2428,"tags=26%, list=17%, signal=22%","5546/5894/5781/5291/998/10000/5058/9978/3091/5063/5594/673/6654/8503/5595/2885/8453",0.0324330694656715
"hsa00140","Steroid hormone biosynthesis",51,-0.325123923204681,-0.733146687830948,0.913362701908957,0.946080171828084,0.400387890867296,2254,"tags=14%, list=16%, signal=12%","7923/1551/79644/412/1646/51170/6715",0.0356176233437444
"hsa03015","mRNA surveillance pathway",80,-0.296427730033043,-0.706866682973421,0.979253112033195,0.987793110103252,0.418041104490408,2597,"tags=25%, list=18%, signal=21%","10914/64895/5499/2107/5526/8761/29101/23381/53918/4686/5520/51692/5521/5522/2521/8732/10767/2935/5515/9775",0.0293519190331994
"hsa04923","Regulation of lipolysis in adipocytes",55,0.273629556124905,0.691115978413893,0.98235294117647,0.988047740835464,0.418148866036265,2929,"tags=24%, list=20%, signal=19%","8660/112/5592/2771/2778/109/3667/107/4886/207/1081/208/11343",0.0645031249656493
"hsa00531","Glycosaminoglycan degradation",18,0.328417705553728,0.673173522412144,0.940540540540541,0.968449755393376,0.40985485851971,2580,"tags=28%, list=18%, signal=23%","2990/6448/3423/8692/3425",0.0625237414724762
"hsa05217","Basal cell carcinoma",62,0.258188394406297,0.668899324741568,0.996666666666667,0.996666666666667,0.421796457052181,2135,"tags=13%, list=15%, signal=11%","64399/1857/6934/7855/2736/8322/578/2735",0.0699458736501659
"hsa03273","Virion - Lassa virus and SFTS virus",17,-0.3505645992952,-0.66585920008341,0.908026755852843,0.944857582133031,0.399870482169836,2664,"tags=35%, list=18%, signal=29%","4629/3916/83259/5099/3920/4628",0.0419081748591401
"hsa00053","Ascorbate and aldarate metabolism",20,-0.343650968404082,-0.656738653476403,0.943781942078365,0.968912230476901,0.410050581280619,1216,"tags=10%, list=8%, signal=9%","217/224",0.0409883873374721
"hsa01040","Biosynthesis of unsaturated fatty acids",20,-0.33714284645872,-0.64430122237325,0.950596252129472,0.97016735143802,0.410581757442397,2497,"tags=30%, list=17%, signal=25%","3295/60481/6342/122970/79071/6785",0.0406579344155557
"hsa00532","Glycosaminoglycan biosynthesis - chondroitin sulfate / dermatan sulfate",19,-0.3289299879515,-0.630628392984971,0.961666666666667,0.978587487781036,0.414145219326056,2251,"tags=21%, list=16%, signal=18%","55501/26229/337876/55790",0.0391155247681459
"hsa04975","Fat digestion and absorption",38,-0.25536163114666,-0.54793467364096,0.995341614906832,0.996666666666667,0.421796457052181,2106,"tags=11%, list=15%, signal=9%","84649/38/50487/2806",0.0341946045318573
